2026-10-07T05:27:25.1075175Z Current runner version: '2.337.0'
2026-10-07T05:27:25.1115297Z ##[group]Runner Image Provisioner
2026-10-07T05:27:25.1116135Z Hosted Compute Agent
2026-10-07T05:27:25.1116617Z Version: 20260901.588
2026-10-07T05:27:25.1117168Z Commit: f88ec8081b781fac6c440065ac7ff9e710ce3d0b
2026-10-07T05:27:25.1117785Z Build Date: 2026-09-01T19:56:44Z
2026-10-07T05:27:25.1118353Z Worker ID: {7bfebc74-8b31-4712-b4bc-b543e02ed81d}
2026-10-07T05:27:25.1119266Z Azure Region: westus3
2026-10-07T05:27:25.1119741Z ##[endgroup]
2026-10-07T05:27:25.1121011Z ##[group]Operating System
2026-10-07T05:27:25.1121546Z Ubuntu
2026-10-07T05:27:25.1121998Z 24.04.5
2026-10-07T05:27:25.1122491Z LTS
2026-10-07T05:27:25.1122920Z ##[endgroup]
2026-10-07T05:27:25.1123363Z ##[group]Runner Image
2026-10-07T05:27:25.1123913Z Image: ubuntu-24.04
2026-10-07T05:27:25.1124385Z Version: 20260927.320.1
2026-10-07T05:27:25.1125487Z Included Software: https://github.com/actions/runner-images/blob/ubuntu24/20260927.320/images/ubuntu/Ubuntu2404-Readme.md
2026-10-07T05:27:25.1126750Z Image Release: https://github.com/actions/runner-images/releases/tag/ubuntu24%2F20260927.320
2026-10-07T05:27:25.1127594Z ##[endgroup]
2026-10-07T05:27:25.1128488Z ##[group]GITHUB_TOKEN Permissions
2026-10-07T05:27:25.1130367Z Contents: read
2026-10-07T05:27:25.1130867Z Metadata: read
2026-10-07T05:27:25.1131383Z ##[endgroup]
2026-10-07T05:27:25.1133109Z Secret source: Actions
2026-10-07T05:27:25.1133946Z Cache mode: write
2026-10-07T05:27:25.1134517Z Prepare workflow directory
2026-10-07T05:27:25.1474045Z Prepare all required actions
2026-10-07T05:27:25.1512712Z Getting action download info
2026-10-07T05:27:25.4899131Z Download action repository 'actions/checkout@v7' (SHA:3d3c42e5aac5ba805825da76410c181273ba90b1)
2026-10-07T05:27:25.6688878Z Download action repository 'actions/setup-java@v6' (SHA:de7274f081f381c8f8158605e0321c36c376e2e6)
2026-10-07T05:27:26.7090059Z Download action repository 'android-actions/setup-android@v4' (SHA:be39fa834029ff78f1a44aa3bb0819b8fc2bd8fd)
2026-10-07T05:27:27.1832118Z Download action repository 'actions/upload-artifact@v7' (SHA:043fb46d1a93c77aae656e7c1c64a875d1fc6a0a)
2026-10-07T05:27:27.3973701Z Complete job name: android-debug
2026-10-07T05:27:27.4685956Z ##[group]Checking docker version
2026-10-07T05:27:27.4696984Z ##[command]/usr/bin/docker version --format '{{.Server.APIVersion}}'
2026-10-07T05:27:27.5309216Z '1.48'
2026-10-07T05:27:27.5319976Z Docker daemon API version: '1.48'
2026-10-07T05:27:27.5321099Z ##[command]/usr/bin/docker version --format '{{.Client.APIVersion}}'
2026-10-07T05:27:27.5452258Z '1.48'
2026-10-07T05:27:27.5462289Z Docker client API version: '1.48'
2026-10-07T05:27:27.5467094Z ##[endgroup]
2026-10-07T05:27:27.5469718Z ##[group]Clean up resources from previous jobs
2026-10-07T05:27:27.5474495Z ##[command]/usr/bin/docker ps --all --quiet --no-trunc --filter "label=6981ab"
2026-10-07T05:27:27.5594180Z ##[command]/usr/bin/docker network prune --force --filter "label=6981ab"
2026-10-07T05:27:27.6225505Z ##[endgroup]
2026-10-07T05:27:27.6226284Z ##[group]Create local container network
2026-10-07T05:27:27.6235515Z ##[command]/usr/bin/docker network create --label 6981ab github_network_004a1fa4394e4855bd65a23fa769f99f
2026-10-07T05:27:27.7068930Z 9a9949574bea13fdd64be702f0da21fe5c57231994c3c9af2a7c253f94132e67
2026-10-07T05:27:27.7084260Z ##[endgroup]
2026-10-07T05:27:27.7107105Z ##[group]Starting postgres service container
2026-10-07T05:27:27.7125262Z ##[command]/usr/bin/docker pull postgres:16
2026-10-07T05:27:28.7209761Z 16: Pulling from library/postgres
2026-10-07T05:27:28.9507348Z ecc510c1e359: Pulling fs layer
2026-10-07T05:27:28.9510246Z 79faf13a8736: Pulling fs layer
2026-10-07T05:27:28.9511201Z 6456bfbf35e7: Pulling fs layer
2026-10-07T05:27:28.9511902Z b353db459ed1: Pulling fs layer
2026-10-07T05:27:28.9512675Z 99f49de4fe2b: Pulling fs layer
2026-10-07T05:27:28.9513716Z 83d1a2a3917c: Pulling fs layer
2026-10-07T05:27:28.9514677Z 715ea0948cb1: Pulling fs layer
2026-10-07T05:27:28.9516213Z 486e8305f56f: Pulling fs layer
2026-10-07T05:27:28.9517105Z e7d675f11ded: Pulling fs layer
2026-10-07T05:27:28.9517735Z c49864c27f35: Pulling fs layer
2026-10-07T05:27:28.9518005Z 770ef8b308ea: Pulling fs layer
2026-10-07T05:27:28.9518279Z 50c25daa0302: Pulling fs layer
2026-10-07T05:27:28.9518783Z 8309db3ae5b6: Pulling fs layer
2026-10-07T05:27:28.9519065Z 9731e27f2541: Pulling fs layer
2026-10-07T05:27:28.9519371Z b353db459ed1: Waiting
2026-10-07T05:27:28.9519683Z 99f49de4fe2b: Waiting
2026-10-07T05:27:28.9519948Z 83d1a2a3917c: Waiting
2026-10-07T05:27:28.9520216Z 715ea0948cb1: Waiting
2026-10-07T05:27:28.9520443Z 486e8305f56f: Waiting
2026-10-07T05:27:28.9520659Z e7d675f11ded: Waiting
2026-10-07T05:27:28.9520988Z c49864c27f35: Waiting
2026-10-07T05:27:28.9521299Z 770ef8b308ea: Waiting
2026-10-07T05:27:28.9521558Z 50c25daa0302: Waiting
2026-10-07T05:27:28.9522135Z 8309db3ae5b6: Waiting
2026-10-07T05:27:28.9522485Z 9731e27f2541: Waiting
2026-10-07T05:27:29.1430588Z 79faf13a8736: Verifying Checksum
2026-10-07T05:27:29.1431062Z 79faf13a8736: Download complete
2026-10-07T05:27:29.1676699Z 6456bfbf35e7: Verifying Checksum
2026-10-07T05:27:29.1677871Z 6456bfbf35e7: Download complete
2026-10-07T05:27:29.2585233Z ecc510c1e359: Verifying Checksum
2026-10-07T05:27:29.2586056Z ecc510c1e359: Download complete
2026-10-07T05:27:29.3162853Z b353db459ed1: Verifying Checksum
2026-10-07T05:27:29.3164929Z b353db459ed1: Download complete
2026-10-07T05:27:29.3615735Z 99f49de4fe2b: Verifying Checksum
2026-10-07T05:27:29.4413796Z 99f49de4fe2b: Download complete
2026-10-07T05:27:29.4414273Z 83d1a2a3917c: Verifying Checksum
2026-10-07T05:27:29.4414727Z 83d1a2a3917c: Download complete
2026-10-07T05:27:29.4944887Z 715ea0948cb1: Verifying Checksum
2026-10-07T05:27:29.4945549Z 715ea0948cb1: Download complete
2026-10-07T05:27:29.5470338Z 486e8305f56f: Verifying Checksum
2026-10-07T05:27:29.5470765Z 486e8305f56f: Download complete
2026-10-07T05:27:29.6628049Z c49864c27f35: Verifying Checksum
2026-10-07T05:27:29.6629038Z c49864c27f35: Download complete
2026-10-07T05:27:29.7297113Z 770ef8b308ea: Download complete
2026-10-07T05:27:29.8325493Z 50c25daa0302: Verifying Checksum
2026-10-07T05:27:29.8327182Z 50c25daa0302: Download complete
2026-10-07T05:27:29.9116409Z e7d675f11ded: Download complete
2026-10-07T05:27:29.9127002Z 8309db3ae5b6: Download complete
2026-10-07T05:27:30.0141706Z 9731e27f2541: Verifying Checksum
2026-10-07T05:27:30.0142477Z 9731e27f2541: Download complete
2026-10-07T05:27:30.1064381Z ecc510c1e359: Pull complete
2026-10-07T05:27:35.7859939Z 79faf13a8736: Pull complete
2026-10-07T05:27:36.0758249Z 6456bfbf35e7: Pull complete
2026-10-07T05:27:36.1269154Z b353db459ed1: Pull complete
2026-10-07T05:27:36.4939371Z 99f49de4fe2b: Pull complete
2026-10-07T05:27:36.5897739Z 83d1a2a3917c: Pull complete
2026-10-07T05:27:36.6039627Z 715ea0948cb1: Pull complete
2026-10-07T05:27:36.6114989Z 486e8305f56f: Pull complete
2026-10-07T05:27:40.5574498Z e7d675f11ded: Pull complete
2026-10-07T05:27:40.5694444Z c49864c27f35: Pull complete
2026-10-07T05:27:40.5753996Z 770ef8b308ea: Pull complete
2026-10-07T05:27:40.5857226Z 50c25daa0302: Pull complete
2026-10-07T05:27:40.5931716Z 8309db3ae5b6: Pull complete
2026-10-07T05:27:40.5991241Z 9731e27f2541: Pull complete
2026-10-07T05:27:40.6021842Z Digest: sha256:65b16a8b326e0cfbdf33fa7e783f2a0cb352a61448616ccccfd616ef42aa0f65
2026-10-07T05:27:40.6032337Z Status: Downloaded newer image for postgres:16
2026-10-07T05:27:40.6039201Z docker.io/library/postgres:16
2026-10-07T05:27:40.6089991Z ##[command]/usr/bin/docker create --name d348c399e5e4412196582ec170ad1e44_postgres16_abc2e5 --label 6981ab --network github_network_004a1fa4394e4855bd65a23fa769f99f --network-alias postgres -p 5432:5432 --health-cmd "pg_isready -U postgres -d nakama_local" --health-interval 5s --health-timeout 5s --health-retries 12 -e "POSTGRES_DB=nakama_local" -e "POSTGRES_USER=postgres" -e "POSTGRES_PASSWORD=postgres" -e GITHUB_ACTIONS=true -e CI=true postgres:16
2026-10-07T05:27:40.6280219Z a31ca04e115901f35fe0b41b5183c58a10cc19ea5eb94389e40e037e462c16a8
2026-10-07T05:27:40.6298462Z ##[command]/usr/bin/docker start a31ca04e115901f35fe0b41b5183c58a10cc19ea5eb94389e40e037e462c16a8
2026-10-07T05:27:40.7877035Z a31ca04e115901f35fe0b41b5183c58a10cc19ea5eb94389e40e037e462c16a8
2026-10-07T05:27:40.7903654Z ##[command]/usr/bin/docker ps --all --filter id=a31ca04e115901f35fe0b41b5183c58a10cc19ea5eb94389e40e037e462c16a8 --filter status=running --no-trunc --format "{{.ID}} {{.Status}}"
2026-10-07T05:27:40.8037177Z a31ca04e115901f35fe0b41b5183c58a10cc19ea5eb94389e40e037e462c16a8 Up Less than a second (health: starting)
2026-10-07T05:27:40.8056596Z ##[command]/usr/bin/docker port a31ca04e115901f35fe0b41b5183c58a10cc19ea5eb94389e40e037e462c16a8
2026-10-07T05:27:40.8166784Z 5432/tcp -> 0.0.0.0:5432
2026-10-07T05:27:40.8167291Z 5432/tcp -> [::]:5432
2026-10-07T05:27:40.8214817Z ##[endgroup]
2026-10-07T05:27:40.8222962Z ##[group]Waiting for all services to be ready
2026-10-07T05:27:40.8237105Z ##[command]/usr/bin/docker inspect --format="{{if .Config.Healthcheck}}{{print .State.Health.Status}}{{end}}" a31ca04e115901f35fe0b41b5183c58a10cc19ea5eb94389e40e037e462c16a8
2026-10-07T05:27:40.8369530Z starting
2026-10-07T05:27:40.8386540Z postgres service is starting, waiting 2 seconds before checking again.
2026-10-07T05:27:42.8377883Z ##[command]/usr/bin/docker inspect --format="{{if .Config.Healthcheck}}{{print .State.Health.Status}}{{end}}" a31ca04e115901f35fe0b41b5183c58a10cc19ea5eb94389e40e037e462c16a8
2026-10-07T05:27:42.8482690Z starting
2026-10-07T05:27:42.8493877Z postgres service is starting, waiting 3 seconds before checking again.
2026-10-07T05:27:46.7915259Z ##[command]/usr/bin/docker inspect --format="{{if .Config.Healthcheck}}{{print .State.Health.Status}}{{end}}" a31ca04e115901f35fe0b41b5183c58a10cc19ea5eb94389e40e037e462c16a8
2026-10-07T05:27:46.8019593Z healthy
2026-10-07T05:27:46.8033070Z postgres service is healthy.
2026-10-07T05:27:46.8033748Z ##[endgroup]
2026-10-07T05:27:46.8262723Z ##[group]Run actions/checkout@v7
2026-10-07T05:27:46.8263177Z with:
2026-10-07T05:27:46.8263385Z   repository: Philmenting/Emberfall-Ashen-Veil
2026-10-07T05:27:46.8265586Z   token: ***
2026-10-07T05:27:46.8265850Z   ssh-strict: true
2026-10-07T05:27:46.8266143Z   ssh-user: git
2026-10-07T05:27:46.8266400Z   persist-credentials: true
2026-10-07T05:27:46.8266619Z   clean: true
2026-10-07T05:27:46.8266799Z   sparse-checkout-cone-mode: true
2026-10-07T05:27:46.8267009Z   fetch-depth: 1
2026-10-07T05:27:46.8267171Z   fetch-tags: false
2026-10-07T05:27:46.8267340Z   show-progress: true
2026-10-07T05:27:46.8267514Z   lfs: false
2026-10-07T05:27:46.8267668Z   submodules: false
2026-10-07T05:27:46.8267833Z   set-safe-directory: true
2026-10-07T05:27:46.8268038Z   allow-unsafe-pr-checkout: false
2026-10-07T05:27:46.8268429Z ##[endgroup]
2026-10-07T05:27:46.9083049Z Syncing repository: Philmenting/Emberfall-Ashen-Veil
2026-10-07T05:27:46.9084480Z ##[group]Getting Git version info
2026-10-07T05:27:46.9085111Z Working directory is '/home/runner/work/Emberfall-Ashen-Veil/Emberfall-Ashen-Veil'
2026-10-07T05:27:46.9085891Z [command]/usr/bin/git version
2026-10-07T05:27:46.9123041Z git version 2.55.0
2026-10-07T05:27:46.9137860Z ##[endgroup]
2026-10-07T05:27:46.9145649Z Temporarily overriding HOME='/home/runner/work/_temp/cf4323ae-5996-403a-8dbf-5f5c95a07732' before making global git config changes
2026-10-07T05:27:46.9146723Z Adding repository directory to the temporary git global config as a safe directory
2026-10-07T05:27:46.9150909Z [command]/usr/bin/git config --global --add safe.directory /home/runner/work/Emberfall-Ashen-Veil/Emberfall-Ashen-Veil
2026-10-07T05:27:46.9190365Z Deleting the contents of '/home/runner/work/Emberfall-Ashen-Veil/Emberfall-Ashen-Veil'
2026-10-07T05:27:46.9203156Z ##[group]Determining repository object format
2026-10-07T05:27:46.9203750Z ##[endgroup]
2026-10-07T05:27:46.9238236Z ##[group]Initializing the repository
2026-10-07T05:27:46.9238966Z [command]/usr/bin/git init /home/runner/work/Emberfall-Ashen-Veil/Emberfall-Ashen-Veil
2026-10-07T05:27:46.9321971Z hint: Using 'master' as the name for the initial branch. This default branch name
2026-10-07T05:27:46.9322765Z hint: will change to "main" in Git 3.0. To configure the initial branch name
2026-10-07T05:27:46.9323368Z hint: to use in all of your new repositories, which will suppress this warning,
2026-10-07T05:27:46.9323832Z hint: call:
2026-10-07T05:27:46.9324062Z hint:
2026-10-07T05:27:46.9324396Z hint: 	git config --global init.defaultBranch <name>
2026-10-07T05:27:46.9324788Z hint:
2026-10-07T05:27:46.9325147Z hint: Names commonly chosen instead of 'master' are 'main', 'trunk' and
2026-10-07T05:27:46.9325753Z hint: 'development'. The just-created branch can be renamed via this command:
2026-10-07T05:27:46.9326214Z hint:
2026-10-07T05:27:46.9326464Z hint: 	git branch -m <name>
2026-10-07T05:27:46.9326745Z hint:
2026-10-07T05:27:46.9327147Z hint: Disable this message with "git config set advice.defaultBranchName false"
2026-10-07T05:27:46.9331696Z Initialized empty Git repository in /home/runner/work/Emberfall-Ashen-Veil/Emberfall-Ashen-Veil/.git/
2026-10-07T05:27:46.9340301Z [command]/usr/bin/git remote add origin https://github.com/Philmenting/Emberfall-Ashen-Veil
2026-10-07T05:27:46.9382120Z ##[endgroup]
2026-10-07T05:27:46.9382462Z ##[group]Disabling automatic garbage collection
2026-10-07T05:27:46.9385856Z [command]/usr/bin/git config --local gc.auto 0
2026-10-07T05:27:46.9415702Z ##[endgroup]
2026-10-07T05:27:46.9416497Z ##[group]Setting up auth
2026-10-07T05:27:46.9416741Z Removing SSH command configuration
2026-10-07T05:27:46.9421713Z [command]/usr/bin/git config --local --name-only --get-regexp core\.sshCommand
2026-10-07T05:27:46.9448734Z [command]/usr/bin/git submodule foreach --recursive sh -c "git config --local --name-only --get-regexp 'core\.sshCommand' && git config --local --unset-all 'core.sshCommand' || :"
2026-10-07T05:27:46.9747136Z Removing HTTP extra header
2026-10-07T05:27:46.9752644Z [command]/usr/bin/git config --local --name-only --get-regexp http\.https\:\/\/github\.com\/\.extraheader
2026-10-07T05:27:46.9784561Z [command]/usr/bin/git submodule foreach --recursive sh -c "git config --local --name-only --get-regexp 'http\.https\:\/\/github\.com\/\.extraheader' && git config --local --unset-all 'http.https://github.com/.extraheader' || :"
2026-10-07T05:27:46.9981318Z Removing includeIf entries pointing to credentials config files
2026-10-07T05:27:46.9985263Z [command]/usr/bin/git config --local --name-only --get-regexp ^includeIf\.gitdir:
2026-10-07T05:27:47.0022072Z [command]/usr/bin/git submodule foreach --recursive git config --local --show-origin --name-only --get-regexp remote.origin.url
2026-10-07T05:27:47.0210452Z [command]/usr/bin/git config --file /home/runner/work/_temp/git-credentials-aa9b199a-8f49-4d11-8d1b-83879f516bc4.config http.https://github.com/.extraheader AUTHORIZATION: basic ***
2026-10-07T05:27:47.0245081Z [command]/usr/bin/git config --local includeIf.gitdir:/home/runner/work/Emberfall-Ashen-Veil/Emberfall-Ashen-Veil/.git.path /home/runner/work/_temp/git-credentials-aa9b199a-8f49-4d11-8d1b-83879f516bc4.config
2026-10-07T05:27:47.0274268Z [command]/usr/bin/git config --local includeIf.gitdir:/home/runner/work/Emberfall-Ashen-Veil/Emberfall-Ashen-Veil/.git/worktrees/*.path /home/runner/work/_temp/git-credentials-aa9b199a-8f49-4d11-8d1b-83879f516bc4.config
2026-10-07T05:27:47.0305107Z [command]/usr/bin/git config --local includeIf.gitdir:/github/workspace/.git.path /github/runner_temp/git-credentials-aa9b199a-8f49-4d11-8d1b-83879f516bc4.config
2026-10-07T05:27:47.0335348Z [command]/usr/bin/git config --local includeIf.gitdir:/github/workspace/.git/worktrees/*.path /github/runner_temp/git-credentials-aa9b199a-8f49-4d11-8d1b-83879f516bc4.config
2026-10-07T05:27:47.0362303Z ##[endgroup]
2026-10-07T05:27:47.0362767Z ##[group]Fetching the repository
2026-10-07T05:27:47.0368150Z [command]/usr/bin/git -c protocol.version=2 fetch --no-tags --prune --no-recurse-submodules --depth=1 origin +750cb2e6660623a60fc436ec732ce046b211253e:refs/remotes/pull/5/merge
2026-10-07T05:29:16.2202330Z From https://github.com/Philmenting/Emberfall-Ashen-Veil
2026-10-07T05:29:16.2205053Z  * [new ref]         750cb2e6660623a60fc436ec732ce046b211253e -> pull/5/merge
2026-10-07T05:29:16.2206968Z ##[endgroup]
2026-10-07T05:29:16.2207375Z ##[group]Determining the checkout info
2026-10-07T05:29:16.2211957Z ##[endgroup]
2026-10-07T05:29:16.2212426Z [command]/usr/bin/git sparse-checkout disable
2026-10-07T05:29:16.2263485Z [command]/usr/bin/git config --local --unset-all extensions.worktreeConfig
2026-10-07T05:29:16.2294456Z ##[group]Checking out the ref
2026-10-07T05:29:16.2296931Z [command]/usr/bin/git checkout --progress --force refs/remotes/pull/5/merge
2026-10-07T05:29:17.2472010Z Updating files:  66% (1176/1769)
2026-10-07T05:29:17.2659510Z Updating files:  67% (1186/1769)
2026-10-07T05:29:17.2795820Z Updating files:  68% (1203/1769)
2026-10-07T05:29:17.2955878Z Updating files:  69% (1221/1769)
2026-10-07T05:29:17.3074943Z Updating files:  70% (1239/1769)
2026-10-07T05:29:17.3340465Z Updating files:  71% (1256/1769)
2026-10-07T05:29:17.3554278Z Updating files:  72% (1274/1769)
2026-10-07T05:29:17.3765617Z Updating files:  73% (1292/1769)
2026-10-07T05:29:17.4132014Z Updating files:  74% (1310/1769)
2026-10-07T05:29:17.4359501Z Updating files:  75% (1327/1769)
2026-10-07T05:29:17.4454927Z Updating files:  76% (1345/1769)
2026-10-07T05:29:17.4463971Z Updating files:  77% (1363/1769)
2026-10-07T05:29:17.4470541Z Updating files:  78% (1380/1769)
2026-10-07T05:29:17.4481940Z Updating files:  79% (1398/1769)
2026-10-07T05:29:17.4492682Z Updating files:  80% (1416/1769)
2026-10-07T05:29:17.4499625Z Updating files:  81% (1433/1769)
2026-10-07T05:29:17.4507658Z Updating files:  82% (1451/1769)
2026-10-07T05:29:17.4517232Z Updating files:  83% (1469/1769)
2026-10-07T05:29:17.4522957Z Updating files:  84% (1486/1769)
2026-10-07T05:29:17.4528166Z Updating files:  85% (1504/1769)
2026-10-07T05:29:17.4534189Z Updating files:  86% (1522/1769)
2026-10-07T05:29:17.4540256Z Updating files:  87% (1540/1769)
2026-10-07T05:29:17.4548255Z Updating files:  88% (1557/1769)
2026-10-07T05:29:17.4555155Z Updating files:  89% (1575/1769)
2026-10-07T05:29:17.4568318Z Updating files:  90% (1593/1769)
2026-10-07T05:29:17.4583060Z Updating files:  91% (1610/1769)
2026-10-07T05:29:17.4591537Z Updating files:  92% (1628/1769)
2026-10-07T05:29:17.4599382Z Updating files:  93% (1646/1769)
2026-10-07T05:29:17.4606440Z Updating files:  94% (1663/1769)
2026-10-07T05:29:17.4615021Z Updating files:  95% (1681/1769)
2026-10-07T05:29:17.4622102Z Updating files:  96% (1699/1769)
2026-10-07T05:29:17.4630265Z Updating files:  97% (1716/1769)
2026-10-07T05:29:17.4641616Z Updating files:  98% (1734/1769)
2026-10-07T05:29:17.4652231Z Updating files:  99% (1752/1769)
2026-10-07T05:29:17.4652561Z Updating files: 100% (1769/1769)
2026-10-07T05:29:17.4652863Z Updating files: 100% (1769/1769), done.
2026-10-07T05:29:17.4672070Z Note: switching to 'refs/remotes/pull/5/merge'.
2026-10-07T05:29:17.4672405Z 
2026-10-07T05:29:17.4672564Z You are in 'detached HEAD' state. You can look around, make experimental
2026-10-07T05:29:17.4672943Z changes and commit them, and you can discard any commits you make in this
2026-10-07T05:29:17.4673303Z state without impacting any branches by switching back to a branch.
2026-10-07T05:29:17.4673510Z 
2026-10-07T05:29:17.4673663Z If you want to create a new branch to retain commits you create, you may
2026-10-07T05:29:17.4674015Z do so (now or later) by using -c with the switch command. Example:
2026-10-07T05:29:17.4674222Z 
2026-10-07T05:29:17.4674377Z   git switch -c <new-branch-name>
2026-10-07T05:29:17.4674521Z 
2026-10-07T05:29:17.4674603Z Or undo this operation with:
2026-10-07T05:29:17.4674741Z 
2026-10-07T05:29:17.4674813Z   git switch -
2026-10-07T05:29:17.4674928Z 
2026-10-07T05:29:17.4675102Z Turn off this advice by setting config variable advice.detachedHead to false
2026-10-07T05:29:17.4675331Z 
2026-10-07T05:29:17.4675603Z HEAD is now at 750cb2e Merge 5e72fc6fad38f7dc829d313d8df0de8289f52573 into 610c343073e7186589cba92c3fefb55a4db68e12
2026-10-07T05:29:17.4810402Z ##[endgroup]
2026-10-07T05:29:17.4859624Z [command]/usr/bin/git log -1 --format=%H
2026-10-07T05:29:17.4887995Z 750cb2e6660623a60fc436ec732ce046b211253e
2026-10-07T05:29:17.5146849Z ##[group]Run actions/setup-java@v6
2026-10-07T05:29:17.5147077Z with:
2026-10-07T05:29:17.5147247Z   distribution: temurin
2026-10-07T05:29:17.5147433Z   java-version: 17
2026-10-07T05:29:17.5147604Z   java-package: jdk
2026-10-07T05:29:17.5147781Z   check-latest: false
2026-10-07T05:29:17.5147960Z   force-download: false
2026-10-07T05:29:17.5148134Z   set-default: true
2026-10-07T05:29:17.5148294Z   server-id: github
2026-10-07T05:29:17.5148486Z   mvn-repositories-include-central: true
2026-10-07T05:29:17.5148893Z   mvn-repositories-prioritize-central: true
2026-10-07T05:29:17.5149142Z   overwrite-settings: true
2026-10-07T05:29:17.5149339Z   cache-read-only: false
2026-10-07T05:29:17.5149524Z   job-status: success
2026-10-07T05:29:17.5151567Z   token: ***
2026-10-07T05:29:17.5151778Z   show-download-progress: false
2026-10-07T05:29:17.5151996Z   problem-matcher: true
2026-10-07T05:29:17.5152201Z ##[endgroup]
2026-10-07T05:29:17.5730553Z ##[group]Installed distributions
2026-10-07T05:29:17.5792959Z Resolved Java 17.0.20+1 from tool-cache
2026-10-07T05:29:17.5793336Z Setting Java 17.0.20+1 as the default
2026-10-07T05:29:17.5799104Z 
2026-10-07T05:29:17.5799292Z Java configuration:
2026-10-07T05:29:17.5799551Z   Distribution: temurin
2026-10-07T05:29:17.5799810Z   Version: 17.0.20+1
2026-10-07T05:29:17.5800174Z   Path: /opt/hostedtoolcache/Java_Temurin-Hotspot_jdk/17.0.20-1/x64
2026-10-07T05:29:17.5800504Z 
2026-10-07T05:29:17.5800793Z ##[endgroup]
2026-10-07T05:29:17.5824368Z Creating settings.xml with server-id: github
2026-10-07T05:29:17.5824708Z Creating toolchains.xml for JDK version 17 from temurin
2026-10-07T05:29:17.5825095Z Writing to /home/runner/.m2/settings.xml
2026-10-07T05:29:17.5831048Z Writing to /home/runner/.m2/toolchains.xml
2026-10-07T05:29:17.5836954Z Configured MAVEN_ARGS to include -ntp to suppress Maven transfer progress logs. Set 'show-download-progress: true' to keep the download progress output.
2026-10-07T05:29:17.5956191Z ##[group]Run android-actions/setup-android@v4
2026-10-07T05:29:17.5956445Z with:
2026-10-07T05:29:17.5956623Z   packages: platform-tools
2026-10-07T05:29:17.5956828Z   cmdline-tools-version: 15859902
2026-10-07T05:29:17.5957048Z   accept-android-sdk-licenses: true
2026-10-07T05:29:17.5957280Z   log-accepted-android-sdk-licenses: true
2026-10-07T05:29:17.5957495Z env:
2026-10-07T05:29:17.5957730Z   JAVA_HOME: /opt/hostedtoolcache/Java_Temurin-Hotspot_jdk/17.0.20-1/x64
2026-10-07T05:29:17.5958098Z   JAVA_HOME_17_X64: /opt/hostedtoolcache/Java_Temurin-Hotspot_jdk/17.0.20-1/x64
2026-10-07T05:29:17.5958392Z   MAVEN_ARGS: -ntp
2026-10-07T05:29:17.5958822Z ##[endgroup]
2026-10-07T05:29:17.6666727Z Found preinstalled sdkmanager in /usr/local/lib/android/sdk/cmdline-tools/latest with following source.properties:
2026-10-07T05:29:17.6667523Z Pkg.Revision=12.0
2026-10-07T05:29:17.6667833Z Pkg.Path=cmdline-tools;12.0
2026-10-07T05:29:17.6668212Z Pkg.Desc=Android SDK Command-line Tools
2026-10-07T05:29:17.6668719Z 
2026-10-07T05:29:17.6668876Z Wrong version in preinstalled sdkmanager
2026-10-07T05:29:17.6669601Z Downloading commandline tools from https://dl.google.com/android/repository/commandlinetools-linux-15859902_latest.zip
2026-10-07T05:29:18.4050091Z [command]/usr/bin/unzip -o -q /home/runner/work/_temp/4d090914-314b-45a3-b177-4121706148cf
2026-10-07T05:29:19.1354188Z Accepting Android SDK licenses
2026-10-07T05:29:19.1372892Z [command]/usr/local/lib/android/sdk/cmdline-tools/22.0/bin/sdkmanager --licenses
2026-10-07T05:29:19.2722024Z WARNING: The SDK Manager CLI tool (sdkmanager) is deprecated. Use Android CLI instead.
2026-10-07T05:29:19.2732179Z The 'android' binary can also be found in the cmdline-tools directory, and 'android sdk' is the replacement for 'sdkmanager'.
2026-10-07T05:29:19.2733355Z To learn more about the Android CLI and how to use it, see the documentation (https://d.android.com/tools/agents/android-cli)
2026-10-07T05:29:19.2734565Z 
2026-10-07T05:29:20.1949887Z Loading local repository...                                                     
2026-10-07T05:29:20.1950460Z [=========                              ] 25% Loading local repository...       
2026-10-07T05:29:20.5375982Z [=========                              ] 25% Fetch remote repository...        
2026-10-07T05:29:20.8059620Z [==========                             ] 26% Fetch remote repository...        
2026-10-07T05:29:20.8065368Z [============                           ] 31% Fetch remote repository...        
2026-10-07T05:29:20.8250937Z [============                           ] 32% Fetch remote repository...        
2026-10-07T05:29:20.8257784Z [=============                          ] 33% Fetch remote repository...        
2026-10-07T05:29:20.8431921Z [=============                          ] 35% Fetch remote repository...        
2026-10-07T05:29:20.8434623Z [==============                         ] 36% Fetch remote repository...        
2026-10-07T05:29:20.8560609Z [==============                         ] 37% Fetch remote repository...        
2026-10-07T05:29:20.8570342Z [===============                        ] 38% Fetch remote repository...        
2026-10-07T05:29:20.8645859Z [===============                        ] 39% Fetch remote repository...        
2026-10-07T05:29:20.8647617Z [================                       ] 40% Fetch remote repository...        
2026-10-07T05:29:20.8748089Z [================                       ] 41% Fetch remote repository...        
2026-10-07T05:29:20.8750068Z [================                       ] 42% Fetch remote repository...        
2026-10-07T05:29:20.9000757Z [=================                      ] 44% Fetch remote repository...        
2026-10-07T05:29:20.9003244Z [=================                      ] 45% Fetch remote repository...        
2026-10-07T05:29:20.9111521Z [==================                     ] 46% Fetch remote repository...        
2026-10-07T05:29:20.9116163Z [==================                     ] 47% Fetch remote repository...        
2026-10-07T05:29:20.9289060Z [===================                    ] 48% Fetch remote repository...        
2026-10-07T05:29:20.9289914Z [===================                    ] 49% Fetch remote repository...        
2026-10-07T05:29:20.9389507Z [====================                   ] 50% Fetch remote repository...        
2026-10-07T05:29:20.9400155Z [====================                   ] 51% Fetch remote repository...        
2026-10-07T05:29:20.9560404Z [====================                   ] 53% Fetch remote repository...        
2026-10-07T05:29:20.9562704Z [=====================                  ] 54% Fetch remote repository...        
2026-10-07T05:29:20.9662431Z [=====================                  ] 55% Fetch remote repository...        
2026-10-07T05:29:20.9663202Z [======================                 ] 56% Fetch remote repository...        
2026-10-07T05:29:20.9868096Z [======================                 ] 57% Fetch remote repository...        
2026-10-07T05:29:20.9869469Z [=======================                ] 58% Fetch remote repository...        
2026-10-07T05:29:20.9960807Z [=======================                ] 59% Fetch remote repository...        
2026-10-07T05:29:20.9961533Z [========================               ] 60% Fetch remote repository...        
2026-10-07T05:29:21.0036836Z [========================               ] 61% Fetch remote repository...        
2026-10-07T05:29:21.0037583Z [=========================              ] 63% Fetch remote repository...        
2026-10-07T05:29:21.0107809Z [=========================              ] 64% Fetch remote repository...        
2026-10-07T05:29:21.0108519Z [=========================              ] 65% Fetch remote repository...        
2026-10-07T05:29:21.0197061Z [==========================             ] 66% Fetch remote repository...        
2026-10-07T05:29:21.0219877Z [==========================             ] 67% Fetch remote repository...        
2026-10-07T05:29:21.0374781Z [===========================            ] 68% Fetch remote repository...        
2026-10-07T05:29:21.0378067Z [===========================            ] 69% Fetch remote repository...        
2026-10-07T05:29:21.0873680Z [============================           ] 70% Fetch remote repository...        
2026-10-07T05:29:21.0889449Z [============================           ] 72% Fetch remote repository...        
2026-10-07T05:29:21.1251406Z [=============================          ] 73% Fetch remote repository...        
2026-10-07T05:29:21.1252147Z [=============================          ] 74% Fetch remote repository...        
2026-10-07T05:29:21.1320338Z [=============================          ] 75% Fetch remote repository...        
2026-10-07T05:29:21.1425510Z [=============================          ] 75% Computing updates...              
2026-10-07T05:29:21.1426456Z [=======================================] 100% Computing updates...             
2026-10-07T05:29:21.1709703Z 6 of 7 SDK package licenses not accepted.
2026-10-07T05:29:21.1710285Z Review licenses that have not been accepted (y/N)? 
2026-10-07T05:29:21.1710678Z 1/6: License android-googletv-license:
2026-10-07T05:29:21.1710994Z ---------------------------------------
2026-10-07T05:29:21.1711289Z Terms and Conditions
2026-10-07T05:29:21.1711443Z 
2026-10-07T05:29:21.1711718Z This is the Google TV Add-on for the Android Software Development Kit License Agreement.
2026-10-07T05:29:21.1712108Z 
2026-10-07T05:29:21.1712208Z 1. Introduction
2026-10-07T05:29:21.1712347Z 
2026-10-07T05:29:21.1713878Z 1.1 The Google TV Add-on for the Android Software Development Kit (referred to in this License Agreement as the "Google TV Add-on" and specifically including the Android system files, packaged APIs, and Google APIs add-ons) is licensed to you subject to the terms of this License Agreement. This License Agreement forms a legally binding contract between you and Google in relation to your use of the Google TV Add-on.
2026-10-07T05:29:21.1715164Z 
2026-10-07T05:29:21.1715846Z 1.2 "Google" means Google Inc., a Delaware corporation with principal place of business at 1600 Amphitheatre Parkway, Mountain View, CA 94043, United States.
2026-10-07T05:29:21.1716263Z 
2026-10-07T05:29:21.1716363Z 2. Accepting this License Agreement
2026-10-07T05:29:21.1716511Z 
2026-10-07T05:29:21.1716872Z 2.1 In order to use the Google TV Add-on, you must first agree to this License Agreement. You may not use the Google TV Add-on if you do not accept this License Agreement.
2026-10-07T05:29:21.1717289Z 
2026-10-07T05:29:21.1717387Z 2.2 You can accept this License Agreement by:
2026-10-07T05:29:21.1717552Z 
2026-10-07T05:29:21.1717786Z (A) clicking to accept or agree to this License Agreement, where this option is made available to you; or
2026-10-07T05:29:21.1718067Z 
2026-10-07T05:29:21.1718445Z (B) by actually using the Google TV Add-on. In this case, you agree that use of the Google TV Add-on constitutes acceptance of the License Agreement from that point onwards.
2026-10-07T05:29:21.1719240Z 
2026-10-07T05:29:21.1720353Z 2.3 You may not use the Google TV Add-on and may not accept the Licensing Agreement if you are a person barred from receiving the Google TV Add-on under the laws of the United States or other countries including the country in which you are resident or from which you use the Google TV Add-on.
2026-10-07T05:29:21.1721541Z 
2026-10-07T05:29:21.1723110Z 2.4 If you are agreeing to be bound by this License Agreement on behalf of your employer or other entity, you represent and warrant that you have full legal authority to bind your employer or such entity to this License Agreement. If you do not have the requisite authority, you may not accept the Licensing Agreement or use the Google TV Add-on on behalf of your employer or other entity.
2026-10-07T05:29:21.1724689Z 
2026-10-07T05:29:21.1724824Z 3. Google TV Add-on License from Google
2026-10-07T05:29:21.1725023Z 
2026-10-07T05:29:21.1725879Z 3.1 Subject to the terms of this License Agreement, Google grants you a limited, worldwide, royalty-free, non- assignable and non-exclusive license to use the Google TV Add-on solely to develop applications to run on the Google TV platform.
2026-10-07T05:29:21.1727031Z 
2026-10-07T05:29:21.1728820Z 3.2 You agree that Google or third parties own all legal right, title and interest in and to the Google TV Add-on, including any Intellectual Property Rights that subsist in the Google TV Add-on. "Intellectual Property Rights" means any and all rights under patent law, copyright law, trade secret law, trademark law, and any and all other proprietary rights. Google reserves all rights not expressly granted to you.
2026-10-07T05:29:21.1730517Z 
2026-10-07T05:29:21.1732981Z 3.3 Except to the extent required by applicable third party licenses, you may not copy (except for backup purposes), modify, adapt, redistribute, decompile, reverse engineer, disassemble, or create derivative works of the Google TV Add-on or any part of the Google TV Add-on. Except to the extent required by applicable third party licenses, you may not load any part of the Google TV Add-on onto a mobile handset, television, or any other hardware device except a personal computer, combine any part of the Google TV Add-on with other software, or distribute any software or device incorporating a part of the Google TV Add-on.
2026-10-07T05:29:21.1735520Z 
2026-10-07T05:29:21.1736373Z 3.4 Use, reproduction and distribution of components of the Google TV Add-on licensed under an open source software license are governed solely by the terms of that open source software license and not this License Agreement.
2026-10-07T05:29:21.1737337Z 
2026-10-07T05:29:21.1739684Z 3.5 You agree that the form and nature of the Google TV Add-on that Google provides may change without prior notice to you and that future versions of the Google TV Add-on may be incompatible with applications developed on previous versions of the Google TV Add-on. You agree that Google may stop (permanently or temporarily) providing the Google TV Add-on (or any features within the Google TV Add-on) to you or to users generally at Google's sole discretion, without prior notice to you.
2026-10-07T05:29:21.1742702Z 
2026-10-07T05:29:21.1744041Z 3.6 Nothing in this License Agreement gives you a right to use any of Google's or it’s licensors’ trade names, trademarks, service marks, logos, domain names, or other distinctive brand features.
2026-10-07T05:29:21.1744874Z 
2026-10-07T05:29:21.1745588Z 3.7 You agree that you will not remove, obscure, or alter any proprietary rights notices (including copyright and trademark notices) that may be affixed to or contained within the Google TV Add-on.
2026-10-07T05:29:21.1746413Z 
2026-10-07T05:29:21.1746560Z 4. Use of the Google TV Add-on by You
2026-10-07T05:29:21.1746794Z 
2026-10-07T05:29:21.1747882Z 4.1 Google agrees that it obtains no right, title or interest from you (or your licensors) under this License Agreement in or to any software applications that you develop using the Google TV Add-on, including any intellectual property rights that subsist in those applications.
2026-10-07T05:29:21.1749214Z 
2026-10-07T05:29:21.1750647Z 4.2 You agree to use the Google TV Add-on and write applications only for purposes that are permitted by (a) this License Agreement and (b) any applicable law, regulation or generally accepted practices or guidelines in the relevant jurisdictions (including any laws regarding the export of data or software to and from the United States or other relevant countries).
2026-10-07T05:29:21.1752179Z 
2026-10-07T05:29:21.1755298Z 4.3 You agree that if you use the Google TV Add-on to develop applications for general public users, you will protect the privacy and legal rights of those users. If the users provide you with user names, passwords, or other login information or personal information, your must make the users aware that the information will be available to your application, and you must provide legally adequate privacy notice and protection for those users. If your application stores personal or sensitive information provided by users, it must do so securely. If the user provides your application with Google Account information, your application may only use that information to access the user's Google Account when, and for the limited purposes for which, the user has given you explicit permission to do so.
2026-10-07T05:29:21.1758432Z 
2026-10-07T05:29:21.1760278Z 4.4 You agree that you will not engage in any activity with the Google TV Add-on, including the development or distribution of an application, that interferes with, disrupts, damages, or accesses in an unauthorized manner the servers, networks, or other properties or services of any third party including, but not limited to, Google, Multichannel Video Program Distributors or any mobile communications carrier.
2026-10-07T05:29:21.1762046Z 
2026-10-07T05:29:21.1763575Z 4.5 You agree that you are solely responsible for (and that Google has no responsibility to you or to any third party for) any data, content, or resources that you create, transmit or display through the Google TV platform and/or applications for the Google TV platform, and for the consequences of your actions (including any loss or damage which Google may suffer) by doing so.
2026-10-07T05:29:21.1765169Z 
2026-10-07T05:29:21.1766686Z 4.6 You agree that you are solely responsible for (and that Google has no responsibility to you or to any third party for) any breach of your obligations under this License Agreement, any applicable third party contract or Terms of Service, or any applicable law or regulation, and for the consequences (including any loss or damage which Google or any third party may suffer) of any such breach.
2026-10-07T05:29:21.1769761Z 
2026-10-07T05:29:21.1769929Z 5. Your Developer Credentials
2026-10-07T05:29:21.1770148Z 
2026-10-07T05:29:21.1771463Z 5.1 You agree that you are responsible for maintaining the confidentiality of any developer credentials that may be issued to you by Google or which you may choose yourself and that you will be solely responsible for all applications that are developed under your developer credentials.
2026-10-07T05:29:21.1772717Z 
2026-10-07T05:29:21.1772856Z 6. Privacy and Information
2026-10-07T05:29:21.1773059Z 
2026-10-07T05:29:21.1775117Z 6.1 In order to continually innovate and improve the Google TV Add-on, Google may collect certain usage statistics from the software including but not limited to a unique identifier, associated IP address, version number of the software, and information on which tools and/or services in the Google TV Add-on are being used and how they are being used. Before any of this information is collected, the Google TV Add-on will notify you and seek your consent. If you withhold consent, the information will not be collected.
2026-10-07T05:29:21.1796017Z 
2026-10-07T05:29:21.1796540Z 6.2 The data collected is examined in the aggregate to improve the Google TV Add-on and is maintained in accordance with Google's Privacy Policy.
2026-10-07T05:29:21.1797139Z 
2026-10-07T05:29:21.1797326Z 7. Third Party Applications for the Google TV Platform
2026-10-07T05:29:21.1797638Z 
2026-10-07T05:29:21.1800249Z 7.1 If you use the Google TV Add-on to run applications developed by a third party or that access data, content or resources provided by a third party, you agree that Google is not responsible for those applications, data, content, or resources. You understand that all data, content or resources which you may access through such third party applications are the sole responsibility of the person from which they originated and that Google is not liable for any loss or damage that you may experience as a result of the use or access of any of those third party applications, data, content, or resources.
2026-10-07T05:29:21.1802720Z 
2026-10-07T05:29:21.1804668Z 7.2 You should be aware the data, content, and resources presented to you through such a third party application may be protected by intellectual property rights which are owned by the providers (or by other persons or companies on their behalf). You may not modify, rent, lease, loan, sell, distribute or create derivative works based on these data, content, or resources (either in whole or in part) unless you have been specifically given permission to do so by the relevant owners.
2026-10-07T05:29:21.1806852Z 
2026-10-07T05:29:21.1807946Z 7.3 You acknowledge that your use of such third party applications, data, content, or resources may be subject to separate terms between you and the relevant third party. In that case, this License Agreement does not affect your legal relationship with these third parties.
2026-10-07T05:29:21.1809313Z 
2026-10-07T05:29:21.1809448Z 8. Using Google TV APIs
2026-10-07T05:29:21.1809636Z 
2026-10-07T05:29:21.1813014Z 8.1 If you use any Google TV API to retrieve data from Google, you acknowledge that the data (“Google TV API Content”) may be protected by intellectual property rights which are owned by Google or those parties that provide the data (or by other persons or companies on their behalf). Your use of any such API may be subject to additional Terms of Service. You may not modify, rent, lease, loan, sell, distribute or create derivative works based on this data (either in whole or in part) unless allowed by the relevant Terms of Service. Some portions of the Google TV API Content are licensed to Google by third parties, including but not limited to Tribune Media Services
2026-10-07T05:29:21.1815736Z 
2026-10-07T05:29:21.1816709Z 8.2 If you use any API to retrieve a user's data from Google, you acknowledge and agree that you shall retrieve data only with the user's explicit consent and only when, and for the limited purposes for which, the user has given you permission to do so.
2026-10-07T05:29:21.1817774Z 
2026-10-07T05:29:21.1818128Z 8.3 Except as explicitly permitted in Section 3 (Google TV Add-on License from Google), you must:
2026-10-07T05:29:21.1820690Z 
2026-10-07T05:29:21.1821421Z (a) not modify nor format the Google TV API Content except to the extent reasonably and technically necessary to optimize the display such Google TV API Content in your application;
2026-10-07T05:29:21.1822254Z 
2026-10-07T05:29:21.1823301Z (b) not edit the Google TV API Content in a manner that renders the Google TV API Content inaccurate of alters its inherent meaning (provided that displaying excerpts will not violate the foregoing); or
2026-10-07T05:29:21.1824145Z 
2026-10-07T05:29:21.1824511Z (c) not create any commercial audience measurement tool or service using the Google TV API Content
2026-10-07T05:29:21.1824989Z 
2026-10-07T05:29:21.1825138Z 9. Terminating this License Agreement
2026-10-07T05:29:21.1825386Z 
2026-10-07T05:29:21.1825785Z 9.1 This License Agreement will continue to apply until terminated by either you or Google as set out below.
2026-10-07T05:29:21.1826297Z 
2026-10-07T05:29:21.1826834Z 9.2 If you want to terminate this License Agreement, you may do so by ceasing your use of the Google TV Add-on and any relevant developer credentials.
2026-10-07T05:29:21.1827487Z 
2026-10-07T05:29:21.1827722Z 9.3 Google may at any time, terminate this License Agreement with you if:
2026-10-07T05:29:21.1828068Z 
2026-10-07T05:29:21.1828277Z (A) you have breached any provision of this License Agreement; or
2026-10-07T05:29:21.1828724Z 
2026-10-07T05:29:21.1828855Z (B) Google is required to do so by law; or
2026-10-07T05:29:21.1829083Z 
2026-10-07T05:29:21.1829826Z (C) the partner with whom Google offered certain parts of Google TV Add-on (such as APIs) to you has terminated its relationship with Google or ceased to offer certain parts of the Google TV Add-on to you; or
2026-10-07T05:29:21.1830692Z 
2026-10-07T05:29:21.1832014Z (D) Google decides to no longer providing the Google TV Add-on or certain parts of the Google TV Add-on to users in the country in which you are resident or from which you use the service, or the provision of the Google TV Add-on or certain Google TV Add-on services to you by Google is, in Google's sole discretion, no longer commercially viable.
2026-10-07T05:29:21.1833438Z 
2026-10-07T05:29:21.1835157Z 9.4 When this License Agreement comes to an end, all of the legal rights, obligations and liabilities that you and Google have benefited from, been subject to (or which have accrued over time whilst this License Agreement has been in force) or which are expressed to continue indefinitely, shall be unaffected by this cessation, and the provisions of paragraph 14.7 shall continue to apply to such rights, obligations and liabilities indefinitely.
2026-10-07T05:29:21.1837242Z 
2026-10-07T05:29:21.1837378Z 10. DISCLAIMER OF WARRANTIES
2026-10-07T05:29:21.1837574Z 
2026-10-07T05:29:21.1838328Z 10.1 YOU EXPRESSLY UNDERSTAND AND AGREE THAT YOUR USE OF THE GOOGLE TV ADD-ON IS AT YOUR SOLE RISK AND THAT THE GOOGLE TV ADD-ON IS PROVIDED "AS IS" AND "AS AVAILABLE" WITHOUT WARRANTY OF ANY KIND FROM GOOGLE.
2026-10-07T05:29:21.1839313Z 
2026-10-07T05:29:21.1840372Z 10.2 YOUR USE OF THE GOOGLE TV ADD-ON AND ANY MATERIAL DOWNLOADED OR OTHERWISE OBTAINED THROUGH THE USE OF THE GOOGLE TV ADD-ON IS AT YOUR OWN DISCRETION AND RISK AND YOU ARE SOLELY RESPONSIBLE FOR ANY DAMAGE TO YOUR COMPUTER SYSTEM OR OTHER DEVICE OR LOSS OF DATA THAT RESULTS FROM SUCH USE.
2026-10-07T05:29:21.1841591Z 
2026-10-07T05:29:21.1842569Z 10.3 GOOGLE FURTHER EXPRESSLY DISCLAIMS ALL WARRANTIES AND CONDITIONS OF ANY KIND, WHETHER EXPRESS OR IMPLIED, INCLUDING, BUT NOT LIMITED TO THE IMPLIED WARRANTIES AND CONDITIONS OF MERCHANTABILITY, FITNESS FOR A PARTICULAR PURPOSE AND NON-INFRINGEMENT.
2026-10-07T05:29:21.1843649Z 
2026-10-07T05:29:21.1843781Z 11. LIMITATION OF LIABILITY
2026-10-07T05:29:21.1843970Z 
2026-10-07T05:29:21.1845709Z 11.1 YOU EXPRESSLY UNDERSTAND AND AGREE THAT GOOGLE, ITS SUBSIDIARIES AND AFFILIATES, AND ITS LICENSORS SHALL NOT BE LIABLE TO YOU UNDER ANY THEORY OF LIABILITY FOR ANY DIRECT, INDIRECT, INCIDENTAL, SPECIAL CONSEQUENTIAL OR EXEMPLARY DAMAGES THAT MAY BE INCURRED BY YOU, INCLUDING ANY LOSS OF DATA, WHETHER OR NOT GOOGLE OR ITS REPRESENTATIVES HAVE BEEN ADVISED OF OR SHOULD HAVE BEEN AWARE OF THE POSSIBILITY OF ANY SUCH LOSSES ARISING.
2026-10-07T05:29:21.1847539Z 
2026-10-07T05:29:21.1847656Z 12. Indemnification
2026-10-07T05:29:21.1847984Z 
2026-10-07T05:29:21.1852134Z 12.1 To the maximum extent permitted by law, you agree to defend, indemnify and hold harmless Google, its affiliates and their respective directors, officers, employees and agents from and against any and all claims, actions, suits or proceedings, as well as any and all losses, liabilities, damages, costs and expenses (including reasonable attorneys fees) arising out of or accruing from (a) your use of the Google TV Add-on, (b) any application you develop on the Google TV Add-on that infringes any copyright, trademark, trade secret, trade dress, patent or other intellectual property right of any person or defames any person or violates their rights of publicity or privacy, and (c) any non-compliance by you with this License Agreement.
2026-10-07T05:29:21.1855169Z 
2026-10-07T05:29:21.1855297Z 13. Changes to the License Agreement
2026-10-07T05:29:21.1855516Z 
2026-10-07T05:29:21.1855886Z 13.1 Google may make changes to the License Agreement as it distributes new versions of the Google TV Add-on.
2026-10-07T05:29:21.1856323Z 
2026-10-07T05:29:21.1856450Z 14. General Legal Terms
2026-10-07T05:29:21.1856620Z 
2026-10-07T05:29:21.1858004Z 14.1 This License Agreement constitute the whole legal agreement between you and Google and govern your use of the Google TV Add-on (excluding any services which Google may provide to you under a separate written agreement), and completely replace any prior agreements between you and Google in relation to the Google TV Add-on.
2026-10-07T05:29:21.1859581Z 
2026-10-07T05:29:21.1860802Z 14.2 You agree that if Google does not exercise or enforce any legal right or remedy which is contained in this License Agreement (or which Google has the benefit of under any applicable law), this will not be taken to be a formal waiver of Google's rights and that those rights or remedies will still be available to Google.
2026-10-07T05:29:21.1862138Z 
2026-10-07T05:29:21.1863935Z 14.3 If any court of law, having the jurisdiction to decide on this matter, rules that any provision of this License Agreement is invalid, then that provision will be removed from this License Agreement without affecting the rest of this License Agreement. The remaining provisions of this License Agreement will continue to be valid and enforceable.
2026-10-07T05:29:21.1865425Z 
2026-10-07T05:29:21.1867590Z 14.4 You acknowledge and agree that Google’s API data licensors and each member of the group of companies of which Google is the parent shall be third party beneficiaries to this License Agreement and that such other companies shall be entitled to directly enforce, and rely upon, any provision of this License Agreement that confers a benefit on (or rights in favor of) them. Other than this, no other person or company shall be third party beneficiaries to this License Agreement.
2026-10-07T05:29:21.1869531Z 
2026-10-07T05:29:21.1870349Z 14.5 EXPORT RESTRICTIONS. THE GOOGLE TV ADD-ON IS SUBJECT TO UNITED STATES EXPORT LAWS AND REGULATIONS. YOU MUST COMPLY WITH ALL DOMESTIC AND INTERNATIONAL EXPORT LAWS AND REGULATIONS THAT APPLY TO THE GOOGLE TV ADD-ON. THESE LAWS INCLUDE RESTRICTIONS ON DESTINATIONS, END USERS AND END USE.
2026-10-07T05:29:21.1871123Z 
2026-10-07T05:29:21.1871918Z 14.6 The rights granted in this License Agreement may not be assigned or transferred by either you or Google without the prior written approval of the other party. Neither you nor Google shall be permitted to delegate their responsibilities or obligations under this License Agreement without the prior written approval of the other party.
2026-10-07T05:29:21.1872758Z 
2026-10-07T05:29:21.1874260Z 14.7 This License Agreement, and your relationship with Google under this License Agreement, shall be governed by the laws of the State of California without regard to its conflict of laws provisions. You and Google agree to submit to the exclusive jurisdiction of the courts located within the county of Santa Clara, California to resolve any legal matter arising from this License Agreement. Notwithstanding this, you agree that Google shall still be allowed to apply for injunctive remedies (or an equivalent type of urgent legal relief) in any jurisdiction.
2026-10-07T05:29:21.1875627Z 
2026-10-07T05:29:21.1875631Z 
2026-10-07T05:29:21.1875710Z August 15, 2011
2026-10-07T05:29:21.1875892Z ---------------------------------------
2026-10-07T05:29:21.1876115Z Accept? (y/N): 
2026-10-07T05:29:21.1876310Z 2/6: License android-googlexr-license:
2026-10-07T05:29:21.1876531Z ---------------------------------------
2026-10-07T05:29:21.1877264Z To get started with the Android XR Emulator System Image SDK, you must agree to the following terms and conditions. As described below, please note that this is a preview, emulated version of the Android XR OS, subject to change, that you use at your own risk.
2026-10-07T05:29:21.1877917Z 
2026-10-07T05:29:21.1878067Z This is the Android XR Emulator System Image SDK License Agreement
2026-10-07T05:29:21.1878265Z 
2026-10-07T05:29:21.1878348Z 1. Introduction
2026-10-07T05:29:21.1878445Z 
2026-10-07T05:29:21.1880381Z 1.1 The Android Android XR Emulator System Image SDK (referred to in the License Agreement as the "SDK" and specifically including the Android system files,, packaged APIs, library files (if and when they are made available), and Google applications and APIs add-ons) is licensed to you subject to the terms of the License Agreement. The License Agreement forms a legally binding contract between you and Google in relation to your use of the SDK.
2026-10-07T05:29:21.1881478Z 
2026-10-07T05:29:21.1881991Z 1.2 "Android" means the Android software stack for devices, as made available under the Android Open Source Project, which is located at the following URL: https://source.android.com/, as updated from time to time.
2026-10-07T05:29:21.1882533Z 
2026-10-07T05:29:21.1883019Z 1.3 "Google" means Google LLC, organized under the laws of the State of Delaware, USA, and operating under the laws of the USA with principal place of business at 1600 Amphitheatre Parkway, Mountain View, CA 94043, USA.
2026-10-07T05:29:21.1883730Z 
2026-10-07T05:29:21.1883820Z 2. Accepting this License Agreement
2026-10-07T05:29:21.1883978Z 
2026-10-07T05:29:21.1884280Z 2.1 In order to use the SDK, you must first agree to the License Agreement. You may not use the SDK if you do not accept the License Agreement.
2026-10-07T05:29:21.1884634Z 
2026-10-07T05:29:21.1884867Z 2.2 By clicking to accept and/or using this SDK, you hereby agree to the terms of the License Agreement.
2026-10-07T05:29:21.1885151Z 
2026-10-07T05:29:21.1885697Z 2.3 You may not use the SDK and may not accept the License Agreement if you are a person barred from receiving the SDK under the laws of the United States or other countries, including the country in which you are resident or from which you use the SDK.
2026-10-07T05:29:21.1886301Z 
2026-10-07T05:29:21.1887131Z 2.4 If you are agreeing to be bound by the License Agreement on behalf of your employer or other entity, you represent and warrant that you have full legal authority to bind your employer or such entity to the License Agreement. If you do not have the requisite authority, you may not accept the License Agreement or use the SDK on behalf of your employer or other entity.
2026-10-07T05:29:21.1887999Z 
2026-10-07T05:29:21.1888086Z 3. SDK License from Google
2026-10-07T05:29:21.1888209Z 
2026-10-07T05:29:21.1888991Z 3.1 Subject to the terms of the License Agreement, Google grants you a limited, worldwide, royalty-free, non-assignable, non-exclusive, and non-sublicensable license to use the SDK solely to develop applications for Android XR.
2026-10-07T05:29:21.1889877Z 
2026-10-07T05:29:21.1890368Z 3.2 You may not use this SDK to develop applications for other platforms or to develop another SDK. You are of course free to develop applications for other platforms provided that this SDK is not used for that purpose.
2026-10-07T05:29:21.1890914Z 
2026-10-07T05:29:21.1891933Z 3.3 You agree that Google or third parties own all legal right, title and interest in and to the SDK, including any Intellectual Property Rights that subsist in the SDK. "Intellectual Property Rights" means any and all rights under patent law, copyright law, trade secret law, trademark law, and any and all other proprietary rights. Google reserves all rights not expressly granted to you.
2026-10-07T05:29:21.1892874Z 
2026-10-07T05:29:21.1894200Z 3.4 You may not use the SDK for any purpose not expressly permitted by the License Agreement. Except to the extent required by applicable third party licenses, you may not (a) copy (except for backup purposes), modify, adapt, redistribute, decompile, reverse engineer, disassemble, or create derivative works of the SDK or any part of the SDK; or (b) load any part of the SDK onto a mobile handset or any other hardware device except a personal computer, combine any part of the SDK with other software, or distribute any software or device incorporating a part of the SDK.
2026-10-07T05:29:21.1895534Z 
2026-10-07T05:29:21.1896514Z 3.5 Use, reproduction and distribution of components of the SDK licensed under an open source software license are governed solely by the terms of that open source software license and not the License Agreement. You agree to remain a licensee in good standing in regard to such open source software licenses under all the rights granted and to refrain from any actions that may terminate, suspend, or breach such rights.
2026-10-07T05:29:21.1897519Z 
2026-10-07T05:29:21.1898475Z 3.6 You agree that the form and nature of the SDK that Google provides may change without prior notice to you and that future versions of the SDK may be incompatible with applications developed on previous versions of the SDK. You agree that Google may stop (permanently or temporarily) providing the SDK (or any features within the SDK) to you or to users generally at Google's sole discretion, without prior notice to you.
2026-10-07T05:29:21.1899727Z 
2026-10-07T05:29:21.1900136Z 3.7 Nothing in the License Agreement gives you a right to use any of Google's trade names, trademarks, service marks, logos, domain names, or other distinctive brand features.
2026-10-07T05:29:21.1900704Z 
2026-10-07T05:29:21.1901129Z 3.8 You agree that you will not remove, obscure, or alter any proprietary rights notices (including copyright and trademark notices) that may be affixed to or contained within the SDK.
2026-10-07T05:29:21.1901599Z 
2026-10-07T05:29:21.1901679Z 4. Use of the SDK by You
2026-10-07T05:29:21.1901799Z 
2026-10-07T05:29:21.1902392Z 4.1 Google agrees that it obtains no right, title or interest from you (or your licensors) under the License Agreement in or to any software applications that you develop using the SDK, including any intellectual property rights that subsist in those applications.
2026-10-07T05:29:21.1903036Z 
2026-10-07T05:29:21.1903849Z 4.2 You agree to use the SDK and write applications only for purposes that are permitted by (a) the License Agreement and (b) any applicable law, regulation or generally accepted practices or guidelines in the relevant jurisdictions (including any laws regarding the export of data or software to and from the United States or other relevant countries).
2026-10-07T05:29:21.1904699Z 
2026-10-07T05:29:21.1906517Z 4.3 You agree that if you use the SDK to develop applications for general public users, you will protect the privacy and legal rights of those users. If the users provide you with user names, passwords, or other login information or personal information, you must make the users aware that the information will be available to your application, and you must provide legally adequate privacy notice and protection for those users. If your application stores personal or sensitive information provided by users, it must do so securely. If the user provides your application with Google Account information, your application may only use that information to access the user's Google Account when, and for the limited purposes for which, the user has given you permission to do so.
2026-10-07T05:29:21.1908350Z 
2026-10-07T05:29:21.1909437Z 4.4 You agree that you will not engage in any activity with the SDK, including the development or distribution of an application, that interferes with, disrupts, damages, or accesses in an unauthorized manner the servers, networks, or other properties or services of any third party including, but not limited to, Google or any mobile communications carrier.
2026-10-07T05:29:21.1910309Z 
2026-10-07T05:29:21.1911094Z 4.5 You agree that you are solely responsible for (and that Google has no responsibility to you or to any third party for) any data, content, or resources that you create, transmit or display through Android and/or applications for Android, and for the consequences of your actions (including any loss or damage which Google may suffer) by doing so.
2026-10-07T05:29:21.1911927Z 
2026-10-07T05:29:21.1912821Z 4.6 You agree that you are solely responsible for (and that Google has no responsibility to you or to any third party for) any breach of your obligations under the License Agreement, any applicable third party contract or Terms of Service, or any applicable law or regulation, and for the consequences (including any loss or damage which Google or any third party may suffer) of any such breach.
2026-10-07T05:29:21.1913758Z 
2026-10-07T05:29:21.1914436Z 4.7 The SDK is in development, and your testing and feedback are an important part of the development process. By using the SDK, you acknowledge that implementation of some features are still under development and that you should not rely on the SDK having the full functionality of a stable release.
2026-10-07T05:29:21.1915163Z 
2026-10-07T05:29:21.1915248Z 5. Your Developer Credentials
2026-10-07T05:29:21.1915384Z 
2026-10-07T05:29:21.1916038Z 5.1 You agree that you are responsible for maintaining the confidentiality of any developer credentials that may be issued to you by Google or which you may choose yourself and that you will be solely responsible for all applications that are developed under your developer credentials.
2026-10-07T05:29:21.1916849Z 
2026-10-07T05:29:21.1916942Z 6. Privacy and Information
2026-10-07T05:29:21.1917064Z 
2026-10-07T05:29:21.1918168Z 6.1 In order to continually innovate and improve the SDK, Google may collect certain usage statistics from the software including but not limited to a unique identifier, associated IP address, version number of the software, and information on which tools and/or services in the SDK are being used and how they are being used. Before any of this information is collected, the SDK will notify you and seek your consent. If you withhold consent, the information will not be collected.
2026-10-07T05:29:21.1919394Z 
2026-10-07T05:29:21.1919865Z 6.2 The data collected is examined in the aggregate to improve the SDK and is maintained in accordance with Google's Privacy Policy, which is located at the following URL: https://policies.google.com/privacy
2026-10-07T05:29:21.1920389Z 
2026-10-07T05:29:21.1920611Z 6.3 Anonymized and aggregated sets of the data may be shared with Google partners to improve the SDK.
2026-10-07T05:29:21.1920894Z 
2026-10-07T05:29:21.1920984Z 7. Third Party Applications
2026-10-07T05:29:21.1921106Z 
2026-10-07T05:29:21.1922464Z 7.1 If you use the SDK to run applications developed by a third party or that access data, content or resources provided by a third party, you agree that Google is not responsible for those applications, data, content, or resources. You understand that all data, content or resources which you may access through such third party applications are the sole responsibility of the person from which they originated and that Google is not liable for any loss or damage that you may experience as a result of the use or access of any of those third party applications, data, content, or resources.
2026-10-07T05:29:21.1923865Z 
2026-10-07T05:29:21.1925094Z 7.2 You should be aware that the data, content, and resources presented to you through such a third party application may be protected by intellectual property rights which are owned by the providers (or by other persons or companies on their behalf). You may not modify, rent, lease, loan, sell, distribute or create derivative works based on these data, content, or resources (either in whole or in part) unless you have been specifically given permission to do so by the relevant owners.
2026-10-07T05:29:21.1926293Z 
2026-10-07T05:29:21.1926921Z 7.3 You acknowledge that your use of such third party applications, data, content, or resources may be subject to separate terms between you and the relevant third party. In that case, the License Agreement does not affect your legal relationship with these third parties.
2026-10-07T05:29:21.1927601Z 
2026-10-07T05:29:21.1927679Z 8. Using Android APIs
2026-10-07T05:29:21.1927795Z 
2026-10-07T05:29:21.1927872Z 8.1 Google Data APIs
2026-10-07T05:29:21.1927979Z 
2026-10-07T05:29:21.1929258Z 8.1.1 If you use any API to retrieve data from Google, you acknowledge that the data may be protected by intellectual property rights which are owned by Google or those parties that provide the data (or by other persons or companies on their behalf). Your use of any such API may be subject to additional Terms of Service. You may not modify, rent, lease, loan, sell, distribute or create derivative works based on this data (either in whole or in part) unless allowed by the relevant Terms of Service.
2026-10-07T05:29:21.1930447Z 
2026-10-07T05:29:21.1932421Z 8.1.2 If you use any API to retrieve a user's data from Google, you acknowledge and agree that you shall retrieve data only with the user's explicit consent and only when, and for the limited purposes for which, the user has given you permission to do so. If you use the Android Recognition Service API, documented at the following URL: https://developer.android.com/reference/android/speech/RecognitionService, as updated from time to time, you acknowledge that the use of the API is subject to the Data Processing Addendum for Products where Google is a Data Processor, which is located at the following URL: https://privacy.google.com/businesses/gdprprocessorterms/, as updated from time to time. By clicking to accept, you hereby agree to the terms of the Data Processing Addendum for Products where Google is a Data Processor.
2026-10-07T05:29:21.1934521Z 
2026-10-07T05:29:21.1934622Z 9. Terminating this License Agreement
2026-10-07T05:29:21.1934771Z 
2026-10-07T05:29:21.1935004Z 9.1 The License Agreement will continue to apply until terminated by either you or Google as set out below.
2026-10-07T05:29:21.1935307Z 
2026-10-07T05:29:21.1935589Z 9.2 If you want to terminate the License Agreement, you may do so by ceasing your use of the SDK and any relevant developer credentials.
2026-10-07T05:29:21.1935938Z 
2026-10-07T05:29:21.1937387Z 9.3 Google may at any time, terminate the License Agreement with you if: (A) you have breached any provision of the License Agreement; or (B) Google is required to do so by law; or (C) the partner with whom Google offered certain parts of SDK (such as APIs) to you has terminated its relationship with Google or ceased to offer certain parts of the SDK to you; or (D) Google decides to no longer provide the SDK or certain parts of the SDK to users in the country in which you are resident or from which you use the service, or the provision of the SDK or certain SDK services to you by Google is, in Google's sole discretion, no longer commercially viable.
2026-10-07T05:29:21.1938994Z 
2026-10-07T05:29:21.1940017Z 9.4 When the License Agreement comes to an end, all of the legal rights, obligations and liabilities that you and Google have benefited from, been subject to (or which have accrued over time whilst the License Agreement has been in force) or which are expressed to continue indefinitely, shall be unaffected by this cessation, and the provisions of paragraph 14.7 shall continue to apply to such rights, obligations and liabilities indefinitely.
2026-10-07T05:29:21.1941076Z 
2026-10-07T05:29:21.1941168Z 10. DISCLAIMER OF WARRANTIES
2026-10-07T05:29:21.1941292Z 
2026-10-07T05:29:21.1941825Z 10.1 YOU EXPRESSLY UNDERSTAND AND AGREE THAT YOUR USE OF THE SDK IS AT YOUR SOLE RISK AND THAT THE SDK IS PROVIDED "AS IS" AND "AS AVAILABLE" WITHOUT WARRANTY OF ANY KIND FROM GOOGLE.
2026-10-07T05:29:21.1942277Z 
2026-10-07T05:29:21.1942864Z 10.2 YOUR USE OF THE SDK AND ANY MATERIAL DOWNLOADED OR OTHERWISE OBTAINED THROUGH THE USE OF THE SDK IS AT YOUR OWN DISCRETION AND RISK AND YOU ARE SOLELY RESPONSIBLE FOR ANY DAMAGE TO YOUR COMPUTER SYSTEM OR OTHER DEVICE OR LOSS OF DATA THAT RESULTS FROM SUCH USE.
2026-10-07T05:29:21.1943509Z 
2026-10-07T05:29:21.1944093Z 10.3 GOOGLE FURTHER EXPRESSLY DISCLAIMS ALL WARRANTIES AND CONDITIONS OF ANY KIND, WHETHER EXPRESS OR IMPLIED, INCLUDING, BUT NOT LIMITED TO THE IMPLIED WARRANTIES AND CONDITIONS OF MERCHANTABILITY, FITNESS FOR A PARTICULAR PURPOSE AND NON-INFRINGEMENT.
2026-10-07T05:29:21.1944736Z 
2026-10-07T05:29:21.1944822Z 11. LIMITATION OF LIABILITY
2026-10-07T05:29:21.1944942Z 
2026-10-07T05:29:21.1945959Z 11.1 YOU EXPRESSLY UNDERSTAND AND AGREE THAT GOOGLE, ITS SUBSIDIARIES AND AFFILIATES, AND ITS LICENSORS SHALL NOT BE LIABLE TO YOU UNDER ANY THEORY OF LIABILITY FOR ANY DIRECT, INDIRECT, INCIDENTAL, SPECIAL, CONSEQUENTIAL OR EXEMPLARY DAMAGES THAT MAY BE INCURRED BY YOU, INCLUDING ANY LOSS OF DATA, WHETHER OR NOT GOOGLE OR ITS REPRESENTATIVES HAVE BEEN ADVISED OF OR SHOULD HAVE BEEN AWARE OF THE POSSIBILITY OF ANY SUCH LOSSES ARISING.
2026-10-07T05:29:21.1947020Z 
2026-10-07T05:29:21.1947091Z 12. Indemnification
2026-10-07T05:29:21.1947197Z 
2026-10-07T05:29:21.1949050Z 12.1 To the maximum extent permitted by law, you agree to defend, indemnify and hold harmless Google, its affiliates and their respective directors, officers, employees and agents from and against any and all claims, actions, suits or proceedings, as well as any and all losses, liabilities, damages, costs and expenses (including reasonable attorneys fees) arising out of or accruing from (a) your use of the SDK, (b) any application you develop on the SDK that infringes any copyright, trademark, trade secret, trade dress, patent or other intellectual property right of any person or defames any person or violates their rights of publicity or privacy, and (c) any non-compliance by you with the License Agreement.
2026-10-07T05:29:21.1950845Z 
2026-10-07T05:29:21.1950930Z 13. Changes to the License Agreement
2026-10-07T05:29:21.1951078Z 
2026-10-07T05:29:21.1951602Z 13.1 Google may make changes to the License Agreement as it distributes new versions of the SDK. When these changes are made, Google will make a new version of the License Agreement available on the website where the SDK is made available.
2026-10-07T05:29:21.1952188Z 
2026-10-07T05:29:21.1952270Z 14. General Legal Terms
2026-10-07T05:29:21.1952376Z 
2026-10-07T05:29:21.1953076Z 14.1 The License Agreement constitutes the whole legal agreement between you and Google and governs your use of the SDK (excluding any services which Google may provide to you under a separate written agreement), and completely replaces any prior agreements between you and Google in relation to the SDK.
2026-10-07T05:29:21.1953829Z 
2026-10-07T05:29:21.1954560Z 14.2 You agree that if Google does not exercise or enforce any legal right or remedy which is contained in the License Agreement (or which Google has the benefit of under any applicable law), this will not be taken to be a formal waiver of Google's rights and that those rights or remedies will still be available to Google.
2026-10-07T05:29:21.1955343Z 
2026-10-07T05:29:21.1956141Z 14.3 If any court of law, having the jurisdiction to decide on this matter, rules that any provision of the License Agreement is invalid, then that provision will be removed from the License Agreement without affecting the rest of the License Agreement. The remaining provisions of the License Agreement will continue to be valid and enforceable.
2026-10-07T05:29:21.1956976Z 
2026-10-07T05:29:21.1958100Z 14.4 You acknowledge and agree that each member of the group of companies of which Google is the parent shall be third party beneficiaries to the License Agreement and that such other companies shall be entitled to directly enforce, and rely upon, any provision of the License Agreement that confers a benefit on (or rights in favor of) them. Other than this, no other person or company shall be third party beneficiaries to the License Agreement.
2026-10-07T05:29:21.1959267Z 
2026-10-07T05:29:21.1959871Z 14.5 EXPORT RESTRICTIONS. THE SDK IS SUBJECT TO UNITED STATES EXPORT LAWS AND REGULATIONS. YOU MUST COMPLY WITH ALL DOMESTIC AND INTERNATIONAL EXPORT LAWS AND REGULATIONS THAT APPLY TO THE SDK. THESE LAWS INCLUDE RESTRICTIONS ON DESTINATIONS, END USERS AND END USE.
2026-10-07T05:29:21.1960534Z 
2026-10-07T05:29:21.1961330Z 14.6 The rights granted in the License Agreement may not be assigned or transferred by either you or Google without the prior written approval of the other party. Neither you nor Google shall be permitted to delegate their responsibilities or obligations under the License Agreement without the prior written approval of the other party.
2026-10-07T05:29:21.1962162Z 
2026-10-07T05:29:21.1963473Z 14.7 The License Agreement, and your relationship with Google under the License Agreement, shall be governed by the laws of the State of California without regard to its conflict of laws provisions. You and Google agree to submit to the exclusive jurisdiction of the courts located within the county of Santa Clara, California to resolve any legal matter arising from the License Agreement. Notwithstanding this, you agree that Google shall still be allowed to apply for injunctive remedies (or an equivalent type of urgent legal relief) in any jurisdiction.
2026-10-07T05:29:21.1964883Z ---------------------------------------
2026-10-07T05:29:21.1965098Z Accept? (y/N): 
2026-10-07T05:29:21.1965293Z 3/6: License android-sdk-arm-dbt-license:
2026-10-07T05:29:21.1965517Z ---------------------------------------
2026-10-07T05:29:21.1965727Z Terms and Conditions
2026-10-07T05:29:21.1965837Z 
2026-10-07T05:29:21.1965966Z This is the Android Software Development Kit License Agreement
2026-10-07T05:29:21.1966267Z 
2026-10-07T05:29:21.1966341Z 1. Introduction
2026-10-07T05:29:21.1966439Z 
2026-10-07T05:29:21.1967274Z 1.1 The Android Software Development Kit (referred to in the License Agreement as the "SDK" and specifically including the Android system files, packaged APIs, and Google APIs add-ons) is licensed to you subject to the terms of the License Agreement. The License Agreement forms a legally binding contract between you and Google in relation to your use of the SDK.
2026-10-07T05:29:21.1968155Z 
2026-10-07T05:29:21.1968731Z 1.2 "Android" means the Android software stack for devices, as made available under the Android Open Source Project, which is located at the following URL: http://source.android.com/, as updated from time to time.
2026-10-07T05:29:21.1969270Z 
2026-10-07T05:29:21.1970073Z 1.3 A "compatible implementation" means any Android device that (i) complies with the Android Compatibility Definition document, which can be found at the Android compatibility website (http://source.android.com/compatibility) and which may be updated from time to time; and (ii) successfully passes the Android Compatibility Test Suite (CTS).
2026-10-07T05:29:21.1970924Z 
2026-10-07T05:29:21.1971277Z 1.4 "Google" means Google Inc., a Delaware corporation with principal place of business at 1600 Amphitheatre Parkway, Mountain View, CA 94043, United States.
2026-10-07T05:29:21.1971679Z 
2026-10-07T05:29:21.1971683Z 
2026-10-07T05:29:21.1971773Z 2. Accepting the License Agreement
2026-10-07T05:29:21.1971907Z 
2026-10-07T05:29:21.1972203Z 2.1 In order to use the SDK, you must first agree to the License Agreement. You may not use the SDK if you do not accept the License Agreement.
2026-10-07T05:29:21.1972560Z 
2026-10-07T05:29:21.1972727Z 2.2 By clicking to accept, you hereby agree to the terms of the License Agreement.
2026-10-07T05:29:21.1972964Z 
2026-10-07T05:29:21.1973621Z 2.3 You may not use the SDK and may not accept the License Agreement if you are a person barred from receiving the SDK under the laws of the United States or other countries, including the country in which you are resident or from which you use the SDK.
2026-10-07T05:29:21.1974236Z 
2026-10-07T05:29:21.1975070Z 2.4 If you are agreeing to be bound by the License Agreement on behalf of your employer or other entity, you represent and warrant that you have full legal authority to bind your employer or such entity to the License Agreement. If you do not have the requisite authority, you may not accept the License Agreement or use the SDK on behalf of your employer or other entity.
2026-10-07T05:29:21.1975948Z 
2026-10-07T05:29:21.1975952Z 
2026-10-07T05:29:21.1976030Z 3. SDK License from Google
2026-10-07T05:29:21.1976152Z 
2026-10-07T05:29:21.1976744Z 3.1 Subject to the terms of the License Agreement, Google grants you a limited, worldwide, royalty-free, non-assignable, non-exclusive, and non-sublicensable license to use the SDK solely to develop applications for compatible implementations of Android.
2026-10-07T05:29:21.1977385Z 
2026-10-07T05:29:21.1978158Z 3.2 You may not use this SDK to develop applications for other platforms (including non-compatible implementations of Android) or to develop another SDK. You are of course free to develop applications for other platforms, including non-compatible implementations of Android, provided that this SDK is not used for that purpose.
2026-10-07T05:29:21.1979084Z 
2026-10-07T05:29:21.1980171Z 3.3 You agree that Google or third parties own all legal right, title and interest in and to the SDK, including any Intellectual Property Rights that subsist in the SDK. "Intellectual Property Rights" means any and all rights under patent law, copyright law, trade secret law, trademark law, and any and all other proprietary rights. Google reserves all rights not expressly granted to you.
2026-10-07T05:29:21.1981223Z 
2026-10-07T05:29:21.1982017Z 3.4 You may not use the SDK for any purpose not expressly permitted by the License Agreement. Except to the extent required by applicable third party licenses, you may not copy (except for backup purposes), modify, adapt, redistribute, decompile, reverse engineer, disassemble, or create derivative works of the SDK or any part of the SDK.
2026-10-07T05:29:21.1982996Z 
2026-10-07T05:29:21.1983475Z 3.5 Use, reproduction and distribution of components of the SDK licensed under an open source software license are governed solely by the terms of that open source software license and not the License Agreement.
2026-10-07T05:29:21.1984000Z 
2026-10-07T05:29:21.1984961Z 3.6 You agree that the form and nature of the SDK that Google provides may change without prior notice to you and that future versions of the SDK may be incompatible with applications developed on previous versions of the SDK. You agree that Google may stop (permanently or temporarily) providing the SDK (or any features within the SDK) to you or to users generally at Google's sole discretion, without prior notice to you.
2026-10-07T05:29:21.1985966Z 
2026-10-07T05:29:21.1986350Z 3.7 Nothing in the License Agreement gives you a right to use any of Google's trade names, trademarks, service marks, logos, domain names, or other distinctive brand features.
2026-10-07T05:29:21.1986788Z 
2026-10-07T05:29:21.1987199Z 3.8 You agree that you will not remove, obscure, or alter any proprietary rights notices (including copyright and trademark notices) that may be affixed to or contained within the SDK.
2026-10-07T05:29:21.1987669Z 
2026-10-07T05:29:21.1987673Z 
2026-10-07T05:29:21.1987750Z 4. Use of the SDK by You
2026-10-07T05:29:21.1987871Z 
2026-10-07T05:29:21.1988462Z 4.1 Google agrees that it obtains no right, title or interest from you (or your licensors) under the License Agreement in or to any software applications that you develop using the SDK, including any intellectual property rights that subsist in those applications.
2026-10-07T05:29:21.1989497Z 
2026-10-07T05:29:21.1990487Z 4.2 You agree to use the SDK and write applications only for purposes that are permitted by (a) the License Agreement and (b) any applicable law, regulation or generally accepted practices or guidelines in the relevant jurisdictions (including any laws regarding the export of data or software to and from the United States or other relevant countries).
2026-10-07T05:29:21.1991399Z 
2026-10-07T05:29:21.1993229Z 4.3 You agree that if you use the SDK to develop applications for general public users, you will protect the privacy and legal rights of those users. If the users provide you with user names, passwords, or other login information or personal information, you must make the users aware that the information will be available to your application, and you must provide legally adequate privacy notice and protection for those users. If your application stores personal or sensitive information provided by users, it must do so securely. If the user provides your application with Google Account information, your application may only use that information to access the user's Google Account when, and for the limited purposes for which, the user has given you permission to do so.
2026-10-07T05:29:21.1995076Z 
2026-10-07T05:29:21.1995902Z 4.4 You agree that you will not engage in any activity with the SDK, including the development or distribution of an application, that interferes with, disrupts, damages, or accesses in an unauthorized manner the servers, networks, or other properties or services of any third party including, but not limited to, Google or any mobile communications carrier.
2026-10-07T05:29:21.1996771Z 
2026-10-07T05:29:21.1997553Z 4.5 You agree that you are solely responsible for (and that Google has no responsibility to you or to any third party for) any data, content, or resources that you create, transmit or display through Android and/or applications for Android, and for the consequences of your actions (including any loss or damage which Google may suffer) by doing so.
2026-10-07T05:29:21.1998391Z 
2026-10-07T05:29:21.1999585Z 4.6 You agree that you are solely responsible for (and that Google has no responsibility to you or to any third party for) any breach of your obligations under the License Agreement, any applicable third party contract or Terms of Service, or any applicable law or regulation, and for the consequences (including any loss or damage which Google or any third party may suffer) of any such breach.
2026-10-07T05:29:21.2001182Z 
2026-10-07T05:29:21.2002981Z 4.7 This software enables the execution of intellectual property owned by Arm Limited. You agree that your use of the software, that allows execution of ARM Instruction Set Architecture (“ISA”) compliant executables for application development and debug only on x86 desktop, laptop, customer on-premise servers, and customer-procured cloud-based environments.
2026-10-07T05:29:21.2003899Z 
2026-10-07T05:29:21.2003988Z 5. Your Developer Credentials
2026-10-07T05:29:21.2004123Z 
2026-10-07T05:29:21.2004783Z 5.1 You agree that you are responsible for maintaining the confidentiality of any developer credentials that may be issued to you by Google or which you may choose yourself and that you will be solely responsible for all applications that are developed under your developer credentials.
2026-10-07T05:29:21.2005491Z 
2026-10-07T05:29:21.2005577Z 6. Privacy and Information
2026-10-07T05:29:21.2005694Z 
2026-10-07T05:29:21.2006802Z 6.1 In order to continually innovate and improve the SDK, Google may collect certain usage statistics from the software including but not limited to a unique identifier, associated IP address, version number of the software, and information on which tools and/or services in the SDK are being used and how they are being used. Before any of this information is collected, the SDK will notify you and seek your consent. If you withhold consent, the information will not be collected.
2026-10-07T05:29:21.2007950Z 
2026-10-07T05:29:21.2008232Z 6.2 The data collected is examined in the aggregate to improve the SDK and is maintained in accordance with Google's Privacy Policy.
2026-10-07T05:29:21.2008729Z 
2026-10-07T05:29:21.2008736Z 
2026-10-07T05:29:21.2008832Z 7. Third Party Applications
2026-10-07T05:29:21.2008954Z 
2026-10-07T05:29:21.2010471Z 7.1 If you use the SDK to run applications developed by a third party or that access data, content or resources provided by a third party, you agree that Google is not responsible for those applications, data, content, or resources. You understand that all data, content or resources which you may access through such third party applications are the sole responsibility of the person from which they originated and that Google is not liable for any loss or damage that you may experience as a result of the use or access of any of those third party applications, data, content, or resources.
2026-10-07T05:29:21.2011856Z 
2026-10-07T05:29:21.2012971Z 7.2 You should be aware the data, content, and resources presented to you through such a third party application may be protected by intellectual property rights which are owned by the providers (or by other persons or companies on their behalf). You may not modify, rent, lease, loan, sell, distribute or create derivative works based on these data, content, or resources (either in whole or in part) unless you have been specifically given permission to do so by the relevant owners.
2026-10-07T05:29:21.2014157Z 
2026-10-07T05:29:21.2014793Z 7.3 You acknowledge that your use of such third party applications, data, content, or resources may be subject to separate terms between you and the relevant third party. In that case, the License Agreement does not affect your legal relationship with these third parties.
2026-10-07T05:29:21.2015477Z 
2026-10-07T05:29:21.2015482Z 
2026-10-07T05:29:21.2015564Z 8. Using Android APIs
2026-10-07T05:29:21.2015672Z 
2026-10-07T05:29:21.2015748Z 8.1 Google Data APIs
2026-10-07T05:29:21.2015854Z 
2026-10-07T05:29:21.2016996Z 8.1.1 If you use any API to retrieve data from Google, you acknowledge that the data may be protected by intellectual property rights which are owned by Google or those parties that provide the data (or by other persons or companies on their behalf). Your use of any such API may be subject to additional Terms of Service. You may not modify, rent, lease, loan, sell, distribute or create derivative works based on this data (either in whole or in part) unless allowed by the relevant Terms of Service.
2026-10-07T05:29:21.2018276Z 
2026-10-07T05:29:21.2020429Z 8.1.2 If you use any API to retrieve a user's data from Google, you acknowledge and agree that you shall retrieve data only with the user's explicit consent and only when, and for the limited purposes for which, the user has given you permission to do so. If you use the Android Recognition Service API, documented at the following URL: https://developer.android.com/reference/android/speech/RecognitionService, as updated from time to time, you acknowledge that the use of the API is subject to the Data Processing Addendum for Products where Google is a Data Processor, which is located at the following URL: https://privacy.google.com/businesses/gdprprocessorterms/, as updated from time to time. By clicking to accept, you hereby agree to the terms of the Data Processing Addendum for Products where Google is a Data Processor.
2026-10-07T05:29:21.2022427Z 
2026-10-07T05:29:21.2022431Z 
2026-10-07T05:29:21.2022520Z 9. Terminating the License Agreement
2026-10-07T05:29:21.2022667Z 
2026-10-07T05:29:21.2022907Z 9.1 The License Agreement will continue to apply until terminated by either you or Google as set out below.
2026-10-07T05:29:21.2023229Z 
2026-10-07T05:29:21.2023515Z 9.2 If you want to terminate the License Agreement, you may do so by ceasing your use of the SDK and any relevant developer credentials.
2026-10-07T05:29:21.2023858Z 
2026-10-07T05:29:21.2025416Z 9.3 Google may at any time, terminate the License Agreement with you if: (A) you have breached any provision of the License Agreement; or (B) Google is required to do so by law; or (C) the partner with whom Google offered certain parts of SDK (such as APIs) to you has terminated its relationship with Google or ceased to offer certain parts of the SDK to you; or (D) Google decides to no longer provide the SDK or certain parts of the SDK to users in the country in which you are resident or from which you use the service, or the provision of the SDK or certain SDK services to you by Google is, in Google's sole discretion, no longer commercially viable.
2026-10-07T05:29:21.2026904Z 
2026-10-07T05:29:21.2027929Z 9.4 When the License Agreement comes to an end, all of the legal rights, obligations and liabilities that you and Google have benefited from, been subject to (or which have accrued over time whilst the License Agreement has been in force) or which are expressed to continue indefinitely, shall be unaffected by this cessation, and the provisions of paragraph 14.7 shall continue to apply to such rights, obligations and liabilities indefinitely.
2026-10-07T05:29:21.2029118Z 
2026-10-07T05:29:21.2029130Z 
2026-10-07T05:29:21.2029216Z 10. DISCLAIMER OF WARRANTIES
2026-10-07T05:29:21.2029348Z 
2026-10-07T05:29:21.2029733Z 10.1 YOU EXPRESSLY UNDERSTAND AND AGREE THAT YOUR USE OF THE SDK IS AT YOUR SOLE RISK AND THAT THE SDK IS PROVIDED "AS IS" AND "AS AVAILABLE" WITHOUT WARRANTY OF ANY KIND FROM GOOGLE.
2026-10-07T05:29:21.2030176Z 
2026-10-07T05:29:21.2030763Z 10.2 YOUR USE OF THE SDK AND ANY MATERIAL DOWNLOADED OR OTHERWISE OBTAINED THROUGH THE USE OF THE SDK IS AT YOUR OWN DISCRETION AND RISK AND YOU ARE SOLELY RESPONSIBLE FOR ANY DAMAGE TO YOUR COMPUTER SYSTEM OR OTHER DEVICE OR LOSS OF DATA THAT RESULTS FROM SUCH USE.
2026-10-07T05:29:21.2031389Z 
2026-10-07T05:29:21.2031976Z 10.3 GOOGLE FURTHER EXPRESSLY DISCLAIMS ALL WARRANTIES AND CONDITIONS OF ANY KIND, WHETHER EXPRESS OR IMPLIED, INCLUDING, BUT NOT LIMITED TO THE IMPLIED WARRANTIES AND CONDITIONS OF MERCHANTABILITY, FITNESS FOR A PARTICULAR PURPOSE AND NON-INFRINGEMENT.
2026-10-07T05:29:21.2032617Z 
2026-10-07T05:29:21.2032621Z 
2026-10-07T05:29:21.2032699Z 11. LIMITATION OF LIABILITY
2026-10-07T05:29:21.2032824Z 
2026-10-07T05:29:21.2033832Z 11.1 YOU EXPRESSLY UNDERSTAND AND AGREE THAT GOOGLE, ITS SUBSIDIARIES AND AFFILIATES, AND ITS LICENSORS SHALL NOT BE LIABLE TO YOU UNDER ANY THEORY OF LIABILITY FOR ANY DIRECT, INDIRECT, INCIDENTAL, SPECIAL, CONSEQUENTIAL OR EXEMPLARY DAMAGES THAT MAY BE INCURRED BY YOU, INCLUDING ANY LOSS OF DATA, WHETHER OR NOT GOOGLE OR ITS REPRESENTATIVES HAVE BEEN ADVISED OF OR SHOULD HAVE BEEN AWARE OF THE POSSIBILITY OF ANY SUCH LOSSES ARISING.
2026-10-07T05:29:21.2035017Z 
2026-10-07T05:29:21.2035023Z 
2026-10-07T05:29:21.2035104Z 12. Indemnification
2026-10-07T05:29:21.2035206Z 
2026-10-07T05:29:21.2036870Z 12.1 To the maximum extent permitted by law, you agree to defend, indemnify and hold harmless Google, its affiliates and their respective directors, officers, employees and agents from and against any and all claims, actions, suits or proceedings, as well as any and all losses, liabilities, damages, costs and expenses (including reasonable attorneys fees) arising out of or accruing from (a) your use of the SDK, (b) any application you develop on the SDK that infringes any copyright, trademark, trade secret, trade dress, patent or other intellectual property right of any person or defames any person or violates their rights of publicity or privacy, and (c) any non-compliance by you with the License Agreement.
2026-10-07T05:29:21.2038881Z 
2026-10-07T05:29:21.2038885Z 
2026-10-07T05:29:21.2038981Z 13. Changes to the License Agreement
2026-10-07T05:29:21.2039122Z 
2026-10-07T05:29:21.2039656Z 13.1 Google may make changes to the License Agreement as it distributes new versions of the SDK. When these changes are made, Google will make a new version of the License Agreement available on the website where the SDK is made available.
2026-10-07T05:29:21.2040238Z 
2026-10-07T05:29:21.2040242Z 
2026-10-07T05:29:21.2040316Z 14. General Legal Terms
2026-10-07T05:29:21.2040434Z 
2026-10-07T05:29:21.2041242Z 14.1 The License Agreement constitutes the whole legal agreement between you and Google and governs your use of the SDK (excluding any services which Google may provide to you under a separate written agreement), and completely replaces any prior agreements between you and Google in relation to the SDK.
2026-10-07T05:29:21.2042031Z 
2026-10-07T05:29:21.2042755Z 14.2 You agree that if Google does not exercise or enforce any legal right or remedy which is contained in the License Agreement (or which Google has the benefit of under any applicable law), this will not be taken to be a formal waiver of Google's rights and that those rights or remedies will still be available to Google.
2026-10-07T05:29:21.2043525Z 
2026-10-07T05:29:21.2044310Z 14.3 If any court of law, having the jurisdiction to decide on this matter, rules that any provision of the License Agreement is invalid, then that provision will be removed from the License Agreement without affecting the rest of the License Agreement. The remaining provisions of the License Agreement will continue to be valid and enforceable.
2026-10-07T05:29:21.2045157Z 
2026-10-07T05:29:21.2046186Z 14.4 You acknowledge and agree that each member of the group of companies of which Google is the parent shall be third party beneficiaries to the License Agreement and that such other companies shall be entitled to directly enforce, and rely upon, any provision of the License Agreement that confers a benefit on (or rights in favor of) them. Other than this, no other person or company shall be third party beneficiaries to the License Agreement.
2026-10-07T05:29:21.2047240Z 
2026-10-07T05:29:21.2047839Z 14.5 EXPORT RESTRICTIONS. THE SDK IS SUBJECT TO UNITED STATES EXPORT LAWS AND REGULATIONS. YOU MUST COMPLY WITH ALL DOMESTIC AND INTERNATIONAL EXPORT LAWS AND REGULATIONS THAT APPLY TO THE SDK. THESE LAWS INCLUDE RESTRICTIONS ON DESTINATIONS, END USERS AND END USE.
2026-10-07T05:29:21.2048495Z 
2026-10-07T05:29:21.2049528Z 14.6 The rights granted in the License Agreement may not be assigned or transferred by either you or Google without the prior written approval of the other party. Neither you nor Google shall be permitted to delegate their responsibilities or obligations under the License Agreement without the prior written approval of the other party.
2026-10-07T05:29:21.2050486Z 
2026-10-07T05:29:21.2051790Z 14.7 The License Agreement, and your relationship with Google under the License Agreement, shall be governed by the laws of the State of California without regard to its conflict of laws provisions. You and Google agree to submit to the exclusive jurisdiction of the courts located within the county of Santa Clara, California to resolve any legal matter arising from the License Agreement. Notwithstanding this, you agree that Google shall still be allowed to apply for injunctive remedies (or an equivalent type of urgent legal relief) in any jurisdiction.
2026-10-07T05:29:21.2053145Z 
2026-10-07T05:29:21.2053149Z 
2026-10-07T05:29:21.2053221Z January 16, 2019
2026-10-07T05:29:21.2053404Z ---------------------------------------
2026-10-07T05:29:21.2053624Z Accept? (y/N): 
2026-10-07T05:29:21.2053819Z 4/6: License android-sdk-preview-license:
2026-10-07T05:29:21.2054052Z ---------------------------------------
2026-10-07T05:29:21.2055066Z To get started with the Android SDK Preview, you must agree to the following terms and conditions. As described below, please note that this is a preview version of the Android SDK, subject to change, that you use at your own risk. The Android SDK Preview is not a stable release, and may contain errors and defects that can result in serious damage to your computer systems, devices and data.
2026-10-07T05:29:21.2055993Z 
2026-10-07T05:29:21.2056150Z This is the Android SDK Preview License Agreement (the "License Agreement").
2026-10-07T05:29:21.2056379Z 
2026-10-07T05:29:21.2056447Z 1. Introduction
2026-10-07T05:29:21.2056544Z 
2026-10-07T05:29:21.2057896Z 1.1 The Android SDK Preview (referred to in the License Agreement as the “Preview” and specifically including the Android system files, packaged APIs, and Preview library files, if and when they are made available) is licensed to you subject to the terms of the License Agreement. The License Agreement forms a legally binding contract between you and Google in relation to your use of the Preview.
2026-10-07T05:29:21.2059140Z 
2026-10-07T05:29:21.2059637Z 1.2 "Android" means the Android software stack for devices, as made available under the Android Open Source Project, which is located at the following URL: http://source.android.com/, as updated from time to time.
2026-10-07T05:29:21.2060401Z 
2026-10-07T05:29:21.2060886Z 1.3 "Google" means Google Inc., a Delaware corporation with principal place of business at 1600 Amphitheatre Parkway, Mountain View, CA 94043, United States.
2026-10-07T05:29:21.2061493Z 
2026-10-07T05:29:21.2061623Z 2. Accepting the License Agreement
2026-10-07T05:29:21.2061830Z 
2026-10-07T05:29:21.2062338Z 2.1 In order to use the Preview, you must first agree to the License Agreement. You may not use the Preview if you do not accept the License Agreement.
2026-10-07T05:29:21.2062930Z 
2026-10-07T05:29:21.2063230Z 2.2 By clicking to accept and/or using the Preview, you hereby agree to the terms of the License Agreement.
2026-10-07T05:29:21.2063553Z 
2026-10-07T05:29:21.2064173Z 2.3 You may not use the Preview and may not accept the License Agreement if you are a person barred from receiving the Preview under the laws of the United States or other countries including the country in which you are resident or from which you use the Preview.
2026-10-07T05:29:21.2065143Z 
2026-10-07T05:29:21.2066604Z 2.4 If you will use the Preview internally within your company or organization you agree to be bound by the License Agreement on behalf of your employer or other entity, and you represent and warrant that you have full legal authority to bind your employer or such entity to the License Agreement. If you do not have the requisite authority, you may not accept the License Agreement or use the Preview on behalf of your employer or other entity.
2026-10-07T05:29:21.2068160Z 
2026-10-07T05:29:21.2068294Z 3. Preview License from Google
2026-10-07T05:29:21.2068496Z 
2026-10-07T05:29:21.2070284Z 3.1 Subject to the terms of the License Agreement, Google grants you a royalty-free, non-assignable, non-exclusive, non-sublicensable, limited, revocable license to use the Preview, personally or internally within your company or organization, solely to develop applications to run on the Android platform.
2026-10-07T05:29:21.2071572Z 
2026-10-07T05:29:21.2073142Z 3.2 You agree that Google or third parties owns all legal right, title and interest in and to the Preview, including any Intellectual Property Rights that subsist in the Preview. "Intellectual Property Rights" means any and all rights under patent law, copyright law, trade secret law, trademark law, and any and all other proprietary rights. Google reserves all rights not expressly granted to you.
2026-10-07T05:29:21.2074741Z 
2026-10-07T05:29:21.2076877Z 3.3 You may not use the Preview for any purpose not expressly permitted by the License Agreement. Except to the extent required by applicable third party licenses, you may not: (a) copy (except for backup purposes), modify, adapt, redistribute, decompile, reverse engineer, disassemble, or create derivative works of the Preview or any part of the Preview; or (b) load any part of the Preview onto a mobile handset or any other hardware device except a personal computer, combine any part of the Preview with other software, or distribute any software or device incorporating a part of the Preview.
2026-10-07T05:29:21.2079268Z 
2026-10-07T05:29:21.2080224Z 3.4 You agree that you will not take any actions that may cause or result in the fragmentation of Android, including but not limited to distributing, participating in the creation of, or promoting in any way a software development kit derived from the Preview.
2026-10-07T05:29:21.2081297Z 
2026-10-07T05:29:21.2083242Z 3.5 Use, reproduction and distribution of components of the Preview licensed under an open source software license are governed solely by the terms of that open source software license and not the License Agreement. You agree to remain a licensee in good standing in regard to such open source software licenses under all the rights granted and to refrain from any actions that may terminate, suspend, or breach such rights.
2026-10-07T05:29:21.2085061Z 
2026-10-07T05:29:21.2086725Z 3.6 You agree that the form and nature of the Preview that Google provides may change without prior notice to you and that future versions of the Preview may be incompatible with applications developed on previous versions of the Preview. You agree that Google may stop (permanently or temporarily) providing the Preview (or any features within the Preview) to you or to users generally at Google's sole discretion, without prior notice to you.
2026-10-07T05:29:21.2088683Z 
2026-10-07T05:29:21.2089332Z 3.7 Nothing in the License Agreement gives you a right to use any of Google's trade names, trademarks, service marks, logos, domain names, or other distinctive brand features.
2026-10-07T05:29:21.2090040Z 
2026-10-07T05:29:21.2090738Z 3.8 You agree that you will not remove, obscure, or alter any proprietary rights notices (including copyright and trademark notices) that may be affixed to or contained within the Preview.
2026-10-07T05:29:21.2091683Z 
2026-10-07T05:29:21.2091769Z 4. Use of the Preview by You
2026-10-07T05:29:21.2091900Z 
2026-10-07T05:29:21.2092930Z 4.1 Google agrees that nothing in the License Agreement gives Google any right, title or interest from you (or your licensors) under the License Agreement in or to any software applications that you develop using the Preview, including any intellectual property rights that subsist in those applications.
2026-10-07T05:29:21.2093907Z 
2026-10-07T05:29:21.2094749Z 4.2 You agree to use the Preview and write applications only for purposes that are permitted by (a) the License Agreement, and (b) any applicable law, regulation or generally accepted practices or guidelines in the relevant jurisdictions (including any laws regarding the export of data or software to and from the United States or other relevant countries).
2026-10-07T05:29:21.2095796Z 
2026-10-07T05:29:21.2097507Z 4.3 You agree that if you use the Preview to develop applications, you will protect the privacy and legal rights of users. If users provide you with user names, passwords, or other login information or personal information, you must make the users aware that the information will be available to your application, and you must provide legally adequate privacy notice and protection for those users. If your application stores personal or sensitive information provided by users, it must do so securely. If users provide you with Google Account information, your application may only use that information to access the user's Google Account when, and for the limited purposes for which, each user has given you permission to do so.
2026-10-07T05:29:21.2099475Z 
2026-10-07T05:29:21.2100174Z 4.4 You agree that you will not engage in any activity with the Preview, including the development or distribution of an application, that interferes with, disrupts, damages, or accesses in an unauthorized manner the servers, networks, or other properties or services of Google or any third party.
2026-10-07T05:29:21.2100916Z 
2026-10-07T05:29:21.2101702Z 4.5 You agree that you are solely responsible for (and that Google has no responsibility to you or to any third party for) any data, content, or resources that you create, transmit or display through Android and/or applications for Android, and for the consequences of your actions (including any loss or damage which Google may suffer) by doing so.
2026-10-07T05:29:21.2102540Z 
2026-10-07T05:29:21.2103432Z 4.6 You agree that you are solely responsible for (and that Google has no responsibility to you or to any third party for) any breach of your obligations under the License Agreement, any applicable third party contract or Terms of Service, or any applicable law or regulation, and for the consequences (including any loss or damage which Google or any third party may suffer) of any such breach.
2026-10-07T05:29:21.2104361Z 
2026-10-07T05:29:21.2105591Z 4.7 The Preview is in development, and your testing and feedback are an important part of the development process. By using the Preview, you acknowledge that implementation of some features are still under development and that you should not rely on the Preview having the full functionality of a stable release. You agree not to publicly distribute or ship any application using this Preview as this Preview will no longer be supported after the official Android SDK is released.
2026-10-07T05:29:21.2106750Z 
2026-10-07T05:29:21.2106833Z 5. Your Developer Credentials
2026-10-07T05:29:21.2106968Z 
2026-10-07T05:29:21.2107622Z 5.1 You agree that you are responsible for maintaining the confidentiality of any developer credentials that may be issued to you by Google or which you may choose yourself and that you will be solely responsible for all applications that are developed under your developer credentials.
2026-10-07T05:29:21.2108324Z 
2026-10-07T05:29:21.2108416Z 6. Privacy and Information
2026-10-07T05:29:21.2108698Z 
2026-10-07T05:29:21.2109856Z 6.1 In order to continually innovate and improve the Preview, Google may collect certain usage statistics from the software including but not limited to a unique identifier, associated IP address, version number of the software, and information on which tools and/or services in the Preview are being used and how they are being used. Before any of this information is collected, the Preview will notify you and seek your consent. If you withhold consent, the information will not be collected.
2026-10-07T05:29:21.2111225Z 
2026-10-07T05:29:21.2111892Z 6.2 The data collected is examined in the aggregate to improve the Preview and is maintained in accordance with Google's Privacy Policy located at http://www.google.com/policies/privacy/.
2026-10-07T05:29:21.2112641Z 
2026-10-07T05:29:21.2112776Z 7. Third Party Applications
2026-10-07T05:29:21.2112964Z 
2026-10-07T05:29:21.2115198Z 7.1 If you use the Preview to run applications developed by a third party or that access data, content or resources provided by a third party, you agree that Google is not responsible for those applications, data, content, or resources. You understand that all data, content or resources which you may access through such third party applications are the sole responsibility of the person from which they originated and that Google is not liable for any loss or damage that you may experience as a result of the use or access of any of those third party applications, data, content, or resources.
2026-10-07T05:29:21.2117017Z 
2026-10-07T05:29:21.2118141Z 7.2 You should be aware the data, content, and resources presented to you through such a third party application may be protected by intellectual property rights which are owned by the providers (or by other persons or companies on their behalf). You may not modify, rent, lease, loan, sell, distribute or create derivative works based on these data, content, or resources (either in whole or in part) unless you have been specifically given permission to do so by the relevant owners.
2026-10-07T05:29:21.2119570Z 
2026-10-07T05:29:21.2119955Z 7.3 You acknowledge that your use of such third party applications, data, content, or resources may be subject to separate terms between you and the relevant third party.
2026-10-07T05:29:21.2120400Z 
2026-10-07T05:29:21.2120477Z 8. Using Google APIs
2026-10-07T05:29:21.2120592Z 
2026-10-07T05:29:21.2120662Z 8.1 Google APIs
2026-10-07T05:29:21.2120765Z 
2026-10-07T05:29:21.2121892Z 8.1.1 If you use any API to retrieve data from Google, you acknowledge that the data may be protected by intellectual property rights which are owned by Google or those parties that provide the data (or by other persons or companies on their behalf). Your use of any such API may be subject to additional Terms of Service. You may not modify, rent, lease, loan, sell, distribute or create derivative works based on this data (either in whole or in part) unless allowed by the relevant Terms of Service.
2026-10-07T05:29:21.2123051Z 
2026-10-07T05:29:21.2123765Z 8.1.2 If you use any API to retrieve a user's data from Google, you acknowledge and agree that you shall retrieve data only with the user's explicit consent and only when, and for the limited purposes for which, the user has given you permission to do so.
2026-10-07T05:29:21.2124381Z 
2026-10-07T05:29:21.2124471Z 9. Terminating the License Agreement
2026-10-07T05:29:21.2124620Z 
2026-10-07T05:29:21.2124858Z 9.1 the License Agreement will continue to apply until terminated by either you or Google as set out below.
2026-10-07T05:29:21.2125157Z 
2026-10-07T05:29:21.2125457Z 9.2 If you want to terminate the License Agreement, you may do so by ceasing your use of the Preview and any relevant developer credentials.
2026-10-07T05:29:21.2125814Z 
2026-10-07T05:29:21.2126028Z 9.3 Google may at any time, terminate the License Agreement, with or without cause, upon notice to you.
2026-10-07T05:29:21.2126309Z 
2026-10-07T05:29:21.2127060Z 9.4 The License Agreement will automatically terminate without notice or other action upon the earlier of: (A) when Google ceases to provide the Preview or certain parts of the Preview to users in the country in which you are resident or from which you use the service; and (B) Google issues a final release version of the Android SDK.
2026-10-07T05:29:21.2127857Z 
2026-10-07T05:29:21.2128412Z 9.5 When the License Agreement is terminated, the license granted to you in the License Agreement will terminate, you will immediately cease all use of the Preview, and the provisions of paragraphs 10, 11, 12 and 14 shall survive indefinitely.
2026-10-07T05:29:21.2129243Z 
2026-10-07T05:29:21.2129327Z 10. DISCLAIMERS
2026-10-07T05:29:21.2129430Z 
2026-10-07T05:29:21.2129836Z 10.1 YOU EXPRESSLY UNDERSTAND AND AGREE THAT YOUR USE OF THE PREVIEW IS AT YOUR SOLE RISK AND THAT THE PREVIEW IS PROVIDED "AS IS" AND "AS AVAILABLE" WITHOUT WARRANTY OF ANY KIND FROM GOOGLE.
2026-10-07T05:29:21.2130302Z 
2026-10-07T05:29:21.2131590Z 10.2 YOUR USE OF THE PREVIEW AND ANY MATERIAL DOWNLOADED OR OTHERWISE OBTAINED THROUGH THE USE OF THE PREVIEW IS AT YOUR OWN DISCRETION AND RISK AND YOU ARE SOLELY RESPONSIBLE FOR ANY DAMAGE TO YOUR COMPUTER SYSTEM OR OTHER DEVICE OR LOSS OF DATA THAT RESULTS FROM SUCH USE. WITHOUT LIMITING THE FOREGOING, YOU UNDERSTAND THAT THE PREVIEW IS NOT A STABLE RELEASE AND MAY CONTAIN ERRORS, DEFECTS AND SECURITY VULNERABILITIES THAT CAN RESULT IN SIGNIFICANT DAMAGE, INCLUDING THE COMPLETE, IRRECOVERABLE LOSS OF USE OF YOUR COMPUTER SYSTEM OR OTHER DEVICE.
2026-10-07T05:29:21.2133010Z 
2026-10-07T05:29:21.2133605Z 10.3 GOOGLE FURTHER EXPRESSLY DISCLAIMS ALL WARRANTIES AND CONDITIONS OF ANY KIND, WHETHER EXPRESS OR IMPLIED, INCLUDING, BUT NOT LIMITED TO THE IMPLIED WARRANTIES AND CONDITIONS OF MERCHANTABILITY, FITNESS FOR A PARTICULAR PURPOSE AND NON-INFRINGEMENT.
2026-10-07T05:29:21.2134250Z 
2026-10-07T05:29:21.2134332Z 11. LIMITATION OF LIABILITY
2026-10-07T05:29:21.2134461Z 
2026-10-07T05:29:21.2135476Z 11.1 YOU EXPRESSLY UNDERSTAND AND AGREE THAT GOOGLE, ITS SUBSIDIARIES AND AFFILIATES, AND ITS LICENSORS SHALL NOT BE LIABLE TO YOU UNDER ANY THEORY OF LIABILITY FOR ANY DIRECT, INDIRECT, INCIDENTAL, SPECIAL, CONSEQUENTIAL OR EXEMPLARY DAMAGES THAT MAY BE INCURRED BY YOU, INCLUDING ANY LOSS OF DATA, WHETHER OR NOT GOOGLE OR ITS REPRESENTATIVES HAVE BEEN ADVISED OF OR SHOULD HAVE BEEN AWARE OF THE POSSIBILITY OF ANY SUCH LOSSES ARISING.
2026-10-07T05:29:21.2136522Z 
2026-10-07T05:29:21.2136603Z 12. Indemnification
2026-10-07T05:29:21.2136710Z 
2026-10-07T05:29:21.2139018Z 12.1 To the maximum extent permitted by law, you agree to defend, indemnify and hold harmless Google, its affiliates and their respective directors, officers, employees and agents from and against any and all claims, actions, suits or proceedings, as well as any and all losses, liabilities, damages, costs and expenses (including reasonable attorneys’ fees) arising out of or accruing from (a) your use of the Preview, (b) any application you develop on the Preview that infringes any Intellectual Property Rights of any person or defames any person or violates their rights of publicity or privacy, and (c) any non-compliance by you of the License Agreement.
2026-10-07T05:29:21.2140748Z 
2026-10-07T05:29:21.2140842Z 13. Changes to the License Agreement
2026-10-07T05:29:21.2140986Z 
2026-10-07T05:29:21.2141549Z 13.1 Google may make changes to the License Agreement as it distributes new versions of the Preview. When these changes are made, Google will make a new version of the License Agreement available on the website where the Preview is made available.
2026-10-07T05:29:21.2142154Z 
2026-10-07T05:29:21.2142234Z 14. General Legal Terms
2026-10-07T05:29:21.2142353Z 
2026-10-07T05:29:21.2143070Z 14.1 the License Agreement constitutes the whole legal agreement between you and Google and governs your use of the Preview (excluding any services which Google may provide to you under a separate written agreement), and completely replaces any prior agreements between you and Google in relation to the Preview.
2026-10-07T05:29:21.2143852Z 
2026-10-07T05:29:21.2144586Z 14.2 You agree that if Google does not exercise or enforce any legal right or remedy which is contained in the License Agreement (or which Google has the benefit of under any applicable law), this will not be taken to be a formal waiver of Google's rights and that those rights or remedies will still be available to Google.
2026-10-07T05:29:21.2145350Z 
2026-10-07T05:29:21.2146148Z 14.3 If any court of law, having the jurisdiction to decide on this matter, rules that any provision of the License Agreement is invalid, then that provision will be removed from the License Agreement without affecting the rest of the License Agreement. The remaining provisions of the License Agreement will continue to be valid and enforceable.
2026-10-07T05:29:21.2146982Z 
2026-10-07T05:29:21.2148002Z 14.4 You acknowledge and agree that each member of the group of companies of which Google is the parent shall be third party beneficiaries to the License Agreement and that such other companies shall be entitled to directly enforce, and rely upon, any provision of the License Agreement that confers a benefit on (or rights in favor of) them. Other than this, no other person or company shall be third party beneficiaries to the License Agreement.
2026-10-07T05:29:21.2149333Z 
2026-10-07T05:29:21.2149975Z 14.5 EXPORT RESTRICTIONS. THE PREVIEW IS SUBJECT TO UNITED STATES EXPORT LAWS AND REGULATIONS. YOU MUST COMPLY WITH ALL DOMESTIC AND INTERNATIONAL EXPORT LAWS AND REGULATIONS THAT APPLY TO THE PREVIEW. THESE LAWS INCLUDE RESTRICTIONS ON DESTINATIONS, END USERS AND END USE.
2026-10-07T05:29:21.2150664Z 
2026-10-07T05:29:21.2151388Z 14.6 The License Agreement may not be assigned or transferred by you without the prior written approval of Google, and any attempted assignment without such approval will be void. You shall not delegate your responsibilities or obligations under the License Agreement without the prior written approval of Google.
2026-10-07T05:29:21.2152169Z 
2026-10-07T05:29:21.2153482Z 14.7 The License Agreement, and your relationship with Google under the License Agreement, shall be governed by the laws of the State of California without regard to its conflict of laws provisions. You and Google agree to submit to the exclusive jurisdiction of the courts located within the county of Santa Clara, California to resolve any legal matter arising from the License Agreement. Notwithstanding this, you agree that Google shall still be allowed to apply for injunctive remedies (or an equivalent type of urgent legal relief) in any jurisdiction.
2026-10-07T05:29:21.2154862Z 
2026-10-07T05:29:21.2154932Z June 2014.
2026-10-07T05:29:21.2155110Z ---------------------------------------
2026-10-07T05:29:21.2155335Z Accept? (y/N): 
2026-10-07T05:29:21.2155526Z 5/6: License google-gdk-license:
2026-10-07T05:29:21.2155736Z ---------------------------------------
2026-10-07T05:29:21.2156140Z This is a Developer Preview of the GDK that is subject to change.
2026-10-07T05:29:21.2156455Z 
2026-10-07T05:29:21.2156574Z Terms and Conditions
2026-10-07T05:29:21.2156742Z 
2026-10-07T05:29:21.2157082Z This is the Glass Development Kit License Agreement.
2026-10-07T05:29:21.2157351Z 
2026-10-07T05:29:21.2157424Z 1. Introduction
2026-10-07T05:29:21.2157521Z 
2026-10-07T05:29:21.2158433Z 1.1 The Glass Development Kit (referred to in this License Agreement as the "GDK" and specifically including the Android system files, packaged APIs, and GDK library files, if and when they are made available) is licensed to you subject to the terms of this License Agreement. This License Agreement forms a legally binding contract between you and Google in relation to your use of the GDK.
2026-10-07T05:29:21.2159521Z 
2026-10-07T05:29:21.2159707Z 1.2 "Glass" means Glass devices and the Glass software stack for use on Glass devices.
2026-10-07T05:29:21.2159949Z 
2026-10-07T05:29:21.2159954Z 
2026-10-07T05:29:21.2160470Z 1.3 "Android" means the Android software stack for devices, as made available under the Android Open Source Project, which is located at the following URL: http://source.android.com/, as updated from time to time.
2026-10-07T05:29:21.2161023Z 
2026-10-07T05:29:21.2161377Z 1.4 "Google" means Google Inc., a Delaware corporation with principal place of business at 1600 Amphitheatre Parkway, Mountain View, CA 94043, United States.
2026-10-07T05:29:21.2161785Z 
2026-10-07T05:29:21.2161869Z 2. Accepting this License Agreement
2026-10-07T05:29:21.2162010Z 
2026-10-07T05:29:21.2162315Z 2.1 In order to use the GDK, you must first agree to this License Agreement. You may not use the GDK if you do not accept this License Agreement.
2026-10-07T05:29:21.2162668Z 
2026-10-07T05:29:21.2162846Z 2.2 By clicking to accept, you hereby agree to the terms of this License Agreement.
2026-10-07T05:29:21.2163078Z 
2026-10-07T05:29:21.2163636Z 2.3 You may not use the GDK and may not accept the License Agreement if you are a person barred from receiving the GDK under the laws of the United States or other countries including the country in which you are resident or from which you use the GDK.
2026-10-07T05:29:21.2164384Z 
2026-10-07T05:29:21.2165218Z 2.4 If you are agreeing to be bound by this License Agreement on behalf of your employer or other entity, you represent and warrant that you have full legal authority to bind your employer or such entity to this License Agreement. If you do not have the requisite authority, you may not accept the License Agreement or use the GDK on behalf of your employer or other entity.
2026-10-07T05:29:21.2166099Z 
2026-10-07T05:29:21.2166186Z 3. GDK License from Google
2026-10-07T05:29:21.2166305Z 
2026-10-07T05:29:21.2166958Z 3.1 Subject to the terms of this License Agreement, Google grants you a limited, worldwide, royalty-free, non-assignable and non-exclusive license to use the GDK solely to develop applications to run on the Glass platform for Glass devices.
2026-10-07T05:29:21.2167845Z 
2026-10-07T05:29:21.2169288Z 3.2 You agree that Google or third parties own all legal right, title and interest in and to the GDK, including any Intellectual Property Rights that subsist in the GDK. "Intellectual Property Rights" means any and all rights under patent law, copyright law, trade secret law, trademark law, and any and all other proprietary rights. Google reserves all rights not expressly granted to you.
2026-10-07T05:29:21.2170249Z 
2026-10-07T05:29:21.2171690Z 3.3 You may not use the GDK for any purpose not expressly permitted by this License Agreement. Except to the extent required by applicable third party licenses, you may not: (a) copy (except for backup purposes), modify, adapt, redistribute, decompile, reverse engineer, disassemble, or create derivative works of the GDK or any part of the GDK; or (b) load any part of the GDK onto a mobile handset or wearable computing device or any other hardware device except a Glass device personal computer, combine any part of the GDK with other software, or distribute any software or device incorporating a part of the GDK.
2026-10-07T05:29:21.2173129Z 
2026-10-07T05:29:21.2173846Z 3.4 You agree that you will not take any actions that may cause or result in the fragmentation of Glass, including but not limited to distributing, participating in the creation of, or promoting in any way a software development kit derived from the GDK.
2026-10-07T05:29:21.2174482Z 
2026-10-07T05:29:21.2175010Z 3.5 Use, reproduction and distribution of components of the GDK licensed under an open source software license are governed solely by the terms of that open source software license and not this License Agreement.
2026-10-07T05:29:21.2175612Z 
2026-10-07T05:29:21.2177090Z 3.6 You agree that the form and nature of the GDK that Google provides may change without prior notice to you and that future versions of the GDK may be incompatible with applications developed on previous versions of the GDK. You agree that Google may stop (permanently or temporarily) providing the GDK (or any features within the GDK) to you or to users generally at Google's sole discretion, without prior notice to you.
2026-10-07T05:29:21.2178131Z 
2026-10-07T05:29:21.2178525Z 3.7 Nothing in this License Agreement gives you a right to use any of Google's trade names, trademarks, service marks, logos, domain names, or other distinctive brand features.
2026-10-07T05:29:21.2179274Z 
2026-10-07T05:29:21.2179961Z 3.8 You agree that you will not remove, obscure, or alter any proprietary rights notices (including copyright and trademark notices) that may be affixed to or contained within the GDK.
2026-10-07T05:29:21.2180743Z 
2026-10-07T05:29:21.2180750Z 
2026-10-07T05:29:21.2182282Z 3.9 Your use of any Android system files, packaged APIs, or other components of the GDK which are part of the Android Software Development Kit is subject to the terms of the Android Software Development Kit License Agreement located at http://developer.android.com/sdk/terms.html. These terms are hereby incorporated by reference into this License Agreement.
2026-10-07T05:29:21.2183749Z 
2026-10-07T05:29:21.2183871Z 4. Use of the GDK by You
2026-10-07T05:29:21.2184053Z 
2026-10-07T05:29:21.2185215Z 4.1 Google agrees that it obtains no right, title or interest from you (or your licensors) under this License Agreement in or to any software applications that you develop using the GDK, including any intellectual property rights that subsist in those applications.
2026-10-07T05:29:21.2186334Z 
2026-10-07T05:29:21.2188504Z 4.2 You agree to use the GDK and write applications only for purposes that are permitted by (a) this License Agreement, (b) the Glass Platform Developer Policies (located at https://developers.google.com/glass/policies, and hereby incorporated into this License Agreement by reference), and (c) any applicable law, regulation or generally accepted practices or guidelines in the relevant jurisdictions (including any laws regarding the export of data or software to and from the United States or other relevant countries).
2026-10-07T05:29:21.2190890Z 
2026-10-07T05:29:21.2193939Z 4.3 You agree that if you use the GDK to develop applications for general public users, you will protect the privacy and legal rights of those users. If the users provide you with user names, passwords, or other login information or personal information, you must make the users aware that the information will be available to your application, and you must provide legally adequate privacy notice and protection for those users. If your application stores personal or sensitive information provided by users, it must do so securely. If the user provides your application with Google Account information, your application may only use that information to access the user's Google Account when, and for the limited purposes for which, the user has given you permission to do so.
2026-10-07T05:29:21.2196574Z 
2026-10-07T05:29:21.2197338Z 4.4 You agree that you will not engage in any activity with the GDK, including the development or distribution of an application, that interferes with, disrupts, damages, or accesses in an unauthorized manner the servers, networks, or other properties or services of any third party including, but not limited to, Google.
2026-10-07T05:29:21.2198156Z 
2026-10-07T05:29:21.2199277Z 4.5 You agree that you are solely responsible for (and that Google has no responsibility to you or to any third party for) any data, content, or resources that you create, transmit or display through Glass and/or applications for Glass, and for the consequences of your actions (including any loss or damage which Google may suffer) by doing so.
2026-10-07T05:29:21.2200130Z 
2026-10-07T05:29:21.2201031Z 4.6 You agree that you are solely responsible for (and that Google has no responsibility to you or to any third party for) any breach of your obligations under this License Agreement, any applicable third party contract or Terms of Service, or any applicable law or regulation, and for the consequences (including any loss or damage which Google or any third party may suffer) of any such breach.
2026-10-07T05:29:21.2201983Z 
2026-10-07T05:29:21.2201988Z 
2026-10-07T05:29:21.2202846Z 4.7 The GDK is in development, and your testing and feedback are an important part of the development process. By using the GDK, you acknowledge that implementation of some features are still under development and that you should not rely on the GDK, Glass devices, Glass system software, Google Mirror API, or Glass services having the full functionality of a stable release.
2026-10-07T05:29:21.2203758Z 
2026-10-07T05:29:21.2203848Z 5. Your Developer Credentials
2026-10-07T05:29:21.2203974Z 
2026-10-07T05:29:21.2204630Z 5.1 You agree that you are responsible for maintaining the confidentiality of any developer credentials that may be issued to you by Google or which you may choose yourself and that you will be solely responsible for all applications that are developed under your developer credentials.
2026-10-07T05:29:21.2205333Z 
2026-10-07T05:29:21.2205436Z 6. Privacy and Information
2026-10-07T05:29:21.2205555Z 
2026-10-07T05:29:21.2205559Z 
2026-10-07T05:29:21.2206678Z 6.1 In order to continually innovate and improve the GDK, Google may collect certain usage statistics from the software including but not limited to a unique identifier, associated IP address, version number of the software, and information on which tools and/or services in the GDK are being used and how they are being used. Before any of this information is collected, the GDK will notify you and seek your consent. If you withhold consent, the information will not be collected.
2026-10-07T05:29:21.2207956Z 
2026-10-07T05:29:21.2208245Z 6.2 The data collected is examined in the aggregate to improve the GDK and is maintained in accordance with Google's Privacy Policy.
2026-10-07T05:29:21.2208727Z 
2026-10-07T05:29:21.2208815Z 7. Third Party Applications
2026-10-07T05:29:21.2208939Z 
2026-10-07T05:29:21.2210391Z 7.1 If you use the GDK to run applications developed by a third party or that access data, content or resources provided by a third party, you agree that Google is not responsible for those applications, data, content, or resources. You understand that all data, content or resources which you may access through such third party applications are the sole responsibility of the person from which they originated and that Google is not liable for any loss or damage that you may experience as a result of the use or access of any of those third party applications, data, content, or resources.
2026-10-07T05:29:21.2211818Z 
2026-10-07T05:29:21.2212930Z 7.2 You should be aware the data, content, and resources presented to you through such a third party application may be protected by intellectual property rights which are owned by the providers (or by other persons or companies on their behalf). You may not modify, rent, lease, loan, sell, distribute or create derivative works based on these data, content, or resources (either in whole or in part) unless you have been specifically given permission to do so by the relevant owners.
2026-10-07T05:29:21.2214076Z 
2026-10-07T05:29:21.2214801Z 7.3 You acknowledge that your use of such third party applications, data, content, or resources may be subject to separate terms between you and the relevant third party. In that case, this License Agreement does not affect your legal relationship with these third parties.
2026-10-07T05:29:21.2215476Z 
2026-10-07T05:29:21.2215550Z 8. Using Google APIs
2026-10-07T05:29:21.2215664Z 
2026-10-07T05:29:21.2215734Z 8.1 Google APIs
2026-10-07T05:29:21.2215834Z 
2026-10-07T05:29:21.2216953Z 8.1.1 If you use any API to retrieve data from Google, you acknowledge that the data may be protected by intellectual property rights which are owned by Google or those parties that provide the data (or by other persons or companies on their behalf). Your use of any such API may be subject to additional Terms of Service. You may not modify, rent, lease, loan, sell, distribute or create derivative works based on this data (either in whole or in part) unless allowed by the relevant Terms of Service.
2026-10-07T05:29:21.2218232Z 
2026-10-07T05:29:21.2219070Z 8.1.2 If you use any API to retrieve a user's data from Google, you acknowledge and agree that you shall retrieve data only with the user's explicit consent and only when, and for the limited purposes for which, the user has given you permission to do so.
2026-10-07T05:29:21.2219916Z 
2026-10-07T05:29:21.2220009Z 9. Terminating this License Agreement
2026-10-07T05:29:21.2220241Z 
2026-10-07T05:29:21.2220479Z 9.1 This License Agreement will continue to apply until terminated by either you or Google as set out below.
2026-10-07T05:29:21.2220883Z 
2026-10-07T05:29:21.2221381Z 9.2 If you want to terminate this License Agreement, you may do so by ceasing your use of the GDK and any relevant developer credentials.
2026-10-07T05:29:21.2221778Z 
2026-10-07T05:29:21.2223687Z 9.3 Google may at any time, terminate this License Agreement with you if: (A) you have breached any provision of this License Agreement; or (B) Google is required to do so by law; or (C) the partner with whom Google offered certain parts of GDK (such as APIs) to you has terminated its relationship with Google or ceased to offer certain parts of the GDK to you; or (D) Google decides to no longer provide the GDK or certain parts of the GDK to users in the country in which you are resident or from which you use the service, or the provision of the GDK or certain GDK services to you by Google is, in Google's sole discretion, no longer commercially viable.
2026-10-07T05:29:21.2225553Z 
2026-10-07T05:29:21.2226691Z 9.4 When this License Agreement comes to an end, all of the legal rights, obligations and liabilities that you and Google have benefited from, been subject to (or which have accrued over time whilst this License Agreement has been in force) or which are expressed to continue indefinitely, shall be unaffected by this cessation, and the provisions of paragraph 14.7 shall continue to apply to such rights, obligations and liabilities indefinitely.
2026-10-07T05:29:21.2227917Z 
2026-10-07T05:29:21.2228014Z 10. DISCLAIMER OF WARRANTIES
2026-10-07T05:29:21.2228147Z 
2026-10-07T05:29:21.2228807Z 10.1 YOU EXPRESSLY UNDERSTAND AND AGREE THAT YOUR USE OF THE GDK IS AT YOUR SOLE RISK AND THAT THE GDK IS PROVIDED "AS IS" AND "AS AVAILABLE" WITHOUT WARRANTY OF ANY KIND FROM GOOGLE.
2026-10-07T05:29:21.2229349Z 
2026-10-07T05:29:21.2229960Z 10.2 YOUR USE OF THE GDK AND ANY MATERIAL DOWNLOADED OR OTHERWISE OBTAINED THROUGH THE USE OF THE GDK IS AT YOUR OWN DISCRETION AND RISK AND YOU ARE SOLELY RESPONSIBLE FOR ANY DAMAGE TO YOUR COMPUTER SYSTEM OR OTHER DEVICE OR LOSS OF DATA THAT RESULTS FROM SUCH USE.
2026-10-07T05:29:21.2230644Z 
2026-10-07T05:29:21.2231321Z 10.3 GOOGLE FURTHER EXPRESSLY DISCLAIMS ALL WARRANTIES AND CONDITIONS OF ANY KIND, WHETHER EXPRESS OR IMPLIED, INCLUDING, BUT NOT LIMITED TO THE IMPLIED WARRANTIES AND CONDITIONS OF MERCHANTABILITY, FITNESS FOR A PARTICULAR PURPOSE AND NON-INFRINGEMENT.
2026-10-07T05:29:21.2234250Z 
2026-10-07T05:29:21.2234386Z 11. LIMITATION OF LIABILITY
2026-10-07T05:29:21.2234618Z 
2026-10-07T05:29:21.2236472Z 11.1 YOU EXPRESSLY UNDERSTAND AND AGREE THAT GOOGLE, ITS SUBSIDIARIES AND AFFILIATES, AND ITS LICENSORS SHALL NOT BE LIABLE TO YOU UNDER ANY THEORY OF LIABILITY FOR ANY DIRECT, INDIRECT, INCIDENTAL, SPECIAL, CONSEQUENTIAL OR EXEMPLARY DAMAGES THAT MAY BE INCURRED BY YOU, INCLUDING ANY LOSS OF DATA, WHETHER OR NOT GOOGLE OR ITS REPRESENTATIVES HAVE BEEN ADVISED OF OR SHOULD HAVE BEEN AWARE OF THE POSSIBILITY OF ANY SUCH LOSSES ARISING.
2026-10-07T05:29:21.2238320Z 
2026-10-07T05:29:21.2238427Z 12. Indemnification
2026-10-07T05:29:21.2238653Z 
2026-10-07T05:29:21.2241517Z 12.1 To the maximum extent permitted by law, you agree to defend, indemnify and hold harmless Google, its affiliates and their respective directors, officers, employees and agents from and against any and all claims, actions, suits or proceedings, as well as any and all losses, liabilities, damages, costs and expenses (including reasonable attorneys fees) arising out of or accruing from (a) your use of the GDK, (b) any application you develop on the GDK that infringes any copyright, trademark, trade secret, trade dress, patent or other intellectual property right of any person or defames any person or violates their rights of publicity or privacy, and (c) any non-compliance by you with this License Agreement.
2026-10-07T05:29:21.2244479Z 
2026-10-07T05:29:21.2244618Z 13. Changes to the License Agreement
2026-10-07T05:29:21.2244843Z 
2026-10-07T05:29:21.2245742Z 13.1 Google may make changes to the License Agreement as it distributes new versions of the GDK. When these changes are made, Google will make a new version of the License Agreement available on the website where the GDK is made available.
2026-10-07T05:29:21.2246766Z 
2026-10-07T05:29:21.2246904Z 14. General Legal Terms
2026-10-07T05:29:21.2247096Z 
2026-10-07T05:29:21.2248356Z 14.1 This License Agreement constitutes the whole legal agreement between you and Google and governs your use of the GDK (excluding any services which Google may provide to you under a separate written agreement), and completely replaces any prior agreements between you and Google in relation to the GDK.
2026-10-07T05:29:21.2250058Z 
2026-10-07T05:29:21.2251336Z 14.2 You agree that if Google does not exercise or enforce any legal right or remedy which is contained in this License Agreement (or which Google has the benefit of under any applicable law), this will not be taken to be a formal waiver of Google's rights and that those rights or remedies will still be available to Google.
2026-10-07T05:29:21.2252692Z 
2026-10-07T05:29:21.2254107Z 14.3 If any court of law, having the jurisdiction to decide on this matter, rules that any provision of this License Agreement is invalid, then that provision will be removed from this License Agreement without affecting the rest of this License Agreement. The remaining provisions of this License Agreement will continue to be valid and enforceable.
2026-10-07T05:29:21.2255625Z 
2026-10-07T05:29:21.2257431Z 14.4 You acknowledge and agree that each member of the group of companies of which Google is the parent shall be third party beneficiaries to this License Agreement and that such other companies shall be entitled to directly enforce, and rely upon, any provision of this License Agreement that confers a benefit on (or rights in favor of) them. Other than this, no other person or company shall be third party beneficiaries to this License Agreement.
2026-10-07T05:29:21.2259588Z 
2026-10-07T05:29:21.2260658Z 14.5 EXPORT RESTRICTIONS. THE GDK IS SUBJECT TO UNITED STATES EXPORT LAWS AND REGULATIONS. YOU MUST COMPLY WITH ALL DOMESTIC AND INTERNATIONAL EXPORT LAWS AND REGULATIONS THAT APPLY TO THE GDK. THESE LAWS INCLUDE RESTRICTIONS ON DESTINATIONS, END USERS AND END USE.
2026-10-07T05:29:21.2261823Z 
2026-10-07T05:29:21.2263223Z 14.6 The rights granted in this License Agreement may not be assigned or transferred by either you or Google without the prior written approval of the other party. Neither you nor Google shall be permitted to delegate their responsibilities or obligations under this License Agreement without the prior written approval of the other party.
2026-10-07T05:29:21.2264722Z 
2026-10-07T05:29:21.2267186Z 14.7 This License Agreement, and your relationship with Google under this License Agreement, shall be governed by the laws of the State of California without regard to its conflict of laws provisions. You and Google agree to submit to the exclusive jurisdiction of the courts located within the county of Santa Clara, California to resolve any legal matter arising from this License Agreement. Notwithstanding this, you agree that Google shall still be allowed to apply for injunctive remedies (or an equivalent type of urgent legal relief) in any jurisdiction.
2026-10-07T05:29:21.2269769Z 
2026-10-07T05:29:21.2269927Z November 19, 2013
2026-10-07T05:29:21.2270276Z ---------------------------------------
2026-10-07T05:29:21.2270690Z Accept? (y/N): 
2026-10-07T05:29:21.2270982Z 6/6: License mips-android-sysimage-license:
2026-10-07T05:29:21.2271351Z ---------------------------------------
2026-10-07T05:29:21.2274146Z MIPS Technologies, Inc. (“MIPS”) Internal Evaluation License Agreement for MIPS Android™ System Images for Android Software Development Kit (SDK): This Internal Evaluation License Agreement (this "Agreement") is entered into by and between MIPS and you (as an individual developer or a legal entity -- identified below as “Recipient”). MIPS shall make the Evaluation Software available to Recipient as described in accordance with the terms and conditions set forth below.
2026-10-07T05:29:21.2276253Z 
2026-10-07T05:29:21.2278969Z By clicking on the “Accept” button, downloading, installing, or otherwise using the Evaluation Materials (defined below), you agree to be bound by the terms of this Agreement effective as of the date you click “Accept” (the “Effective Date”), and if doing so on behalf of an entity, you represent that you are authorized to bind the entity to the terms and conditions of this Agreement. If you do not agree to be bound by the terms and conditions of this Agreement, do not download, install, or use the Evaluation Materials.
2026-10-07T05:29:21.2281374Z 
2026-10-07T05:29:21.2281614Z 1. DEFINITIONS. These terms shall have the following meanings:
2026-10-07T05:29:21.2281954Z 
2026-10-07T05:29:21.2282731Z 1.1 “MIPS” shall mean MIPS Technologies, Inc., a Delaware corporation having a principal place of business at: 955 East Arques Ave., Sunnyvale, CA 94085
2026-10-07T05:29:21.2283417Z 
2026-10-07T05:29:21.2284153Z 1.2 “Evaluation Software” shall mean MIPS Android™ emulator system images for Android Software Development Kit (SDK), as made available to Recipient.
2026-10-07T05:29:21.2284855Z 
2026-10-07T05:29:21.2286418Z 1.3 “Evaluation Materials" means, collectively, the Evaluation Software (in source and/or object code form) and documentation (including, without limitation, any design documents, specifications, reference manuals, and other related materials) related to the Evaluation Software as made available to Recipient.
2026-10-07T05:29:21.2287820Z 
2026-10-07T05:29:21.2293373Z 1.4 “Open Source Software” means any software that requires (as a condition of use, modification and/or distribution of such software) that such software or other software incorporated into, derived from or distributed with such software (a) be disclosed or distributed in source code form; or (b) be licensed by the user to third parties for the purpose of making and/or distributing derivative works; or (c) be redistributable at no charge. Open Source Software includes, without limitation, software licensed or distributed under any of the following licenses or distribution models, or licenses or distribution models substantially similar to any of the following: (a) GNU’s General Public License (GPL) or Lesser/Library GPL (LGPL), (b) the Artistic License (e.g., PERL), (c) the Mozilla Public License, (d) the Netscape Public License, (e) the Sun Community Source License (SCSL), (f) the Sun Industry Source License (SISL), (g) the Apache Software license and (h) the Common Public License (CPL).
2026-10-07T05:29:21.2298378Z 
2026-10-07T05:29:21.2300245Z 1.5 “Pre-Release Materials” means “alpha” or “beta” designated pre-release features, which may not be fully functional, which MIPS may substantially modify in producing any production version of the Evaluation Materials, and/or which is still under development by MIPS and/or MIPS’ suppliers.
2026-10-07T05:29:21.2301579Z 
2026-10-07T05:29:21.2304106Z 2. PURPOSE. MIPS desires to make the Evaluation Materials available to Recipient solely for Recipient's internal evaluation of the Evaluation Software to evaluate the desirability of cooperating with MIPS in developing products that are compatible with the Evaluation Software and/or to advise MIPS as to possible modifications to the Evaluation Software. Recipient may not disclose, distribute, modify (except to facilitate the above-mentioned internal evaluation), or make commercial use of the Evaluation Materials or any modifications of the Evaluation Materials.
2026-10-07T05:29:21.2306739Z 
2026-10-07T05:29:21.2308798Z THE EVALUATION MATERIALS ARE PROVIDED FOR EVALUATION PURPOSES ONLY AND MAY NOT BE MODIFIED (EXCEPT TO FACILITATE THE INTERNAL EVALUATION) OR DISTRIBUTED BY RECIPIENT OR INCORPORATED INTO RECIPIENT’S PRODUCTS OR SOFTWARE. PLEASE CONTACT A MIPS SALES REPRESENTATIVE TO LEARN ABOUT THE AVAILABILITY AND COST OF A COMMERCIAL VERSION OF THE EVALUATION SOFTWARE.
2026-10-07T05:29:21.2310484Z 
2026-10-07T05:29:21.2311687Z 3. TITLE. Title to the Evaluation Materials remains with MIPS or its suppliers. Recipient shall not mortgage, pledge or encumber the Evaluation Materials in any way. Recipient shall return all Evaluation Materials, keeping no copies, upon termination or expiration of this Agreement.
2026-10-07T05:29:21.2313009Z 
2026-10-07T05:29:21.2317943Z 4. LICENSE. MIPS grants Recipient a royalty-free, personal, nontransferable, nonexclusive license under its copyrights to use the Evaluation Software only for the purposes described in paragraph 2 above and only for a period beginning on the Effective Date and extending to the first anniversary of the Effective Date (the “Evaluation Period”). Unless otherwise communicated in writing by MIPS to Recipient, to the extent the Evaluation Software is provided in more than one delivery or release (each, a “Release”) the license grant in this Section 4 and the Evaluation Period shall apply to each Release, in which case the Evaluation Period shall begin on the date that the Release is made generally available and continue to the first anniversary of such date. Recipient may not make modifications to the Evaluation Software. Recipient shall not disassemble, reverse-engineer, or decompile any software that is not provided to Recipient in source code form.
2026-10-07T05:29:21.2322364Z 
2026-10-07T05:29:21.2322371Z 
2026-10-07T05:29:21.2323788Z EXCEPT AS PROVIDED HEREIN, NO OTHER LICENSE, EXPRESS OR IMPLIED, BY ESTOPPEL OR OTHERWISE, TO ANY OTHER MIPS INTELLECTUAL PROPERTY RIGHTS IS GRANTED TO THE RECIPIENT. OTHER THAN AS EXPLICITLY SET FORTH IN PARAGRAPH 2 ABOVE, NO RIGHT TO COPY, TO REPRODUCE, TO MODIFY, OR TO CREATE DERIVATIVE WORKS OF, THE EVALUATION MATERIALS IS GRANTED HEREIN.
2026-10-07T05:29:21.2325285Z 
2026-10-07T05:29:21.2326327Z 5. NO OBLIGATION. Recipient shall have no duty to purchase or license any product from MIPS. MIPS and its suppliers shall have no obligation to provide support for, or develop a non-evaluation version of, the Evaluation Software or to license any version of it.
2026-10-07T05:29:21.2327466Z 
2026-10-07T05:29:21.2332756Z 6. MODIFICATIONS. This Agreement does not obligate Recipient to provide MIPS with comments or suggestions regarding Evaluation Materials. However, should Recipient provide MIPS with comments or suggestions for the modification, correction, improvement or enhancement of (a) the Evaluation Materials or (b) MIPS products or processes which may embody the Evaluation Materials, then Recipient agrees to grant and hereby grants to MIPS a non-exclusive, irrevocable, worldwide, fully paid-up, royalty-free license, with the right to sublicense MIPS’ licensees and customers, under Recipient’s Intellectual property rights, to use and disclose such comments and suggestions in any manner MIPS chooses and to display, perform, copy, make, have made, use, sell, offer to sell, import, and otherwise dispose of MIPS’ and its sublicensee’s products embodying such comments and suggestions in any manner and via any media MIPS chooses, without reference to the source.
2026-10-07T05:29:21.2336983Z 
2026-10-07T05:29:21.2339349Z 7. WARRANTY DISCLAIMER. MIPS AND ITS SUPPLIERS MAKE NO WARRANTIES WITH RESPECT TO EVALUATION MATERIALS, EITHER EXPRESS OR IMPLIED, INCLUDING ANY IMPLIED WARRANTIES OF MERCHANTABILITY OR FITNESS FOR A PARTICULAR PURPOSE, OR ANY IMPLIED WARRANTY OF NONINFRINGEMENT WITH RESPECT TO THIRD PARTY INTELLECTUAL PROPERTY. RECIPIENT ACKNOWLEDGES AND AGREES THAT THE EVALUATION MATERIALS ARE PROVIDED “AS IS,” WITHOUT WARRANTY OF ANY KIND.
2026-10-07T05:29:21.2341296Z 
2026-10-07T05:29:21.2343727Z 8. LIMITATION OF LIABILITY. MIPS AND ITS SUPPLIERS SHALL NOT BE LIABLE FOR ANY PROPERTY DAMAGE, PERSONAL INJURY, LOSS OF PROFITS, INTERRUPTION OF BUSINESS OR FOR ANY DIRECT, INDIRECT, SPECIAL, CONSEQUENTIAL OR INCIDENTAL DAMAGES, HOWEVER CAUSED OR ALLEGED, WHETHER FOR BREACH OF WARRANTY, CONTRACT, STRICT LIABILITY OR OTHERWISE, INCLUDING WITHOUT LIMITATION, UNDER TORT OR OTHER LEGAL THEORY. MIPS AND ITS SUPPLIERS DISCLAIM ANY AND ALL LIABILITY, INCLUDING LIABILITY FOR INFRINGEMENT OF ANY INTELLECTUAL PROPERTY RIGHTS OF ANY KIND RELATING TO THE EVALUATION MATERIALS.
2026-10-07T05:29:21.2346232Z 
2026-10-07T05:29:21.2347203Z 9. EXPIRATION. MIPS may terminate this Agreement immediately after a breach by Recipient or otherwise at MIPS’ reasonable discretion and upon five (5) business days’ notice to Recipient.
2026-10-07T05:29:21.2348071Z 
2026-10-07T05:29:21.2348174Z 10. GENERAL.
2026-10-07T05:29:21.2348327Z 
2026-10-07T05:29:21.2352746Z 10.1 Controlling Law. This Agreement shall be governed by California law excluding its choice of law rules. With the exception of MIPS’ rights to enforce its intellectual property rights and any confidentiality obligations under this Agreement or any licenses distributed with the Evaluation Materials, all disputes and any claims arising under or relating to this Agreement shall be subject to the exclusive jurisdiction and venue of the state and federal courts located in Santa Clara County, California. Each party hereby agrees to jurisdiction and venue in the courts set forth in the preceding sentence. The parties agree that the United Nations Convention on Contracts for the International Sale of Goods is specifically excluded from application to this Agreement. The parties consent to the personal jurisdiction of the above courts.
2026-10-07T05:29:21.2356529Z 
2026-10-07T05:29:21.2358660Z 10.2 Remedies. Recipient acknowledges and agrees that any breach of confidentiality obligations under this Agreement or any licenses distributed with the Evaluation Materials, as well as any disclosure, commercialization, or public use of the Evaluation Materials, would cause irreparable injury to MIPS, and therefore Recipient agrees to consent to, and hereby consents to, the grant of an injunction by any court of competent jurisdiction in the event of an actual or threatened breach.
2026-10-07T05:29:21.2360804Z 
2026-10-07T05:29:21.2363455Z 10.3 Assignment. Recipient may not delegate, assign or transfer this Agreement, the license granted or any of Recipient’s rights, obligations, or duties hereunder, expressly, by implication, by operation of law, by way of merger (regardless of whether Recipient is the surviving entity) or acquisition, or otherwise and any attempt to do so, without MIPS’ express prior written consent, shall be ineffective, null and void. MIPS may freely assign this Agreement, and its rights and obligations hereunder, in its sole discretion.
2026-10-07T05:29:21.2365733Z 
2026-10-07T05:29:21.2367743Z 10.4 Entire Agreement. This Agreement constitutes the entire agreement between Recipient and MIPS and supersedes in their entirety any and all oral or written agreements previously existing between Recipient and MIPS with respect to the subject matter hereof. This Agreement may only be amended or supplemented by a writing that refers explicitly to this Agreement and that is signed or otherwise accepted by duly authorized representatives of Recipient and MIPS.
2026-10-07T05:29:21.2369818Z 
2026-10-07T05:29:21.2371777Z 10.5 Severability. In the event that any provision of this Agreement is finally adjudicated to be unenforceable or invalid under any applicable law, such unenforceability or invalidity shall not render this Agreement unenforceable or invalid as a whole, and, in such event, such unenforceable or invalid provision shall be interpreted so as to best accomplish the objectives of such provision within the limits of applicable law or applicable court decisions.
2026-10-07T05:29:21.2373813Z 
2026-10-07T05:29:21.2380149Z 10.6 Export Regulations / Export Control. Recipient shall not export, either directly or indirectly, any product, service or technical data or system incorporating the Evaluation Materials without first obtaining any required license or other necessary approval from the U.S. Department of Commerce or any other governing agency or department of the United States Government. In the event any product is exported from the United States or re-exported from a foreign destination by Recipient, Recipient shall ensure that the distribution and export/re-export or import of the product is in compliance with all applicable laws, regulations, orders, or other restrictions of the U.S. Export Administration Regulations and the appropriate foreign government. Recipient agrees that neither it nor any of its subsidiaries will export/re-export any technical data, process, product, or service, directly or indirectly, to any country for which the United States government or any agency thereof or the foreign government from where it is shipping requires an export license, or other governmental approval, without first obtaining such license or approval. Recipient also agrees to implement measures to ensure that foreign national employees are authorized to receive any information controlled by U.S. export control laws. An export is "deemed" to take place when information is released to a foreign national wherever located.
2026-10-07T05:29:21.2386861Z 
2026-10-07T05:29:21.2391664Z 10.7 Special Terms for Pre-Release Materials. If so indicated in the description of the Evaluation Software, the Evaluation Software may contain Pre-Release Materials. Recipient hereby understands, acknowledges and agrees that: (i) Pre-Release Materials may not be fully tested and may contain bugs or errors; (ii) Pre-Release materials are not suitable for commercial release in their current state; (iii) regulatory approvals for Pre-Release Materials (such as UL or FCC) have not been obtained, and Pre-Release Materials may therefore not be certified for use in certain countries or environments or may not be suitable for certain applications and (iv) MIPS can provide no assurance that it will ever produce or make generally available a production version of the Pre-Release Materials . MIPS is not under any obligation to develop and/or release or offer for sale or license a final product based upon the Pre-Release Materials and may unilaterally elect to abandon the Pre-Release Materials or any such development platform at any time and without any obligation or liability whatsoever to Recipient or any other person.
2026-10-07T05:29:21.2396655Z 
2026-10-07T05:29:21.2397532Z ANY PRE-RELEASE MATERIALS ARE NON-QUALIFIED AND, AS SUCH, ARE PROVIDED “AS IS” AND “AS AVAILABLE”, POSSIBLY WITH FAULTS, AND WITHOUT REPRESENTATION OR WARRANTY OF ANY KIND.
2026-10-07T05:29:21.2398309Z 
2026-10-07T05:29:21.2401433Z 10.8 Open Source Software. In the event Open Source software is included with Evaluation Software, such Open Source software is licensed pursuant to the applicable Open Source software license agreement identified in the Open Source software comments in the applicable source code file(s) and/or file header as indicated in the Evaluation Software. Additional detail may be available (where applicable) in the accompanying on-line documentation. With respect to the Open Source software, nothing in this Agreement limits any rights under, or grants rights that supersede, the terms of any applicable Open Source software license agreement.
2026-10-07T05:29:21.2404545Z ---------------------------------------
2026-10-07T05:29:21.2404932Z Accept? (y/N): All SDK package licenses accepted
2026-10-07T05:29:21.2405210Z 
2026-10-07T05:29:21.2405573Z [command]/usr/local/lib/android/sdk/cmdline-tools/22.0/bin/sdkmanager platform-tools
2026-10-07T05:29:21.2901497Z WARNING: The SDK Manager CLI tool (sdkmanager) is deprecated. Use Android CLI instead.
2026-10-07T05:29:21.2918940Z The 'android' binary can also be found in the cmdline-tools directory, and 'android sdk' is the replacement for 'sdkmanager'.
2026-10-07T05:29:21.2920000Z To learn more about the Android CLI and how to use it, see the documentation (https://d.android.com/tools/agents/android-cli)
2026-10-07T05:29:21.2920728Z 
2026-10-07T05:29:21.8606216Z Loading package information...                                                  
2026-10-07T05:29:21.9344257Z Loading local repository...                                                     
2026-10-07T05:29:21.9344891Z [                                       ] 3% Loading local repository...        
2026-10-07T05:29:21.9421226Z [                                       ] 3% Fetch remote repository...         
2026-10-07T05:29:22.1956285Z [=                                      ] 3% Fetch remote repository...         
2026-10-07T05:29:22.2561240Z [=                                      ] 4% Fetch remote repository...         
2026-10-07T05:29:22.2857362Z [=                                      ] 5% Fetch remote repository...         
2026-10-07T05:29:22.3432110Z [==                                     ] 5% Fetch remote repository...         
2026-10-07T05:29:22.3893307Z [==                                     ] 6% Fetch remote repository...         
2026-10-07T05:29:22.4499780Z [==                                     ] 7% Fetch remote repository...         
2026-10-07T05:29:22.4519126Z [==                                     ] 7% Computing updates...               
2026-10-07T05:29:22.4608850Z [===                                    ] 8% Computing updates...               
2026-10-07T05:29:22.4665153Z [===                                    ] 10% Computing updates...              
2026-10-07T05:29:22.4665857Z [=======================================] 100% Computing updates...             
2026-10-07T05:29:22.4666370Z 
2026-10-07T05:29:22.5003140Z ##[group]Run sdkmanager --install 'platform-tools' 'platforms;android-35' 'build-tools;35.0.1' 'platforms;android-36' 'build-tools;36.1.0'
2026-10-07T05:29:22.5003913Z [36;1msdkmanager --install 'platform-tools' 'platforms;android-35' 'build-tools;35.0.1' 'platforms;android-36' 'build-tools;36.1.0'[0m
2026-10-07T05:29:22.5218910Z shell: /usr/bin/bash -e {0}
2026-10-07T05:29:22.5219137Z env:
2026-10-07T05:29:22.5219409Z   JAVA_HOME: /opt/hostedtoolcache/Java_Temurin-Hotspot_jdk/17.0.20-1/x64
2026-10-07T05:29:22.5219819Z   JAVA_HOME_17_X64: /opt/hostedtoolcache/Java_Temurin-Hotspot_jdk/17.0.20-1/x64
2026-10-07T05:29:22.5220117Z   MAVEN_ARGS: -ntp
2026-10-07T05:29:22.5220306Z   ANDROID_HOME: /usr/local/lib/android/sdk
2026-10-07T05:29:22.5220543Z   ANDROID_SDK_ROOT: /usr/local/lib/android/sdk
2026-10-07T05:29:22.5220760Z ##[endgroup]
2026-10-07T05:29:22.6127572Z WARNING: The SDK Manager CLI tool (sdkmanager) is deprecated. Use Android CLI instead.
2026-10-07T05:29:22.6129332Z The 'android' binary can also be found in the cmdline-tools directory, and 'android sdk' is the replacement for 'sdkmanager'.
2026-10-07T05:29:22.6130862Z To learn more about the Android CLI and how to use it, see the documentation (https://d.android.com/tools/agents/android-cli)
2026-10-07T05:29:22.6131609Z 
2026-10-07T05:29:23.1973564Z Loading package information...                                                  
2026-10-07T05:29:23.2662328Z Loading local repository...                                                     
2026-10-07T05:29:23.2663198Z [                                       ] 3% Loading local repository...        
2026-10-07T05:29:23.2738307Z [                                       ] 3% Fetch remote repository...         
2026-10-07T05:29:23.5340733Z [=                                      ] 3% Fetch remote repository...         
2026-10-07T05:29:23.5915635Z [=                                      ] 4% Fetch remote repository...         
2026-10-07T05:29:23.6204949Z [=                                      ] 5% Fetch remote repository...         
2026-10-07T05:29:23.6533097Z [==                                     ] 5% Fetch remote repository...         
2026-10-07T05:29:23.7083334Z [==                                     ] 6% Fetch remote repository...         
2026-10-07T05:29:23.7825251Z [==                                     ] 7% Fetch remote repository...         
2026-10-07T05:29:23.7849824Z [==                                     ] 7% Computing updates...               
2026-10-07T05:29:23.7920114Z [===                                    ] 8% Computing updates...               
2026-10-07T05:29:23.7988141Z [===                                    ] 10% Computing updates...              
2026-10-07T05:29:23.8009675Z [=======================================] 100% Computing updates...             
2026-10-07T05:29:23.8010304Z 
2026-10-07T05:29:23.8238150Z ##[group]Run mkdir -p "$RUNNER_TEMP/godot" "$HOME/.local/share/godot/export_templates/4.7.2.stable"
2026-10-07T05:29:23.8238903Z [36;1mmkdir -p "$RUNNER_TEMP/godot" "$HOME/.local/share/godot/export_templates/4.7.2.stable"[0m
2026-10-07T05:29:23.8239381Z [36;1mcurl --fail --location --retry 3 --output "$RUNNER_TEMP/godot/godot.zip" \[0m
2026-10-07T05:29:23.8239954Z [36;1m  https://github.com/godotengine/godot-builds/releases/download/4.7.2-stable/Godot_v4.7.2-stable_linux.x86_64.zip[0m
2026-10-07T05:29:23.8240469Z [36;1munzip -q "$RUNNER_TEMP/godot/godot.zip" -d "$RUNNER_TEMP/godot"[0m
2026-10-07T05:29:23.8240890Z [36;1msudo install -m 0755 "$RUNNER_TEMP/godot/Godot_v4.7.2-stable_linux.x86_64" /usr/local/bin/godot[0m
2026-10-07T05:29:23.8241547Z [36;1mcurl --fail --location --retry 3 --output "$RUNNER_TEMP/godot/templates.tpz" \[0m
2026-10-07T05:29:23.8242127Z [36;1m  https://github.com/godotengine/godot-builds/releases/download/4.7.2-stable/Godot_v4.7.2-stable_export_templates.tpz[0m
2026-10-07T05:29:23.8242651Z [36;1munzip -q "$RUNNER_TEMP/godot/templates.tpz" -d "$RUNNER_TEMP/godot/templates"[0m
2026-10-07T05:29:23.8243131Z [36;1mcp "$RUNNER_TEMP/godot/templates/templates/"* "$HOME/.local/share/godot/export_templates/4.7.2.stable/"[0m
2026-10-07T05:29:23.8299435Z shell: /usr/bin/bash -e {0}
2026-10-07T05:29:23.8299648Z env:
2026-10-07T05:29:23.8299905Z   JAVA_HOME: /opt/hostedtoolcache/Java_Temurin-Hotspot_jdk/17.0.20-1/x64
2026-10-07T05:29:23.8300281Z   JAVA_HOME_17_X64: /opt/hostedtoolcache/Java_Temurin-Hotspot_jdk/17.0.20-1/x64
2026-10-07T05:29:23.8300571Z   MAVEN_ARGS: -ntp
2026-10-07T05:29:23.8300764Z   ANDROID_HOME: /usr/local/lib/android/sdk
2026-10-07T05:29:23.8301020Z   ANDROID_SDK_ROOT: /usr/local/lib/android/sdk
2026-10-07T05:29:23.8301240Z ##[endgroup]
2026-10-07T05:29:23.8449331Z   % Total    % Received % Xferd  Average Speed   Time    Time     Time  Current
2026-10-07T05:29:23.8450028Z                                  Dload  Upload   Total   Spent    Left  Speed
2026-10-07T05:29:23.8450374Z 
2026-10-07T05:29:23.9126616Z   0     0    0     0    0     0      0      0 --:--:-- --:--:-- --:--:--     0
2026-10-07T05:29:24.0668147Z   0     0    0     0    0     0      0      0 --:--:-- --:--:-- --:--:--     0
2026-10-07T05:29:24.0668820Z   0     0    0     0    0     0      0      0 --:--:-- --:--:-- --:--:--     0
2026-10-07T05:29:24.7048481Z 
2026-10-07T05:29:24.7049595Z 100 74.2M  100 74.2M    0     0  86.3M      0 --:--:-- --:--:-- --:--:-- 86.3M
2026-10-07T05:29:25.6092092Z   % Total    % Received % Xferd  Average Speed   Time    Time     Time  Current
2026-10-07T05:29:25.6092867Z                                  Dload  Upload   Total   Spent    Left  Speed
2026-10-07T05:29:25.6093171Z 
2026-10-07T05:29:25.8533034Z   0     0    0     0    0     0      0      0 --:--:-- --:--:-- --:--:--     0
2026-10-07T05:29:25.8533499Z   0     0    0     0    0     0      0      0 --:--:-- --:--:-- --:--:--     0
2026-10-07T05:29:25.9018237Z 
2026-10-07T05:29:26.8985055Z   0 1221M    0 46825    0     0   156k      0  2:13:35 --:--:--  2:13:35  156k
2026-10-07T05:29:27.9187496Z  10 1221M   10  122M    0     0  94.8M      0  0:00:12  0:00:01  0:00:11  122M
2026-10-07T05:29:28.8983801Z  18 1221M   18  221M    0     0  95.6M      0  0:00:12  0:00:02  0:00:10  109M
2026-10-07T05:29:29.9125589Z  26 1221M   26  322M    0     0  98.1M      0  0:00:12  0:00:03  0:00:09  107M
2026-10-07T05:29:30.8984549Z  36 1221M   36  440M    0     0   102M      0  0:00:11  0:00:04  0:00:07  109M
2026-10-07T05:29:31.9210580Z  51 1221M   51  630M    0     0   119M      0  0:00:10  0:00:05  0:00:05  126M
2026-10-07T05:29:32.9222098Z  52 1221M   52  640M    0     0   101M      0  0:00:12  0:00:06  0:00:06  103M
2026-10-07T05:29:33.9233463Z  52 1221M   52  640M    0     0  87.5M      0  0:00:13  0:00:07  0:00:06 83.7M
2026-10-07T05:29:34.9245444Z  52 1221M   52  640M    0     0  76.9M      0  0:00:15  0:00:08  0:00:07 63.1M
2026-10-07T05:29:35.9257164Z  52 1221M   52  640M    0     0  68.7M      0  0:00:17  0:00:09  0:00:08 39.9M
2026-10-07T05:29:36.9261663Z  52 1221M   52  640M    0     0  62.0M      0  0:00:19  0:00:10  0:00:09 1970k
2026-10-07T05:29:37.9273069Z  52 1221M   52  640M    0     0  56.5M      0  0:00:21  0:00:11  0:00:10     0
2026-10-07T05:29:38.9284418Z  52 1221M   52  640M    0     0  51.9M      0  0:00:23  0:00:12  0:00:11     0
2026-10-07T05:29:39.9295543Z  52 1221M   52  640M    0     0  48.0M      0  0:00:25  0:00:13  0:00:12     0
2026-10-07T05:29:40.9306944Z  52 1221M   52  640M    0     0  44.6M      0  0:00:27  0:00:14  0:00:13     0
2026-10-07T05:29:41.9318337Z  52 1221M   52  640M    0     0  41.7M      0  0:00:29  0:00:15  0:00:14     0
2026-10-07T05:29:42.9330108Z  52 1221M   52  640M    0     0  39.2M      0  0:00:31  0:00:16  0:00:15     0
2026-10-07T05:29:43.9341745Z  52 1221M   52  640M    0     0  36.9M      0  0:00:33  0:00:17  0:00:16     0
2026-10-07T05:29:44.9352883Z  52 1221M   52  640M    0     0  34.9M      0  0:00:34  0:00:18  0:00:16     0
2026-10-07T05:29:45.9364436Z  52 1221M   52  640M    0     0  33.1M      0  0:00:36  0:00:19  0:00:17     0
2026-10-07T05:29:46.9375717Z  52 1221M   52  640M    0     0  31.4M      0  0:00:38  0:00:20  0:00:18     0
2026-10-07T05:29:47.9387232Z  52 1221M   52  640M    0     0  30.0M      0  0:00:40  0:00:21  0:00:19     0
2026-10-07T05:29:48.9399224Z  52 1221M   52  640M    0     0  28.6M      0  0:00:42  0:00:22  0:00:20     0
2026-10-07T05:29:49.9410382Z  52 1221M   52  640M    0     0  27.4M      0  0:00:44  0:00:23  0:00:21     0
2026-10-07T05:29:50.9422159Z  52 1221M   52  640M    0     0  26.3M      0  0:00:46  0:00:24  0:00:22     0
2026-10-07T05:29:51.9433282Z  52 1221M   52  640M    0     0  25.2M      0  0:00:48  0:00:25  0:00:23     0
2026-10-07T05:29:52.9444598Z  52 1221M   52  640M    0     0  24.3M      0  0:00:50  0:00:26  0:00:24     0
2026-10-07T05:29:53.9455250Z  52 1221M   52  640M    0     0  23.4M      0  0:00:52  0:00:27  0:00:25     0
2026-10-07T05:29:54.9466539Z  52 1221M   52  640M    0     0  22.5M      0  0:00:54  0:00:28  0:00:26     0
2026-10-07T05:29:55.9478048Z  52 1221M   52  640M    0     0  21.8M      0  0:00:56  0:00:29  0:00:27     0
2026-10-07T05:29:56.9489825Z  52 1221M   52  640M    0     0  21.0M      0  0:00:57  0:00:30  0:00:27     0
2026-10-07T05:29:57.9500914Z  52 1221M   52  640M    0     0  20.4M      0  0:00:59  0:00:31  0:00:28     0
2026-10-07T05:29:58.9512345Z  52 1221M   52  640M    0     0  19.7M      0  0:01:01  0:00:32  0:00:29     0
2026-10-07T05:29:59.9523565Z  52 1221M   52  640M    0     0  19.1M      0  0:01:03  0:00:33  0:00:30     0
2026-10-07T05:30:00.9534829Z  52 1221M   52  640M    0     0  18.6M      0  0:01:05  0:00:34  0:00:31     0
2026-10-07T05:30:01.9546401Z  52 1221M   52  640M    0     0  18.1M      0  0:01:07  0:00:35  0:00:32     0
2026-10-07T05:30:02.9557331Z  52 1221M   52  640M    0     0  17.6M      0  0:01:09  0:00:36  0:00:33     0
2026-10-07T05:30:03.9569797Z  52 1221M   52  640M    0     0  17.1M      0  0:01:11  0:00:37  0:00:34     0
2026-10-07T05:30:04.9580976Z  52 1221M   52  640M    0     0  16.6M      0  0:01:13  0:00:38  0:00:35     0
2026-10-07T05:30:05.9592290Z  52 1221M   52  640M    0     0  16.2M      0  0:01:15  0:00:39  0:00:36     0
2026-10-07T05:30:06.9603620Z  52 1221M   52  640M    0     0  15.8M      0  0:01:17  0:00:40  0:00:37     0
2026-10-07T05:30:07.9615318Z  52 1221M   52  640M    0     0  15.4M      0  0:01:18  0:00:41  0:00:37     0
2026-10-07T05:30:08.9626271Z  52 1221M   52  640M    0     0  15.1M      0  0:01:20  0:00:42  0:00:38     0
2026-10-07T05:30:09.9637848Z  52 1221M   52  640M    0     0  14.7M      0  0:01:22  0:00:43  0:00:39     0
2026-10-07T05:30:10.9649344Z  52 1221M   52  640M    0     0  14.4M      0  0:01:24  0:00:44  0:00:40     0
2026-10-07T05:30:12.3542610Z  52 1221M   52  640M    0     0  14.1M      0  0:01:26  0:00:45  0:00:41     0
2026-10-07T05:30:13.3554915Z  52 1221M   52  640M    0     0  13.6M      0  0:01:29  0:00:46  0:00:43 14891
2026-10-07T05:30:14.2920995Z  52 1221M   52  640M    0     0  13.4M      0  0:01:31  0:00:47  0:00:44 24007
2026-10-07T05:30:15.2076551Z  52 1221M   52  640M    0     0  13.1M      0  0:01:32  0:00:48  0:00:44 39668
2026-10-07T05:30:16.4124624Z  52 1221M   52  640M    0     0  12.9M      0  0:01:34  0:00:49  0:00:45 62193
2026-10-07T05:30:17.4135193Z  52 1221M   52  640M    0     0  12.6M      0  0:01:36  0:00:50  0:00:46 71895
2026-10-07T05:30:18.4147074Z  52 1221M   52  640M    0     0  12.3M      0  0:01:38  0:00:51  0:00:47 61534
2026-10-07T05:30:19.4158847Z  52 1221M   52  640M    0     0  12.1M      0  0:01:40  0:00:52  0:00:48 51817
2026-10-07T05:30:20.2400703Z  52 1221M   52  640M    0     0  11.9M      0  0:01:42  0:00:53  0:00:49 35179
2026-10-07T05:30:21.2412361Z  52 1221M   52  640M    0     0  11.7M      0  0:01:44  0:00:54  0:00:50 26047
2026-10-07T05:30:22.3356815Z  52 1221M   52  640M    0     0  11.5M      0  0:01:46  0:00:55  0:00:51 13571
2026-10-07T05:30:23.3370427Z  52 1221M   52  640M    0     0  11.2M      0  0:01:48  0:00:56  0:00:52 33287
2026-10-07T05:30:24.3381331Z  52 1221M   52  640M    0     0  11.0M      0  0:01:50  0:00:57  0:00:53 39936
2026-10-07T05:30:25.0542618Z  52 1221M   52  640M    0     0  10.9M      0  0:01:52  0:00:58  0:00:54 39936
2026-10-07T05:30:25.9576314Z  52 1221M   52  640M    0     0  10.7M      0  0:01:53  0:00:59  0:00:54 47635
2026-10-07T05:30:26.9588385Z  52 1221M   52  640M    0     0  10.6M      0  0:01:55  0:01:00  0:00:55 59047
2026-10-07T05:30:27.9352672Z  52 1221M   52  640M    0     0  10.4M      0  0:01:56  0:01:01  0:00:55 49605
2026-10-07T05:30:29.4059603Z  52 1221M   52  640M    0     0  10.2M      0  0:01:58  0:01:02  0:00:56 85500
2026-10-07T05:30:30.5703018Z  52 1221M   52  640M    0     0  10.0M      0  0:02:01  0:01:03  0:00:58 90537
2026-10-07T05:30:31.2447259Z  52 1221M   52  641M    0     0   9.8M      0  0:02:03  0:01:04  0:00:59 77242
2026-10-07T05:30:32.2459048Z  52 1221M   52  641M    0     0   9.7M      0  0:02:05  0:01:05  0:01:00 83670
2026-10-07T05:30:33.2866575Z  52 1221M   52  641M    0     0  9852k      0  0:02:07  0:01:06  0:01:01 74388
2026-10-07T05:30:34.2877848Z  52 1221M   52  641M    0     0  9701k      0  0:02:08  0:01:07  0:01:01 48989
2026-10-07T05:30:35.0624017Z  52 1221M   52  641M    0     0  9560k      0  0:02:10  0:01:08  0:01:02 40272
2026-10-07T05:30:36.0261046Z  52 1221M   52  641M    0     0  9453k      0  0:02:12  0:01:09  0:01:03 32826
2026-10-07T05:30:37.5391828Z  52 1221M   52  641M    0     0  9325k      0  0:02:14  0:01:10  0:01:04 30835
2026-10-07T05:30:38.6595870Z  52 1221M   52  641M    0     0  9132k      0  0:02:17  0:01:11  0:01:06 74289
2026-10-07T05:30:39.6607964Z  52 1221M   52  641M    0     0  8993k      0  0:02:19  0:01:13  0:01:06 73197
2026-10-07T05:30:40.6619734Z  52 1221M   52  641M    0     0  8871k      0  0:02:21  0:01:14  0:01:07 73197
2026-10-07T05:30:41.1761199Z  52 1221M   52  641M    0     0  8753k      0  0:02:22  0:01:15  0:01:07 67303
2026-10-07T05:30:42.1773040Z  52 1221M   52  641M    0     0  8694k      0  0:02:23  0:01:15  0:01:08 73185
2026-10-07T05:30:43.1784132Z  52 1221M   52  641M    0     0  8581k      0  0:02:25  0:01:16  0:01:09 28260
2026-10-07T05:30:44.1795666Z  52 1221M   52  641M    0     0  8470k      0  0:02:27  0:01:17  0:01:10 14502
2026-10-07T05:30:45.1807839Z  52 1221M   52  641M    0     0  8362k      0  0:02:29  0:01:18  0:01:11 14502
2026-10-07T05:30:45.9941467Z  52 1221M   52  641M    0     0  8257k      0  0:02:31  0:01:19  0:01:12 14502
2026-10-07T05:30:46.9953563Z  52 1221M   52  641M    0     0  8174k      0  0:02:33  0:01:20  0:01:13 13602
2026-10-07T05:30:48.0555544Z  52 1221M   52  641M    0     0  8073k      0  0:02:34  0:01:21  0:01:13 13602
2026-10-07T05:30:49.0566663Z  52 1221M   52  641M    0     0  7970k      0  0:02:36  0:01:22  0:01:14 26875
2026-10-07T05:30:50.0121481Z  52 1221M   52  641M    0     0  7875k      0  0:02:38  0:01:23  0:01:15 26875
2026-10-07T05:30:51.3553972Z  52 1221M   52  641M    0     0  7786k      0  0:02:40  0:01:24  0:01:16 40688
2026-10-07T05:30:52.3565607Z  52 1221M   52  641M    0     0  7665k      0  0:02:43  0:01:25  0:01:18 36673
2026-10-07T05:30:52.9477093Z  52 1221M   52  641M    0     0  7577k      0  0:02:45  0:01:26  0:01:19 36673
2026-10-07T05:30:54.7736212Z  52 1221M   52  641M    0     0  7526k      0  0:02:46  0:01:27  0:01:19 40181
2026-10-07T05:30:55.5656423Z  52 1221M   52  641M    0     0  7373k      0  0:02:49  0:01:29  0:01:20 45861
2026-10-07T05:30:56.0929567Z  52 1221M   52  642M    0     0  7308k      0  0:02:51  0:01:29  0:01:22 47207
2026-10-07T05:30:57.4826717Z  52 1221M   52  642M    0     0  7267k      0  0:02:52  0:01:30  0:01:22 55327
2026-10-07T05:30:58.0399805Z  52 1221M   52  642M    0     0  7157k      0  0:02:54  0:01:31  0:01:23 63925
2026-10-07T05:30:59.0411424Z  52 1221M   52  642M    0     0  7115k      0  0:02:55  0:01:32  0:01:23 64351
2026-10-07T05:31:00.5985259Z  52 1221M   52  642M    0     0  7039k      0  0:02:57  0:01:33  0:01:24 61420
2026-10-07T05:31:01.5996381Z  52 1221M   52  642M    0     0  6924k      0  0:03:00  0:01:34  0:01:26 52095
2026-10-07T05:31:02.4309474Z  52 1221M   52  642M    0     0  6852k      0  0:03:02  0:01:35  0:01:27 35707
2026-10-07T05:31:03.4321464Z  52 1221M   52  642M    0     0  6793k      0  0:03:04  0:01:36  0:01:28 39726
2026-10-07T05:31:04.3907156Z  52 1221M   52  642M    0     0  6724k      0  0:03:06  0:01:37  0:01:29 24313
2026-10-07T05:31:05.3920087Z  52 1221M   52  642M    0     0  6660k      0  0:03:07  0:01:38  0:01:29 39819
2026-10-07T05:31:06.3932236Z  52 1221M   52  642M    0     0  6593k      0  0:03:09  0:01:39  0:01:30 41011
2026-10-07T05:31:07.3943695Z  52 1221M   52  642M    0     0  6528k      0  0:03:11  0:01:40  0:01:31 41011
2026-10-07T05:31:08.3955038Z  52 1221M   52  642M    0     0  6463k      0  0:03:13  0:01:41  0:01:32 26404
2026-10-07T05:31:08.9365628Z  52 1221M   52  642M    0     0  6400k      0  0:03:15  0:01:42  0:01:33 26404
2026-10-07T05:31:09.9377274Z  52 1221M   52  642M    0     0  6367k      0  0:03:16  0:01:43  0:01:33 14414
2026-10-07T05:31:10.9388808Z  52 1221M   52  642M    0     0  6306k      0  0:03:18  0:01:44  0:01:34 14416
2026-10-07T05:31:12.8891837Z  52 1221M   52  642M    0     0  6247k      0  0:03:20  0:01:45  0:01:35 14416
2026-10-07T05:31:13.1766446Z  52 1221M   52  642M    0     0  6134k      0  0:03:23  0:01:47  0:01:36 23857
2026-10-07T05:31:14.1778331Z  52 1221M   52  642M    0     0  6118k      0  0:03:24  0:01:47  0:01:37 41122
2026-10-07T05:31:15.8900830Z  52 1221M   52  642M    0     0  6061k      0  0:03:26  0:01:48  0:01:38 34389
2026-10-07T05:31:16.4176219Z  52 1221M   52  642M    0     0  5968k      0  0:03:29  0:01:50  0:01:39 44043
2026-10-07T05:31:17.4187589Z  52 1221M   52  642M    0     0  5941k      0  0:03:30  0:01:50  0:01:40 59817
2026-10-07T05:31:18.4199600Z  52 1221M   52  642M    0     0  5887k      0  0:03:32  0:01:51  0:01:41 57868
2026-10-07T05:31:18.9635404Z  52 1221M   52  642M    0     0  5835k      0  0:03:34  0:01:52  0:01:42 37499
2026-10-07T05:31:19.9647215Z  52 1221M   52  642M    0     0  5808k      0  0:03:35  0:01:53  0:01:42 54773
2026-10-07T05:31:20.9149613Z  52 1221M   52  642M    0     0  5757k      0  0:03:37  0:01:54  0:01:43 32164
2026-10-07T05:31:22.3602539Z  52 1221M   52  643M    0     0  5710k      0  0:03:39  0:01:55  0:01:44 32782
2026-10-07T05:31:23.3014654Z  52 1221M   52  643M    0     0  5641k      0  0:03:41  0:01:56  0:01:45 66305
2026-10-07T05:31:24.7226009Z  52 1221M   52  643M    0     0  5597k      0  0:03:43  0:01:57  0:01:46 93968
2026-10-07T05:31:25.1440309Z  52 1221M   52  643M    0     0  5531k      0  0:03:46  0:01:59  0:01:47 79672
2026-10-07T05:31:26.2072972Z  52 1221M   52  643M    0     0  5511k      0  0:03:47  0:01:59  0:01:48 94906
2026-10-07T05:31:27.3134084Z  52 1221M   52  643M    0     0  5464k      0  0:03:49  0:02:00  0:01:49 95975
2026-10-07T05:31:28.3145537Z  52 1221M   52  643M    0     0  5414k      0  0:03:51  0:02:01  0:01:50 79373
2026-10-07T05:31:29.8243137Z  52 1221M   52  643M    0     0  5370k      0  0:03:52  0:02:02  0:01:50 52303
2026-10-07T05:31:30.3449912Z  52 1221M   52  643M    0     0  5306k      0  0:03:55  0:02:04  0:01:51 51390
2026-10-07T05:31:31.0378520Z  52 1221M   52  643M    0     0  5284k      0  0:03:56  0:02:04  0:01:52 50412
2026-10-07T05:31:32.8617173Z  52 1221M   52  643M    0     0  5256k      0  0:03:58  0:02:05  0:01:53 71220
2026-10-07T05:31:33.8628515Z  52 1221M   52  643M    0     0  5182k      0  0:04:01  0:02:07  0:01:54 82687
2026-10-07T05:31:34.4166800Z  52 1221M   52  643M    0     0  5141k      0  0:04:03  0:02:08  0:01:55 82687
2026-10-07T05:31:35.0767897Z  52 1221M   52  644M    0     0  5120k      0  0:04:04  0:02:08  0:01:56 99880
2026-10-07T05:31:35.9890446Z  52 1221M   52  644M    0     0  5094k      0  0:04:05  0:02:09  0:01:56  101k
2026-10-07T05:31:36.9902838Z  52 1221M   52  644M    0     0  5059k      0  0:04:07  0:02:10  0:01:57 79405
2026-10-07T05:31:38.1029824Z  52 1221M   52  644M    0     0  5021k      0  0:04:09  0:02:11  0:01:58 63488
2026-10-07T05:31:39.8255360Z  52 1221M   52  644M    0     0  4980k      0  0:04:11  0:02:12  0:01:59 88869
2026-10-07T05:31:40.5057453Z  52 1221M   52  644M    0     0  4916k      0  0:04:14  0:02:14  0:02:00 72710
2026-10-07T05:31:41.5070476Z  52 1221M   52  644M    0     0  4892k      0  0:04:15  0:02:14  0:02:01 66405
2026-10-07T05:31:42.1342913Z  52 1221M   52  644M    0     0  4856k      0  0:04:17  0:02:15  0:02:02 56424
2026-10-07T05:31:42.9694547Z  52 1221M   52  644M    0     0  4834k      0  0:04:18  0:02:16  0:02:02 63713
2026-10-07T05:31:44.6030048Z  52 1221M   52  644M    0     0  4806k      0  0:04:20  0:02:17  0:02:03 70698
2026-10-07T05:31:45.6041416Z  52 1221M   52  644M    0     0  4750k      0  0:04:23  0:02:18  0:02:05 68580
2026-10-07T05:31:46.6805700Z  52 1221M   52  644M    0     0  4716k      0  0:04:25  0:02:19  0:02:06 57848
2026-10-07T05:31:47.6708171Z  52 1221M   52  644M    0     0  4680k      0  0:04:27  0:02:21  0:02:06 63344
2026-10-07T05:31:48.6720379Z  52 1221M   52  644M    0     0  4648k      0  0:04:29  0:02:22  0:02:07 59190
2026-10-07T05:31:49.6731299Z  52 1221M   52  644M    0     0  4615k      0  0:04:31  0:02:23  0:02:08 34480
2026-10-07T05:31:50.3940362Z  52 1221M   52  644M    0     0  4583k      0  0:04:32  0:02:24  0:02:08 25852
2026-10-07T05:31:51.3951871Z  52 1221M   52  644M    0     0  4561k      0  0:04:34  0:02:24  0:02:10 54727
2026-10-07T05:31:52.6241665Z  52 1221M   52  644M    0     0  4530k      0  0:04:36  0:02:25  0:02:11 41698
2026-10-07T05:31:53.2465820Z  52 1221M   52  645M    0     0  4493k      0  0:04:38  0:02:27  0:02:11 52915
2026-10-07T05:31:53.9455331Z  52 1221M   52  645M    0     0  4475k      0  0:04:39  0:02:27  0:02:12 71624
2026-10-07T05:31:54.9466392Z  52 1221M   52  645M    0     0  4454k      0  0:04:40  0:02:28  0:02:12 92023
2026-10-07T05:31:56.3562027Z  52 1221M   52  645M    0     0  4424k      0  0:04:42  0:02:29  0:02:13 57576
2026-10-07T05:31:57.3573598Z  52 1221M   52  645M    0     0  4384k      0  0:04:45  0:02:30  0:02:15 79261
2026-10-07T05:31:58.1023437Z  52 1221M   52  645M    0     0  4355k      0  0:04:47  0:02:31  0:02:16 55374
2026-10-07T05:31:59.8852663Z  52 1221M   52  645M    0     0  4333k      0  0:04:48  0:02:32  0:02:16 40487
2026-10-07T05:32:00.5581074Z  52 1221M   52  645M    0     0  4284k      0  0:04:52  0:02:34  0:02:18 44139
2026-10-07T05:32:00.9650035Z  52 1221M   52  645M    0     0  4266k      0  0:04:53  0:02:34  0:02:19 52558
2026-10-07T05:32:01.9920148Z  52 1221M   52  645M    0     0  4255k      0  0:04:54  0:02:35  0:02:19 49766
2026-10-07T05:32:03.7190553Z  52 1221M   52  645M    0     0  4228k      0  0:04:55  0:02:36  0:02:19 88371
2026-10-07T05:32:04.7201897Z  52 1221M   52  645M    0     0  4183k      0  0:04:59  0:02:38  0:02:21 93356
2026-10-07T05:32:05.1594957Z  52 1221M   52  645M    0     0  4156k      0  0:05:01  0:02:39  0:02:22 81326
2026-10-07T05:32:06.1606013Z  52 1221M   52  645M    0     0  4145k      0  0:05:01  0:02:39  0:02:22 92566
2026-10-07T05:32:07.0922024Z  52 1221M   52  645M    0     0  4119k      0  0:05:03  0:02:40  0:02:23 69383
2026-10-07T05:32:08.0936256Z  52 1221M   52  645M    0     0  4096k      0  0:05:05  0:02:41  0:02:24 35338
2026-10-07T05:32:09.0946843Z  52 1221M   52  645M    0     0  4071k      0  0:05:07  0:02:42  0:02:25 29959
2026-10-07T05:32:10.6514420Z  52 1221M   52  645M    0     0  4046k      0  0:05:09  0:02:43  0:02:26 29959
2026-10-07T05:32:11.6525650Z  52 1221M   52  646M    0     0  4008k      0  0:05:12  0:02:45  0:02:27 23870
2026-10-07T05:32:12.5739651Z  52 1221M   52  646M    0     0  3984k      0  0:05:14  0:02:46  0:02:28 23870
2026-10-07T05:32:13.0986819Z  52 1221M   52  646M    0     0  3962k      0  0:05:15  0:02:46  0:02:29 35870
2026-10-07T05:32:13.9246771Z  52 1221M   52  646M    0     0  3950k      0  0:05:16  0:02:47  0:02:29 42564
2026-10-07T05:32:14.9257724Z  52 1221M   52  646M    0     0  3932k      0  0:05:18  0:02:48  0:02:30 67842
2026-10-07T05:32:16.0029654Z  52 1221M   52  646M    0     0  3908k      0  0:05:20  0:02:49  0:02:31 61320
2026-10-07T05:32:17.2037463Z  52 1221M   52  646M    0     0  3885k      0  0:05:22  0:02:50  0:02:32  102k
2026-10-07T05:32:18.2054538Z  52 1221M   52  646M    0     0  3858k      0  0:05:24  0:02:51  0:02:33  100k
2026-10-07T05:32:19.2433843Z  52 1221M   52  646M    0     0  3836k      0  0:05:26  0:02:52  0:02:34 86636
2026-10-07T05:32:19.9893505Z  52 1221M   52  646M    0     0  3813k      0  0:05:28  0:02:53  0:02:35 73940
2026-10-07T05:32:21.5267646Z  52 1221M   52  646M    0     0  3797k      0  0:05:29  0:02:54  0:02:35 90608
2026-10-07T05:32:22.4951587Z  52 1221M   52  646M    0     0  3765k      0  0:05:32  0:02:55  0:02:37 59330
2026-10-07T05:32:23.3200456Z  52 1221M   52  646M    0     0  3745k      0  0:05:34  0:02:56  0:02:38 71221
2026-10-07T05:32:23.9934097Z  52 1221M   52  646M    0     0  3728k      0  0:05:35  0:02:57  0:02:38 76890
2026-10-07T05:32:24.9674287Z  52 1221M   52  647M    0     0  3714k      0  0:05:36  0:02:58  0:02:38 82782
2026-10-07T05:32:26.8034331Z  52 1221M   52  647M    0     0  3694k      0  0:05:38  0:02:59  0:02:39 78990
2026-10-07T05:32:27.8046085Z  52 1221M   52  647M    0     0  3658k      0  0:05:42  0:03:01  0:02:41 96266
2026-10-07T05:32:28.2155294Z  52 1221M   52  647M    0     0  3638k      0  0:05:43  0:03:02  0:02:41 74065
2026-10-07T05:32:29.1430719Z  52 1221M   52  647M    0     0  3630k      0  0:05:44  0:03:02  0:02:42 80313
2026-10-07T05:32:30.1442478Z  52 1221M   52  647M    0     0  3612k      0  0:05:46  0:03:03  0:02:43 89095
2026-10-07T05:32:31.1923727Z  52 1221M   52  647M    0     0  3593k      0  0:05:48  0:03:04  0:02:44 75969
2026-10-07T05:32:32.7690872Z  52 1221M   52  647M    0     0  3573k      0  0:05:50  0:03:05  0:02:45 63460
2026-10-07T05:32:33.4771753Z  52 1221M   52  647M    0     0  3543k      0  0:05:53  0:03:07  0:02:46 65997
2026-10-07T05:32:34.4207056Z  53 1221M   53  647M    0     0  3530k      0  0:05:54  0:03:07  0:02:47 62284
2026-10-07T05:32:35.1552479Z  53 1221M   53  647M    0     0  3513k      0  0:05:56  0:03:08  0:02:48 49676
2026-10-07T05:32:36.1564254Z  53 1221M   53  647M    0     0  3499k      0  0:05:57  0:03:09  0:02:48 65405
2026-10-07T05:32:37.7965069Z  53 1221M   53  647M    0     0  3481k      0  0:05:59  0:03:10  0:02:49 52809
2026-10-07T05:32:38.1246006Z  53 1221M   53  647M    0     0  3452k      0  0:06:02  0:03:12  0:02:50 65184
2026-10-07T05:32:39.1239044Z  53 1221M   53  647M    0     0  3446k      0  0:06:03  0:03:12  0:02:51 70499
2026-10-07T05:32:40.4080919Z  53 1221M   53  648M    0     0  3429k      0  0:06:04  0:03:13  0:02:51 69659
2026-10-07T05:32:41.0120992Z  53 1221M   53  648M    0     0  3407k      0  0:06:07  0:03:14  0:02:53 68630
2026-10-07T05:32:42.3368419Z  53 1221M   53  648M    0     0  3397k      0  0:06:08  0:03:15  0:02:53  105k
2026-10-07T05:32:43.3379791Z  53 1221M   53  648M    0     0  3374k      0  0:06:10  0:03:16  0:02:54   98k
2026-10-07T05:32:44.1610552Z  53 1221M   53  648M    0     0  3357k      0  0:06:12  0:03:17  0:02:55 75429
2026-10-07T05:32:45.1308430Z  53 1221M   53  648M    0     0  3344k      0  0:06:14  0:03:18  0:02:56 81318
2026-10-07T05:32:46.1320347Z  53 1221M   53  648M    0     0  3328k      0  0:06:15  0:03:19  0:02:56 90193
2026-10-07T05:32:47.6769665Z  53 1221M   53  648M    0     0  3312k      0  0:06:17  0:03:20  0:02:57 51210
2026-10-07T05:32:48.1196829Z  53 1221M   53  648M    0     0  3287k      0  0:06:20  0:03:22  0:02:58 61374
2026-10-07T05:32:49.3549118Z  53 1221M   53  648M    0     0  3280k      0  0:06:21  0:03:22  0:02:59 82228
2026-10-07T05:32:49.9457069Z  53 1221M   53  648M    0     0  3260k      0  0:06:23  0:03:23  0:03:00 72565
2026-10-07T05:32:51.0164665Z  53 1221M   53  648M    0     0  3252k      0  0:06:24  0:03:24  0:03:00 81664
2026-10-07T05:32:52.2413753Z  53 1221M   53  648M    0     0  3235k      0  0:06:26  0:03:25  0:03:01 93910
2026-10-07T05:32:53.2425020Z  53 1221M   53  649M    0     0  3216k      0  0:06:28  0:03:26  0:03:02   98k
2026-10-07T05:32:54.2436589Z  53 1221M   53  649M    0     0  3201k      0  0:06:30  0:03:27  0:03:03 76770
2026-10-07T05:32:55.2447894Z  53 1221M   53  649M    0     0  3186k      0  0:06:32  0:03:28  0:03:04 67023
2026-10-07T05:32:56.1622065Z  53 1221M   53  649M    0     0  3170k      0  0:06:34  0:03:29  0:03:05 37109
2026-10-07T05:32:56.9110440Z  53 1221M   53  649M    0     0  3157k      0  0:06:36  0:03:30  0:03:06 47761
2026-10-07T05:32:58.6873515Z  53 1221M   53  649M    0     0  3146k      0  0:06:37  0:03:31  0:03:06 42100
2026-10-07T05:32:59.4769190Z  53 1221M   53  649M    0     0  3120k      0  0:06:40  0:03:33  0:03:07 48152
2026-10-07T05:33:00.4780150Z  53 1221M   53  649M    0     0  3109k      0  0:06:42  0:03:33  0:03:09 62618
2026-10-07T05:33:01.0128474Z  53 1221M   53  649M    0     0  3095k      0  0:06:44  0:03:34  0:03:10 62618
2026-10-07T05:33:02.0142155Z  53 1221M   53  649M    0     0  3087k      0  0:06:45  0:03:35  0:03:10 60799
2026-10-07T05:33:03.2400651Z  53 1221M   53  649M    0     0  3073k      0  0:06:47  0:03:36  0:03:11 51370
2026-10-07T05:33:04.6064602Z  53 1221M   53  649M    0     0  3056k      0  0:06:49  0:03:37  0:03:12 57576
2026-10-07T05:33:04.9716402Z  53 1221M   53  649M    0     0  3037k      0  0:06:51  0:03:38  0:03:13 54304
2026-10-07T05:33:05.9270616Z  53 1221M   53  649M    0     0  3033k      0  0:06:52  0:03:39  0:03:13 87497
2026-10-07T05:33:07.1482986Z  53 1221M   53  649M    0     0  3020k      0  0:06:54  0:03:40  0:03:14 76669
2026-10-07T05:33:07.9371441Z  53 1221M   53  650M    0     0  3004k      0  0:06:56  0:03:41  0:03:15 89684
2026-10-07T05:33:08.9050450Z  61 1221M   61  750M    0     0  3454k      0  0:06:02  0:03:42  0:02:20 21.3M
2026-10-07T05:33:09.9093043Z  71 1221M   71  874M    0     0  4009k      0  0:05:12  0:03:43  0:01:29 52.2M
2026-10-07T05:33:10.9222963Z  81 1221M   81 1000M    0     0  4565k      0  0:04:34  0:03:44  0:00:50 70.9M
2026-10-07T05:33:11.4765207Z  93 1221M   93 1140M    0     0  5181k      0  0:04:01  0:03:45  0:00:16 98.1M
2026-10-07T05:33:28.4410300Z 100 1221M  100 1221M    0     0  5540k      0  0:03:45  0:03:45 --:--:--  132M
2026-10-07T05:33:28.4928258Z ##[group]Run mkdir -p "$HOME/.config/godot" "$HOME/.android"
2026-10-07T05:33:28.4928979Z [36;1mmkdir -p "$HOME/.config/godot" "$HOME/.android"[0m
2026-10-07T05:33:28.4929570Z [36;1mkeytool -genkeypair -keystore "$RUNNER_TEMP/debug.keystore" -storepass android \[0m
2026-10-07T05:33:28.4930332Z [36;1m  -alias androiddebugkey -keypass android -keyalg RSA -keysize 2048 -validity 10000 \[0m
2026-10-07T05:33:28.4930939Z [36;1m  -dname 'CN=Android Debug,O=Android,C=US'[0m
2026-10-07T05:33:28.4931411Z [36;1mcat > "$HOME/.config/godot/editor_settings-4.7.tres" <<EOF[0m
2026-10-07T05:33:28.4931881Z [36;1m[gd_resource type="EditorSettings" format=3][0m
2026-10-07T05:33:28.4932247Z [36;1m[0m
2026-10-07T05:33:28.4932429Z [36;1m[resource][0m
2026-10-07T05:33:28.4932599Z [36;1m[0m
2026-10-07T05:33:28.4932795Z [36;1mexport/android/java_sdk_path = "$JAVA_HOME"[0m
2026-10-07T05:33:28.4933095Z [36;1mexport/android/android_sdk_path = "$ANDROID_HOME"[0m
2026-10-07T05:33:28.4933384Z [36;1mEOF[0m
2026-10-07T05:33:28.4991255Z shell: /usr/bin/bash -e {0}
2026-10-07T05:33:28.4991467Z env:
2026-10-07T05:33:28.4991727Z   JAVA_HOME: /opt/hostedtoolcache/Java_Temurin-Hotspot_jdk/17.0.20-1/x64
2026-10-07T05:33:28.4992129Z   JAVA_HOME_17_X64: /opt/hostedtoolcache/Java_Temurin-Hotspot_jdk/17.0.20-1/x64
2026-10-07T05:33:28.4992438Z   MAVEN_ARGS: -ntp
2026-10-07T05:33:28.4992637Z   ANDROID_HOME: /usr/local/lib/android/sdk
2026-10-07T05:33:28.4992893Z   ANDROID_SDK_ROOT: /usr/local/lib/android/sdk
2026-10-07T05:33:28.4993127Z ##[endgroup]
2026-10-07T05:33:29.1747945Z Generating 2,048 bit RSA key pair and self-signed certificate (SHA256withRSA) with a validity of 10,000 days
2026-10-07T05:33:29.1766629Z 	for: CN=Android Debug, O=Android, C=US
2026-10-07T05:33:29.5686477Z ##[group]Run godot --headless --path . --editor --import --quit
2026-10-07T05:33:29.5686881Z [36;1mgodot --headless --path . --editor --import --quit[0m
2026-10-07T05:33:29.5687420Z [36;1mXDG_DATA_HOME="$RUNNER_TEMP/emberfall-smoke-data" timeout 120s godot --headless --path . --fixed-fps 60 --script tests/dungeon_smoke.gd[0m
2026-10-07T05:33:29.5688215Z [36;1mXDG_DATA_HOME="$RUNNER_TEMP/emberfall-persistence-data" timeout 120s godot --headless --path . --fixed-fps 60 --script tests/persistence_smoke.gd[0m
2026-10-07T05:33:29.5689315Z [36;1mXDG_DATA_HOME="$RUNNER_TEMP/emberfall-fellowship-ui-data" timeout 120s godot --headless --path . --fixed-fps 60 --script tests/fellowship_ui_smoke.gd[0m
2026-10-07T05:33:29.5745660Z shell: /usr/bin/bash -e {0}
2026-10-07T05:33:29.5745878Z env:
2026-10-07T05:33:29.5746141Z   JAVA_HOME: /opt/hostedtoolcache/Java_Temurin-Hotspot_jdk/17.0.20-1/x64
2026-10-07T05:33:29.5746588Z   JAVA_HOME_17_X64: /opt/hostedtoolcache/Java_Temurin-Hotspot_jdk/17.0.20-1/x64
2026-10-07T05:33:29.5746917Z   MAVEN_ARGS: -ntp
2026-10-07T05:33:29.5747116Z   ANDROID_HOME: /usr/local/lib/android/sdk
2026-10-07T05:33:29.5747366Z   ANDROID_SDK_ROOT: /usr/local/lib/android/sdk
2026-10-07T05:33:29.5747599Z ##[endgroup]
2026-10-07T05:33:29.8401921Z Godot Engine v4.7.2.stable.official.ed1daf0bf - https://godotengine.org
2026-10-07T05:33:29.8742585Z 
2026-10-07T05:33:32.1109421Z [   0% ] [90m[1mfirst_scan_filesystem[22m | Started Project initialization (5 steps)[39m[0m
2026-10-07T05:33:32.1110040Z [   0% ] [90m[1mfirst_scan_filesystem[22m | Scanning file structure...[39m[0m
2026-10-07T05:33:32.1144728Z [  16% ] [90m[1mfirst_scan_filesystem[22m | Loading global class names...[39m[0m
2026-10-07T05:33:32.1381201Z [  33% ] [90m[1mfirst_scan_filesystem[22m | Verifying GDExtensions...[39m[0m
2026-10-07T05:33:32.1381833Z [  50% ] [90m[1mfirst_scan_filesystem[22m | Creating autoload scripts...[39m[0m
2026-10-07T05:33:32.4993843Z [  66% ] [90m[1mfirst_scan_filesystem[22m | Initializing plugins...[39m[0m
2026-10-07T05:33:32.4994642Z [  83% ] [90m[1mfirst_scan_filesystem[22m | Starting file scan...[39m[0m
2026-10-07T05:33:32.4995225Z [92m[ DONE ][39m [1mfirst_scan_filesystem[22m
2026-10-07T05:33:32.4995562Z [0m
2026-10-07T05:33:32.8483089Z [   0% ] [90m[1mupdate_scripts_classes[22m | Started Registering global classes... (192 steps)[39m[0m
2026-10-07T05:33:32.8483978Z [   0% ] [90m[1mupdate_scripts_classes[22m | NakamaAPI[39m[0m
2026-10-07T05:33:32.8484606Z [   0% ] [90m[1mupdate_scripts_classes[22m | NakamaRTAPI[39m[0m
2026-10-07T05:33:32.8485257Z [   1% ] [90m[1mupdate_scripts_classes[22m | NakamaRTMessage[39m[0m
2026-10-07T05:33:32.8485910Z [   1% ] [90m[1mupdate_scripts_classes[22m | NakamaSession[39m[0m
2026-10-07T05:33:32.8486623Z [   2% ] [90m[1mupdate_scripts_classes[22m | NakamaStorageObjectId[39m[0m
2026-10-07T05:33:32.8487385Z [   2% ] [90m[1mupdate_scripts_classes[22m | NakamaWriteStorageObject[39m[0m
2026-10-07T05:33:32.8488115Z [   3% ] [90m[1mupdate_scripts_classes[22m | NakamaClient[39m[0m
2026-10-07T05:33:32.8488943Z [   3% ] [90m[1mupdate_scripts_classes[22m | NakamaHTTPAdapter[39m[0m
2026-10-07T05:33:32.8489629Z [   4% ] [90m[1mupdate_scripts_classes[22m | SatoriAsyncResult[39m[0m
2026-10-07T05:33:32.8490299Z [   4% ] [90m[1mupdate_scripts_classes[22m | SatoriException[39m[0m
2026-10-07T05:33:32.8490990Z [   5% ] [90m[1mupdate_scripts_classes[22m | SatoriLogger[39m[0m
2026-10-07T05:33:32.8491638Z [   5% ] [90m[1mupdate_scripts_classes[22m | SatoriSerializer[39m[0m
2026-10-07T05:33:32.8492233Z [   6% ] [90m[1mupdate_scripts_classes[22m | Event[39m[0m
2026-10-07T05:33:32.8492826Z [   6% ] [90m[1mupdate_scripts_classes[22m | SatoriAPI[39m[0m
2026-10-07T05:33:32.8493433Z [   7% ] [90m[1mupdate_scripts_classes[22m | SatoriClient[39m[0m
2026-10-07T05:33:32.8494076Z [   7% ] [90m[1mupdate_scripts_classes[22m | SatoriHTTPAdapter[39m[0m
2026-10-07T05:33:32.8495264Z [   8% ] [90m[1mupdate_scripts_classes[22m | SatoriSession[39m[0m
2026-10-07T05:33:32.8495891Z [   8% ] [90m[1mupdate_scripts_classes[22m | NakamaSocket[39m[0m
2026-10-07T05:33:32.8496555Z [   9% ] [90m[1mupdate_scripts_classes[22m | NakamaSocketAdapter[39m[0m
2026-10-07T05:33:32.8497240Z [   9% ] [90m[1mupdate_scripts_classes[22m | NakamaAsyncResult[39m[0m
2026-10-07T05:33:32.8497915Z [  10% ] [90m[1mupdate_scripts_classes[22m | NakamaException[39m[0m
2026-10-07T05:33:32.8498681Z [  10% ] [90m[1mupdate_scripts_classes[22m | NakamaLogger[39m[0m
2026-10-07T05:33:32.8499383Z [  11% ] [90m[1mupdate_scripts_classes[22m | NakamaMultiplayerBridge[39m[0m
2026-10-07T05:33:32.8500116Z [  11% ] [90m[1mupdate_scripts_classes[22m | NakamaMultiplayerPeer[39m[0m
2026-10-07T05:33:32.8500809Z [  12% ] [90m[1mupdate_scripts_classes[22m | NakamaSerializer[39m[0m
2026-10-07T05:33:32.8501393Z [  12% ] [90m[1mupdate_scripts_classes[22m | [39m[0m
2026-10-07T05:33:32.8501941Z [  13% ] [90m[1mupdate_scripts_classes[22m | [39m[0m
2026-10-07T05:33:32.8502448Z [  13% ] [90m[1mupdate_scripts_classes[22m | [39m[0m
2026-10-07T05:33:32.8502954Z [  14% ] [90m[1mupdate_scripts_classes[22m | [39m[0m
2026-10-07T05:33:32.8503463Z [  15% ] [90m[1mupdate_scripts_classes[22m | [39m[0m
2026-10-07T05:33:32.8503968Z [  15% ] [90m[1mupdate_scripts_classes[22m | [39m[0m
2026-10-07T05:33:32.8504479Z [  16% ] [90m[1mupdate_scripts_classes[22m | [39m[0m
2026-10-07T05:33:32.8504977Z [  16% ] [90m[1mupdate_scripts_classes[22m | [39m[0m
2026-10-07T05:33:32.8505491Z [  17% ] [90m[1mupdate_scripts_classes[22m | [39m[0m
2026-10-07T05:33:32.8505995Z [  17% ] [90m[1mupdate_scripts_classes[22m | [39m[0m
2026-10-07T05:33:32.8506501Z [  18% ] [90m[1mupdate_scripts_classes[22m | [39m[0m
2026-10-07T05:33:32.8507020Z [  18% ] [90m[1mupdate_scripts_classes[22m | [39m[0m
2026-10-07T05:33:32.8507520Z [  19% ] [90m[1mupdate_scripts_classes[22m | [39m[0m
2026-10-07T05:33:32.8508034Z [  19% ] [90m[1mupdate_scripts_classes[22m | [39m[0m
2026-10-07T05:33:32.8508661Z [  20% ] [90m[1mupdate_scripts_classes[22m | [39m[0m
2026-10-07T05:33:32.8509180Z [  20% ] [90m[1mupdate_scripts_classes[22m | [39m[0m
2026-10-07T05:33:32.8509674Z [  21% ] [90m[1mupdate_scripts_classes[22m | [39m[0m
2026-10-07T05:33:32.8510186Z [  21% ] [90m[1mupdate_scripts_classes[22m | [39m[0m
2026-10-07T05:33:32.8510686Z [  22% ] [90m[1mupdate_scripts_classes[22m | [39m[0m
2026-10-07T05:33:32.8511217Z [  22% ] [90m[1mupdate_scripts_classes[22m | [39m[0m
2026-10-07T05:33:32.8511743Z [  23% ] [90m[1mupdate_scripts_classes[22m | [39m[0m
2026-10-07T05:33:32.8512264Z [  23% ] [90m[1mupdate_scripts_classes[22m | [39m[0m
2026-10-07T05:33:32.8512782Z [  24% ] [90m[1mupdate_scripts_classes[22m | [39m[0m
2026-10-07T05:33:32.8513306Z [  24% ] [90m[1mupdate_scripts_classes[22m | [39m[0m
2026-10-07T05:33:32.8513835Z [  25% ] [90m[1mupdate_scripts_classes[22m | [39m[0m
2026-10-07T05:33:32.8514364Z [  25% ] [90m[1mupdate_scripts_classes[22m | [39m[0m
2026-10-07T05:33:32.8514893Z [  26% ] [90m[1mupdate_scripts_classes[22m | [39m[0m
2026-10-07T05:33:32.8515426Z [  26% ] [90m[1mupdate_scripts_classes[22m | [39m[0m
2026-10-07T05:33:32.8515953Z [  27% ] [90m[1mupdate_scripts_classes[22m | [39m[0m
2026-10-07T05:33:32.8516481Z [  27% ] [90m[1mupdate_scripts_classes[22m | [39m[0m
2026-10-07T05:33:32.8517004Z [  28% ] [90m[1mupdate_scripts_classes[22m | [39m[0m
2026-10-07T05:33:32.8517528Z [  29% ] [90m[1mupdate_scripts_classes[22m | [39m[0m
2026-10-07T05:33:32.8518046Z [  29% ] [90m[1mupdate_scripts_classes[22m | [39m[0m
2026-10-07T05:33:32.8518708Z [  30% ] [90m[1mupdate_scripts_classes[22m | [39m[0m
2026-10-07T05:33:32.8519250Z [  30% ] [90m[1mupdate_scripts_classes[22m | [39m[0m
2026-10-07T05:33:32.8519788Z [  31% ] [90m[1mupdate_scripts_classes[22m | [39m[0m
2026-10-07T05:33:32.8520504Z [  31% ] [90m[1mupdate_scripts_classes[22m | [39m[0m
2026-10-07T05:33:32.8521172Z [  32% ] [90m[1mupdate_scripts_classes[22m | [39m[0m
2026-10-07T05:33:32.8521684Z [  32% ] [90m[1mupdate_scripts_classes[22m | [39m[0m
2026-10-07T05:33:32.8522174Z [  33% ] [90m[1mupdate_scripts_classes[22m | [39m[0m
2026-10-07T05:33:32.8522666Z [  33% ] [90m[1mupdate_scripts_classes[22m | [39m[0m
2026-10-07T05:33:32.8523155Z [  34% ] [90m[1mupdate_scripts_classes[22m | [39m[0m
2026-10-07T05:33:32.8523658Z [  34% ] [90m[1mupdate_scripts_classes[22m | [39m[0m
2026-10-07T05:33:32.8524189Z [  35% ] [90m[1mupdate_scripts_classes[22m | [39m[0m
2026-10-07T05:33:32.8524733Z [  35% ] [90m[1mupdate_scripts_classes[22m | [39m[0m
2026-10-07T05:33:32.8525266Z [  36% ] [90m[1mupdate_scripts_classes[22m | [39m[0m
2026-10-07T05:33:32.8525802Z [  36% ] [90m[1mupdate_scripts_classes[22m | [39m[0m
2026-10-07T05:33:32.8526310Z [  37% ] [90m[1mupdate_scripts_classes[22m | [39m[0m
2026-10-07T05:33:32.8526717Z [  37% ] [90m[1mupdate_scripts_classes[22m | [39m[0m
2026-10-07T05:33:32.8527067Z [  38% ] [90m[1mupdate_scripts_classes[22m | [39m[0m
2026-10-07T05:33:32.8527419Z [  38% ] [90m[1mupdate_scripts_classes[22m | [39m[0m
2026-10-07T05:33:32.8527760Z [  39% ] [90m[1mupdate_scripts_classes[22m | [39m[0m
2026-10-07T05:33:32.8528094Z [  39% ] [90m[1mupdate_scripts_classes[22m | [39m[0m
2026-10-07T05:33:32.8528448Z [  40% ] [90m[1mupdate_scripts_classes[22m | [39m[0m
2026-10-07T05:33:32.8528926Z [  40% ] [90m[1mupdate_scripts_classes[22m | [39m[0m
2026-10-07T05:33:32.8529274Z [  41% ] [90m[1mupdate_scripts_classes[22m | [39m[0m
2026-10-07T05:33:32.8529603Z [  41% ] [90m[1mupdate_scripts_classes[22m | [39m[0m
2026-10-07T05:33:32.8529931Z [  42% ] [90m[1mupdate_scripts_classes[22m | [39m[0m
2026-10-07T05:33:32.8530263Z [  43% ] [90m[1mupdate_scripts_classes[22m | [39m[0m
2026-10-07T05:33:32.8530589Z [  43% ] [90m[1mupdate_scripts_classes[22m | [39m[0m
2026-10-07T05:33:32.8530925Z [  44% ] [90m[1mupdate_scripts_classes[22m | [39m[0m
2026-10-07T05:33:32.8531250Z [  44% ] [90m[1mupdate_scripts_classes[22m | [39m[0m
2026-10-07T05:33:32.8531584Z [  45% ] [90m[1mupdate_scripts_classes[22m | [39m[0m
2026-10-07T05:33:32.8531910Z [  45% ] [90m[1mupdate_scripts_classes[22m | [39m[0m
2026-10-07T05:33:32.8532236Z [  46% ] [90m[1mupdate_scripts_classes[22m | [39m[0m
2026-10-07T05:33:32.8532565Z [  46% ] [90m[1mupdate_scripts_classes[22m | [39m[0m
2026-10-07T05:33:32.8532893Z [  47% ] [90m[1mupdate_scripts_classes[22m | [39m[0m
2026-10-07T05:33:32.8533217Z [  47% ] [90m[1mupdate_scripts_classes[22m | [39m[0m
2026-10-07T05:33:32.8533564Z [  48% ] [90m[1mupdate_scripts_classes[22m | [39m[0m
2026-10-07T05:33:32.8533913Z [  48% ] [90m[1mupdate_scripts_classes[22m | [39m[0m
2026-10-07T05:33:32.8534245Z [  49% ] [90m[1mupdate_scripts_classes[22m | [39m[0m
2026-10-07T05:33:32.8534576Z [  49% ] [90m[1mupdate_scripts_classes[22m | [39m[0m
2026-10-07T05:33:32.8534917Z [  50% ] [90m[1mupdate_scripts_classes[22m | [39m[0m
2026-10-07T05:33:32.8535246Z [  50% ] [90m[1mupdate_scripts_classes[22m | [39m[0m
2026-10-07T05:33:32.8535570Z [  51% ] [90m[1mupdate_scripts_classes[22m | [39m[0m
2026-10-07T05:33:32.8535904Z [  51% ] [90m[1mupdate_scripts_classes[22m | [39m[0m
2026-10-07T05:33:32.8536247Z [  52% ] [90m[1mupdate_scripts_classes[22m | [39m[0m
2026-10-07T05:33:32.8536581Z [  52% ] [90m[1mupdate_scripts_classes[22m | [39m[0m
2026-10-07T05:33:32.8536908Z [  53% ] [90m[1mupdate_scripts_classes[22m | [39m[0m
2026-10-07T05:33:32.8537235Z [  53% ] [90m[1mupdate_scripts_classes[22m | [39m[0m
2026-10-07T05:33:32.8537558Z [  54% ] [90m[1mupdate_scripts_classes[22m | [39m[0m
2026-10-07T05:33:32.8537885Z [  54% ] [90m[1mupdate_scripts_classes[22m | [39m[0m
2026-10-07T05:33:32.8538213Z [  55% ] [90m[1mupdate_scripts_classes[22m | [39m[0m
2026-10-07T05:33:32.8538755Z [  55% ] [90m[1mupdate_scripts_classes[22m | [39m[0m
2026-10-07T05:33:32.8539172Z [  56% ] [90m[1mupdate_scripts_classes[22m | [39m[0m
2026-10-07T05:33:32.8539501Z [  56% ] [90m[1mupdate_scripts_classes[22m | [39m[0m
2026-10-07T05:33:32.8539833Z [  57% ] [90m[1mupdate_scripts_classes[22m | [39m[0m
2026-10-07T05:33:32.8540162Z [  58% ] [90m[1mupdate_scripts_classes[22m | [39m[0m
2026-10-07T05:33:32.8540500Z [  58% ] [90m[1mupdate_scripts_classes[22m | [39m[0m
2026-10-07T05:33:32.8540834Z [  59% ] [90m[1mupdate_scripts_classes[22m | [39m[0m
2026-10-07T05:33:32.8541168Z [  59% ] [90m[1mupdate_scripts_classes[22m | [39m[0m
2026-10-07T05:33:32.8541493Z [  60% ] [90m[1mupdate_scripts_classes[22m | [39m[0m
2026-10-07T05:33:32.8541822Z [  60% ] [90m[1mupdate_scripts_classes[22m | [39m[0m
2026-10-07T05:33:32.8542154Z [  61% ] [90m[1mupdate_scripts_classes[22m | [39m[0m
2026-10-07T05:33:32.8542492Z [  61% ] [90m[1mupdate_scripts_classes[22m | [39m[0m
2026-10-07T05:33:32.8542830Z [  62% ] [90m[1mupdate_scripts_classes[22m | [39m[0m
2026-10-07T05:33:32.8543162Z [  62% ] [90m[1mupdate_scripts_classes[22m | [39m[0m
2026-10-07T05:33:32.8543496Z [  63% ] [90m[1mupdate_scripts_classes[22m | [39m[0m
2026-10-07T05:33:32.8543827Z [  63% ] [90m[1mupdate_scripts_classes[22m | [39m[0m
2026-10-07T05:33:32.8544158Z [  64% ] [90m[1mupdate_scripts_classes[22m | [39m[0m
2026-10-07T05:33:32.8544497Z [  64% ] [90m[1mupdate_scripts_classes[22m | [39m[0m
2026-10-07T05:33:32.8544823Z [  65% ] [90m[1mupdate_scripts_classes[22m | [39m[0m
2026-10-07T05:33:32.8545163Z [  65% ] [90m[1mupdate_scripts_classes[22m | [39m[0m
2026-10-07T05:33:32.8545489Z [  66% ] [90m[1mupdate_scripts_classes[22m | [39m[0m
2026-10-07T05:33:32.8545819Z [  66% ] [90m[1mupdate_scripts_classes[22m | [39m[0m
2026-10-07T05:33:32.8546144Z [  67% ] [90m[1mupdate_scripts_classes[22m | [39m[0m
2026-10-07T05:33:32.8546481Z [  67% ] [90m[1mupdate_scripts_classes[22m | [39m[0m
2026-10-07T05:33:32.8546820Z [  68% ] [90m[1mupdate_scripts_classes[22m | [39m[0m
2026-10-07T05:33:32.8547174Z [  68% ] [90m[1mupdate_scripts_classes[22m | [39m[0m
2026-10-07T05:33:32.8547509Z [  69% ] [90m[1mupdate_scripts_classes[22m | [39m[0m
2026-10-07T05:33:32.8547844Z [  69% ] [90m[1mupdate_scripts_classes[22m | [39m[0m
2026-10-07T05:33:32.8548170Z [  70% ] [90m[1mupdate_scripts_classes[22m | [39m[0m
2026-10-07T05:33:32.8548504Z [  70% ] [90m[1mupdate_scripts_classes[22m | [39m[0m
2026-10-07T05:33:32.8548917Z [  71% ] [90m[1mupdate_scripts_classes[22m | [39m[0m
2026-10-07T05:33:32.8549247Z [  72% ] [90m[1mupdate_scripts_classes[22m | [39m[0m
2026-10-07T05:33:32.8549573Z [  72% ] [90m[1mupdate_scripts_classes[22m | [39m[0m
2026-10-07T05:33:32.8549898Z [  73% ] [90m[1mupdate_scripts_classes[22m | [39m[0m
2026-10-07T05:33:32.8550235Z [  73% ] [90m[1mupdate_scripts_classes[22m | [39m[0m
2026-10-07T05:33:32.8550568Z [  74% ] [90m[1mupdate_scripts_classes[22m | [39m[0m
2026-10-07T05:33:32.8550916Z [  74% ] [90m[1mupdate_scripts_classes[22m | [39m[0m
2026-10-07T05:33:32.8551249Z [  75% ] [90m[1mupdate_scripts_classes[22m | [39m[0m
2026-10-07T05:33:32.8551578Z [  75% ] [90m[1mupdate_scripts_classes[22m | [39m[0m
2026-10-07T05:33:32.8551907Z [  76% ] [90m[1mupdate_scripts_classes[22m | [39m[0m
2026-10-07T05:33:32.8552234Z [  76% ] [90m[1mupdate_scripts_classes[22m | [39m[0m
2026-10-07T05:33:32.8552563Z [  77% ] [90m[1mupdate_scripts_classes[22m | [39m[0m
2026-10-07T05:33:32.8552894Z [  77% ] [90m[1mupdate_scripts_classes[22m | [39m[0m
2026-10-07T05:33:32.8553235Z [  78% ] [90m[1mupdate_scripts_classes[22m | [39m[0m
2026-10-07T05:33:32.8553594Z [  78% ] [90m[1mupdate_scripts_classes[22m | [39m[0m
2026-10-07T05:33:32.8553969Z [  79% ] [90m[1mupdate_scripts_classes[22m | [39m[0m
2026-10-07T05:33:32.8554304Z [  79% ] [90m[1mupdate_scripts_classes[22m | [39m[0m
2026-10-07T05:33:32.8554738Z [  80% ] [90m[1mupdate_scripts_classes[22m | [39m[0m
2026-10-07T05:33:32.8555172Z [  80% ] [90m[1mupdate_scripts_classes[22m | [39m[0m
2026-10-07T05:33:32.8555507Z [  81% ] [90m[1mupdate_scripts_classes[22m | [39m[0m
2026-10-07T05:33:32.8555839Z [  81% ] [90m[1mupdate_scripts_classes[22m | [39m[0m
2026-10-07T05:33:32.8556169Z [  82% ] [90m[1mupdate_scripts_classes[22m | [39m[0m
2026-10-07T05:33:32.8556502Z [  82% ] [90m[1mupdate_scripts_classes[22m | [39m[0m
2026-10-07T05:33:32.8556830Z [  83% ] [90m[1mupdate_scripts_classes[22m | [39m[0m
2026-10-07T05:33:32.8557156Z [  83% ] [90m[1mupdate_scripts_classes[22m | [39m[0m
2026-10-07T05:33:32.8557508Z [  84% ] [90m[1mupdate_scripts_classes[22m | [39m[0m
2026-10-07T05:33:32.8557851Z [  84% ] [90m[1mupdate_scripts_classes[22m | [39m[0m
2026-10-07T05:33:32.8558183Z [  85% ] [90m[1mupdate_scripts_classes[22m | [39m[0m
2026-10-07T05:33:32.8558513Z [  86% ] [90m[1mupdate_scripts_classes[22m | [39m[0m
2026-10-07T05:33:32.8558962Z [  86% ] [90m[1mupdate_scripts_classes[22m | [39m[0m
2026-10-07T05:33:32.8559304Z [  87% ] [90m[1mupdate_scripts_classes[22m | [39m[0m
2026-10-07T05:33:32.8559632Z [  87% ] [90m[1mupdate_scripts_classes[22m | [39m[0m
2026-10-07T05:33:32.8559966Z [  88% ] [90m[1mupdate_scripts_classes[22m | [39m[0m
2026-10-07T05:33:32.8560318Z [  88% ] [90m[1mupdate_scripts_classes[22m | [39m[0m
2026-10-07T05:33:32.8560655Z [  89% ] [90m[1mupdate_scripts_classes[22m | [39m[0m
2026-10-07T05:33:32.8560984Z [  89% ] [90m[1mupdate_scripts_classes[22m | [39m[0m
2026-10-07T05:33:32.8561317Z [  90% ] [90m[1mupdate_scripts_classes[22m | [39m[0m
2026-10-07T05:33:32.8561641Z [  90% ] [90m[1mupdate_scripts_classes[22m | [39m[0m
2026-10-07T05:33:32.8561971Z [  91% ] [90m[1mupdate_scripts_classes[22m | [39m[0m
2026-10-07T05:33:32.8562307Z [  91% ] [90m[1mupdate_scripts_classes[22m | [39m[0m
2026-10-07T05:33:32.8562638Z [  92% ] [90m[1mupdate_scripts_classes[22m | [39m[0m
2026-10-07T05:33:32.8562976Z [  92% ] [90m[1mupdate_scripts_classes[22m | [39m[0m
2026-10-07T05:33:32.8563342Z [  93% ] [90m[1mupdate_scripts_classes[22m | [39m[0m
2026-10-07T05:33:32.8563677Z [  93% ] [90m[1mupdate_scripts_classes[22m | [39m[0m
2026-10-07T05:33:32.8564002Z [  94% ] [90m[1mupdate_scripts_classes[22m | [39m[0m
2026-10-07T05:33:32.8564330Z [  94% ] [90m[1mupdate_scripts_classes[22m | [39m[0m
2026-10-07T05:33:32.8564660Z [  95% ] [90m[1mupdate_scripts_classes[22m | [39m[0m
2026-10-07T05:33:32.8564993Z [  95% ] [90m[1mupdate_scripts_classes[22m | [39m[0m
2026-10-07T05:33:32.8565321Z [  96% ] [90m[1mupdate_scripts_classes[22m | [39m[0m
2026-10-07T05:33:32.8565649Z [  96% ] [90m[1mupdate_scripts_classes[22m | [39m[0m
2026-10-07T05:33:32.8565979Z [  97% ] [90m[1mupdate_scripts_classes[22m | [39m[0m
2026-10-07T05:33:32.8566303Z [  97% ] [90m[1mupdate_scripts_classes[22m | [39m[0m
2026-10-07T05:33:32.8566628Z [  98% ] [90m[1mupdate_scripts_classes[22m | [39m[0m
2026-10-07T05:33:32.8566963Z [  98% ] [90m[1mupdate_scripts_classes[22m | [39m[0m
2026-10-07T05:33:32.8567300Z [92m[ DONE ][39m [1mupdate_scripts_classes[22m
2026-10-07T05:33:32.8567547Z [0m
2026-10-07T05:33:32.9325714Z [   0% ] [90m[1m_update_scan_actions[22m | Started Scanning actions... (107 steps)[39m[0m
2026-10-07T05:33:32.9327680Z [   0% ] [90m[1m_update_scan_actions[22m | arcanist.png[39m[0m
2026-10-07T05:33:32.9329439Z [   0% ] [90m[1m_update_scan_actions[22m | bulwark.png[39m[0m
2026-10-07T05:33:32.9339396Z [   1% ] [90m[1m_update_scan_actions[22m | elite.png[39m[0m
2026-10-07T05:33:32.9339970Z [   2% ] [90m[1m_update_scan_actions[22m | guardian_0.png[39m[0m
2026-10-07T05:33:32.9340642Z [   3% ] [90m[1m_update_scan_actions[22m | guardian_1.png[39m[0m
2026-10-07T05:33:32.9341085Z [   4% ] [90m[1m_update_scan_actions[22m | guardian_2.png[39m[0m
2026-10-07T05:33:32.9341710Z [   5% ] [90m[1m_update_scan_actions[22m | guardian_3.png[39m[0m
2026-10-07T05:33:32.9342773Z [   6% ] [90m[1m_update_scan_actions[22m | hexer.png[39m[0m
2026-10-07T05:33:32.9343384Z [   7% ] [90m[1m_update_scan_actions[22m | raider.png[39m[0m
2026-10-07T05:33:32.9349525Z [   8% ] [90m[1m_update_scan_actions[22m | ranger.png[39m[0m
2026-10-07T05:33:32.9359639Z [   9% ] [90m[1m_update_scan_actions[22m | vowkeeper.png[39m[0m
2026-10-07T05:33:32.9360326Z [  10% ] [90m[1m_update_scan_actions[22m | arcanist.png[39m[0m
2026-10-07T05:33:32.9360968Z [  11% ] [90m[1m_update_scan_actions[22m | guardian_0.png[39m[0m
2026-10-07T05:33:32.9361600Z [  12% ] [90m[1m_update_scan_actions[22m | guardian_1.png[39m[0m
2026-10-07T05:33:32.9362234Z [  12% ] [90m[1m_update_scan_actions[22m | guardian_2.png[39m[0m
2026-10-07T05:33:32.9362848Z [  13% ] [90m[1m_update_scan_actions[22m | guardian_3.png[39m[0m
2026-10-07T05:33:32.9363469Z [  14% ] [90m[1m_update_scan_actions[22m | hostiles.png[39m[0m
2026-10-07T05:33:32.9364101Z [  15% ] [90m[1m_update_scan_actions[22m | ranger.png[39m[0m
2026-10-07T05:33:32.9364730Z [  16% ] [90m[1m_update_scan_actions[22m | vowkeeper.png[39m[0m
2026-10-07T05:33:32.9365349Z [  17% ] [90m[1m_update_scan_actions[22m | Cinzel.ttf[39m[0m
2026-10-07T05:33:32.9365934Z [  18% ] [90m[1m_update_scan_actions[22m | Lora.ttf[39m[0m
2026-10-07T05:33:32.9366584Z [  19% ] [90m[1m_update_scan_actions[22m | material-atlas.png[39m[0m
2026-10-07T05:33:32.9367323Z [  20% ] [90m[1m_update_scan_actions[22m | Bricks096_1K-PNG_Color.png[39m[0m
2026-10-07T05:33:32.9368100Z [  21% ] [90m[1m_update_scan_actions[22m | Bricks096_1K-PNG_NormalGL.png[39m[0m
2026-10-07T05:33:32.9369023Z [  22% ] [90m[1m_update_scan_actions[22m | Bricks096_1K-PNG_Roughness.png[39m[0m
2026-10-07T05:33:32.9369792Z [  23% ] [90m[1m_update_scan_actions[22m | Metal063_1K-JPG_Color.jpg[39m[0m
2026-10-07T05:33:32.9370558Z [  24% ] [90m[1m_update_scan_actions[22m | Metal063_1K-JPG_Roughness.jpg[39m[0m
2026-10-07T05:33:32.9371300Z [  25% ] [90m[1m_update_scan_actions[22m | nyra-face-albedo.png[39m[0m
2026-10-07T05:33:32.9372011Z [  25% ] [90m[1m_update_scan_actions[22m | ruin-floor-albedo.png[39m[0m
2026-10-07T05:33:32.9372732Z [  26% ] [90m[1m_update_scan_actions[22m | Rock030_1K-JPG_Color.jpg[39m[0m
2026-10-07T05:33:32.9373485Z [  27% ] [90m[1m_update_scan_actions[22m | Rock030_1K-JPG_NormalGL.jpg[39m[0m
2026-10-07T05:33:32.9374235Z [  28% ] [90m[1m_update_scan_actions[22m | Rock030_1K-JPG_Roughness.jpg[39m[0m
2026-10-07T05:33:32.9374960Z [  29% ] [90m[1m_update_scan_actions[22m | ranger-native65.glb[39m[0m
2026-10-07T05:33:32.9375630Z [  30% ] [90m[1m_update_scan_actions[22m | archive_bay.glb[39m[0m
2026-10-07T05:33:32.9376410Z [  31% ] [90m[1m_update_scan_actions[22m | archive_bay_broken.glb[39m[0m
2026-10-07T05:33:32.9377583Z [  32% ] [90m[1m_update_scan_actions[22m | archive_end.glb[39m[0m
2026-10-07T05:33:32.9379046Z [  33% ] [90m[1m_update_scan_actions[22m | archive_return.glb[39m[0m
2026-10-07T05:33:32.9380280Z [  34% ] [90m[1m_update_scan_actions[22m | archive_solid.glb[39m[0m
2026-10-07T05:33:32.9381487Z [  35% ] [90m[1m_update_scan_actions[22m | citadel_bay.glb[39m[0m
2026-10-07T05:33:32.9382747Z [  36% ] [90m[1m_update_scan_actions[22m | citadel_bay_broken.glb[39m[0m
2026-10-07T05:33:32.9383917Z [  37% ] [90m[1m_update_scan_actions[22m | citadel_end.glb[39m[0m
2026-10-07T05:33:32.9385188Z [  37% ] [90m[1m_update_scan_actions[22m | citadel_return.glb[39m[0m
2026-10-07T05:33:32.9386394Z [  38% ] [90m[1m_update_scan_actions[22m | citadel_solid.glb[39m[0m
2026-10-07T05:33:32.9387576Z [  39% ] [90m[1m_update_scan_actions[22m | ossuary_bay.glb[39m[0m
2026-10-07T05:33:32.9388942Z [  40% ] [90m[1m_update_scan_actions[22m | ossuary_bay_broken.glb[39m[0m
2026-10-07T05:33:32.9390210Z [  41% ] [90m[1m_update_scan_actions[22m | ossuary_end.glb[39m[0m
2026-10-07T05:33:32.9391450Z [  42% ] [90m[1m_update_scan_actions[22m | ossuary_return.glb[39m[0m
2026-10-07T05:33:32.9392780Z [  43% ] [90m[1m_update_scan_actions[22m | ossuary_solid.glb[39m[0m
2026-10-07T05:33:32.9393828Z [  44% ] [90m[1m_update_scan_actions[22m | spire_bay.glb[39m[0m
2026-10-07T05:33:32.9395078Z [  45% ] [90m[1m_update_scan_actions[22m | spire_bay_broken.glb[39m[0m
2026-10-07T05:33:32.9396248Z [  46% ] [90m[1m_update_scan_actions[22m | spire_end.glb[39m[0m
2026-10-07T05:33:32.9397474Z [  47% ] [90m[1m_update_scan_actions[22m | spire_return.glb[39m[0m
2026-10-07T05:33:32.9398776Z [  48% ] [90m[1m_update_scan_actions[22m | spire_solid.glb[39m[0m
2026-10-07T05:33:32.9400090Z [  49% ] [90m[1m_update_scan_actions[22m | arcanist.glb[39m[0m
2026-10-07T05:33:32.9401332Z [  50% ] [90m[1m_update_scan_actions[22m | staff-grip053.glb[39m[0m
2026-10-07T05:33:32.9402536Z [  50% ] [90m[1m_update_scan_actions[22m | nyra-attire054.glb[39m[0m
2026-10-07T05:33:32.9403805Z [  51% ] [90m[1m_update_scan_actions[22m | archive_reliquary.glb[39m[0m
2026-10-07T05:33:32.9405019Z [  52% ] [90m[1m_update_scan_actions[22m | citadel_reliquary.glb[39m[0m
2026-10-07T05:33:32.9406212Z [  53% ] [90m[1m_update_scan_actions[22m | ossuary_reliquary.glb[39m[0m
2026-10-07T05:33:32.9407414Z [  54% ] [90m[1m_update_scan_actions[22m | spire_reliquary.glb[39m[0m
2026-10-07T05:33:32.9408731Z [  55% ] [90m[1m_update_scan_actions[22m | axe-fitted.glb[39m[0m
2026-10-07T05:33:32.9410027Z [  56% ] [90m[1m_update_scan_actions[22m | axe-original.glb[39m[0m
2026-10-07T05:33:32.9411288Z [  57% ] [90m[1m_update_scan_actions[22m | raider-native65.glb[39m[0m
2026-10-07T05:33:32.9412398Z [  58% ] [90m[1m_update_scan_actions[22m | arcanist.glb[39m[0m
2026-10-07T05:33:32.9413521Z [  59% ] [90m[1m_update_scan_actions[22m | bone_arch.glb[39m[0m
2026-10-07T05:33:32.9414673Z [  60% ] [90m[1m_update_scan_actions[22m | broken_pillar.glb[39m[0m
2026-10-07T05:33:32.9415775Z [  61% ] [90m[1m_update_scan_actions[22m | bulwark.glb[39m[0m
2026-10-07T05:33:32.9416996Z [  62% ] [90m[1m_update_scan_actions[22m | carved_tomb.glb[39m[0m
2026-10-07T05:33:32.9418182Z [  62% ] [90m[1m_update_scan_actions[22m | ceremonial_brazier.glb[39m[0m
2026-10-07T05:33:32.9419481Z [  63% ] [90m[1m_update_scan_actions[22m | drowned_library.glb[39m[0m
2026-10-07T05:33:32.9420579Z [  64% ] [90m[1m_update_scan_actions[22m | elite.glb[39m[0m
2026-10-07T05:33:32.9421775Z [  65% ] [90m[1m_update_scan_actions[22m | expedition_table.glb[39m[0m
2026-10-07T05:33:32.9422909Z [  66% ] [90m[1m_update_scan_actions[22m | field_forge.glb[39m[0m
2026-10-07T05:33:32.9424034Z [  67% ] [90m[1m_update_scan_actions[22m | furnace.glb[39m[0m
2026-10-07T05:33:32.9425248Z [  68% ] [90m[1m_update_scan_actions[22m | furnace_throne.glb[39m[0m
2026-10-07T05:33:32.9426338Z [  69% ] [90m[1m_update_scan_actions[22m | gothic_arch.glb[39m[0m
2026-10-07T05:33:32.9427502Z [  70% ] [90m[1m_update_scan_actions[22m | guardian_0.glb[39m[0m
2026-10-07T05:33:32.9428757Z [  71% ] [90m[1m_update_scan_actions[22m | guardian_1.glb[39m[0m
2026-10-07T05:33:32.9430001Z [  72% ] [90m[1m_update_scan_actions[22m | guardian_2.glb[39m[0m
2026-10-07T05:33:32.9431162Z [  73% ] [90m[1m_update_scan_actions[22m | guardian_3.glb[39m[0m
2026-10-07T05:33:32.9432341Z [  74% ] [90m[1m_update_scan_actions[22m | hanging_bell.glb[39m[0m
2026-10-07T05:33:32.9433416Z [  75% ] [90m[1m_update_scan_actions[22m | hexer.glb[39m[0m
2026-10-07T05:33:32.9434592Z [  75% ] [90m[1m_update_scan_actions[22m | leaded_lancet.glb[39m[0m
2026-10-07T05:33:32.9435741Z [  76% ] [90m[1m_update_scan_actions[22m | pilgrim_well.glb[39m[0m
2026-10-07T05:33:32.9436915Z [  77% ] [90m[1m_update_scan_actions[22m | pillar.glb[39m[0m
2026-10-07T05:33:32.9438046Z [  78% ] [90m[1m_update_scan_actions[22m | raider.glb[39m[0m
2026-10-07T05:33:32.9439420Z [  79% ] [90m[1m_update_scan_actions[22m | ranger.glb[39m[0m
2026-10-07T05:33:32.9440660Z [  80% ] [90m[1m_update_scan_actions[22m | reliquary_altar.glb[39m[0m
2026-10-07T05:33:32.9441984Z [  81% ] [90m[1m_update_scan_actions[22m | ruined_vault.glb[39m[0m
2026-10-07T05:33:32.9443082Z [  82% ] [90m[1m_update_scan_actions[22m | sanctuary_intarsia.glb[39m[0m
2026-10-07T05:33:32.9444174Z [  83% ] [90m[1m_update_scan_actions[22m | seal_shrine.glb[39m[0m
2026-10-07T05:33:32.9445289Z [  84% ] [90m[1m_update_scan_actions[22m | vowkeeper.glb[39m[0m
2026-10-07T05:33:32.9446529Z [  85% ] [90m[1m_update_scan_actions[22m | archive.png[39m[0m
2026-10-07T05:33:32.9447800Z [  86% ] [90m[1m_update_scan_actions[22m | camp.png[39m[0m
2026-10-07T05:33:32.9449224Z [  87% ] [90m[1m_update_scan_actions[22m | citadel.png[39m[0m
2026-10-07T05:33:32.9450450Z [  87% ] [90m[1m_update_scan_actions[22m | ossuary.png[39m[0m
2026-10-07T05:33:32.9451751Z [  88% ] [90m[1m_update_scan_actions[22m | spire.png[39m[0m
2026-10-07T05:33:32.9452995Z [  89% ] [90m[1m_update_scan_actions[22m | camp-matte.png[39m[0m
2026-10-07T05:33:32.9454287Z [  90% ] [90m[1m_update_scan_actions[22m | camp-stations.png[39m[0m
2026-10-07T05:33:32.9455493Z [  91% ] [90m[1m_update_scan_actions[22m | painted-stone.png[39m[0m
2026-10-07T05:33:32.9456700Z [  92% ] [90m[1m_update_scan_actions[22m | region-atlas.png[39m[0m
2026-10-07T05:33:32.9457845Z [  93% ] [90m[1m_update_scan_actions[22m | app_icon.png[39m[0m
2026-10-07T05:33:32.9459061Z [  94% ] [90m[1m_update_scan_actions[22m | app_icon.svg[39m[0m
2026-10-07T05:33:32.9460315Z [  95% ] [90m[1m_update_scan_actions[22m | cinder_knight.webp[39m[0m
2026-10-07T05:33:32.9461528Z [  96% ] [90m[1m_update_scan_actions[22m | hollow_spire_corridor.webp[39m[0m
2026-10-07T05:33:32.9462616Z [  97% ] [90m[1m_update_scan_actions[22m | nyra_portrait.webp[39m[0m
2026-10-07T05:33:32.9463744Z [  98% ] [90m[1m_update_scan_actions[22m | nyra_runner.webp[39m[0m
2026-10-07T05:33:32.9464316Z [92m[ DONE ][39m [1m_update_scan_actions[22m
2026-10-07T05:33:32.9464672Z [0m
2026-10-07T05:33:32.9465250Z [   0% ] [90m[1mreimport[22m | Started (Re)Importing Assets (107 steps)[39m[0m
2026-10-07T05:33:32.9465989Z [   0% ] [90m[1mreimport[22m | Preparing files to reimport...[39m[0m
2026-10-07T05:33:32.9466671Z [   0% ] [90m[1mreimport[22m | Preparing files to reimport...[39m[0m
2026-10-07T05:33:32.9467623Z [   1% ] [90m[1mreimport[22m | Preparing files to reimport...[39m[0m
2026-10-07T05:33:32.9468717Z [   2% ] [90m[1mreimport[22m | Preparing files to reimport...[39m[0m
2026-10-07T05:33:32.9469780Z [   3% ] [90m[1mreimport[22m | Preparing files to reimport...[39m[0m
2026-10-07T05:33:32.9470894Z [   4% ] [90m[1mreimport[22m | Preparing files to reimport...[39m[0m
2026-10-07T05:33:32.9471866Z [   5% ] [90m[1mreimport[22m | Preparing files to reimport...[39m[0m
2026-10-07T05:33:32.9472826Z [   6% ] [90m[1mreimport[22m | Preparing files to reimport...[39m[0m
2026-10-07T05:33:32.9473820Z [   7% ] [90m[1mreimport[22m | Preparing files to reimport...[39m[0m
2026-10-07T05:33:32.9474826Z [   8% ] [90m[1mreimport[22m | Preparing files to reimport...[39m[0m
2026-10-07T05:33:32.9475830Z [   9% ] [90m[1mreimport[22m | Preparing files to reimport...[39m[0m
2026-10-07T05:33:32.9476881Z [  10% ] [90m[1mreimport[22m | Preparing files to reimport...[39m[0m
2026-10-07T05:33:32.9477865Z [  11% ] [90m[1mreimport[22m | Preparing files to reimport...[39m[0m
2026-10-07T05:33:32.9478931Z [  12% ] [90m[1mreimport[22m | Preparing files to reimport...[39m[0m
2026-10-07T05:33:32.9479965Z [  12% ] [90m[1mreimport[22m | Preparing files to reimport...[39m[0m
2026-10-07T05:33:32.9480920Z [  13% ] [90m[1mreimport[22m | Preparing files to reimport...[39m[0m
2026-10-07T05:33:32.9481890Z [  14% ] [90m[1mreimport[22m | Preparing files to reimport...[39m[0m
2026-10-07T05:33:32.9482817Z [  15% ] [90m[1mreimport[22m | Preparing files to reimport...[39m[0m
2026-10-07T05:33:32.9483785Z [  16% ] [90m[1mreimport[22m | Preparing files to reimport...[39m[0m
2026-10-07T05:33:32.9484871Z [  17% ] [90m[1mreimport[22m | Preparing files to reimport...[39m[0m
2026-10-07T05:33:32.9485688Z [  18% ] [90m[1mreimport[22m | Preparing files to reimport...[39m[0m
2026-10-07T05:33:32.9486603Z [  19% ] [90m[1mreimport[22m | Preparing files to reimport...[39m[0m
2026-10-07T05:33:32.9487640Z [  20% ] [90m[1mreimport[22m | Preparing files to reimport...[39m[0m
2026-10-07T05:33:32.9488897Z [  21% ] [90m[1mreimport[22m | Preparing files to reimport...[39m[0m
2026-10-07T05:33:32.9490122Z [  22% ] [90m[1mreimport[22m | Preparing files to reimport...[39m[0m
2026-10-07T05:33:32.9491254Z [  23% ] [90m[1mreimport[22m | Preparing files to reimport...[39m[0m
2026-10-07T05:33:32.9492288Z [  24% ] [90m[1mreimport[22m | Preparing files to reimport...[39m[0m
2026-10-07T05:33:32.9493291Z [  25% ] [90m[1mreimport[22m | Preparing files to reimport...[39m[0m
2026-10-07T05:33:32.9494339Z [  25% ] [90m[1mreimport[22m | Preparing files to reimport...[39m[0m
2026-10-07T05:33:32.9495358Z [  26% ] [90m[1mreimport[22m | Preparing files to reimport...[39m[0m
2026-10-07T05:33:32.9496463Z [  27% ] [90m[1mreimport[22m | Preparing files to reimport...[39m[0m
2026-10-07T05:33:32.9497558Z [  28% ] [90m[1mreimport[22m | Preparing files to reimport...[39m[0m
2026-10-07T05:33:32.9498758Z [  29% ] [90m[1mreimport[22m | Preparing files to reimport...[39m[0m
2026-10-07T05:33:32.9499842Z [  30% ] [90m[1mreimport[22m | Preparing files to reimport...[39m[0m
2026-10-07T05:33:32.9500801Z [  31% ] [90m[1mreimport[22m | Preparing files to reimport...[39m[0m
2026-10-07T05:33:32.9501810Z [  32% ] [90m[1mreimport[22m | Preparing files to reimport...[39m[0m
2026-10-07T05:33:32.9502808Z [  33% ] [90m[1mreimport[22m | Preparing files to reimport...[39m[0m
2026-10-07T05:33:32.9503771Z [  34% ] [90m[1mreimport[22m | Preparing files to reimport...[39m[0m
2026-10-07T05:33:32.9504766Z [  35% ] [90m[1mreimport[22m | Preparing files to reimport...[39m[0m
2026-10-07T05:33:32.9505754Z [  36% ] [90m[1mreimport[22m | Preparing files to reimport...[39m[0m
2026-10-07T05:33:32.9506733Z [  37% ] [90m[1mreimport[22m | Preparing files to reimport...[39m[0m
2026-10-07T05:33:32.9507722Z [  37% ] [90m[1mreimport[22m | Preparing files to reimport...[39m[0m
2026-10-07T05:33:32.9508860Z [  38% ] [90m[1mreimport[22m | Preparing files to reimport...[39m[0m
2026-10-07T05:33:32.9509923Z [  39% ] [90m[1mreimport[22m | Preparing files to reimport...[39m[0m
2026-10-07T05:33:32.9510908Z [  40% ] [90m[1mreimport[22m | Preparing files to reimport...[39m[0m
2026-10-07T05:33:32.9511936Z [  41% ] [90m[1mreimport[22m | Preparing files to reimport...[39m[0m
2026-10-07T05:33:32.9512993Z [  42% ] [90m[1mreimport[22m | Preparing files to reimport...[39m[0m
2026-10-07T05:33:32.9514040Z [  43% ] [90m[1mreimport[22m | Preparing files to reimport...[39m[0m
2026-10-07T05:33:32.9515052Z [  44% ] [90m[1mreimport[22m | Preparing files to reimport...[39m[0m
2026-10-07T05:33:32.9516085Z [  45% ] [90m[1mreimport[22m | Preparing files to reimport...[39m[0m
2026-10-07T05:33:32.9517112Z [  46% ] [90m[1mreimport[22m | Preparing files to reimport...[39m[0m
2026-10-07T05:33:32.9518194Z [  47% ] [90m[1mreimport[22m | Preparing files to reimport...[39m[0m
2026-10-07T05:33:32.9519396Z [  48% ] [90m[1mreimport[22m | Preparing files to reimport...[39m[0m
2026-10-07T05:33:32.9520449Z [  49% ] [90m[1mreimport[22m | Preparing files to reimport...[39m[0m
2026-10-07T05:33:32.9521488Z [  50% ] [90m[1mreimport[22m | Preparing files to reimport...[39m[0m
2026-10-07T05:33:32.9522515Z [  50% ] [90m[1mreimport[22m | Preparing files to reimport...[39m[0m
2026-10-07T05:33:32.9523570Z [  51% ] [90m[1mreimport[22m | Preparing files to reimport...[39m[0m
2026-10-07T05:33:32.9524572Z [  52% ] [90m[1mreimport[22m | Preparing files to reimport...[39m[0m
2026-10-07T05:33:32.9525787Z [  53% ] [90m[1mreimport[22m | Preparing files to reimport...[39m[0m
2026-10-07T05:33:32.9526560Z [  54% ] [90m[1mreimport[22m | Preparing files to reimport...[39m[0m
2026-10-07T05:33:32.9527609Z [  55% ] [90m[1mreimport[22m | Preparing files to reimport...[39m[0m
2026-10-07T05:33:32.9528703Z [  56% ] [90m[1mreimport[22m | Preparing files to reimport...[39m[0m
2026-10-07T05:33:32.9529774Z [  57% ] [90m[1mreimport[22m | Preparing files to reimport...[39m[0m
2026-10-07T05:33:32.9530829Z [  58% ] [90m[1mreimport[22m | Preparing files to reimport...[39m[0m
2026-10-07T05:33:32.9531764Z [  59% ] [90m[1mreimport[22m | Preparing files to reimport...[39m[0m
2026-10-07T05:33:32.9532708Z [  60% ] [90m[1mreimport[22m | Preparing files to reimport...[39m[0m
2026-10-07T05:33:32.9533634Z [  61% ] [90m[1mreimport[22m | Preparing files to reimport...[39m[0m
2026-10-07T05:33:32.9534573Z [  62% ] [90m[1mreimport[22m | Preparing files to reimport...[39m[0m
2026-10-07T05:33:32.9535526Z [  62% ] [90m[1mreimport[22m | Preparing files to reimport...[39m[0m
2026-10-07T05:33:32.9536475Z [  63% ] [90m[1mreimport[22m | Preparing files to reimport...[39m[0m
2026-10-07T05:33:32.9537438Z [  64% ] [90m[1mreimport[22m | Preparing files to reimport...[39m[0m
2026-10-07T05:33:32.9538372Z [  65% ] [90m[1mreimport[22m | Preparing files to reimport...[39m[0m
2026-10-07T05:33:32.9539668Z [  66% ] [90m[1mreimport[22m | Preparing files to reimport...[39m[0m
2026-10-07T05:33:32.9540663Z [  67% ] [90m[1mreimport[22m | Preparing files to reimport...[39m[0m
2026-10-07T05:33:32.9541636Z [  68% ] [90m[1mreimport[22m | Preparing files to reimport...[39m[0m
2026-10-07T05:33:32.9542597Z [  69% ] [90m[1mreimport[22m | Preparing files to reimport...[39m[0m
2026-10-07T05:33:32.9543629Z [  70% ] [90m[1mreimport[22m | Preparing files to reimport...[39m[0m
2026-10-07T05:33:32.9544601Z [  71% ] [90m[1mreimport[22m | Preparing files to reimport...[39m[0m
2026-10-07T05:33:32.9545583Z [  72% ] [90m[1mreimport[22m | Preparing files to reimport...[39m[0m
2026-10-07T05:33:32.9546523Z [  73% ] [90m[1mreimport[22m | Preparing files to reimport...[39m[0m
2026-10-07T05:33:32.9547474Z [  74% ] [90m[1mreimport[22m | Preparing files to reimport...[39m[0m
2026-10-07T05:33:32.9548437Z [  75% ] [90m[1mreimport[22m | Preparing files to reimport...[39m[0m
2026-10-07T05:33:32.9549533Z [  75% ] [90m[1mreimport[22m | Preparing files to reimport...[39m[0m
2026-10-07T05:33:32.9550493Z [  76% ] [90m[1mreimport[22m | Preparing files to reimport...[39m[0m
2026-10-07T05:33:32.9551468Z [  77% ] [90m[1mreimport[22m | Preparing files to reimport...[39m[0m
2026-10-07T05:33:32.9552438Z [  78% ] [90m[1mreimport[22m | Preparing files to reimport...[39m[0m
2026-10-07T05:33:32.9553459Z [  79% ] [90m[1mreimport[22m | Preparing files to reimport...[39m[0m
2026-10-07T05:33:32.9554431Z [  80% ] [90m[1mreimport[22m | Preparing files to reimport...[39m[0m
2026-10-07T05:33:32.9555484Z [  81% ] [90m[1mreimport[22m | Preparing files to reimport...[39m[0m
2026-10-07T05:33:32.9556472Z [  82% ] [90m[1mreimport[22m | Preparing files to reimport...[39m[0m
2026-10-07T05:33:32.9557457Z [  83% ] [90m[1mreimport[22m | Preparing files to reimport...[39m[0m
2026-10-07T05:33:32.9558392Z [  84% ] [90m[1mreimport[22m | Preparing files to reimport...[39m[0m
2026-10-07T05:33:32.9559535Z [  85% ] [90m[1mreimport[22m | Preparing files to reimport...[39m[0m
2026-10-07T05:33:32.9560585Z [  86% ] [90m[1mreimport[22m | Preparing files to reimport...[39m[0m
2026-10-07T05:33:32.9561630Z [  87% ] [90m[1mreimport[22m | Preparing files to reimport...[39m[0m
2026-10-07T05:33:32.9562643Z [  87% ] [90m[1mreimport[22m | Preparing files to reimport...[39m[0m
2026-10-07T05:33:32.9563619Z [  88% ] [90m[1mreimport[22m | Preparing files to reimport...[39m[0m
2026-10-07T05:33:32.9564610Z [  89% ] [90m[1mreimport[22m | Preparing files to reimport...[39m[0m
2026-10-07T05:33:32.9565707Z [  90% ] [90m[1mreimport[22m | Preparing files to reimport...[39m[0m
2026-10-07T05:33:32.9566528Z [  91% ] [90m[1mreimport[22m | Preparing files to reimport...[39m[0m
2026-10-07T05:33:32.9567491Z [  92% ] [90m[1mreimport[22m | Preparing files to reimport...[39m[0m
2026-10-07T05:33:32.9568431Z [  93% ] [90m[1mreimport[22m | Preparing files to reimport...[39m[0m
2026-10-07T05:33:32.9569507Z [  94% ] [90m[1mreimport[22m | Preparing files to reimport...[39m[0m
2026-10-07T05:33:32.9570432Z [  95% ] [90m[1mreimport[22m | Preparing files to reimport...[39m[0m
2026-10-07T05:33:32.9571367Z [  96% ] [90m[1mreimport[22m | Preparing files to reimport...[39m[0m
2026-10-07T05:33:32.9572278Z [  97% ] [90m[1mreimport[22m | Preparing files to reimport...[39m[0m
2026-10-07T05:33:32.9573172Z [  98% ] [90m[1mreimport[22m | Preparing files to reimport...[39m[0m
2026-10-07T05:33:32.9574229Z [   0% ] [90m[1mreimport[22m | Executing pre-reimport operations...[39m[0m
2026-10-07T05:33:32.9583319Z [   0% ] [90m[1mpreload_reimporting_scene[22m | Started Preparing scenes for reload (1 steps)[39m[0m
2026-10-07T05:33:32.9584226Z [   0% ] [90m[1mpreload_reimporting_scene[22m | Analyzing scene [empty][39m[0m
2026-10-07T05:33:32.9584988Z [  50% ] [90m[1mpreload_reimporting_scene[22m | Preparation done.[39m[0m
2026-10-07T05:33:32.9585608Z [92m[ DONE ][39m [1mpreload_reimporting_scene[22m
2026-10-07T05:33:32.9585978Z [0m
2026-10-07T05:33:32.9586368Z [   0% ] [90m[1mreimport[22m | Lora.ttf[39m[0m
2026-10-07T05:33:33.0514654Z [   0% ] [90m[1mreimport[22m | Cinzel.ttf[39m[0m
2026-10-07T05:33:33.0523355Z [   1% ] [90m[1mreimport[22m | Lora.ttf[39m[0m
2026-10-07T05:33:33.2890801Z [   2% ] [90m[1mreimport[22m | Cinzel.ttf[39m[0m
2026-10-07T05:33:33.4129938Z [   3% ] [90m[1mreimport[22m | Metal063_1K-JPG_Color.jpg[39m[0m
2026-10-07T05:33:33.4149282Z [   4% ] [90m[1mreimport[22m | Metal063_1K-JPG_Roughness.jpg[39m[0m
2026-10-07T05:33:33.5289207Z [   5% ] [90m[1mreimport[22m | nyra-face-albedo.png[39m[0m
2026-10-07T05:33:33.5420083Z [   6% ] [90m[1mreimport[22m | ruin-floor-albedo.png[39m[0m
2026-10-07T05:33:33.5910060Z [   7% ] [90m[1mreimport[22m | Rock030_1K-JPG_Color.jpg[39m[0m
2026-10-07T05:33:33.6700223Z [   8% ] [90m[1mreimport[22m | Rock030_1K-JPG_NormalGL.jpg[39m[0m
2026-10-07T05:33:33.9824154Z [   9% ] [90m[1mreimport[22m | Rock030_1K-JPG_Roughness.jpg[39m[0m
2026-10-07T05:33:34.0049992Z [  10% ] [90m[1mreimport[22m | archive.png[39m[0m
2026-10-07T05:33:34.0792351Z [  11% ] [90m[1mreimport[22m | camp.png[39m[0m
2026-10-07T05:33:34.3975892Z [  12% ] [90m[1mreimport[22m | citadel.png[39m[0m
2026-10-07T05:33:34.4320215Z [  12% ] [90m[1mreimport[22m | ossuary.png[39m[0m
2026-10-07T05:33:34.6030070Z [  13% ] [90m[1mreimport[22m | spire.png[39m[0m
2026-10-07T05:33:34.7535901Z [  14% ] [90m[1mreimport[22m | camp-matte.png[39m[0m
2026-10-07T05:33:34.8230125Z [  15% ] [90m[1mreimport[22m | camp-stations.png[39m[0m
2026-10-07T05:33:34.8999950Z [  16% ] [90m[1mreimport[22m | painted-stone.png[39m[0m
2026-10-07T05:33:34.9429873Z [  17% ] [90m[1mreimport[22m | region-atlas.png[39m[0m
2026-10-07T05:33:35.0549898Z [  18% ] [90m[1mreimport[22m | app_icon.png[39m[0m
2026-10-07T05:33:35.1220137Z [  19% ] [90m[1mreimport[22m | app_icon.svg[39m[0m
2026-10-07T05:33:35.2090222Z [  20% ] [90m[1mreimport[22m | cinder_knight.webp[39m[0m
2026-10-07T05:33:35.2780025Z [  21% ] [90m[1mreimport[22m | hollow_spire_corridor.webp[39m[0m
2026-10-07T05:33:35.2839217Z [  22% ] [90m[1mreimport[22m | nyra_portrait.webp[39m[0m
2026-10-07T05:33:35.7440758Z [  23% ] [90m[1mreimport[22m | nyra_runner.webp[39m[0m
2026-10-07T05:33:35.8133942Z [  24% ] [90m[1mreimport[22m | arcanist.png[39m[0m
2026-10-07T05:33:35.8477878Z [  25% ] [90m[1mreimport[22m | bulwark.png[39m[0m
2026-10-07T05:33:36.4000159Z [  25% ] [90m[1mreimport[22m | elite.png[39m[0m
2026-10-07T05:33:36.4719844Z [  26% ] [90m[1mreimport[22m | guardian_0.png[39m[0m
2026-10-07T05:33:36.5610333Z [  27% ] [90m[1mreimport[22m | guardian_1.png[39m[0m
2026-10-07T05:33:37.0444051Z [  28% ] [90m[1mreimport[22m | guardian_2.png[39m[0m
2026-10-07T05:33:37.1140042Z [  29% ] [90m[1mreimport[22m | guardian_3.png[39m[0m
2026-10-07T05:33:37.1529856Z [  30% ] [90m[1mreimport[22m | hexer.png[39m[0m
2026-10-07T05:33:37.5860040Z [  31% ] [90m[1mreimport[22m | raider.png[39m[0m
2026-10-07T05:33:37.6379643Z [  32% ] [90m[1mreimport[22m | ranger.png[39m[0m
2026-10-07T05:33:37.7340053Z [  33% ] [90m[1mreimport[22m | vowkeeper.png[39m[0m
2026-10-07T05:33:38.3819993Z [  34% ] [90m[1mreimport[22m | arcanist.png[39m[0m
2026-10-07T05:33:38.3988121Z [  35% ] [90m[1mreimport[22m | guardian_0.png[39m[0m
2026-10-07T05:33:38.4133854Z [  36% ] [90m[1mreimport[22m | guardian_1.png[39m[0m
2026-10-07T05:33:38.4549552Z [  37% ] [90m[1mreimport[22m | guardian_2.png[39m[0m
2026-10-07T05:33:38.4770110Z [  37% ] [90m[1mreimport[22m | Bricks096_1K-PNG_Roughness.png[39m[0m
2026-10-07T05:33:38.5000090Z [  38% ] [90m[1mreimport[22m | Bricks096_1K-PNG_NormalGL.png[39m[0m
2026-10-07T05:33:38.9019858Z [  39% ] [90m[1mreimport[22m | Bricks096_1K-PNG_Color.png[39m[0m
2026-10-07T05:33:39.1350436Z [  40% ] [90m[1mreimport[22m | material-atlas.png[39m[0m
2026-10-07T05:33:39.2549548Z [  41% ] [90m[1mreimport[22m | vowkeeper.png[39m[0m
2026-10-07T05:33:39.3749837Z [  42% ] [90m[1mreimport[22m | ranger.png[39m[0m
2026-10-07T05:33:39.9640184Z [  43% ] [90m[1mreimport[22m | raider.glb[39m[0m
2026-10-07T05:33:39.9642588Z [   0% ] [90m[1mimport[22m | Started Import Scene (104 steps)[39m[0m
2026-10-07T05:33:39.9643272Z [   0% ] [90m[1mimport[22m | Importing Scene...[39m[0m
2026-10-07T05:33:40.0011515Z [   1% ] [90m[1mimport[22m | Running Custom Script...[39m[0m
2026-10-07T05:33:40.0012145Z [  99% ] [90m[1mimport[22m | Saving...[39m[0m
2026-10-07T05:33:40.0080625Z [92m[ DONE ][39m [1mimport[22m
2026-10-07T05:33:40.0081033Z [0m
2026-10-07T05:33:40.0768741Z [  44% ] [90m[1mreimport[22m | pillar.glb[39m[0m
2026-10-07T05:33:40.0770319Z [   0% ] [90m[1mimport[22m | Started Import Scene (104 steps)[39m[0m
2026-10-07T05:33:40.0771024Z [   0% ] [90m[1mimport[22m | Importing Scene...[39m[0m
2026-10-07T05:33:40.0835382Z [   1% ] [90m[1mimport[22m | Running Custom Script...[39m[0m
2026-10-07T05:33:40.0835914Z [  99% ] [90m[1mimport[22m | Saving...[39m[0m
2026-10-07T05:33:40.0853258Z [92m[ DONE ][39m [1mimport[22m
2026-10-07T05:33:40.0853636Z [0m
2026-10-07T05:33:40.1959511Z [  45% ] [90m[1mreimport[22m | pilgrim_well.glb[39m[0m
2026-10-07T05:33:40.1961754Z [   0% ] [90m[1mimport[22m | Started Import Scene (104 steps)[39m[0m
2026-10-07T05:33:40.1962397Z [   0% ] [90m[1mimport[22m | Importing Scene...[39m[0m
2026-10-07T05:33:40.2040480Z [   1% ] [90m[1mimport[22m | Running Custom Script...[39m[0m
2026-10-07T05:33:40.2041040Z [  99% ] [90m[1mimport[22m | Saving...[39m[0m
2026-10-07T05:33:40.2061402Z [92m[ DONE ][39m [1mimport[22m
2026-10-07T05:33:40.2061763Z [0m
2026-10-07T05:33:40.3121390Z [  46% ] [90m[1mreimport[22m | leaded_lancet.glb[39m[0m
2026-10-07T05:33:40.3122771Z [   0% ] [90m[1mimport[22m | Started Import Scene (104 steps)[39m[0m
2026-10-07T05:33:40.3123436Z [   0% ] [90m[1mimport[22m | Importing Scene...[39m[0m
2026-10-07T05:33:40.3242560Z [   1% ] [90m[1mimport[22m | Running Custom Script...[39m[0m
2026-10-07T05:33:40.3243116Z [  99% ] [90m[1mimport[22m | Saving...[39m[0m
2026-10-07T05:33:40.3275718Z [92m[ DONE ][39m [1mimport[22m
2026-10-07T05:33:40.3276087Z [0m
2026-10-07T05:33:40.4316831Z [  47% ] [90m[1mreimport[22m | hexer.glb[39m[0m
2026-10-07T05:33:40.4318723Z [   0% ] [90m[1mimport[22m | Started Import Scene (104 steps)[39m[0m
2026-10-07T05:33:40.4319398Z [   0% ] [90m[1mimport[22m | Importing Scene...[39m[0m
2026-10-07T05:33:40.4961163Z [   1% ] [90m[1mimport[22m | Running Custom Script...[39m[0m
2026-10-07T05:33:40.4962316Z [  99% ] [90m[1mimport[22m | Saving...[39m[0m
2026-10-07T05:33:40.5077661Z [92m[ DONE ][39m [1mimport[22m
2026-10-07T05:33:40.5078116Z [0m
2026-10-07T05:33:40.5497521Z [  48% ] [90m[1mreimport[22m | hanging_bell.glb[39m[0m
2026-10-07T05:33:40.5499698Z [   0% ] [90m[1mimport[22m | Started Import Scene (104 steps)[39m[0m
2026-10-07T05:33:40.5500345Z [   0% ] [90m[1mimport[22m | Importing Scene...[39m[0m
2026-10-07T05:33:40.5604808Z [   1% ] [90m[1mimport[22m | Running Custom Script...[39m[0m
2026-10-07T05:33:40.5605346Z [  99% ] [90m[1mimport[22m | Saving...[39m[0m
2026-10-07T05:33:40.5632972Z [92m[ DONE ][39m [1mimport[22m
2026-10-07T05:33:40.5635366Z [0m
2026-10-07T05:33:40.6710572Z [  49% ] [90m[1mreimport[22m | guardian_3.glb[39m[0m
2026-10-07T05:33:40.6729226Z [   0% ] [90m[1mimport[22m | Started Import Scene (104 steps)[39m[0m
2026-10-07T05:33:40.6729681Z [   0% ] [90m[1mimport[22m | Importing Scene...[39m[0m
2026-10-07T05:33:40.7229005Z [   1% ] [90m[1mimport[22m | Running Custom Script...[39m[0m
2026-10-07T05:33:40.7229578Z [  99% ] [90m[1mimport[22m | Saving...[39m[0m
2026-10-07T05:33:40.7327661Z [92m[ DONE ][39m [1mimport[22m
2026-10-07T05:33:40.7328032Z [0m
2026-10-07T05:33:40.7910408Z [  50% ] [90m[1mreimport[22m | guardian_2.glb[39m[0m
2026-10-07T05:33:40.7912589Z [   0% ] [90m[1mimport[22m | Started Import Scene (104 steps)[39m[0m
2026-10-07T05:33:40.7913235Z [   0% ] [90m[1mimport[22m | Importing Scene...[39m[0m
2026-10-07T05:33:40.8611322Z [   1% ] [90m[1mimport[22m | Running Custom Script...[39m[0m
2026-10-07T05:33:40.8611916Z [  99% ] [90m[1mimport[22m | Saving...[39m[0m
2026-10-07T05:33:40.8737771Z [92m[ DONE ][39m [1mimport[22m
2026-10-07T05:33:40.8738147Z [0m
2026-10-07T05:33:40.9120326Z [  50% ] [90m[1mreimport[22m | guardian_1.glb[39m[0m
2026-10-07T05:33:40.9122470Z [   0% ] [90m[1mimport[22m | Started Import Scene (104 steps)[39m[0m
2026-10-07T05:33:40.9123275Z [   0% ] [90m[1mimport[22m | Importing Scene...[39m[0m
2026-10-07T05:33:40.9822552Z [   1% ] [90m[1mimport[22m | Running Custom Script...[39m[0m
2026-10-07T05:33:40.9823139Z [  99% ] [90m[1mimport[22m | Saving...[39m[0m
2026-10-07T05:33:40.9954198Z [92m[ DONE ][39m [1mimport[22m
2026-10-07T05:33:40.9954567Z [0m
2026-10-07T05:33:41.0299780Z [  51% ] [90m[1mreimport[22m | guardian_0.glb[39m[0m
2026-10-07T05:33:41.0302083Z [   0% ] [90m[1mimport[22m | Started Import Scene (104 steps)[39m[0m
2026-10-07T05:33:41.0302817Z [   0% ] [90m[1mimport[22m | Importing Scene...[39m[0m
2026-10-07T05:33:41.0888068Z [   1% ] [90m[1mimport[22m | Running Custom Script...[39m[0m
2026-10-07T05:33:41.0888922Z [  99% ] [90m[1mimport[22m | Saving...[39m[0m
2026-10-07T05:33:41.1005175Z [92m[ DONE ][39m [1mimport[22m
2026-10-07T05:33:41.1005623Z [0m
2026-10-07T05:33:41.1459106Z [  52% ] [90m[1mreimport[22m | gothic_arch.glb[39m[0m
2026-10-07T05:33:41.1460837Z [   0% ] [90m[1mimport[22m | Started Import Scene (104 steps)[39m[0m
2026-10-07T05:33:41.1461580Z [   0% ] [90m[1mimport[22m | Importing Scene...[39m[0m
2026-10-07T05:33:41.1605670Z [   1% ] [90m[1mimport[22m | Running Custom Script...[39m[0m
2026-10-07T05:33:41.1606356Z [  99% ] [90m[1mimport[22m | Saving...[39m[0m
2026-10-07T05:33:41.1636593Z [92m[ DONE ][39m [1mimport[22m
2026-10-07T05:33:41.1637014Z [0m
2026-10-07T05:33:41.2660699Z [  53% ] [90m[1mreimport[22m | furnace_throne.glb[39m[0m
2026-10-07T05:33:41.2662420Z [   0% ] [90m[1mimport[22m | Started Import Scene (104 steps)[39m[0m
2026-10-07T05:33:41.2663169Z [   0% ] [90m[1mimport[22m | Importing Scene...[39m[0m
2026-10-07T05:33:41.2730082Z [   1% ] [90m[1mimport[22m | Running Custom Script...[39m[0m
2026-10-07T05:33:41.2730741Z [  99% ] [90m[1mimport[22m | Saving...[39m[0m
2026-10-07T05:33:41.2752832Z [92m[ DONE ][39m [1mimport[22m
2026-10-07T05:33:41.2753222Z [0m
2026-10-07T05:33:41.3817826Z [  54% ] [90m[1mreimport[22m | furnace.glb[39m[0m
2026-10-07T05:33:41.3820362Z [   0% ] [90m[1mimport[22m | Started Import Scene (104 steps)[39m[0m
2026-10-07T05:33:41.3821130Z [   0% ] [90m[1mimport[22m | Importing Scene...[39m[0m
2026-10-07T05:33:41.3924336Z [   1% ] [90m[1mimport[22m | Running Custom Script...[39m[0m
2026-10-07T05:33:41.3925005Z [  99% ] [90m[1mimport[22m | Saving...[39m[0m
2026-10-07T05:33:41.3950278Z [92m[ DONE ][39m [1mimport[22m
2026-10-07T05:33:41.3950678Z [0m
2026-10-07T05:33:41.4980306Z [  55% ] [90m[1mreimport[22m | ranger.glb[39m[0m
2026-10-07T05:33:41.4982551Z [   0% ] [90m[1mimport[22m | Started Import Scene (104 steps)[39m[0m
2026-10-07T05:33:41.4983317Z [   0% ] [90m[1mimport[22m | Importing Scene...[39m[0m
2026-10-07T05:33:41.5673270Z [   1% ] [90m[1mimport[22m | Running Custom Script...[39m[0m
2026-10-07T05:33:41.5673873Z [  99% ] [90m[1mimport[22m | Saving...[39m[0m
2026-10-07T05:33:41.5817459Z [92m[ DONE ][39m [1mimport[22m
2026-10-07T05:33:41.5817869Z [0m
2026-10-07T05:33:41.6159375Z [  56% ] [90m[1mreimport[22m | reliquary_altar.glb[39m[0m
2026-10-07T05:33:41.6161434Z [   0% ] [90m[1mimport[22m | Started Import Scene (104 steps)[39m[0m
2026-10-07T05:33:41.6162092Z [   0% ] [90m[1mimport[22m | Importing Scene...[39m[0m
2026-10-07T05:33:41.6297836Z [   1% ] [90m[1mimport[22m | Running Custom Script...[39m[0m
2026-10-07T05:33:41.6298636Z [  99% ] [90m[1mimport[22m | Saving...[39m[0m
2026-10-07T05:33:41.6332782Z [92m[ DONE ][39m [1mimport[22m
2026-10-07T05:33:41.6333145Z [0m
2026-10-07T05:33:41.7300381Z [  57% ] [90m[1mreimport[22m | ruined_vault.glb[39m[0m
2026-10-07T05:33:41.7302661Z [   0% ] [90m[1mimport[22m | Started Import Scene (104 steps)[39m[0m
2026-10-07T05:33:41.7303347Z [   0% ] [90m[1mimport[22m | Importing Scene...[39m[0m
2026-10-07T05:33:41.7401994Z [   1% ] [90m[1mimport[22m | Running Custom Script...[39m[0m
2026-10-07T05:33:41.7402673Z [  99% ] [90m[1mimport[22m | Saving...[39m[0m
2026-10-07T05:33:41.7426728Z [92m[ DONE ][39m [1mimport[22m
2026-10-07T05:33:41.7427139Z [0m
2026-10-07T05:33:41.8490496Z [  58% ] [90m[1mreimport[22m | sanctuary_intarsia.glb[39m[0m
2026-10-07T05:33:41.8499386Z [   0% ] [90m[1mimport[22m | Started Import Scene (104 steps)[39m[0m
2026-10-07T05:33:41.8499817Z [   0% ] [90m[1mimport[22m | Importing Scene...[39m[0m
2026-10-07T05:33:41.8666707Z [   1% ] [90m[1mimport[22m | Running Custom Script...[39m[0m
2026-10-07T05:33:41.8667388Z [  99% ] [90m[1mimport[22m | Saving...[39m[0m
2026-10-07T05:33:41.8699257Z [92m[ DONE ][39m [1mimport[22m
2026-10-07T05:33:41.8699605Z [0m
2026-10-07T05:33:41.9681085Z [  59% ] [90m[1mreimport[22m | seal_shrine.glb[39m[0m
2026-10-07T05:33:41.9683317Z [   0% ] [90m[1mimport[22m | Started Import Scene (104 steps)[39m[0m
2026-10-07T05:33:41.9683966Z [   0% ] [90m[1mimport[22m | Importing Scene...[39m[0m
2026-10-07T05:33:41.9766165Z [   1% ] [90m[1mimport[22m | Running Custom Script...[39m[0m
2026-10-07T05:33:41.9766757Z [  99% ] [90m[1mimport[22m | Saving...[39m[0m
2026-10-07T05:33:41.9794856Z [92m[ DONE ][39m [1mimport[22m
2026-10-07T05:33:41.9795189Z [0m
2026-10-07T05:33:42.0217280Z [  60% ] [90m[1mreimport[22m | vowkeeper.glb[39m[0m
2026-10-07T05:33:42.0219213Z [   0% ] [90m[1mimport[22m | Started Import Scene (104 steps)[39m[0m
2026-10-07T05:33:42.0219854Z [   0% ] [90m[1mimport[22m | Importing Scene...[39m[0m
2026-10-07T05:33:42.0954737Z [   1% ] [90m[1mimport[22m | Running Custom Script...[39m[0m
2026-10-07T05:33:42.0955400Z [  99% ] [90m[1mimport[22m | Saving...[39m[0m
2026-10-07T05:33:42.1096161Z [92m[ DONE ][39m [1mimport[22m
2026-10-07T05:33:42.1096608Z [0m
2026-10-07T05:33:42.1132247Z [  61% ] [90m[1mreimport[22m | citadel_bay.glb[39m[0m
2026-10-07T05:33:42.1134190Z [   0% ] [90m[1mimport[22m | Started Import Scene (104 steps)[39m[0m
2026-10-07T05:33:42.1134910Z [   0% ] [90m[1mimport[22m | Importing Scene...[39m[0m
2026-10-07T05:33:42.1239877Z [   1% ] [90m[1mimport[22m | Running Custom Script...[39m[0m
2026-10-07T05:33:42.1240599Z [  99% ] [90m[1mimport[22m | Saving...[39m[0m
2026-10-07T05:33:42.1278131Z [92m[ DONE ][39m [1mimport[22m
2026-10-07T05:33:42.1299957Z [0m
2026-10-07T05:33:42.1300452Z [  62% ] [90m[1mreimport[22m | archive_solid.glb[39m[0m
2026-10-07T05:33:42.1301877Z [   0% ] [90m[1mimport[22m | Started Import Scene (104 steps)[39m[0m
2026-10-07T05:33:42.1302585Z [   0% ] [90m[1mimport[22m | Importing Scene...[39m[0m
2026-10-07T05:33:42.1320168Z [   1% ] [90m[1mimport[22m | Running Custom Script...[39m[0m
2026-10-07T05:33:42.1320808Z [  99% ] [90m[1mimport[22m | Saving...[39m[0m
2026-10-07T05:33:42.1331858Z [92m[ DONE ][39m [1mimport[22m
2026-10-07T05:33:42.1332237Z [0m
2026-10-07T05:33:42.1341594Z [  62% ] [90m[1mreimport[22m | archive_return.glb[39m[0m
2026-10-07T05:33:42.1343121Z [   0% ] [90m[1mimport[22m | Started Import Scene (104 steps)[39m[0m
2026-10-07T05:33:42.1343848Z [   0% ] [90m[1mimport[22m | Importing Scene...[39m[0m
2026-10-07T05:33:42.1378968Z [   1% ] [90m[1mimport[22m | Running Custom Script...[39m[0m
2026-10-07T05:33:42.1379618Z [  99% ] [90m[1mimport[22m | Saving...[39m[0m
2026-10-07T05:33:42.1395799Z [92m[ DONE ][39m [1mimport[22m
2026-10-07T05:33:42.1396135Z [0m
2026-10-07T05:33:42.1407649Z [  63% ] [90m[1mreimport[22m | archive_end.glb[39m[0m
2026-10-07T05:33:42.1409320Z [   0% ] [90m[1mimport[22m | Started Import Scene (104 steps)[39m[0m
2026-10-07T05:33:42.1410028Z [   0% ] [90m[1mimport[22m | Importing Scene...[39m[0m
2026-10-07T05:33:42.1436647Z [   1% ] [90m[1mimport[22m | Running Custom Script...[39m[0m
2026-10-07T05:33:42.1437282Z [  99% ] [90m[1mimport[22m | Saving...[39m[0m
2026-10-07T05:33:42.1451591Z [92m[ DONE ][39m [1mimport[22m
2026-10-07T05:33:42.1451941Z [0m
2026-10-07T05:33:42.1462118Z [  64% ] [90m[1mreimport[22m | archive_bay_broken.glb[39m[0m
2026-10-07T05:33:42.1463689Z [   0% ] [90m[1mimport[22m | Started Import Scene (104 steps)[39m[0m
2026-10-07T05:33:42.1464397Z [   0% ] [90m[1mimport[22m | Importing Scene...[39m[0m
2026-10-07T05:33:42.1553490Z [   1% ] [90m[1mimport[22m | Running Custom Script...[39m[0m
2026-10-07T05:33:42.1554150Z [  99% ] [90m[1mimport[22m | Saving...[39m[0m
2026-10-07T05:33:42.1588732Z [92m[ DONE ][39m [1mimport[22m
2026-10-07T05:33:42.1589127Z [0m
2026-10-07T05:33:42.1609518Z [  65% ] [90m[1mreimport[22m | archive_bay.glb[39m[0m
2026-10-07T05:33:42.1611164Z [   0% ] [90m[1mimport[22m | Started Import Scene (104 steps)[39m[0m
2026-10-07T05:33:42.1611874Z [   0% ] [90m[1mimport[22m | Importing Scene...[39m[0m
2026-10-07T05:33:42.1702290Z [   1% ] [90m[1mimport[22m | Running Custom Script...[39m[0m
2026-10-07T05:33:42.1703063Z [  99% ] [90m[1mimport[22m | Saving...[39m[0m
2026-10-07T05:33:42.1738154Z [92m[ DONE ][39m [1mimport[22m
2026-10-07T05:33:42.1738505Z [0m
2026-10-07T05:33:42.1759465Z [  66% ] [90m[1mreimport[22m | ranger-native65.glb[39m[0m
2026-10-07T05:33:42.1761544Z [   0% ] [90m[1mimport[22m | Started Import Scene (104 steps)[39m[0m
2026-10-07T05:33:42.1762207Z [   0% ] [90m[1mimport[22m | Importing Scene...[39m[0m
2026-10-07T05:33:44.2004040Z [   1% ] [90m[1mimport[22m | Running Custom Script...[39m[0m
2026-10-07T05:33:44.2004655Z [  99% ] [90m[1mimport[22m | Saving...[39m[0m
2026-10-07T05:33:44.2165760Z [92m[ DONE ][39m [1mimport[22m
2026-10-07T05:33:44.2166137Z [0m
2026-10-07T05:33:44.2312743Z [  67% ] [90m[1mreimport[22m | nyra-attire054.glb[39m[0m
2026-10-07T05:33:44.2315286Z [   0% ] [90m[1mimport[22m | Started Import Scene (104 steps)[39m[0m
2026-10-07T05:33:44.2315749Z [   0% ] [90m[1mimport[22m | Importing Scene...[39m[0m
2026-10-07T05:33:44.2466518Z [   1% ] [90m[1mimport[22m | Running Custom Script...[39m[0m
2026-10-07T05:33:44.2511511Z [  99% ] [90m[1mimport[22m | Saving...[39m[0m
2026-10-07T05:33:44.2512248Z [92m[ DONE ][39m [1mimport[22m
2026-10-07T05:33:44.2512475Z [0m
2026-10-07T05:33:44.2527813Z [  68% ] [90m[1mreimport[22m | staff-grip053.glb[39m[0m
2026-10-07T05:33:44.2529806Z [   0% ] [90m[1mimport[22m | Started Import Scene (104 steps)[39m[0m
2026-10-07T05:33:44.2530227Z [   0% ] [90m[1mimport[22m | Importing Scene...[39m[0m
2026-10-07T05:33:44.2613782Z [   1% ] [90m[1mimport[22m | Running Custom Script...[39m[0m
2026-10-07T05:33:44.2614300Z [  99% ] [90m[1mimport[22m | Saving...[39m[0m
2026-10-07T05:33:44.2635896Z [92m[ DONE ][39m [1mimport[22m
2026-10-07T05:33:44.2636217Z [0m
2026-10-07T05:33:44.2657217Z [  69% ] [90m[1mreimport[22m | arcanist.glb[39m[0m
2026-10-07T05:33:44.2659394Z [   0% ] [90m[1mimport[22m | Started Import Scene (104 steps)[39m[0m
2026-10-07T05:33:44.2660012Z [   0% ] [90m[1mimport[22m | Importing Scene...[39m[0m
2026-10-07T05:33:56.8595673Z [   1% ] [90m[1mimport[22m | Running Custom Script...[39m[0m
2026-10-07T05:33:56.8596177Z [  99% ] [90m[1mimport[22m | Saving...[39m[0m
2026-10-07T05:33:56.8784858Z [92m[ DONE ][39m [1mimport[22m
2026-10-07T05:33:56.8785137Z [0m
2026-10-07T05:33:56.9224548Z [  70% ] [90m[1mreimport[22m | spire_solid.glb[39m[0m
2026-10-07T05:33:56.9226690Z [   0% ] [90m[1mimport[22m | Started Import Scene (104 steps)[39m[0m
2026-10-07T05:33:56.9227348Z [   0% ] [90m[1mimport[22m | Importing Scene...[39m[0m
2026-10-07T05:33:56.9248517Z [   1% ] [90m[1mimport[22m | Running Custom Script...[39m[0m
2026-10-07T05:33:56.9249264Z [  99% ] [90m[1mimport[22m | Saving...[39m[0m
2026-10-07T05:33:56.9262624Z [92m[ DONE ][39m [1mimport[22m
2026-10-07T05:33:56.9263021Z [0m
2026-10-07T05:33:56.9273434Z [  71% ] [90m[1mreimport[22m | spire_return.glb[39m[0m
2026-10-07T05:33:56.9275160Z [   0% ] [90m[1mimport[22m | Started Import Scene (104 steps)[39m[0m
2026-10-07T05:33:56.9275805Z [   0% ] [90m[1mimport[22m | Importing Scene...[39m[0m
2026-10-07T05:33:56.9307785Z [   1% ] [90m[1mimport[22m | Running Custom Script...[39m[0m
2026-10-07T05:33:56.9308413Z [  99% ] [90m[1mimport[22m | Saving...[39m[0m
2026-10-07T05:33:56.9324841Z [92m[ DONE ][39m [1mimport[22m
2026-10-07T05:33:56.9325214Z [0m
2026-10-07T05:33:56.9336462Z [  72% ] [90m[1mreimport[22m | spire_end.glb[39m[0m
2026-10-07T05:33:56.9338736Z [   0% ] [90m[1mimport[22m | Started Import Scene (104 steps)[39m[0m
2026-10-07T05:33:56.9339393Z [   0% ] [90m[1mimport[22m | Importing Scene...[39m[0m
2026-10-07T05:33:56.9366305Z [   1% ] [90m[1mimport[22m | Running Custom Script...[39m[0m
2026-10-07T05:33:56.9366918Z [  99% ] [90m[1mimport[22m | Saving...[39m[0m
2026-10-07T05:33:56.9380677Z [92m[ DONE ][39m [1mimport[22m
2026-10-07T05:33:56.9381034Z [0m
2026-10-07T05:33:56.9392252Z [  73% ] [90m[1mreimport[22m | spire_bay_broken.glb[39m[0m
2026-10-07T05:33:56.9394382Z [   0% ] [90m[1mimport[22m | Started Import Scene (104 steps)[39m[0m
2026-10-07T05:33:56.9395028Z [   0% ] [90m[1mimport[22m | Importing Scene...[39m[0m
2026-10-07T05:33:56.9487355Z [   1% ] [90m[1mimport[22m | Running Custom Script...[39m[0m
2026-10-07T05:33:56.9487970Z [  99% ] [90m[1mimport[22m | Saving...[39m[0m
2026-10-07T05:33:56.9522401Z [92m[ DONE ][39m [1mimport[22m
2026-10-07T05:33:56.9522760Z [0m
2026-10-07T05:33:56.9543660Z [  74% ] [90m[1mreimport[22m | spire_bay.glb[39m[0m
2026-10-07T05:33:56.9545875Z [   0% ] [90m[1mimport[22m | Started Import Scene (104 steps)[39m[0m
2026-10-07T05:33:56.9546519Z [   0% ] [90m[1mimport[22m | Importing Scene...[39m[0m
2026-10-07T05:33:56.9644493Z [   1% ] [90m[1mimport[22m | Running Custom Script...[39m[0m
2026-10-07T05:33:56.9645096Z [  99% ] [90m[1mimport[22m | Saving...[39m[0m
2026-10-07T05:33:56.9694634Z [92m[ DONE ][39m [1mimport[22m
2026-10-07T05:33:56.9694994Z [0m
2026-10-07T05:33:56.9717170Z [  75% ] [90m[1mreimport[22m | ossuary_solid.glb[39m[0m
2026-10-07T05:33:56.9720054Z [   0% ] [90m[1mimport[22m | Started Import Scene (104 steps)[39m[0m
2026-10-07T05:33:56.9720900Z [   0% ] [90m[1mimport[22m | Importing Scene...[39m[0m
2026-10-07T05:33:56.9740429Z [   1% ] [90m[1mimport[22m | Running Custom Script...[39m[0m
2026-10-07T05:33:56.9740969Z [  99% ] [90m[1mimport[22m | Saving...[39m[0m
2026-10-07T05:33:56.9753554Z [92m[ DONE ][39m [1mimport[22m
2026-10-07T05:33:56.9753907Z [0m
2026-10-07T05:33:56.9763802Z [  75% ] [90m[1mreimport[22m | ossuary_return.glb[39m[0m
2026-10-07T05:33:56.9765990Z [   0% ] [90m[1mimport[22m | Started Import Scene (104 steps)[39m[0m
2026-10-07T05:33:56.9766621Z [   0% ] [90m[1mimport[22m | Importing Scene...[39m[0m
2026-10-07T05:33:56.9798358Z [   1% ] [90m[1mimport[22m | Running Custom Script...[39m[0m
2026-10-07T05:33:56.9799078Z [  99% ] [90m[1mimport[22m | Saving...[39m[0m
2026-10-07T05:33:56.9813772Z [92m[ DONE ][39m [1mimport[22m
2026-10-07T05:33:56.9814124Z [0m
2026-10-07T05:33:56.9825513Z [  76% ] [90m[1mreimport[22m | ossuary_end.glb[39m[0m
2026-10-07T05:33:56.9827667Z [   0% ] [90m[1mimport[22m | Started Import Scene (104 steps)[39m[0m
2026-10-07T05:33:56.9828289Z [   0% ] [90m[1mimport[22m | Importing Scene...[39m[0m
2026-10-07T05:33:56.9855859Z [   1% ] [90m[1mimport[22m | Running Custom Script...[39m[0m
2026-10-07T05:33:56.9856436Z [  99% ] [90m[1mimport[22m | Saving...[39m[0m
2026-10-07T05:33:56.9870327Z [92m[ DONE ][39m [1mimport[22m
2026-10-07T05:33:56.9870671Z [0m
2026-10-07T05:33:56.9881699Z [  77% ] [90m[1mreimport[22m | ossuary_bay_broken.glb[39m[0m
2026-10-07T05:33:56.9883817Z [   0% ] [90m[1mimport[22m | Started Import Scene (104 steps)[39m[0m
2026-10-07T05:33:56.9884436Z [   0% ] [90m[1mimport[22m | Importing Scene...[39m[0m
2026-10-07T05:33:56.9998336Z [   1% ] [90m[1mimport[22m | Running Custom Script...[39m[0m
2026-10-07T05:33:56.9999074Z [  99% ] [90m[1mimport[22m | Saving...[39m[0m
2026-10-07T05:33:57.0038874Z [92m[ DONE ][39m [1mimport[22m
2026-10-07T05:33:57.0039265Z [0m
2026-10-07T05:33:57.0063044Z [  78% ] [90m[1mreimport[22m | ossuary_bay.glb[39m[0m
2026-10-07T05:33:57.0065204Z [   0% ] [90m[1mimport[22m | Started Import Scene (104 steps)[39m[0m
2026-10-07T05:33:57.0065835Z [   0% ] [90m[1mimport[22m | Importing Scene...[39m[0m
2026-10-07T05:33:57.0176217Z [   1% ] [90m[1mimport[22m | Running Custom Script...[39m[0m
2026-10-07T05:33:57.0176824Z [  99% ] [90m[1mimport[22m | Saving...[39m[0m
2026-10-07T05:33:57.0216065Z [92m[ DONE ][39m [1mimport[22m
2026-10-07T05:33:57.0216417Z [0m
2026-10-07T05:33:57.0240192Z [  79% ] [90m[1mreimport[22m | citadel_solid.glb[39m[0m
2026-10-07T05:33:57.0242478Z [   0% ] [90m[1mimport[22m | Started Import Scene (104 steps)[39m[0m
2026-10-07T05:33:57.0243110Z [   0% ] [90m[1mimport[22m | Importing Scene...[39m[0m
2026-10-07T05:33:57.0260690Z [   1% ] [90m[1mimport[22m | Running Custom Script...[39m[0m
2026-10-07T05:33:57.0261100Z [  99% ] [90m[1mimport[22m | Saving...[39m[0m
2026-10-07T05:33:57.0272465Z [92m[ DONE ][39m [1mimport[22m
2026-10-07T05:33:57.0272760Z [0m
2026-10-07T05:33:57.0282142Z [  80% ] [90m[1mreimport[22m | citadel_return.glb[39m[0m
2026-10-07T05:33:57.0284095Z [   0% ] [90m[1mimport[22m | Started Import Scene (104 steps)[39m[0m
2026-10-07T05:33:57.0284715Z [   0% ] [90m[1mimport[22m | Importing Scene...[39m[0m
2026-10-07T05:33:57.0321556Z [   1% ] [90m[1mimport[22m | Running Custom Script...[39m[0m
2026-10-07T05:33:57.0321988Z [  99% ] [90m[1mimport[22m | Saving...[39m[0m
2026-10-07T05:33:57.0340678Z [92m[ DONE ][39m [1mimport[22m
2026-10-07T05:33:57.0340981Z [0m
2026-10-07T05:33:57.0353435Z [  81% ] [90m[1mreimport[22m | citadel_end.glb[39m[0m
2026-10-07T05:33:57.0355508Z [   0% ] [90m[1mimport[22m | Started Import Scene (104 steps)[39m[0m
2026-10-07T05:33:57.0356114Z [   0% ] [90m[1mimport[22m | Importing Scene...[39m[0m
2026-10-07T05:33:57.0382066Z [   1% ] [90m[1mimport[22m | Running Custom Script...[39m[0m
2026-10-07T05:33:57.0382804Z [  99% ] [90m[1mimport[22m | Saving...[39m[0m
2026-10-07T05:33:57.0396422Z [92m[ DONE ][39m [1mimport[22m
2026-10-07T05:33:57.0396720Z [0m
2026-10-07T05:33:57.0407582Z [  82% ] [90m[1mreimport[22m | citadel_bay_broken.glb[39m[0m
2026-10-07T05:33:57.0409699Z [   0% ] [90m[1mimport[22m | Started Import Scene (104 steps)[39m[0m
2026-10-07T05:33:57.0410301Z [   0% ] [90m[1mimport[22m | Importing Scene...[39m[0m
2026-10-07T05:33:57.0510743Z [   1% ] [90m[1mimport[22m | Running Custom Script...[39m[0m
2026-10-07T05:33:57.0511102Z [  99% ] [90m[1mimport[22m | Saving...[39m[0m
2026-10-07T05:33:57.0545514Z [92m[ DONE ][39m [1mimport[22m
2026-10-07T05:33:57.0545832Z [0m
2026-10-07T05:33:57.0567383Z [  83% ] [90m[1mreimport[22m | field_forge.glb[39m[0m
2026-10-07T05:33:57.0569646Z [   0% ] [90m[1mimport[22m | Started Import Scene (104 steps)[39m[0m
2026-10-07T05:33:57.0570049Z [   0% ] [90m[1mimport[22m | Importing Scene...[39m[0m
2026-10-07T05:33:57.0727547Z [   1% ] [90m[1mimport[22m | Running Custom Script...[39m[0m
2026-10-07T05:33:57.0728145Z [  99% ] [90m[1mimport[22m | Saving...[39m[0m
2026-10-07T05:33:57.0772312Z [92m[ DONE ][39m [1mimport[22m
2026-10-07T05:33:57.0772660Z [0m
2026-10-07T05:33:57.0790591Z [  84% ] [90m[1mreimport[22m | expedition_table.glb[39m[0m
2026-10-07T05:33:57.0792860Z [   0% ] [90m[1mimport[22m | Started Import Scene (104 steps)[39m[0m
2026-10-07T05:33:57.0793509Z [   0% ] [90m[1mimport[22m | Importing Scene...[39m[0m
2026-10-07T05:33:57.0904052Z [   1% ] [90m[1mimport[22m | Running Custom Script...[39m[0m
2026-10-07T05:33:57.0904644Z [  99% ] [90m[1mimport[22m | Saving...[39m[0m
2026-10-07T05:33:57.0939446Z [92m[ DONE ][39m [1mimport[22m
2026-10-07T05:33:57.0939797Z [0m
2026-10-07T05:33:57.0954339Z [  85% ] [90m[1mreimport[22m | elite.glb[39m[0m
2026-10-07T05:33:57.0956597Z [   0% ] [90m[1mimport[22m | Started Import Scene (104 steps)[39m[0m
2026-10-07T05:33:57.0957295Z [   0% ] [90m[1mimport[22m | Importing Scene...[39m[0m
2026-10-07T05:33:57.1383361Z [   1% ] [90m[1mimport[22m | Running Custom Script...[39m[0m
2026-10-07T05:33:57.1384036Z [  99% ] [90m[1mimport[22m | Saving...[39m[0m
2026-10-07T05:33:57.1475322Z [92m[ DONE ][39m [1mimport[22m
2026-10-07T05:33:57.1475694Z [0m
2026-10-07T05:33:57.1501986Z [  86% ] [90m[1mreimport[22m | drowned_library.glb[39m[0m
2026-10-07T05:33:57.1504087Z [   0% ] [90m[1mimport[22m | Started Import Scene (104 steps)[39m[0m
2026-10-07T05:33:57.1504502Z [   0% ] [90m[1mimport[22m | Importing Scene...[39m[0m
2026-10-07T05:33:57.1942549Z [   1% ] [90m[1mimport[22m | Running Custom Script...[39m[0m
2026-10-07T05:33:57.1943186Z [  99% ] [90m[1mimport[22m | Saving...[39m[0m
2026-10-07T05:33:57.2036429Z [92m[ DONE ][39m [1mimport[22m
2026-10-07T05:33:57.2036771Z [0m
2026-10-07T05:33:57.2078154Z [  87% ] [90m[1mreimport[22m | ceremonial_brazier.glb[39m[0m
2026-10-07T05:33:57.2080224Z [   0% ] [90m[1mimport[22m | Started Import Scene (104 steps)[39m[0m
2026-10-07T05:33:57.2080665Z [   0% ] [90m[1mimport[22m | Importing Scene...[39m[0m
2026-10-07T05:33:57.2170305Z [   1% ] [90m[1mimport[22m | Running Custom Script...[39m[0m
2026-10-07T05:33:57.2170888Z [  99% ] [90m[1mimport[22m | Saving...[39m[0m
2026-10-07T05:33:57.2193641Z [92m[ DONE ][39m [1mimport[22m
2026-10-07T05:33:57.2193915Z [0m
2026-10-07T05:33:57.2205886Z [  87% ] [90m[1mreimport[22m | carved_tomb.glb[39m[0m
2026-10-07T05:33:57.2207861Z [   0% ] [90m[1mimport[22m | Started Import Scene (104 steps)[39m[0m
2026-10-07T05:33:57.2208282Z [   0% ] [90m[1mimport[22m | Importing Scene...[39m[0m
2026-10-07T05:33:57.2342282Z [   1% ] [90m[1mimport[22m | Running Custom Script...[39m[0m
2026-10-07T05:33:57.2342687Z [  99% ] [90m[1mimport[22m | Saving...[39m[0m
2026-10-07T05:33:57.2372111Z [92m[ DONE ][39m [1mimport[22m
2026-10-07T05:33:57.2372395Z [0m
2026-10-07T05:33:57.2386636Z [  88% ] [90m[1mreimport[22m | bulwark.glb[39m[0m
2026-10-07T05:33:57.2388490Z [   0% ] [90m[1mimport[22m | Started Import Scene (104 steps)[39m[0m
2026-10-07T05:33:57.2389085Z [   0% ] [90m[1mimport[22m | Importing Scene...[39m[0m
2026-10-07T05:33:57.2837757Z [   1% ] [90m[1mimport[22m | Running Custom Script...[39m[0m
2026-10-07T05:33:57.2838287Z [  99% ] [90m[1mimport[22m | Saving...[39m[0m
2026-10-07T05:33:57.2935029Z [92m[ DONE ][39m [1mimport[22m
2026-10-07T05:33:57.2935280Z [0m
2026-10-07T05:33:57.2963312Z [  89% ] [90m[1mreimport[22m | broken_pillar.glb[39m[0m
2026-10-07T05:33:57.2965237Z [   0% ] [90m[1mimport[22m | Started Import Scene (104 steps)[39m[0m
2026-10-07T05:33:57.2965660Z [   0% ] [90m[1mimport[22m | Importing Scene...[39m[0m
2026-10-07T05:33:57.2999082Z [   1% ] [90m[1mimport[22m | Running Custom Script...[39m[0m
2026-10-07T05:33:57.2999491Z [  99% ] [90m[1mimport[22m | Saving...[39m[0m
2026-10-07T05:33:57.3011918Z [92m[ DONE ][39m [1mimport[22m
2026-10-07T05:33:57.3012195Z [0m
2026-10-07T05:33:57.3021186Z [  90% ] [90m[1mreimport[22m | bone_arch.glb[39m[0m
2026-10-07T05:33:57.3023285Z [   0% ] [90m[1mimport[22m | Started Import Scene (104 steps)[39m[0m
2026-10-07T05:33:57.3023695Z [   0% ] [90m[1mimport[22m | Importing Scene...[39m[0m
2026-10-07T05:33:57.3111804Z [   1% ] [90m[1mimport[22m | Running Custom Script...[39m[0m
2026-10-07T05:33:57.3112351Z [  99% ] [90m[1mimport[22m | Saving...[39m[0m
2026-10-07T05:33:57.3135372Z [92m[ DONE ][39m [1mimport[22m
2026-10-07T05:33:57.3135686Z [0m
2026-10-07T05:33:57.3147645Z [  91% ] [90m[1mreimport[22m | arcanist.glb[39m[0m
2026-10-07T05:33:57.3149910Z [   0% ] [90m[1mimport[22m | Started Import Scene (104 steps)[39m[0m
2026-10-07T05:33:57.3150318Z [   0% ] [90m[1mimport[22m | Importing Scene...[39m[0m
2026-10-07T05:33:57.3833255Z [   1% ] [90m[1mimport[22m | Running Custom Script...[39m[0m
2026-10-07T05:33:57.3833707Z [  99% ] [90m[1mimport[22m | Saving...[39m[0m
2026-10-07T05:33:57.3972855Z [92m[ DONE ][39m [1mimport[22m
2026-10-07T05:33:57.3973114Z [0m
2026-10-07T05:33:57.4009169Z [  92% ] [90m[1mreimport[22m | raider-native65.glb[39m[0m
2026-10-07T05:33:57.4011723Z [   0% ] [90m[1mimport[22m | Started Import Scene (104 steps)[39m[0m
2026-10-07T05:33:57.4012135Z [   0% ] [90m[1mimport[22m | Importing Scene...[39m[0m
2026-10-07T05:34:00.8454298Z [   1% ] [90m[1mimport[22m | Running Custom Script...[39m[0m
2026-10-07T05:34:00.8454902Z [  99% ] [90m[1mimport[22m | Saving...[39m[0m
2026-10-07T05:34:00.8626960Z [92m[ DONE ][39m [1mimport[22m
2026-10-07T05:34:00.8627343Z [0m
2026-10-07T05:34:00.8825596Z [  93% ] [90m[1mreimport[22m | axe-original.glb[39m[0m
2026-10-07T05:34:00.8827773Z [   0% ] [90m[1mimport[22m | Started Import Scene (104 steps)[39m[0m
2026-10-07T05:34:00.8828201Z [   0% ] [90m[1mimport[22m | Importing Scene...[39m[0m
2026-10-07T05:34:00.8862979Z [   1% ] [90m[1mimport[22m | Running Custom Script...[39m[0m
2026-10-07T05:34:00.8863539Z [  99% ] [90m[1mimport[22m | Saving...[39m[0m
2026-10-07T05:34:00.8879547Z [92m[ DONE ][39m [1mimport[22m
2026-10-07T05:34:00.8879837Z [0m
2026-10-07T05:34:00.8890022Z [  94% ] [90m[1mreimport[22m | axe-fitted.glb[39m[0m
2026-10-07T05:34:00.8892365Z [   0% ] [90m[1mimport[22m | Started Import Scene (104 steps)[39m[0m
2026-10-07T05:34:00.8892984Z [   0% ] [90m[1mimport[22m | Importing Scene...[39m[0m
2026-10-07T05:34:00.8931201Z [   1% ] [90m[1mimport[22m | Running Custom Script...[39m[0m
2026-10-07T05:34:00.8931760Z [  99% ] [90m[1mimport[22m | Saving...[39m[0m
2026-10-07T05:34:00.8947818Z [92m[ DONE ][39m [1mimport[22m
2026-10-07T05:34:00.8948119Z [0m
2026-10-07T05:34:00.8958487Z [  95% ] [90m[1mreimport[22m | spire_reliquary.glb[39m[0m
2026-10-07T05:34:00.8960860Z [   0% ] [90m[1mimport[22m | Started Import Scene (104 steps)[39m[0m
2026-10-07T05:34:00.8961743Z [   0% ] [90m[1mimport[22m | Importing Scene...[39m[0m
2026-10-07T05:34:00.9042267Z [   1% ] [90m[1mimport[22m | Running Custom Script...[39m[0m
2026-10-07T05:34:00.9042691Z [  99% ] [90m[1mimport[22m | Saving...[39m[0m
2026-10-07T05:34:00.9070865Z [92m[ DONE ][39m [1mimport[22m
2026-10-07T05:34:00.9071175Z [0m
2026-10-07T05:34:00.9088925Z [  96% ] [90m[1mreimport[22m | ossuary_reliquary.glb[39m[0m
2026-10-07T05:34:00.9091370Z [   0% ] [90m[1mimport[22m | Started Import Scene (104 steps)[39m[0m
2026-10-07T05:34:00.9091980Z [   0% ] [90m[1mimport[22m | Importing Scene...[39m[0m
2026-10-07T05:34:00.9144414Z [   1% ] [90m[1mimport[22m | Running Custom Script...[39m[0m
2026-10-07T05:34:00.9144962Z [  99% ] [90m[1mimport[22m | Saving...[39m[0m
2026-10-07T05:34:00.9165860Z [92m[ DONE ][39m [1mimport[22m
2026-10-07T05:34:00.9166165Z [0m
2026-10-07T05:34:00.9180359Z [  97% ] [90m[1mreimport[22m | citadel_reliquary.glb[39m[0m
2026-10-07T05:34:00.9182703Z [   0% ] [90m[1mimport[22m | Started Import Scene (104 steps)[39m[0m
2026-10-07T05:34:00.9183326Z [   0% ] [90m[1mimport[22m | Importing Scene...[39m[0m
2026-10-07T05:34:00.9244115Z [   1% ] [90m[1mimport[22m | Running Custom Script...[39m[0m
2026-10-07T05:34:00.9244505Z [  99% ] [90m[1mimport[22m | Saving...[39m[0m
2026-10-07T05:34:00.9267757Z [92m[ DONE ][39m [1mimport[22m
2026-10-07T05:34:00.9268136Z [0m
2026-10-07T05:34:00.9283988Z [  98% ] [90m[1mreimport[22m | archive_reliquary.glb[39m[0m
2026-10-07T05:34:00.9286326Z [   0% ] [90m[1mimport[22m | Started Import Scene (104 steps)[39m[0m
2026-10-07T05:34:00.9286956Z [   0% ] [90m[1mimport[22m | Importing Scene...[39m[0m
2026-10-07T05:34:00.9370590Z [   1% ] [90m[1mimport[22m | Running Custom Script...[39m[0m
2026-10-07T05:34:00.9371151Z [  99% ] [90m[1mimport[22m | Saving...[39m[0m
2026-10-07T05:34:00.9399989Z [92m[ DONE ][39m [1mimport[22m
2026-10-07T05:34:00.9400330Z [0m
2026-10-07T05:34:00.9419007Z [  99% ] [90m[1mreimport[22m | Finalizing Asset Import...[39m[0m
2026-10-07T05:34:00.9431394Z [92m[ DONE ][39m [1mreimport[22m
2026-10-07T05:34:00.9431726Z [0m
2026-10-07T05:34:00.9432259Z [   0% ] [90m[1mreimport[22m | Started (Re)Importing Assets (107 steps)[39m[0m
2026-10-07T05:34:00.9433042Z [   0% ] [90m[1mreimport[22m | Executing post-reimport operations...[39m[0m
2026-10-07T05:34:00.9433620Z [92m[ DONE ][39m [1mreimport[22m
2026-10-07T05:34:00.9433946Z [0m
2026-10-07T05:34:00.9515237Z [   0% ] [90m[1mloading_editor_layout[22m | Started Loading editor (5 steps)[39m[0m
2026-10-07T05:34:00.9516018Z [   0% ] [90m[1mloading_editor_layout[22m | Loading editor layout...[39m[0m
2026-10-07T05:34:00.9516805Z [  16% ] [90m[1mloading_editor_layout[22m | Loading docks...[39m[0m
2026-10-07T05:34:00.9517409Z [92m[ DONE ][39m [1mloading_editor_layout[22m
2026-10-07T05:34:00.9517736Z [0m
2026-10-07T05:34:04.0176594Z Godot Engine v4.7.2.stable.official.ed1daf0bf - https://godotengine.org
2026-10-07T05:34:04.0408336Z 
2026-10-07T05:34:08.0033637Z PASS: Vowkeeper: frame rate and skipping produce identical combat
2026-10-07T05:34:08.0034064Z PASS: Vowkeeper: defeats six varied packs and boss
2026-10-07T05:34:08.0037098Z PASS: Vowkeeper: uses abilities and reacts when actually threatened
2026-10-07T05:34:08.3387344Z PASS: Vowkeeper: first floor starts in a live encounter
2026-10-07T05:34:08.3387946Z PASS: Vowkeeper: signature lands during the first second
2026-10-07T05:34:08.3503384Z PASS: Vowkeeper: pause freezes simulation and world
2026-10-07T05:34:44.0632390Z PASS: Vowkeeper: live run reaches victory and loot
2026-10-07T05:34:44.0632976Z PASS: Vowkeeper: live and skipped result exactly match
2026-10-07T05:34:44.0633430Z PASS: Vowkeeper: unlock and gear awarded once
2026-10-07T05:34:45.0275404Z PASS: Arcanist: frame rate and skipping produce identical combat
2026-10-07T05:34:45.0276075Z PASS: Arcanist: defeats six varied packs and boss
2026-10-07T05:34:45.0280059Z PASS: Arcanist: uses abilities and reacts when actually threatened
2026-10-07T05:34:45.3358815Z PASS: Arcanist: first floor starts in a live encounter
2026-10-07T05:34:45.3359425Z PASS: Arcanist: signature lands during the first second
2026-10-07T05:34:45.3434668Z PASS: Arcanist: pause freezes simulation and world
2026-10-07T05:35:08.0651174Z PASS: Arcanist: live run reaches victory and loot
2026-10-07T05:35:08.0651821Z PASS: Arcanist: live and skipped result exactly match
2026-10-07T05:35:08.0652816Z PASS: Arcanist: unlock and gear awarded once
2026-10-07T05:35:09.2427584Z PASS: Ranger: frame rate and skipping produce identical combat
2026-10-07T05:35:09.2428243Z PASS: Ranger: defeats six varied packs and boss
2026-10-07T05:35:09.2432810Z PASS: Ranger: uses abilities and reacts when actually threatened
2026-10-07T05:35:09.5762565Z PASS: Ranger: first floor starts in a live encounter
2026-10-07T05:35:09.5762969Z PASS: Ranger: signature lands during the first second
2026-10-07T05:35:09.5887279Z PASS: Ranger: pause freezes simulation and world
2026-10-07T05:35:39.7722475Z PASS: Ranger: live run reaches victory and loot
2026-10-07T05:35:39.7724248Z PASS: Ranger: live and skipped result exactly match
2026-10-07T05:35:39.7724750Z PASS: Ranger: unlock and gear awarded once
2026-10-07T05:35:40.9194820Z PASS: Ranger prioritizes the enemy caster when the pack contains one
2026-10-07T05:35:40.9265377Z PASS: Vowkeeper: similar targets vary across run seeds
2026-10-07T05:35:40.9336341Z PASS: Arcanist: similar targets vary across run seeds
2026-10-07T05:35:40.9404889Z PASS: Ranger: similar targets vary across run seeds
2026-10-07T05:35:40.9405325Z PASS: the same seed replays the same target choice and RNG state
2026-10-07T05:35:40.9405738Z PASS: the hero keeps its selected target throughout attack cooldown
2026-10-07T05:35:40.9412629Z PASS: Arcanist Nova damages multiple members of a pack
2026-10-07T05:35:40.9416155Z PASS: Vowkeeper Guard reduces actual incoming damage
2026-10-07T05:35:40.9444963Z PASS: insufficient gear cannot randomly clear an impossible floor
2026-10-07T05:35:40.9774289Z PASS: offline pattern cache is equivalent to a full simulation
2026-10-07T05:35:40.9774725Z PASS: repeated combat patterns retain independent loot seeds
2026-10-07T05:35:41.0049948Z PASS: abilities cannot be cast without sufficient mana
2026-10-07T05:35:41.0499347Z PASS: stronger weapon clears faster with more remaining health
2026-10-07T05:35:42.6387769Z PASS: skip also works while paused
2026-10-07T05:35:42.6388304Z PASS: completed run cannot award rewards twice
2026-10-07T05:35:44.7124162Z PASS: auto repeat starts the same farm floor after collecting loot
2026-10-07T05:35:44.7631250Z PASS: auto repeat stops on defeat
2026-10-07T05:35:50.9012527Z PASS: short interruption preserves the live world
2026-10-07T05:35:50.9013316Z PASS: short background time advances the same expedition exactly once
2026-10-07T05:35:50.9017224Z PASS: current expedition checkpoint can be restored
2026-10-07T05:35:51.0983787Z PASS: completed offline expeditions return to the report
2026-10-07T05:35:51.0984425Z PASS: AFK counts use actual simulated durations
2026-10-07T05:35:51.0984958Z PASS: AFK leaves the exact unused time remainder
2026-10-07T05:35:51.0985542Z PASS: AFK repeats the selected floor without runaway progression
2026-10-07T05:35:51.0986124Z PASS: duplicate resume cannot duplicate AFK rewards
2026-10-07T05:35:51.2457114Z PASS: farm selector cannot access uncleared higher floors
2026-10-07T05:35:55.7943720Z 24H AFK benchmark ms=4549
2026-10-07T05:35:55.7944269Z PASS: long AFK sessions respect bag limit and sell overflow
2026-10-07T05:35:55.7966632Z PASS: farm cursor and pending rewards survive save/load
2026-10-07T05:35:55.8198796Z DUNGEON SMOKE: 55 checks, 0 failures
2026-10-07T05:35:55.9340303Z Godot Engine v4.7.2.stable.official.ed1daf0bf - https://godotengine.org
2026-10-07T05:35:55.9574713Z 
2026-10-07T05:35:58.7417054Z PASS: new profiles receive an in-range personal dungeon seed
2026-10-07T05:35:58.7417802Z PASS: personal dungeon seed produces a stable sequence of distinct runs
2026-10-07T05:35:59.0900467Z PASS: profile seed and run sequence survive a cold launch
2026-10-07T05:35:59.4351292Z PASS: separate new profiles start on independent dungeon sequences
2026-10-07T05:35:59.4400130Z PASS: pre-seed profile fixture is stored
2026-10-07T05:35:59.7779760Z PASS: older saves get one persisted dungeon seed when loaded
2026-10-07T05:36:00.1334188Z PASS: new expeditions share their route with the 256-pattern AFK cache
2026-10-07T05:36:00.1335088Z PASS: new expeditions use seed-bound exploration routes with optional side passages
2026-10-07T05:36:00.1338077Z PASS: active version-2 checkpoints keep their original S-bend route
2026-10-07T05:36:00.1341825Z PASS: active version-1 checkpoints keep their original passage shape
2026-10-07T05:36:00.1354026Z PASS: older active checkpoints retain their full-seed passage route
2026-10-07T05:36:00.1374603Z PASS: Vowkeeper 1.37s: serialized checkpoint is bit-exact
2026-10-07T05:36:00.1711462Z PASS: Vowkeeper 1.37s: restart preserves outcome and RNG
2026-10-07T05:36:00.1737686Z PASS: Vowkeeper 3.10s: serialized checkpoint is bit-exact
2026-10-07T05:36:00.2066327Z PASS: Vowkeeper 3.10s: restart preserves outcome and RNG
2026-10-07T05:36:00.2104691Z PASS: Vowkeeper 12.25s: serialized checkpoint is bit-exact
2026-10-07T05:36:00.2409134Z PASS: Vowkeeper 12.25s: restart preserves outcome and RNG
2026-10-07T05:36:00.2467818Z PASS: Vowkeeper 29.05s: serialized checkpoint is bit-exact
2026-10-07T05:36:00.2731529Z PASS: Vowkeeper 29.05s: restart preserves outcome and RNG
2026-10-07T05:36:00.2822111Z PASS: Vowkeeper 48.15s: serialized checkpoint is bit-exact
2026-10-07T05:36:00.3021856Z PASS: Vowkeeper 48.15s: restart preserves outcome and RNG
2026-10-07T05:36:00.3130684Z PASS: Vowkeeper 60.03s: serialized checkpoint is bit-exact
2026-10-07T05:36:00.3295517Z PASS: Vowkeeper 60.03s: restart preserves outcome and RNG
2026-10-07T05:36:00.3315791Z PASS: Arcanist 1.37s: serialized checkpoint is bit-exact
2026-10-07T05:36:00.3730837Z PASS: Arcanist 1.37s: restart preserves outcome and RNG
2026-10-07T05:36:00.3753060Z PASS: Arcanist 3.10s: serialized checkpoint is bit-exact
2026-10-07T05:36:00.4163193Z PASS: Arcanist 3.10s: restart preserves outcome and RNG
2026-10-07T05:36:00.4198478Z PASS: Arcanist 12.25s: serialized checkpoint is bit-exact
2026-10-07T05:36:00.4587265Z PASS: Arcanist 12.25s: restart preserves outcome and RNG
2026-10-07T05:36:00.4669904Z PASS: Arcanist 29.05s: serialized checkpoint is bit-exact
2026-10-07T05:36:00.4962415Z PASS: Arcanist 29.05s: restart preserves outcome and RNG
2026-10-07T05:36:00.5071936Z PASS: Arcanist 48.15s: serialized checkpoint is bit-exact
2026-10-07T05:36:00.5308454Z PASS: Arcanist 48.15s: restart preserves outcome and RNG
2026-10-07T05:36:00.5434311Z PASS: Arcanist 60.03s: serialized checkpoint is bit-exact
2026-10-07T05:36:00.5637132Z PASS: Arcanist 60.03s: restart preserves outcome and RNG
2026-10-07T05:36:00.5658998Z PASS: Ranger 1.37s: serialized checkpoint is bit-exact
2026-10-07T05:36:00.5975075Z PASS: Ranger 1.37s: restart preserves outcome and RNG
2026-10-07T05:36:00.5999971Z PASS: Ranger 3.10s: serialized checkpoint is bit-exact
2026-10-07T05:36:00.6310137Z PASS: Ranger 3.10s: restart preserves outcome and RNG
2026-10-07T05:36:00.6348364Z PASS: Ranger 12.25s: serialized checkpoint is bit-exact
2026-10-07T05:36:00.6630849Z PASS: Ranger 12.25s: restart preserves outcome and RNG
2026-10-07T05:36:00.6694008Z PASS: Ranger 29.05s: serialized checkpoint is bit-exact
2026-10-07T05:36:00.6927812Z PASS: Ranger 29.05s: restart preserves outcome and RNG
2026-10-07T05:36:00.7020642Z PASS: Ranger 48.15s: serialized checkpoint is bit-exact
2026-10-07T05:36:00.7194859Z PASS: Ranger 48.15s: restart preserves outcome and RNG
2026-10-07T05:36:00.7297951Z PASS: Ranger 60.03s: serialized checkpoint is bit-exact
2026-10-07T05:36:00.7451042Z PASS: Ranger 60.03s: restart preserves outcome and RNG
2026-10-07T05:36:00.7474031Z PASS: snapshot owns a deep copy
2026-10-07T05:36:00.7478495Z PASS: valid state restores
2026-10-07T05:36:00.7482230Z PASS: missing enemy health rejected without changing live state
2026-10-07T05:36:00.7482940Z PASS: invalid room rejected
2026-10-07T05:36:00.7484516Z PASS: non-finite position rejected
2026-10-07T05:36:00.7485215Z PASS: future checkpoint version rejected
2026-10-07T05:36:00.7485797Z PASS: unset target cannot select an enemy through a negative index
2026-10-07T05:36:01.8591157Z PASS: backup code exports the personal dungeon sequence with the hero and resumable expedition
2026-10-07T05:36:01.8601181Z PASS: older backup codes remain valid without the personal dungeon seed
2026-10-07T05:36:01.8605985Z PASS: backup checksum rejects an altered code
2026-10-07T05:36:02.0093506Z PASS: valid backup restores into the local store
2026-10-07T05:36:02.0094229Z PASS: restoring preserves the previous local save as a recovery copy
2026-10-07T05:36:02.0114268Z PASS: imported backup restores hero data and the exact paused expedition
2026-10-07T05:36:02.0114956Z PASS: invalid backup leaves current progress unchanged
2026-10-07T05:36:02.0137254Z PASS: undo restores the previous on-device save
2026-10-07T05:36:02.0141554Z PASS: undo recovers the previous hero state
2026-10-07T05:36:02.0246325Z PASS: new player has no recovery error
2026-10-07T05:36:02.0250322Z PASS: first generation saves
2026-10-07T05:36:02.0252395Z PASS: second generation saves
2026-10-07T05:36:02.0255675Z PASS: third generation replaces only the older slot
2026-10-07T05:36:02.0257509Z PASS: newest valid generation loads
2026-10-07T05:36:02.0259463Z PASS: interrupted temporary write is ignored
2026-10-07T05:36:02.0263638Z PASS: checksum failure recovers previous generation with visible notice
2026-10-07T05:36:02.0269382Z PASS: recovery repairs damaged slot while retaining backup
2026-10-07T05:36:02.0272780Z ERROR: ConfigFile parse error at <string>:0: Unexpected EOF while parsing simple tag.
2026-10-07T05:36:02.0273395Z    at: _parse (core/io/config_file.cpp:293)
2026-10-07T05:36:02.0273847Z    GDScript backtrace (most recent call first):
2026-10-07T05:36:02.0274204Z        [0] _read_slot (res://scripts/save_store.gd:137)
2026-10-07T05:36:02.0274539Z        [1] load_save (res://scripts/save_store.gd:158)
2026-10-07T05:36:02.0274870Z        [2] run_checks (res://tests/persistence_smoke.gd:176)
2026-10-07T05:36:02.0275515Z PASS: two corrupt generations are preserved, never overwritten
2026-10-07T05:36:02.0277184Z PASS: future-format save prevents accidental downgrade writes
2026-10-07T05:36:02.0277572Z PASS: downgrade cannot overwrite future save
2026-10-07T05:36:02.0281367Z PASS: legacy player migrates into validated slots
2026-10-07T05:36:02.0281932Z PASS: migration preserves original legacy file
2026-10-07T05:36:02.0282378Z PASS: unwritable destination reports failure
2026-10-07T05:36:02.0299495Z ERROR: ConfigFile parse error at <string>:0: Unexpected EOF while parsing simple tag.
2026-10-07T05:36:02.0319280Z    at: _parse (core/io/config_file.cpp:293)
2026-10-07T05:36:02.0319691Z    GDScript backtrace (most recent call first):
2026-10-07T05:36:02.0320149Z        [0] _read_slot (res://scripts/save_store.gd:137)
2026-10-07T05:36:02.0320498Z        [1] load_save (res://scripts/save_store.gd:158)
2026-10-07T05:36:02.0321012Z        [2] run_checks (res://tests/persistence_smoke.gd:176)
2026-10-07T05:36:04.4033266Z PASS: cold launch restores paused and repeat controls
2026-10-07T05:36:04.4034045Z PASS: cold launch restores exact fight state
2026-10-07T05:36:04.4034620Z PASS: restored camera world starts at the hero's saved position
2026-10-07T05:36:04.4035598Z PASS: paused hero earns no parallel offline expeditions
2026-10-07T05:36:04.4090607Z PASS: background catch-up advances the current run without duplicate farming
2026-10-07T05:36:05.0487982Z PASS: active run survives process death with repeat state
2026-10-07T05:36:05.6882098Z PASS: one real second between save and launch is accounted exactly
2026-10-07T05:36:05.7218286Z PASS: long absence settles current run and remaining AFK time
2026-10-07T05:36:06.0960652Z PASS: restart cannot settle the completed run twice
2026-10-07T05:36:06.2228303Z PASS: claim transfers pending gold once
2026-10-07T05:36:06.7134150Z PASS: claimed offline rewards cannot be claimed again after restart
2026-10-07T05:36:06.7726853Z PASS: clock rollback does not move the accounting watermark backwards
2026-10-07T05:36:06.8004618Z PERSISTENCE SMOKE: 89 checks, 0 failures
2026-10-07T05:36:06.9719232Z Godot Engine v4.7.2.stable.official.ed1daf0bf - https://godotengine.org
2026-10-07T05:36:06.9949587Z 
2026-10-07T05:36:09.9779970Z PASS: online options render the active fellowship status
2026-10-07T05:36:09.9780647Z PASS: online options render the separate server-owned test profile and AFK report
2026-10-07T05:36:09.9781480Z PASS: server profile exposes bounded farm controls and explains its separation from local gameplay
2026-10-07T05:36:09.9782251Z PASS: server profile exposes validated class, attribute, temper, equip and sell actions
2026-10-07T05:36:09.9782680Z PASS: fellowship roster renders server member names
2026-10-07T05:36:09.9783099Z PASS: chat, send, and leave controls are present with the message limit
2026-10-07T05:36:09.9783518Z PASS: persistent chat has a bounded, scrollable landscape panel
2026-10-07T05:36:09.9783883Z PASS: recent group messages render in the chat history
2026-10-07T05:36:09.9801018Z PASS: live chat updates status and message list without rebuilding the panel
2026-10-07T05:36:09.9801769Z PASS: server progression status updates live without rebuilding options
2026-10-07T05:36:09.9961436Z PASS: unaffiliated players can create, search, and join open fellowships
2026-10-07T05:36:09.9991495Z FELLOWSHIP UI SMOKE: 11 checks, 0 failures
2026-10-07T05:36:10.0949443Z ##[group]Run XDG_DATA_HOME="$RUNNER_TEMP/emberfall-combat-movement-data" timeout 120s godot --headless --path . --fixed-fps 60 --script tests/combat_movement_smoke.gd
2026-10-07T05:36:10.0950336Z [36;1mXDG_DATA_HOME="$RUNNER_TEMP/emberfall-combat-movement-data" timeout 120s godot --headless --path . --fixed-fps 60 --script tests/combat_movement_smoke.gd[0m
2026-10-07T05:36:10.1006441Z shell: /usr/bin/bash -e {0}
2026-10-07T05:36:10.1006672Z env:
2026-10-07T05:36:10.1006941Z   JAVA_HOME: /opt/hostedtoolcache/Java_Temurin-Hotspot_jdk/17.0.20-1/x64
2026-10-07T05:36:10.1007345Z   JAVA_HOME_17_X64: /opt/hostedtoolcache/Java_Temurin-Hotspot_jdk/17.0.20-1/x64
2026-10-07T05:36:10.1007658Z   MAVEN_ARGS: -ntp
2026-10-07T05:36:10.1007862Z   ANDROID_HOME: /usr/local/lib/android/sdk
2026-10-07T05:36:10.1008118Z   ANDROID_SDK_ROOT: /usr/local/lib/android/sdk
2026-10-07T05:36:10.1008351Z ##[endgroup]
2026-10-07T05:36:10.1250325Z Godot Engine v4.7.2.stable.official.ed1daf0bf - https://godotengine.org
2026-10-07T05:36:10.1485709Z 
2026-10-07T05:36:12.5725431Z PASS: Vowkeeper takes seed-varied steps while staying in melee range
2026-10-07T05:36:12.5726123Z PASS: Arcanist shifts firing positions across run seeds
2026-10-07T05:36:12.5726650Z PASS: Ranger shifts firing positions across run seeds
2026-10-07T05:36:12.5727224Z PASS: every step in the reposition path stays inside the chamber
2026-10-07T05:36:12.5727849Z PASS: repositioning preserves melee and ranged attack distances
2026-10-07T05:36:12.5728313Z PASS: the same class and run seed reproduce the same step and RNG state
2026-10-07T05:36:12.5728949Z PASS: saved movement resumes with the same destination and combat state
2026-10-07T05:36:12.5736635Z PASS: a ready basic attack fires without waiting for a pending reposition
2026-10-07T05:36:12.5737196Z COMBAT MOVEMENT SMOKE: 8 checks, 0 failures
2026-10-07T05:36:12.6870784Z ##[group]Run XDG_DATA_HOME="$RUNNER_TEMP/emberfall-beta-flow-data" timeout 300s godot --headless --path . --fixed-fps 60 --script tests/beta_flow_smoke.gd
2026-10-07T05:36:12.6871600Z [36;1mXDG_DATA_HOME="$RUNNER_TEMP/emberfall-beta-flow-data" timeout 300s godot --headless --path . --fixed-fps 60 --script tests/beta_flow_smoke.gd[0m
2026-10-07T05:36:12.6929309Z shell: /usr/bin/bash -e {0}
2026-10-07T05:36:12.6929517Z env:
2026-10-07T05:36:12.6929776Z   JAVA_HOME: /opt/hostedtoolcache/Java_Temurin-Hotspot_jdk/17.0.20-1/x64
2026-10-07T05:36:12.6930180Z   JAVA_HOME_17_X64: /opt/hostedtoolcache/Java_Temurin-Hotspot_jdk/17.0.20-1/x64
2026-10-07T05:36:12.6930669Z   MAVEN_ARGS: -ntp
2026-10-07T05:36:12.6930867Z   ANDROID_HOME: /usr/local/lib/android/sdk
2026-10-07T05:36:12.6931123Z   ANDROID_SDK_ROOT: /usr/local/lib/android/sdk
2026-10-07T05:36:12.6931353Z ##[endgroup]
2026-10-07T05:36:12.7168401Z Godot Engine v4.7.2.stable.official.ed1daf0bf - https://godotengine.org
2026-10-07T05:36:12.7401414Z 
2026-10-07T05:36:40.3110743Z BETA FLOW SMOKE: 46 checks, 0 failures
2026-10-07T05:36:40.3866813Z ##[group]Run XDG_DATA_HOME="$RUNNER_TEMP/emberfall-combat-stances-data" timeout 120s godot --headless --path . --fixed-fps 60 --script tests/combat_stances_smoke.gd
2026-10-07T05:36:40.3867687Z [36;1mXDG_DATA_HOME="$RUNNER_TEMP/emberfall-combat-stances-data" timeout 120s godot --headless --path . --fixed-fps 60 --script tests/combat_stances_smoke.gd[0m
2026-10-07T05:36:40.3923815Z shell: /usr/bin/bash -e {0}
2026-10-07T05:36:40.3924016Z env:
2026-10-07T05:36:40.3924260Z   JAVA_HOME: /opt/hostedtoolcache/Java_Temurin-Hotspot_jdk/17.0.20-1/x64
2026-10-07T05:36:40.3924658Z   JAVA_HOME_17_X64: /opt/hostedtoolcache/Java_Temurin-Hotspot_jdk/17.0.20-1/x64
2026-10-07T05:36:40.3924949Z   MAVEN_ARGS: -ntp
2026-10-07T05:36:40.3925134Z   ANDROID_HOME: /usr/local/lib/android/sdk
2026-10-07T05:36:40.3925370Z   ANDROID_SDK_ROOT: /usr/local/lib/android/sdk
2026-10-07T05:36:40.3925591Z ##[endgroup]
2026-10-07T05:36:40.4161727Z Godot Engine v4.7.2.stable.official.ed1daf0bf - https://godotengine.org
2026-10-07T05:36:40.4396859Z 
2026-10-07T05:36:44.2539550Z COMBAT STANCES SMOKE: 140 checks, 0 failures
2026-10-07T05:36:44.3737486Z ##[group]Run XDG_DATA_HOME="$RUNNER_TEMP/emberfall-recovery-data" timeout 120s godot --headless --path . --script tests/recovery_smoke.gd
2026-10-07T05:36:44.3738236Z [36;1mXDG_DATA_HOME="$RUNNER_TEMP/emberfall-recovery-data" timeout 120s godot --headless --path . --script tests/recovery_smoke.gd[0m
2026-10-07T05:36:44.3794317Z shell: /usr/bin/bash -e {0}
2026-10-07T05:36:44.3794533Z env:
2026-10-07T05:36:44.3794780Z   JAVA_HOME: /opt/hostedtoolcache/Java_Temurin-Hotspot_jdk/17.0.20-1/x64
2026-10-07T05:36:44.3795157Z   JAVA_HOME_17_X64: /opt/hostedtoolcache/Java_Temurin-Hotspot_jdk/17.0.20-1/x64
2026-10-07T05:36:44.3795448Z   MAVEN_ARGS: -ntp
2026-10-07T05:36:44.3795635Z   ANDROID_HOME: /usr/local/lib/android/sdk
2026-10-07T05:36:44.3795871Z   ANDROID_SDK_ROOT: /usr/local/lib/android/sdk
2026-10-07T05:36:44.3796091Z ##[endgroup]
2026-10-07T05:36:44.4031896Z Godot Engine v4.7.2.stable.official.ed1daf0bf - https://godotengine.org
2026-10-07T05:36:44.4267173Z 
2026-10-07T05:36:46.7105377Z RECOVERY SMOKE: 48 checks, 0 failures
2026-10-07T05:36:46.7806061Z ##[group]Run node --check server/modules/emberfall.js
2026-10-07T05:36:46.7806566Z [36;1mnode --check server/modules/emberfall.js[0m
2026-10-07T05:36:46.7807002Z [36;1mnode tests/progression_runtime_test.js[0m
2026-10-07T05:36:46.7877677Z shell: /usr/bin/bash -e {0}
2026-10-07T05:36:46.7877890Z env:
2026-10-07T05:36:46.7878159Z   JAVA_HOME: /opt/hostedtoolcache/Java_Temurin-Hotspot_jdk/17.0.20-1/x64
2026-10-07T05:36:46.7878746Z   JAVA_HOME_17_X64: /opt/hostedtoolcache/Java_Temurin-Hotspot_jdk/17.0.20-1/x64
2026-10-07T05:36:46.7879056Z   MAVEN_ARGS: -ntp
2026-10-07T05:36:46.7879245Z   ANDROID_HOME: /usr/local/lib/android/sdk
2026-10-07T05:36:46.7879480Z   ANDROID_SDK_ROOT: /usr/local/lib/android/sdk
2026-10-07T05:36:46.7879700Z ##[endgroup]
2026-10-07T05:36:47.0197390Z PROGRESSION RUNTIME: server-owned profile, bounded AFK settlement, allowlists, inventory and replay protection passed.
2026-10-07T05:36:47.0270668Z ##[group]Run python3 scripts/check_play_release.py
2026-10-07T05:36:47.0271154Z [36;1mpython3 scripts/check_play_release.py[0m
2026-10-07T05:36:47.0271679Z [36;1mpython3 -m unittest discover -s tests -p 'test_android*.py' -v[0m
2026-10-07T05:36:47.0349998Z shell: /usr/bin/bash -e {0}
2026-10-07T05:36:47.0350211Z env:
2026-10-07T05:36:47.0350469Z   JAVA_HOME: /opt/hostedtoolcache/Java_Temurin-Hotspot_jdk/17.0.20-1/x64
2026-10-07T05:36:47.0351060Z   JAVA_HOME_17_X64: /opt/hostedtoolcache/Java_Temurin-Hotspot_jdk/17.0.20-1/x64
2026-10-07T05:36:47.0351361Z   MAVEN_ARGS: -ntp
2026-10-07T05:36:47.0351553Z   ANDROID_HOME: /usr/local/lib/android/sdk
2026-10-07T05:36:47.0351792Z   ANDROID_SDK_ROOT: /usr/local/lib/android/sdk
2026-10-07T05:36:47.0352015Z ##[endgroup]
2026-10-07T05:36:47.0691960Z PLAY SOURCE / LISTING VERIFIED; publication gates are checked separately with --strict
2026-10-07T05:36:47.2475674Z test_complete_profile_is_measurement_with_touch_pending_and_no_release_pass (test_android_device_probe.ObserverLifecycle.test_complete_profile_is_measurement_with_touch_pending_and_no_release_pass) ... ok
2026-10-07T05:36:47.2850055Z test_live_failure_never_becomes_a_profile_pass (test_android_device_probe.ObserverLifecycle.test_live_failure_never_becomes_a_profile_pass) ... ok
2026-10-07T05:36:47.2851418Z test_all_known_emulator_signals_are_refused (test_android_device_probe.ProbeContracts.test_all_known_emulator_signals_are_refused) ... ok
2026-10-07T05:36:47.2854141Z test_android_service_parsers_preserve_units_and_missing_data (test_android_device_probe.ProbeContracts.test_android_service_parsers_preserve_units_and_missing_data) ... ok
2026-10-07T05:36:47.2861429Z test_fixture_requires_all_distinct_cases_matching_apk_and_real_time (test_android_device_probe.ProbeContracts.test_fixture_requires_all_distinct_cases_matching_apk_and_real_time) ... ok
2026-10-07T05:36:47.2862417Z test_identity_is_bounded_and_does_not_store_raw_serial (test_android_device_probe.ProbeContracts.test_identity_is_bounded_and_does_not_store_raw_serial) ... ok
2026-10-07T05:36:47.2882542Z test_manifest_gate_refuses_shipping_or_online_or_nondebuggable_apks (test_android_device_probe.ProbeContracts.test_manifest_gate_refuses_shipping_or_online_or_nondebuggable_apks) ... ok
2026-10-07T05:36:47.2890824Z test_missing_adb_is_explicit_unavailable_not_a_measurement (test_android_device_probe.ProbeContracts.test_missing_adb_is_explicit_unavailable_not_a_measurement) ... ok
2026-10-07T05:36:47.2892675Z test_process_cpu_stat_accepts_names_with_spaces_and_parentheses (test_android_device_probe.ProbeContracts.test_process_cpu_stat_accepts_names_with_spaces_and_parentheses) ... ok
2026-10-07T05:36:47.2894411Z test_subprocess_target_is_selected_without_a_host_shell (test_android_device_probe.ProbeContracts.test_subprocess_target_is_selected_without_a_host_shell) ... ok
2026-10-07T05:36:47.2896271Z test_target_selection_never_implicitly_chooses_among_multiple_devices (test_android_device_probe.ProbeContracts.test_target_selection_never_implicitly_chooses_among_multiple_devices) ... ok
2026-10-07T05:36:47.2898196Z test_unavailable_optional_services_do_not_hide_other_samples (test_android_device_probe.ProbeContracts.test_unavailable_optional_services_do_not_hide_other_samples) ... ok
2026-10-07T05:36:47.2900256Z test_usb_charging_or_missing_power_state_never_claims_battery_drain (test_android_device_probe.ProbeContracts.test_usb_charging_or_missing_power_state_never_claims_battery_drain) ... ok
2026-10-07T05:36:47.2934711Z test_activity_error_with_zero_adb_exit_fails_before_waiting (test_android_release.AndroidRuntimeChecks.test_activity_error_with_zero_adb_exit_fails_before_waiting) ... ok
2026-10-07T05:36:47.2969443Z test_evidence_write_errors_do_not_replace_original_process_failure (test_android_release.AndroidRuntimeChecks.test_evidence_write_errors_do_not_replace_original_process_failure) ... ok
2026-10-07T05:36:47.3020035Z test_live_process_start_grace_and_both_markers_pass (test_android_release.AndroidRuntimeChecks.test_live_process_start_grace_and_both_markers_pass) ... ok
2026-10-07T05:36:47.3061824Z test_live_process_without_marker_still_times_out_at_original_deadline (test_android_release.AndroidRuntimeChecks.test_live_process_without_marker_still_times_out_at_original_deadline) ... ok
2026-10-07T05:36:47.3086743Z test_missing_device_preserves_original_failure_and_other_diagnostics (test_android_release.AndroidRuntimeChecks.test_missing_device_preserves_original_failure_and_other_diagnostics) ... ok
2026-10-07T05:36:47.3128258Z test_observed_process_loss_fails_even_if_a_marker_was_buffered (test_android_release.AndroidRuntimeChecks.test_observed_process_loss_fails_even_if_a_marker_was_buffered) ... ok
2026-10-07T05:36:47.3216904Z test_pidof_absence_during_grace_is_not_a_transport_error (test_android_release.AndroidRuntimeChecks.test_pidof_absence_during_grace_is_not_a_transport_error) ... ok
2026-10-07T05:36:47.3251995Z test_runtime_error_precedes_marker_success (test_android_release.AndroidRuntimeChecks.test_runtime_error_precedes_marker_success) ... ok
2026-10-07T05:36:47.3297866Z test_unrequested_process_restart_does_not_pass_from_old_marker (test_android_release.AndroidRuntimeChecks.test_unrequested_process_restart_does_not_pass_from_old_marker) ... ok
2026-10-07T05:36:47.3387513Z test_all_four_packages_share_one_import_and_use_their_actual_scene_architecture (test_android_release.QaExportChecks.test_all_four_packages_share_one_import_and_use_their_actual_scene_architecture) ... ok
2026-10-07T05:36:47.3537095Z test_crash_and_zero_exit_import_errors_stop_before_export_without_retry (test_android_release.QaExportChecks.test_crash_and_zero_exit_import_errors_stop_before_export_without_retry) ... ok
2026-10-07T05:36:47.3582877Z test_existing_editor_section_keeps_other_settings (test_android_release.QaExportChecks.test_existing_editor_section_keeps_other_settings) ... ok
2026-10-07T05:36:47.3638482Z test_export_error_stops_remaining_packages (test_android_release.QaExportChecks.test_export_error_stops_remaining_packages) ... ok
2026-10-07T05:36:47.3702085Z test_export_success_without_artifact_fails (test_android_release.QaExportChecks.test_export_success_without_artifact_fails) ... ok
2026-10-07T05:36:47.3764372Z test_qa_preserves_runtime_json_licences_and_offline_filter (test_android_release.QaExportChecks.test_qa_preserves_runtime_json_licences_and_offline_filter) ... ok
2026-10-07T05:36:47.4759620Z test_serial_import_isolated_from_shipping_settings_and_assets (test_android_release.QaExportChecks.test_serial_import_isolated_from_shipping_settings_and_assets) ... ok
2026-10-07T05:36:47.4760810Z test_16kb_segment_passes (test_android_release.ReleaseChecks.test_16kb_segment_passes) ... ok
2026-10-07T05:36:47.4761804Z test_4kb_and_misaligned_segments_fail (test_android_release.ReleaseChecks.test_4kb_and_misaligned_segments_fail) ... ok
2026-10-07T05:36:47.4773560Z test_current_release_identity_and_store_limits (test_android_release.ReleaseChecks.test_current_release_identity_and_store_limits) ... ok
2026-10-07T05:36:47.4779911Z test_missing_arm64_library_fails (test_android_release.ReleaseChecks.test_missing_arm64_library_fails) ... ok
2026-10-07T05:36:47.4809491Z test_missing_publication_details_never_report_ready (test_android_release.ReleaseChecks.test_missing_publication_details_never_report_ready) ... ok
2026-10-07T05:36:47.4810245Z 
2026-10-07T05:36:47.4810536Z ----------------------------------------------------------------------
2026-10-07T05:36:47.4810960Z Ran 34 tests in 0.237s
2026-10-07T05:36:47.4811136Z 
2026-10-07T05:36:47.4811231Z OK
2026-10-07T05:36:47.4812371Z {"status": "measured_touch_pending", "report": "/tmp/tmp1i8udybi/output/device-profile.json", "reason": null, "physical_device_measured": true}
2026-10-07T05:36:47.4814128Z {"status": "failed", "report": "/tmp/tmp5pzfjx12/output/device-profile.json", "reason": "Activity start reported an error: Error type 3\nError: Activity does not exist", "physical_device_measured": false}
2026-10-07T05:36:47.4816094Z {"status": "failed", "report": "/tmp/tmp87wx93pt/output/device-profile.json", "reason": "The QA process disappeared or failed to start", "physical_device_measured": false}
2026-10-07T05:36:47.4817820Z {"status": "failed", "report": "/tmp/tmp0g2i0krf/output/device-profile.json", "reason": "The QA process restarted before finishing the profile", "physical_device_measured": false}
2026-10-07T05:36:47.4819577Z {"status": "failed", "report": "/tmp/tmpxoxrwz71/output/device-profile.json", "reason": "The fixture failed: missing combat", "physical_device_measured": false}
2026-10-07T05:36:47.4821458Z {"status": "failed", "report": "/tmp/tmp89jn59lt/output/device-profile.json", "reason": "The QA process reported a script/runtime/shader error; see qa-logcat.txt", "physical_device_measured": false}
2026-10-07T05:36:47.4823182Z {"status": "failed", "report": "/tmp/tmpnpexijba/output/device-profile.json", "reason": "Timed out without all six real-time class/quality measurements", "physical_device_measured": false}
2026-10-07T05:36:47.4824911Z {"status": "unavailable", "report": "/tmp/tmpthjo1iti/device-profile.json", "reason": "adb is unavailable; no physical Android device could be inspected", "physical_device_measured": false}
2026-10-07T05:36:47.4970287Z ##[group]Run XDG_DATA_HOME="$RUNNER_TEMP/emberfall-phased-data" timeout 300s godot --headless --path . --script tests/combined_oaths_phases_smoke.gd
2026-10-07T05:36:47.4971535Z [36;1mXDG_DATA_HOME="$RUNNER_TEMP/emberfall-phased-data" timeout 300s godot --headless --path . --script tests/combined_oaths_phases_smoke.gd[0m
2026-10-07T05:36:47.5034983Z shell: /usr/bin/bash -e {0}
2026-10-07T05:36:47.5035286Z env:
2026-10-07T05:36:47.5035675Z   JAVA_HOME: /opt/hostedtoolcache/Java_Temurin-Hotspot_jdk/17.0.20-1/x64
2026-10-07T05:36:47.5036291Z   JAVA_HOME_17_X64: /opt/hostedtoolcache/Java_Temurin-Hotspot_jdk/17.0.20-1/x64
2026-10-07T05:36:47.5036757Z   MAVEN_ARGS: -ntp
2026-10-07T05:36:47.5037049Z   ANDROID_HOME: /usr/local/lib/android/sdk
2026-10-07T05:36:47.5037421Z   ANDROID_SDK_ROOT: /usr/local/lib/android/sdk
2026-10-07T05:36:47.5037776Z ##[endgroup]
2026-10-07T05:36:47.5277604Z Godot Engine v4.7.2.stable.official.ed1daf0bf - https://godotengine.org
2026-10-07T05:36:47.5509902Z 
2026-10-07T05:36:47.9760002Z PASS: original oath constructors retain exact version-one shape
2026-10-07T05:36:47.9760601Z PASS: combined oaths have one canonical order
2026-10-07T05:36:47.9761083Z PASS: combined rules expose both risks to gameplay
2026-10-07T05:36:47.9761614Z PASS: combined title and descriptions explain both oaths
2026-10-07T05:36:47.9762238Z PASS: invalid selection rejected without silently dropping keys: []
2026-10-07T05:36:47.9762906Z PASS: invalid selection rejected without silently dropping keys: ["fake"]
2026-10-07T05:36:47.9763658Z PASS: invalid selection rejected without silently dropping keys: ["unmended", "unmended"]
2026-10-07T05:36:47.9764211Z PASS: invalid selection rejected without silently dropping keys: ["unmended", "cinder", "hollow"]
2026-10-07T05:36:47.9764689Z PASS: invalid selection rejected without silently dropping keys: [1]
2026-10-07T05:36:47.9765146Z PASS: invalid selection rejected without silently dropping keys: ["unmended", <null>]
2026-10-07T05:36:47.9765652Z PASS: forged or mixed contract rejected: { "version": 2, "mode": "oath", "oaths": [] }
2026-10-07T05:36:47.9766214Z PASS: forged or mixed contract rejected: { "version": 2, "mode": "oath", "oaths": ["unmended", "unmended"] }
2026-10-07T05:36:47.9766824Z PASS: forged or mixed contract rejected: { "version": 2, "mode": "oath", "oaths": ["unmended", "cinder", "hollow"] }
2026-10-07T05:36:47.9767407Z PASS: forged or mixed contract rejected: { "version": 2, "mode": "oath", "oaths": ["cinder", "unmended"] }
2026-10-07T05:36:47.9767942Z PASS: forged or mixed contract rejected: { "version": 2, "mode": "oath", "oaths": ["unknown"] }
2026-10-07T05:36:47.9768435Z PASS: forged or mixed contract rejected: { "version": 2, "mode": "oath", "oaths": [1] }
2026-10-07T05:36:47.9769458Z PASS: forged or mixed contract rejected: { "version": 2, "mode": "oath", "oaths": ["cinder"], "bonus": 999 }
2026-10-07T05:36:47.9770344Z PASS: forged or mixed contract rejected: { "version": 1, "mode": "oath", "oath": "hollow" }
2026-10-07T05:36:47.9771029Z PASS: forged or mixed contract rejected: { "version": 2, "mode": "hunt", "oaths": ["cinder"] }
2026-10-07T05:36:47.9771538Z PASS: forged or mixed contract rejected: { "version": 2, "mode": "trial", "oaths": ["cinder"] }
2026-10-07T05:36:47.9772049Z PASS: forged or mixed contract rejected: { "version": 2.0, "mode": "oath", "oaths": ["cinder"] }
2026-10-07T05:36:47.9772762Z PASS: combined currency bonuses add and each loot benefit occurs once
2026-10-07T05:36:47.9773172Z PASS: separate trial floor and hunt slot rules retain their validation
2026-10-07T05:36:47.9773561Z PASS: Unmended Guard increases actual basic attack damage
2026-10-07T05:36:47.9773879Z PASS: Unmended damage bonus requires active Guard
2026-10-07T05:36:47.9774447Z PASS: Unmended charges Bellwarden's Memory faster with the original cap
2026-10-07T05:36:47.9775133Z PASS: Unmended blocks signature healing and discharges its real relic once
2026-10-07T05:36:47.9775743Z PASS: combined Unmended consumes the well without healing
2026-10-07T05:36:47.9776542Z PASS: Cinder's enemy damage risk remains an actual raw-damage rule
2026-10-07T05:36:47.9777212Z PASS: Cinder buffs signature damage and Vowkeeper stored release separately
2026-10-07T05:36:47.9778805Z PASS: Cinder buffs both real Arcanist relic jumps beyond Nova
2026-10-07T05:36:47.9780665Z PASS: Cinder buffs Ranger's single real return strike
2026-10-07T05:36:47.9782361Z PASS: Cinder increases equipped technique damage
2026-10-07T05:36:47.9782787Z PASS: Cinder's Mourning Thread synergy applies the disclosed extra critical chance
2026-10-07T05:36:47.9784768Z PASS: Hollow spends increased signature Mana and starts a genuinely shorter cooldown
2026-10-07T05:36:47.9786554Z PASS: Hollow modifies actual equipped technique cost and cooldown
2026-10-07T05:36:47.9786934Z PASS: Drowned Script mitigates Hollow technique Mana costs
2026-10-07T05:36:47.9787499Z PASS: Cinder Crown shortens Hollow technique cooldowns further
2026-10-07T05:36:47.9789254Z PASS: a new profile's optional flag cannot alter a version-one oath
2026-10-07T05:36:47.9792444Z PASS: region 0 phase 0 variant 0: real geometry validates and fits mobile zone budget
2026-10-07T05:36:47.9795711Z PASS: region 0 phase 0 variant 0: a zone contains its real damage probe
2026-10-07T05:36:47.9797089Z PASS: region 0 phase 0 variant 0: auto avoidance finds reachable walkable safe ground
2026-10-07T05:36:47.9799886Z PASS: region 0 phase 0 variant 0: automatic escape prevents actual damage at impact
2026-10-07T05:36:47.9801643Z PASS: region 0 phase 0 variant 0: committed geometry resolves one real hit
2026-10-07T05:36:47.9803575Z PASS: region 0 phase 0 variant 1: real geometry validates and fits mobile zone budget
2026-10-07T05:36:47.9806001Z PASS: region 0 phase 0 variant 1: a zone contains its real damage probe
2026-10-07T05:36:47.9808274Z PASS: region 0 phase 0 variant 1: auto avoidance finds reachable walkable safe ground
2026-10-07T05:36:47.9811456Z PASS: region 0 phase 0 variant 1: automatic escape prevents actual damage at impact
2026-10-07T05:36:47.9813198Z PASS: region 0 phase 0 variant 1: committed geometry resolves one real hit
2026-10-07T05:36:47.9813823Z PASS: region 0 phase 0: variants change threatened arena cells
2026-10-07T05:36:47.9815378Z PASS: region 0 phase 1 variant 0: real geometry validates and fits mobile zone budget
2026-10-07T05:36:47.9819460Z PASS: region 0 phase 1 variant 0: a zone contains its real damage probe
2026-10-07T05:36:47.9820888Z PASS: region 0 phase 1 variant 0: auto avoidance finds reachable walkable safe ground
2026-10-07T05:36:47.9823615Z PASS: region 0 phase 1 variant 0: automatic escape prevents actual damage at impact
2026-10-07T05:36:47.9825330Z PASS: region 0 phase 1 variant 0: committed geometry resolves one real hit
2026-10-07T05:36:47.9827315Z PASS: region 0 phase 1 variant 1: real geometry validates and fits mobile zone budget
2026-10-07T05:36:47.9831171Z PASS: region 0 phase 1 variant 1: a zone contains its real damage probe
2026-10-07T05:36:47.9832975Z PASS: region 0 phase 1 variant 1: auto avoidance finds reachable walkable safe ground
2026-10-07T05:36:47.9835710Z PASS: region 0 phase 1 variant 1: automatic escape prevents actual damage at impact
2026-10-07T05:36:47.9837469Z PASS: region 0 phase 1 variant 1: committed geometry resolves one real hit
2026-10-07T05:36:47.9838112Z PASS: region 0 phase 1: variants change threatened arena cells
2026-10-07T05:36:47.9839884Z PASS: region 0 phase 2 variant 0: real geometry validates and fits mobile zone budget
2026-10-07T05:36:47.9845027Z PASS: region 0 phase 2 variant 0: a zone contains its real damage probe
2026-10-07T05:36:47.9846630Z PASS: region 0 phase 2 variant 0: auto avoidance finds reachable walkable safe ground
2026-10-07T05:36:47.9849389Z PASS: region 0 phase 2 variant 0: automatic escape prevents actual damage at impact
2026-10-07T05:36:47.9851177Z PASS: region 0 phase 2 variant 0: committed geometry resolves one real hit
2026-10-07T05:36:47.9853236Z PASS: region 0 phase 2 variant 1: real geometry validates and fits mobile zone budget
2026-10-07T05:36:47.9858460Z PASS: region 0 phase 2 variant 1: a zone contains its real damage probe
2026-10-07T05:36:47.9859636Z PASS: region 0 phase 2 variant 1: auto avoidance finds reachable walkable safe ground
2026-10-07T05:36:47.9862125Z PASS: region 0 phase 2 variant 1: automatic escape prevents actual damage at impact
2026-10-07T05:36:47.9863956Z PASS: region 0 phase 2 variant 1: committed geometry resolves one real hit
2026-10-07T05:36:47.9864585Z PASS: region 0 phase 2: variants change threatened arena cells
2026-10-07T05:36:47.9865194Z PASS: region 0: all three health phases change actual threatened ground
2026-10-07T05:36:47.9866093Z PASS: region 0: first threshold emits one structural transition and ends old cast
2026-10-07T05:36:47.9866717Z PASS: region 0: next real attack uses phase-one geometry
2026-10-07T05:36:47.9867353Z PASS: region 0: final threshold emits a distinct transition and altered attack
2026-10-07T05:36:47.9867957Z PASS: region 0: a reached phase never announces twice
2026-10-07T05:36:47.9873973Z PASS: region 0: phase-two committed warning restores exactly
2026-10-07T05:36:47.9875928Z PASS: region 0: one large surviving hit records both crossed thresholds once
2026-10-07T05:36:47.9877838Z PASS: region 1 phase 0 variant 0: real geometry validates and fits mobile zone budget
2026-10-07T05:36:47.9881043Z PASS: region 1 phase 0 variant 0: a zone contains its real damage probe
2026-10-07T05:36:47.9882378Z PASS: region 1 phase 0 variant 0: auto avoidance finds reachable walkable safe ground
2026-10-07T05:36:47.9884981Z PASS: region 1 phase 0 variant 0: automatic escape prevents actual damage at impact
2026-10-07T05:36:47.9886631Z PASS: region 1 phase 0 variant 0: committed geometry resolves one real hit
2026-10-07T05:36:47.9888653Z PASS: region 1 phase 0 variant 1: real geometry validates and fits mobile zone budget
2026-10-07T05:36:47.9891820Z PASS: region 1 phase 0 variant 1: a zone contains its real damage probe
2026-10-07T05:36:47.9892952Z PASS: region 1 phase 0 variant 1: auto avoidance finds reachable walkable safe ground
2026-10-07T05:36:47.9895305Z PASS: region 1 phase 0 variant 1: automatic escape prevents actual damage at impact
2026-10-07T05:36:47.9897033Z PASS: region 1 phase 0 variant 1: committed geometry resolves one real hit
2026-10-07T05:36:47.9897669Z PASS: region 1 phase 0: variants change threatened arena cells
2026-10-07T05:36:47.9899329Z PASS: region 1 phase 1 variant 0: real geometry validates and fits mobile zone budget
2026-10-07T05:36:47.9904361Z PASS: region 1 phase 1 variant 0: a zone contains its real damage probe
2026-10-07T05:36:47.9905604Z PASS: region 1 phase 1 variant 0: auto avoidance finds reachable walkable safe ground
2026-10-07T05:36:47.9908232Z PASS: region 1 phase 1 variant 0: automatic escape prevents actual damage at impact
2026-10-07T05:36:47.9910123Z PASS: region 1 phase 1 variant 0: committed geometry resolves one real hit
2026-10-07T05:36:47.9912208Z PASS: region 1 phase 1 variant 1: real geometry validates and fits mobile zone budget
2026-10-07T05:36:47.9917060Z PASS: region 1 phase 1 variant 1: a zone contains its real damage probe
2026-10-07T05:36:47.9918198Z PASS: region 1 phase 1 variant 1: auto avoidance finds reachable walkable safe ground
2026-10-07T05:36:47.9920823Z PASS: region 1 phase 1 variant 1: automatic escape prevents actual damage at impact
2026-10-07T05:36:47.9922664Z PASS: region 1 phase 1 variant 1: committed geometry resolves one real hit
2026-10-07T05:36:47.9923284Z PASS: region 1 phase 1: variants change threatened arena cells
2026-10-07T05:36:47.9924828Z PASS: region 1 phase 2 variant 0: real geometry validates and fits mobile zone budget
2026-10-07T05:36:47.9929547Z PASS: region 1 phase 2 variant 0: a zone contains its real damage probe
2026-10-07T05:36:47.9930963Z PASS: region 1 phase 2 variant 0: auto avoidance finds reachable walkable safe ground
2026-10-07T05:36:47.9933639Z PASS: region 1 phase 2 variant 0: automatic escape prevents actual damage at impact
2026-10-07T05:36:47.9935549Z PASS: region 1 phase 2 variant 0: committed geometry resolves one real hit
2026-10-07T05:36:47.9937480Z PASS: region 1 phase 2 variant 1: real geometry validates and fits mobile zone budget
2026-10-07T05:36:47.9941616Z PASS: region 1 phase 2 variant 1: a zone contains its real damage probe
2026-10-07T05:36:47.9943263Z PASS: region 1 phase 2 variant 1: auto avoidance finds reachable walkable safe ground
2026-10-07T05:36:47.9945945Z PASS: region 1 phase 2 variant 1: automatic escape prevents actual damage at impact
2026-10-07T05:36:47.9947812Z PASS: region 1 phase 2 variant 1: committed geometry resolves one real hit
2026-10-07T05:36:47.9948432Z PASS: region 1 phase 2: variants change threatened arena cells
2026-10-07T05:36:47.9949164Z PASS: region 1: all three health phases change actual threatened ground
2026-10-07T05:36:47.9950242Z PASS: region 1: first threshold emits one structural transition and ends old cast
2026-10-07T05:36:47.9950872Z PASS: region 1: next real attack uses phase-one geometry
2026-10-07T05:36:47.9951514Z PASS: region 1: final threshold emits a distinct transition and altered attack
2026-10-07T05:36:47.9952110Z PASS: region 1: a reached phase never announces twice
2026-10-07T05:36:47.9957987Z PASS: region 1: phase-two committed warning restores exactly
2026-10-07T05:36:47.9959971Z PASS: region 1: one large surviving hit records both crossed thresholds once
2026-10-07T05:36:47.9961952Z PASS: region 2 phase 0 variant 0: real geometry validates and fits mobile zone budget
2026-10-07T05:36:47.9966611Z PASS: region 2 phase 0 variant 0: a zone contains its real damage probe
2026-10-07T05:36:47.9967955Z PASS: region 2 phase 0 variant 0: auto avoidance finds reachable walkable safe ground
2026-10-07T05:36:47.9970693Z PASS: region 2 phase 0 variant 0: automatic escape prevents actual damage at impact
2026-10-07T05:36:47.9972329Z PASS: region 2 phase 0 variant 0: committed geometry resolves one real hit
2026-10-07T05:36:47.9974259Z PASS: region 2 phase 0 variant 1: real geometry validates and fits mobile zone budget
2026-10-07T05:36:47.9979033Z PASS: region 2 phase 0 variant 1: a zone contains its real damage probe
2026-10-07T05:36:47.9980458Z PASS: region 2 phase 0 variant 1: auto avoidance finds reachable walkable safe ground
2026-10-07T05:36:47.9982796Z PASS: region 2 phase 0 variant 1: automatic escape prevents actual damage at impact
2026-10-07T05:36:47.9984508Z PASS: region 2 phase 0 variant 1: committed geometry resolves one real hit
2026-10-07T05:36:47.9985129Z PASS: region 2 phase 0: variants change threatened arena cells
2026-10-07T05:36:47.9986720Z PASS: region 2 phase 1 variant 0: real geometry validates and fits mobile zone budget
2026-10-07T05:36:47.9991663Z PASS: region 2 phase 1 variant 0: a zone contains its real damage probe
2026-10-07T05:36:47.9993009Z PASS: region 2 phase 1 variant 0: auto avoidance finds reachable walkable safe ground
2026-10-07T05:36:47.9995592Z PASS: region 2 phase 1 variant 0: automatic escape prevents actual damage at impact
2026-10-07T05:36:47.9997304Z PASS: region 2 phase 1 variant 0: committed geometry resolves one real hit
2026-10-07T05:36:47.9999457Z PASS: region 2 phase 1 variant 1: real geometry validates and fits mobile zone budget
2026-10-07T05:36:48.0004149Z PASS: region 2 phase 1 variant 1: a zone contains its real damage probe
2026-10-07T05:36:48.0005518Z PASS: region 2 phase 1 variant 1: auto avoidance finds reachable walkable safe ground
2026-10-07T05:36:48.0008129Z PASS: region 2 phase 1 variant 1: automatic escape prevents actual damage at impact
2026-10-07T05:36:48.0010091Z PASS: region 2 phase 1 variant 1: committed geometry resolves one real hit
2026-10-07T05:36:48.0010716Z PASS: region 2 phase 1: variants change threatened arena cells
2026-10-07T05:36:48.0012274Z PASS: region 2 phase 2 variant 0: real geometry validates and fits mobile zone budget
2026-10-07T05:36:48.0016038Z PASS: region 2 phase 2 variant 0: a zone contains its real damage probe
2026-10-07T05:36:48.0017401Z PASS: region 2 phase 2 variant 0: auto avoidance finds reachable walkable safe ground
2026-10-07T05:36:48.0020331Z PASS: region 2 phase 2 variant 0: automatic escape prevents actual damage at impact
2026-10-07T05:36:48.0021883Z PASS: region 2 phase 2 variant 0: committed geometry resolves one real hit
2026-10-07T05:36:48.0023939Z PASS: region 2 phase 2 variant 1: real geometry validates and fits mobile zone budget
2026-10-07T05:36:48.0027486Z PASS: region 2 phase 2 variant 1: a zone contains its real damage probe
2026-10-07T05:36:48.0028996Z PASS: region 2 phase 2 variant 1: auto avoidance finds reachable walkable safe ground
2026-10-07T05:36:48.0031583Z PASS: region 2 phase 2 variant 1: automatic escape prevents actual damage at impact
2026-10-07T05:36:48.0033417Z PASS: region 2 phase 2 variant 1: committed geometry resolves one real hit
2026-10-07T05:36:48.0034030Z PASS: region 2 phase 2: variants change threatened arena cells
2026-10-07T05:36:48.0034640Z PASS: region 2: all three health phases change actual threatened ground
2026-10-07T05:36:48.0035591Z PASS: region 2: first threshold emits one structural transition and ends old cast
2026-10-07T05:36:48.0036211Z PASS: region 2: next real attack uses phase-one geometry
2026-10-07T05:36:48.0036833Z PASS: region 2: final threshold emits a distinct transition and altered attack
2026-10-07T05:36:48.0037426Z PASS: region 2: a reached phase never announces twice
2026-10-07T05:36:48.0043158Z PASS: region 2: phase-two committed warning restores exactly
2026-10-07T05:36:48.0045098Z PASS: region 2: one large surviving hit records both crossed thresholds once
2026-10-07T05:36:48.0047143Z PASS: region 3 phase 0 variant 0: real geometry validates and fits mobile zone budget
2026-10-07T05:36:48.0052202Z PASS: region 3 phase 0 variant 0: a zone contains its real damage probe
2026-10-07T05:36:48.0053903Z PASS: region 3 phase 0 variant 0: auto avoidance finds reachable walkable safe ground
2026-10-07T05:36:48.0056592Z PASS: region 3 phase 0 variant 0: automatic escape prevents actual damage at impact
2026-10-07T05:36:48.0058291Z PASS: region 3 phase 0 variant 0: committed geometry resolves one real hit
2026-10-07T05:36:48.0060418Z PASS: region 3 phase 0 variant 1: real geometry validates and fits mobile zone budget
2026-10-07T05:36:48.0065266Z PASS: region 3 phase 0 variant 1: a zone contains its real damage probe
2026-10-07T05:36:48.0066871Z PASS: region 3 phase 0 variant 1: auto avoidance finds reachable walkable safe ground
2026-10-07T05:36:48.0069635Z PASS: region 3 phase 0 variant 1: automatic escape prevents actual damage at impact
2026-10-07T05:36:48.0071470Z PASS: region 3 phase 0 variant 1: committed geometry resolves one real hit
2026-10-07T05:36:48.0072102Z PASS: region 3 phase 0: variants change threatened arena cells
2026-10-07T05:36:48.0073678Z PASS: region 3 phase 1 variant 0: real geometry validates and fits mobile zone budget
2026-10-07T05:36:48.0079704Z PASS: region 3 phase 1 variant 0: a zone contains its real damage probe
2026-10-07T05:36:48.0081314Z PASS: region 3 phase 1 variant 0: auto avoidance finds reachable walkable safe ground
2026-10-07T05:36:48.0084095Z PASS: region 3 phase 1 variant 0: automatic escape prevents actual damage at impact
2026-10-07T05:36:48.0085817Z PASS: region 3 phase 1 variant 0: committed geometry resolves one real hit
2026-10-07T05:36:48.0087845Z PASS: region 3 phase 1 variant 1: real geometry validates and fits mobile zone budget
2026-10-07T05:36:48.0093858Z PASS: region 3 phase 1 variant 1: a zone contains its real damage probe
2026-10-07T05:36:48.0095536Z PASS: region 3 phase 1 variant 1: auto avoidance finds reachable walkable safe ground
2026-10-07T05:36:48.0098183Z PASS: region 3 phase 1 variant 1: automatic escape prevents actual damage at impact
2026-10-07T05:36:48.0100161Z PASS: region 3 phase 1 variant 1: committed geometry resolves one real hit
2026-10-07T05:36:48.0100778Z PASS: region 3 phase 1: variants change threatened arena cells
2026-10-07T05:36:48.0102397Z PASS: region 3 phase 2 variant 0: real geometry validates and fits mobile zone budget
2026-10-07T05:36:48.0107403Z PASS: region 3 phase 2 variant 0: a zone contains its real damage probe
2026-10-07T05:36:48.0109074Z PASS: region 3 phase 2 variant 0: auto avoidance finds reachable walkable safe ground
2026-10-07T05:36:48.0111416Z PASS: region 3 phase 2 variant 0: automatic escape prevents actual damage at impact
2026-10-07T05:36:48.0113198Z PASS: region 3 phase 2 variant 0: committed geometry resolves one real hit
2026-10-07T05:36:48.0115257Z PASS: region 3 phase 2 variant 1: real geometry validates and fits mobile zone budget
2026-10-07T05:36:48.0120271Z PASS: region 3 phase 2 variant 1: a zone contains its real damage probe
2026-10-07T05:36:48.0121812Z PASS: region 3 phase 2 variant 1: auto avoidance finds reachable walkable safe ground
2026-10-07T05:36:48.0124201Z PASS: region 3 phase 2 variant 1: automatic escape prevents actual damage at impact
2026-10-07T05:36:48.0126057Z PASS: region 3 phase 2 variant 1: committed geometry resolves one real hit
2026-10-07T05:36:48.0126691Z PASS: region 3 phase 2: variants change threatened arena cells
2026-10-07T05:36:48.0127321Z PASS: region 3: all three health phases change actual threatened ground
2026-10-07T05:36:48.0128231Z PASS: region 3: first threshold emits one structural transition and ends old cast
2026-10-07T05:36:48.0128964Z PASS: region 3: next real attack uses phase-one geometry
2026-10-07T05:36:48.0129594Z PASS: region 3: final threshold emits a distinct transition and altered attack
2026-10-07T05:36:48.0130208Z PASS: region 3: a reached phase never announces twice
2026-10-07T05:36:48.0135961Z PASS: region 3: phase-two committed warning restores exactly
2026-10-07T05:36:48.0137942Z PASS: region 3: one large surviving hit records both crossed thresholds once
2026-10-07T05:36:48.0142216Z PASS: an actual basic hit commits its crossed phase before a checkpoint can be written
2026-10-07T05:36:48.0146137Z PASS: an actual equipped-technique hit commits its structural transition immediately
2026-10-07T05:36:48.0150121Z PASS: an actual class-relic return hit commits the final phase immediately
2026-10-07T05:36:48.0155743Z PASS: malformed phase checkpoint rejected atomically: missing_flag
2026-10-07T05:36:48.0157838Z PASS: malformed phase checkpoint rejected atomically: flag_zero
2026-10-07T05:36:48.0159226Z PASS: malformed phase checkpoint rejected atomically: flag_bool
2026-10-07T05:36:48.0160488Z PASS: malformed phase checkpoint rejected atomically: missing_pattern_flag
2026-10-07T05:36:48.0162564Z PASS: malformed phase checkpoint rejected atomically: missing_phase
2026-10-07T05:36:48.0164597Z PASS: malformed phase checkpoint rejected atomically: phase_float
2026-10-07T05:36:48.0166580Z PASS: malformed phase checkpoint rejected atomically: phase_range
2026-10-07T05:36:48.0168718Z PASS: malformed phase checkpoint rejected atomically: health_mismatch
2026-10-07T05:36:48.0170786Z PASS: malformed phase checkpoint rejected atomically: awakened_mismatch
2026-10-07T05:36:48.0171914Z PASS: malformed phase checkpoint rejected atomically: wrong_role
2026-10-07T05:36:48.0174340Z PASS: malformed phase checkpoint rejected atomically: warning_phase
2026-10-07T05:36:48.0176899Z PASS: malformed phase checkpoint rejected atomically: warning_region
2026-10-07T05:36:48.0179336Z PASS: malformed phase checkpoint rejected atomically: warning_geometry
2026-10-07T05:36:48.0181663Z PASS: malformed phase checkpoint rejected atomically: warning_origin
2026-10-07T05:36:48.0183903Z PASS: malformed phase checkpoint rejected atomically: warning_bonus
2026-10-07T05:36:48.0191407Z PASS: phased warning cannot disagree with its frozen alternate-pattern history
2026-10-07T05:36:48.0193847Z PASS: combined contract requires exact frozen integer opt-in: <null>
2026-10-07T05:36:48.0194647Z PASS: combined contract requires exact frozen integer opt-in: 0
2026-10-07T05:36:48.0195608Z PASS: combined contract requires exact frozen integer opt-in: true
2026-10-07T05:36:48.0196566Z PASS: combined contract requires exact frozen integer opt-in: 2
2026-10-07T05:36:48.0197300Z PASS: forged combined contract cannot restore
2026-10-07T05:36:48.0197754Z PASS: forged combined contract cannot restore
2026-10-07T05:36:48.0201912Z PASS: an original circular warning still restores with no phase opt-in
2026-10-07T05:36:48.0203541Z PASS: orphaned phase metadata cannot enable new rules in a legacy warning: phase
2026-10-07T05:36:48.0205234Z PASS: orphaned phase metadata cannot enable new rules in a legacy warning: phase_name
2026-10-07T05:36:48.0206900Z PASS: orphaned phase metadata cannot enable new rules in a legacy warning: origin
2026-10-07T05:36:48.0208682Z PASS: orphaned phase metadata cannot enable new rules in a legacy warning: aim_target
2026-10-07T05:36:48.1265833Z PASS: region 0 Vowkeeper ["unmended"]: three seeds match for watched, Skip and binary restart
2026-10-07T05:36:48.2318221Z PASS: region 0 Vowkeeper ["cinder"]: three seeds match for watched, Skip and binary restart
2026-10-07T05:36:48.3505172Z PASS: region 0 Vowkeeper ["hollow"]: three seeds match for watched, Skip and binary restart
2026-10-07T05:36:48.4569924Z PASS: region 0 Vowkeeper ["unmended", "cinder"]: three seeds match for watched, Skip and binary restart
2026-10-07T05:36:48.5646295Z PASS: region 0 Vowkeeper ["unmended", "hollow"]: three seeds match for watched, Skip and binary restart
2026-10-07T05:36:48.6722180Z PASS: region 0 Vowkeeper ["cinder", "hollow"]: three seeds match for watched, Skip and binary restart
2026-10-07T05:36:48.8159990Z PASS: region 1 Vowkeeper ["unmended"]: three seeds match for watched, Skip and binary restart
2026-10-07T05:36:48.9591569Z PASS: region 1 Vowkeeper ["cinder"]: three seeds match for watched, Skip and binary restart
2026-10-07T05:36:49.1040037Z PASS: region 1 Vowkeeper ["hollow"]: three seeds match for watched, Skip and binary restart
2026-10-07T05:36:49.2364192Z PASS: region 1 Vowkeeper ["unmended", "cinder"]: three seeds match for watched, Skip and binary restart
2026-10-07T05:36:49.3799202Z PASS: region 1 Vowkeeper ["unmended", "hollow"]: three seeds match for watched, Skip and binary restart
2026-10-07T05:36:49.5238987Z PASS: region 1 Vowkeeper ["cinder", "hollow"]: three seeds match for watched, Skip and binary restart
2026-10-07T05:36:49.6629845Z PASS: region 2 Vowkeeper ["unmended"]: three seeds match for watched, Skip and binary restart
2026-10-07T05:36:49.8025136Z PASS: region 2 Vowkeeper ["cinder"]: three seeds match for watched, Skip and binary restart
2026-10-07T05:36:49.9479106Z PASS: region 2 Vowkeeper ["hollow"]: three seeds match for watched, Skip and binary restart
2026-10-07T05:36:50.0831883Z PASS: region 2 Vowkeeper ["unmended", "cinder"]: three seeds match for watched, Skip and binary restart
2026-10-07T05:36:50.2197344Z PASS: region 2 Vowkeeper ["unmended", "hollow"]: three seeds match for watched, Skip and binary restart
2026-10-07T05:36:50.3570019Z PASS: region 2 Vowkeeper ["cinder", "hollow"]: three seeds match for watched, Skip and binary restart
2026-10-07T05:36:50.5539112Z PASS: region 3 Vowkeeper ["unmended"]: three seeds match for watched, Skip and binary restart
2026-10-07T05:36:50.7493845Z PASS: region 3 Vowkeeper ["cinder"]: three seeds match for watched, Skip and binary restart
2026-10-07T05:36:50.9633877Z PASS: region 3 Vowkeeper ["hollow"]: three seeds match for watched, Skip and binary restart
2026-10-07T05:36:51.1558496Z PASS: region 3 Vowkeeper ["unmended", "cinder"]: three seeds match for watched, Skip and binary restart
2026-10-07T05:36:51.3492166Z PASS: region 3 Vowkeeper ["unmended", "hollow"]: three seeds match for watched, Skip and binary restart
2026-10-07T05:36:51.5571595Z PASS: region 3 Vowkeeper ["cinder", "hollow"]: three seeds match for watched, Skip and binary restart
2026-10-07T05:36:51.7404699Z PASS: region 0 Vowkeeper: AFK ledger exactly matches explicit phased combined-oath simulations
2026-10-07T05:36:51.9387785Z PASS: region 1 Vowkeeper: AFK ledger exactly matches explicit phased combined-oath simulations
2026-10-07T05:36:52.1600361Z PASS: region 2 Vowkeeper: AFK ledger exactly matches explicit phased combined-oath simulations
2026-10-07T05:36:52.4177261Z PASS: region 3 Vowkeeper: AFK ledger exactly matches explicit phased combined-oath simulations
2026-10-07T05:36:52.5071760Z PASS: region 0 Arcanist ["unmended"]: three seeds match for watched, Skip and binary restart
2026-10-07T05:36:52.5960209Z PASS: region 0 Arcanist ["cinder"]: three seeds match for watched, Skip and binary restart
2026-10-07T05:36:52.6933845Z PASS: region 0 Arcanist ["hollow"]: three seeds match for watched, Skip and binary restart
2026-10-07T05:36:52.7833026Z PASS: region 0 Arcanist ["unmended", "cinder"]: three seeds match for watched, Skip and binary restart
2026-10-07T05:36:52.8737082Z PASS: region 0 Arcanist ["unmended", "hollow"]: three seeds match for watched, Skip and binary restart
2026-10-07T05:36:52.9639689Z PASS: region 0 Arcanist ["cinder", "hollow"]: three seeds match for watched, Skip and binary restart
2026-10-07T05:36:53.0840695Z PASS: region 1 Arcanist ["unmended"]: three seeds match for watched, Skip and binary restart
2026-10-07T05:36:53.2041490Z PASS: region 1 Arcanist ["cinder"]: three seeds match for watched, Skip and binary restart
2026-10-07T05:36:53.3243443Z PASS: region 1 Arcanist ["hollow"]: three seeds match for watched, Skip and binary restart
2026-10-07T05:36:53.4445728Z PASS: region 1 Arcanist ["unmended", "cinder"]: three seeds match for watched, Skip and binary restart
2026-10-07T05:36:53.5649848Z PASS: region 1 Arcanist ["unmended", "hollow"]: three seeds match for watched, Skip and binary restart
2026-10-07T05:36:53.6863117Z PASS: region 1 Arcanist ["cinder", "hollow"]: three seeds match for watched, Skip and binary restart
2026-10-07T05:36:53.8473208Z PASS: region 2 Arcanist ["unmended"]: three seeds match for watched, Skip and binary restart
2026-10-07T05:36:54.0013786Z PASS: region 2 Arcanist ["cinder"]: three seeds match for watched, Skip and binary restart
2026-10-07T05:36:54.1558328Z PASS: region 2 Arcanist ["hollow"]: three seeds match for watched, Skip and binary restart
2026-10-07T05:36:54.3103188Z PASS: region 2 Arcanist ["unmended", "cinder"]: three seeds match for watched, Skip and binary restart
2026-10-07T05:36:54.4660191Z PASS: region 2 Arcanist ["unmended", "hollow"]: three seeds match for watched, Skip and binary restart
2026-10-07T05:36:54.6216155Z PASS: region 2 Arcanist ["cinder", "hollow"]: three seeds match for watched, Skip and binary restart
2026-10-07T05:36:54.9169227Z PASS: region 3 Arcanist ["unmended"]: three seeds match for watched, Skip and binary restart
2026-10-07T05:36:55.1771776Z PASS: region 3 Arcanist ["cinder"]: three seeds match for watched, Skip and binary restart
2026-10-07T05:36:55.4376803Z PASS: region 3 Arcanist ["hollow"]: three seeds match for watched, Skip and binary restart
2026-10-07T05:36:55.7012420Z PASS: region 3 Arcanist ["unmended", "cinder"]: three seeds match for watched, Skip and binary restart
2026-10-07T05:36:55.9627838Z PASS: region 3 Arcanist ["unmended", "hollow"]: three seeds match for watched, Skip and binary restart
2026-10-07T05:36:56.2090919Z PASS: region 3 Arcanist ["cinder", "hollow"]: three seeds match for watched, Skip and binary restart
2026-10-07T05:36:56.4211309Z PASS: region 0 Arcanist: AFK ledger exactly matches explicit phased combined-oath simulations
2026-10-07T05:36:56.6338851Z PASS: region 1 Arcanist: AFK ledger exactly matches explicit phased combined-oath simulations
2026-10-07T05:36:56.9062806Z PASS: region 2 Arcanist: AFK ledger exactly matches explicit phased combined-oath simulations
2026-10-07T05:36:57.2764490Z PASS: region 3 Arcanist: AFK ledger exactly matches explicit phased combined-oath simulations
2026-10-07T05:36:57.3693751Z PASS: region 0 Ranger ["unmended"]: three seeds match for watched, Skip and binary restart
2026-10-07T05:36:57.4614758Z PASS: region 0 Ranger ["cinder"]: three seeds match for watched, Skip and binary restart
2026-10-07T05:36:57.5533804Z PASS: region 0 Ranger ["hollow"]: three seeds match for watched, Skip and binary restart
2026-10-07T05:36:57.6384069Z PASS: region 0 Ranger ["unmended", "cinder"]: three seeds match for watched, Skip and binary restart
2026-10-07T05:36:57.7301474Z PASS: region 0 Ranger ["unmended", "hollow"]: three seeds match for watched, Skip and binary restart
2026-10-07T05:36:57.8221133Z PASS: region 0 Ranger ["cinder", "hollow"]: three seeds match for watched, Skip and binary restart
2026-10-07T05:36:57.9207336Z PASS: region 1 Ranger ["unmended"]: three seeds match for watched, Skip and binary restart
2026-10-07T05:36:58.0158298Z PASS: region 1 Ranger ["cinder"]: three seeds match for watched, Skip and binary restart
2026-10-07T05:36:58.1177928Z PASS: region 1 Ranger ["hollow"]: three seeds match for watched, Skip and binary restart
2026-10-07T05:36:58.2136220Z PASS: region 1 Ranger ["unmended", "cinder"]: three seeds match for watched, Skip and binary restart
2026-10-07T05:36:58.3134113Z PASS: region 1 Ranger ["unmended", "hollow"]: three seeds match for watched, Skip and binary restart
2026-10-07T05:36:58.4092782Z PASS: region 1 Ranger ["cinder", "hollow"]: three seeds match for watched, Skip and binary restart
2026-10-07T05:36:58.5275385Z PASS: region 2 Ranger ["unmended"]: three seeds match for watched, Skip and binary restart
2026-10-07T05:36:58.6411916Z PASS: region 2 Ranger ["cinder"]: three seeds match for watched, Skip and binary restart
2026-10-07T05:36:58.7536715Z PASS: region 2 Ranger ["hollow"]: three seeds match for watched, Skip and binary restart
2026-10-07T05:36:58.8711869Z PASS: region 2 Ranger ["unmended", "cinder"]: three seeds match for watched, Skip and binary restart
2026-10-07T05:36:58.9846367Z PASS: region 2 Ranger ["unmended", "hollow"]: three seeds match for watched, Skip and binary restart
2026-10-07T05:36:59.0934559Z PASS: region 2 Ranger ["cinder", "hollow"]: three seeds match for watched, Skip and binary restart
2026-10-07T05:36:59.2332063Z PASS: region 3 Ranger ["unmended"]: three seeds match for watched, Skip and binary restart
2026-10-07T05:36:59.3735237Z PASS: region 3 Ranger ["cinder"]: three seeds match for watched, Skip and binary restart
2026-10-07T05:36:59.5170799Z PASS: region 3 Ranger ["hollow"]: three seeds match for watched, Skip and binary restart
2026-10-07T05:36:59.6585220Z PASS: region 3 Ranger ["unmended", "cinder"]: three seeds match for watched, Skip and binary restart
2026-10-07T05:36:59.8033263Z PASS: region 3 Ranger ["unmended", "hollow"]: three seeds match for watched, Skip and binary restart
2026-10-07T05:36:59.9401723Z PASS: region 3 Ranger ["cinder", "hollow"]: three seeds match for watched, Skip and binary restart
2026-10-07T05:37:00.1334235Z PASS: region 0 Ranger: AFK ledger exactly matches explicit phased combined-oath simulations
2026-10-07T05:37:00.3139082Z PASS: region 1 Ranger: AFK ledger exactly matches explicit phased combined-oath simulations
2026-10-07T05:37:00.5222143Z PASS: region 2 Ranger: AFK ledger exactly matches explicit phased combined-oath simulations
2026-10-07T05:37:00.7588513Z PASS: region 3 Ranger: AFK ledger exactly matches explicit phased combined-oath simulations
2026-10-07T05:37:00.7592957Z PASS: new boss flag retains trial deadline and hunt difficulty rules
2026-10-07T05:37:00.7744344Z PASS: immutable version-one checkpoint and outcome: Vowkeeper region 0 unmended
2026-10-07T05:37:00.7858823Z PASS: immutable version-one checkpoint and outcome: Vowkeeper region 0 cinder
2026-10-07T05:37:00.7978314Z PASS: immutable version-one checkpoint and outcome: Vowkeeper region 1 unmended
2026-10-07T05:37:00.8098892Z PASS: immutable version-one checkpoint and outcome: Vowkeeper region 1 cinder
2026-10-07T05:37:00.8235216Z PASS: immutable version-one checkpoint and outcome: Vowkeeper region 2 unmended
2026-10-07T05:37:00.8370666Z PASS: immutable version-one checkpoint and outcome: Vowkeeper region 2 cinder
2026-10-07T05:37:00.8555488Z PASS: immutable version-one checkpoint and outcome: Vowkeeper region 3 unmended
2026-10-07T05:37:00.8740066Z PASS: immutable version-one checkpoint and outcome: Vowkeeper region 3 cinder
2026-10-07T05:37:00.8833382Z PASS: immutable version-one checkpoint and outcome: Arcanist region 0 unmended
2026-10-07T05:37:00.8925984Z PASS: immutable version-one checkpoint and outcome: Arcanist region 0 cinder
2026-10-07T05:37:00.9039036Z PASS: immutable version-one checkpoint and outcome: Arcanist region 1 unmended
2026-10-07T05:37:00.9150413Z PASS: immutable version-one checkpoint and outcome: Arcanist region 1 cinder
2026-10-07T05:37:00.9289871Z PASS: immutable version-one checkpoint and outcome: Arcanist region 2 unmended
2026-10-07T05:37:00.9429077Z PASS: immutable version-one checkpoint and outcome: Arcanist region 2 cinder
2026-10-07T05:37:00.9735876Z PASS: immutable version-one checkpoint and outcome: Arcanist region 3 unmended
2026-10-07T05:37:01.0042696Z PASS: immutable version-one checkpoint and outcome: Arcanist region 3 cinder
2026-10-07T05:37:01.0120401Z PASS: immutable version-one checkpoint and outcome: Ranger region 0 unmended
2026-10-07T05:37:01.0197192Z PASS: immutable version-one checkpoint and outcome: Ranger region 0 cinder
2026-10-07T05:37:01.0278855Z PASS: immutable version-one checkpoint and outcome: Ranger region 1 unmended
2026-10-07T05:37:01.0359870Z PASS: immutable version-one checkpoint and outcome: Ranger region 1 cinder
2026-10-07T05:37:01.0461339Z PASS: immutable version-one checkpoint and outcome: Ranger region 2 unmended
2026-10-07T05:37:01.0562973Z PASS: immutable version-one checkpoint and outcome: Ranger region 2 cinder
2026-10-07T05:37:01.0697526Z PASS: immutable version-one checkpoint and outcome: Ranger region 3 unmended
2026-10-07T05:37:01.0831866Z PASS: immutable version-one checkpoint and outcome: Ranger region 3 cinder
2026-10-07T05:37:01.0832501Z COMBINED OATHS / PHASES SMOKE: 338 checks, 0 failures
2026-10-07T05:37:01.1519948Z ##[group]Run godot --headless --path . --script tests/character_equipment_smoke.gd
2026-10-07T05:37:01.1520404Z [36;1mgodot --headless --path . --script tests/character_equipment_smoke.gd[0m
2026-10-07T05:37:01.1576437Z shell: /usr/bin/bash -e {0}
2026-10-07T05:37:01.1576636Z env:
2026-10-07T05:37:01.1576878Z   JAVA_HOME: /opt/hostedtoolcache/Java_Temurin-Hotspot_jdk/17.0.20-1/x64
2026-10-07T05:37:01.1577256Z   JAVA_HOME_17_X64: /opt/hostedtoolcache/Java_Temurin-Hotspot_jdk/17.0.20-1/x64
2026-10-07T05:37:01.1577551Z   MAVEN_ARGS: -ntp
2026-10-07T05:37:01.1577741Z   ANDROID_HOME: /usr/local/lib/android/sdk
2026-10-07T05:37:01.1577978Z   ANDROID_SDK_ROOT: /usr/local/lib/android/sdk
2026-10-07T05:37:01.1578206Z ##[endgroup]
2026-10-07T05:37:01.1811921Z Godot Engine v4.7.2.stable.official.ed1daf0bf - https://godotengine.org
2026-10-07T05:37:01.2048681Z 
2026-10-07T05:37:05.7780126Z CHARACTER EQUIPMENT SMOKE: 38 checks, 0 failures
2026-10-07T05:37:05.8852270Z ##[group]Run timeout 120s godot --headless --path . --script tests/character_3d_smoke.gd
2026-10-07T05:37:05.8852746Z [36;1mtimeout 120s godot --headless --path . --script tests/character_3d_smoke.gd[0m
2026-10-07T05:37:05.8908718Z shell: /usr/bin/bash -e {0}
2026-10-07T05:37:05.8908924Z env:
2026-10-07T05:37:05.8909167Z   JAVA_HOME: /opt/hostedtoolcache/Java_Temurin-Hotspot_jdk/17.0.20-1/x64
2026-10-07T05:37:05.8909553Z   JAVA_HOME_17_X64: /opt/hostedtoolcache/Java_Temurin-Hotspot_jdk/17.0.20-1/x64
2026-10-07T05:37:05.8909844Z   MAVEN_ARGS: -ntp
2026-10-07T05:37:05.8910024Z   ANDROID_HOME: /usr/local/lib/android/sdk
2026-10-07T05:37:05.8910258Z   ANDROID_SDK_ROOT: /usr/local/lib/android/sdk
2026-10-07T05:37:05.8910477Z ##[endgroup]
2026-10-07T05:37:05.9146889Z Godot Engine v4.7.2.stable.official.ed1daf0bf - https://godotengine.org
2026-10-07T05:37:05.9379902Z 
2026-10-07T05:37:23.1894587Z CHARACTER THREE D SMOKE: 144 checks, 0 failures
2026-10-07T05:37:23.3584481Z ##[group]Run XDG_DATA_HOME="$RUNNER_TEMP/emberfall-presentation" timeout 120s godot --headless --path . --script tests/presentation_smoke.gd
2026-10-07T05:37:23.3585220Z [36;1mXDG_DATA_HOME="$RUNNER_TEMP/emberfall-presentation" timeout 120s godot --headless --path . --script tests/presentation_smoke.gd[0m
2026-10-07T05:37:23.3641903Z shell: /usr/bin/bash -e {0}
2026-10-07T05:37:23.3642112Z env:
2026-10-07T05:37:23.3642352Z   JAVA_HOME: /opt/hostedtoolcache/Java_Temurin-Hotspot_jdk/17.0.20-1/x64
2026-10-07T05:37:23.3642721Z   JAVA_HOME_17_X64: /opt/hostedtoolcache/Java_Temurin-Hotspot_jdk/17.0.20-1/x64
2026-10-07T05:37:23.3643009Z   MAVEN_ARGS: -ntp
2026-10-07T05:37:23.3643189Z   ANDROID_HOME: /usr/local/lib/android/sdk
2026-10-07T05:37:23.3643417Z   ANDROID_SDK_ROOT: /usr/local/lib/android/sdk
2026-10-07T05:37:23.3643633Z ##[endgroup]
2026-10-07T05:37:23.3884525Z Godot Engine v4.7.2.stable.official.ed1daf0bf - https://godotengine.org
2026-10-07T05:37:23.4121440Z 
2026-10-07T05:37:25.9577348Z PASS: Vowkeeper: complete class-specific rendered source surfaces and accessories plus contact shadow; compatibility proxy stays hidden
2026-10-07T05:37:25.9590464Z PASS: Vowkeeper: exact class source mesh inventory, bound material slots and full actual outfit/accessory/weapon triangle budget; visible=31440
2026-10-07T05:37:25.9870583Z PASS: Vowkeeper: all four skin influences give the complete rendered figure and accessories real depth
2026-10-07T05:37:25.9871564Z PASS: Vowkeeper: original native65 skin and authored walking/death clips drive the visible surfaces
2026-10-07T05:37:26.0176195Z PASS: Vowkeeper: actual walking samples the authored clip on the complete visible weighted surfaces
2026-10-07T05:37:26.0187335Z PASS: Vowkeeper: stopping retains a fading stride
2026-10-07T05:37:26.0198486Z PASS: Vowkeeper: travel recovery returns to 3D guard pose
2026-10-07T05:37:26.0210158Z PASS: Vowkeeper: actual attack starts in authored spatial windup
2026-10-07T05:37:26.0221976Z PASS: Vowkeeper: committed action reaches contact while retaining all actual authored meshes and skins
2026-10-07T05:37:26.0232884Z PASS: Vowkeeper: real warning countdown holds the windup longer than a basic swing
2026-10-07T05:37:26.0244329Z PASS: Vowkeeper: actual heavy impact clears warning and displays strike immediately
2026-10-07T05:37:26.0602390Z PASS: Vowkeeper: authored defeat lowers the actual native pelvis and articulated surfaces
2026-10-07T05:37:26.0964876Z PASS: Vowkeeper: completed collapse retains every original actual body/accessory mesh and skin
2026-10-07T05:37:26.1246153Z PASS: Vowkeeper: independently measured complete indexed weighted body and accessories settle above the floor; minimum=0.00299999862909
2026-10-07T05:37:26.2055137Z PASS: Arcanist: complete class-specific rendered source surfaces and accessories plus contact shadow; compatibility proxy stays hidden
2026-10-07T05:37:26.2067633Z PASS: Arcanist: exact class source mesh inventory, bound material slots and full actual outfit/accessory/weapon triangle budget; visible=28708
2026-10-07T05:37:26.2293694Z PASS: Arcanist: all four skin influences give the complete rendered figure and accessories real depth
2026-10-07T05:37:26.2294662Z PASS: Arcanist: original native65 skin and authored walking/death clips drive the visible surfaces
2026-10-07T05:37:26.2528306Z PASS: Arcanist: actual walking samples the authored clip on the complete visible weighted surfaces
2026-10-07T05:37:26.2534415Z PASS: Arcanist: stopping retains a fading stride
2026-10-07T05:37:26.2540411Z PASS: Arcanist: travel recovery returns to 3D guard pose
2026-10-07T05:37:26.2547771Z PASS: Arcanist: actual attack starts in authored spatial windup
2026-10-07T05:37:26.2555255Z PASS: Arcanist: committed action reaches contact while retaining all actual authored meshes and skins
2026-10-07T05:37:26.2561464Z PASS: Arcanist: real warning countdown holds the windup longer than a basic swing
2026-10-07T05:37:26.2568026Z PASS: Arcanist: actual heavy impact clears warning and displays strike immediately
2026-10-07T05:37:26.2633328Z PASS: Arcanist: authored defeat lowers the actual native pelvis and articulated surfaces
2026-10-07T05:37:26.2698436Z PASS: Arcanist: completed collapse retains every original actual body/accessory mesh and skin
2026-10-07T05:37:26.2922321Z PASS: Arcanist: independently measured complete indexed weighted body and accessories settle above the floor; minimum=0.00200000032783
2026-10-07T05:37:26.5631951Z PASS: Ranger: complete class-specific rendered source surfaces and accessories plus contact shadow; compatibility proxy stays hidden
2026-10-07T05:37:26.5647520Z PASS: Ranger: exact class source mesh inventory, bound material slots and full actual outfit/accessory/weapon triangle budget; visible=32884
2026-10-07T05:37:26.5947333Z PASS: Ranger: all four skin influences give the complete rendered figure and accessories real depth
2026-10-07T05:37:26.5948281Z PASS: Ranger: original native65 skin and authored walking/death clips drive the visible surfaces
2026-10-07T05:37:26.6265986Z PASS: Ranger: actual walking samples the authored clip on the complete visible weighted surfaces
2026-10-07T05:37:26.6277986Z PASS: Ranger: stopping retains a fading stride
2026-10-07T05:37:26.6290156Z PASS: Ranger: travel recovery returns to 3D guard pose
2026-10-07T05:37:26.6302798Z PASS: Ranger: actual attack starts in authored spatial windup
2026-10-07T05:37:26.6314877Z PASS: Ranger: committed action reaches contact while retaining all actual authored meshes and skins
2026-10-07T05:37:26.6326393Z PASS: Ranger: real warning countdown holds the windup longer than a basic swing
2026-10-07T05:37:26.6337504Z PASS: Ranger: actual heavy impact clears warning and displays strike immediately
2026-10-07T05:37:26.6634951Z PASS: Ranger: authored defeat lowers the actual native pelvis and articulated surfaces
2026-10-07T05:37:26.6930186Z PASS: Ranger: completed collapse retains every original actual body/accessory mesh and skin
2026-10-07T05:37:26.7224330Z PASS: Ranger: independently measured complete indexed weighted body and accessories settle above the floor; minimum=0.00299999862909
2026-10-07T05:37:26.7733909Z PASS: raider: complete class-specific rendered source surfaces and accessories plus contact shadow; compatibility proxy stays hidden
2026-10-07T05:37:26.7740872Z PASS: raider: exact class source mesh inventory, bound material slots and full actual outfit/accessory/weapon triangle budget; visible=19658
2026-10-07T05:37:26.7889366Z PASS: raider: all four skin influences give the complete rendered figure and accessories real depth
2026-10-07T05:37:26.7890345Z PASS: raider: original native65 skin and authored walking/death clips drive the visible surfaces
2026-10-07T05:37:26.8047111Z PASS: raider: actual walking samples the authored clip on the complete visible weighted surfaces
2026-10-07T05:37:26.8051945Z PASS: raider: stopping retains a fading stride
2026-10-07T05:37:26.8056708Z PASS: raider: travel recovery returns to 3D guard pose
2026-10-07T05:37:26.8062350Z PASS: raider: actual attack starts in authored spatial windup
2026-10-07T05:37:26.8067972Z PASS: raider: committed action reaches contact while retaining all actual authored meshes and skins
2026-10-07T05:37:26.8073033Z PASS: raider: real warning countdown holds the windup longer than a basic swing
2026-10-07T05:37:26.8078217Z PASS: raider: actual heavy impact clears warning and displays strike immediately
2026-10-07T05:37:26.8084799Z PASS: raider: authored defeat lowers the actual native pelvis and articulated surfaces
2026-10-07T05:37:26.8091884Z PASS: raider: completed collapse retains every original actual body/accessory mesh and skin
2026-10-07T05:37:26.8242020Z PASS: raider: independently measured complete indexed weighted body and accessories settle above the floor; minimum=0.00300141423941
2026-10-07T05:37:27.2288471Z PASS: boss: one volumetric surface and one contact shadow
2026-10-07T05:37:27.2289346Z PASS: boss: lit 3D geometry fits one bounded skinned surface
2026-10-07T05:37:27.2290317Z PASS: boss: figure has real depth, not a camera-facing card
2026-10-07T05:37:27.2291128Z PASS: boss: native skeleton and AnimationPlayer drive the visible volume
2026-10-07T05:37:27.2291725Z PASS: boss: stopping retains a fading stride
2026-10-07T05:37:27.2292206Z PASS: boss: travel recovery returns to 3D guard pose
2026-10-07T05:37:27.2292776Z PASS: boss: actual attack starts in authored spatial windup
2026-10-07T05:37:27.2293465Z PASS: boss: committed action reaches contact while retaining the animated mesh
2026-10-07T05:37:27.2294326Z PASS: boss: real warning countdown holds the windup longer than a basic swing
2026-10-07T05:37:27.2295173Z PASS: boss: actual heavy impact clears warning and displays strike immediately
2026-10-07T05:37:27.2295974Z PASS: boss: defeat first buckles the visible articulated figure
2026-10-07T05:37:27.2296673Z PASS: boss: completed collapse settles into the same skinned 3D figure on the floor
2026-10-07T05:37:27.2300447Z PASS: steady 60 FPS keeps full resolution
2026-10-07T05:37:27.2301097Z PASS: sustained 30 FPS lowers render resolution
2026-10-07T05:37:27.2303251Z PASS: short recovery does not oscillate quality
2026-10-07T05:37:27.2305306Z PASS: sustained recovery restores full resolution
2026-10-07T05:37:27.2306928Z PASS: paused play does not drive adaptive quality
2026-10-07T05:37:27.2307446Z PASS: isolated long stalls do not drive adaptive quality
2026-10-07T05:37:27.2307974Z PASS: persistent very slow rendering also lowers quality
2026-10-07T05:37:28.7075791Z PASS: combat HUD starts with compact panels
2026-10-07T05:37:28.7150834Z PASS: details expose skills, resources, objective and map
2026-10-07T05:37:28.7180366Z PASS: opening and closing details preserves combat and the existing camera
2026-10-07T05:37:28.7182305Z PASS: adaptive resolution changes rendering without advancing combat
2026-10-07T05:37:29.2310281Z PASS: 854x480: compact HUD actions fit with standard text and 48-unit targets
2026-10-07T05:37:29.2476307Z PASS: 854x480: expanded HUD actions fit with standard text and 48-unit targets
2026-10-07T05:37:29.2643001Z PASS: 854x480: compact HUD actions fit with large text and 48-unit targets
2026-10-07T05:37:29.2809894Z PASS: 854x480: expanded HUD actions fit with large text and 48-unit targets
2026-10-07T05:37:29.7903713Z PASS: 1200x535: compact HUD actions fit with standard text and 48-unit targets
2026-10-07T05:37:29.8069465Z PASS: 1200x535: expanded HUD actions fit with standard text and 48-unit targets
2026-10-07T05:37:29.8236109Z PASS: 1200x535: compact HUD actions fit with large text and 48-unit targets
2026-10-07T05:37:29.8402701Z PASS: 1200x535: expanded HUD actions fit with large text and 48-unit targets
2026-10-07T05:37:30.3622528Z PASS: 1040x1080: compact HUD actions fit with standard text and 48-unit targets
2026-10-07T05:37:30.3788893Z PASS: 1040x1080: expanded HUD actions fit with standard text and 48-unit targets
2026-10-07T05:37:30.3955499Z PASS: 1040x1080: compact HUD actions fit with large text and 48-unit targets
2026-10-07T05:37:30.4122248Z PASS: 1040x1080: expanded HUD actions fit with large text and 48-unit targets
2026-10-07T05:37:30.4196440Z PRESENTATION SMOKE: 91 checks, 0 failures
2026-10-07T05:37:30.6042320Z ##[group]Run XDG_DATA_HOME="$RUNNER_TEMP/emberfall-combined-main" timeout 300s godot --headless --path . --script tests/main_combined_rules_smoke.gd
2026-10-07T05:37:30.6043110Z [36;1mXDG_DATA_HOME="$RUNNER_TEMP/emberfall-combined-main" timeout 300s godot --headless --path . --script tests/main_combined_rules_smoke.gd[0m
2026-10-07T05:37:30.6099342Z shell: /usr/bin/bash -e {0}
2026-10-07T05:37:30.6099545Z env:
2026-10-07T05:37:30.6099788Z   JAVA_HOME: /opt/hostedtoolcache/Java_Temurin-Hotspot_jdk/17.0.20-1/x64
2026-10-07T05:37:30.6100166Z   JAVA_HOME_17_X64: /opt/hostedtoolcache/Java_Temurin-Hotspot_jdk/17.0.20-1/x64
2026-10-07T05:37:30.6100454Z   MAVEN_ARGS: -ntp
2026-10-07T05:37:30.6100635Z   ANDROID_HOME: /usr/local/lib/android/sdk
2026-10-07T05:37:30.6100866Z   ANDROID_SDK_ROOT: /usr/local/lib/android/sdk
2026-10-07T05:37:30.6101257Z ##[endgroup]
2026-10-07T05:37:30.6342897Z Godot Engine v4.7.2.stable.official.ed1daf0bf - https://godotengine.org
2026-10-07T05:37:30.6578922Z 
2026-10-07T05:37:32.9534097Z PASS: Vowkeeper: campaign opts into phased guardians only
2026-10-07T05:37:32.9534694Z PASS: Vowkeeper: legacy oath construction retains its original combat rules
2026-10-07T05:37:32.9535133Z PASS: Vowkeeper: combined rules freeze into the actual new expedition
2026-10-07T05:37:32.9535576Z PASS: Vowkeeper: forged combined contracts cannot start or consume a serial
2026-10-07T05:37:33.4143450Z PASS: Vowkeeper: ordinary starting gear clears all 24 personal-sequence first floors
2026-10-07T05:37:33.4144114Z PASS: Vowkeeper: every normal first-floor guardian reaches both real health transitions
2026-10-07T05:37:33.4144654Z PASS: Vowkeeper: first contact and signature remain within five seconds across 24 seeds
2026-10-07T05:37:33.4146527Z NEW_FIRST_FLOOR {"both_phases":24,"class":"Vowkeeper","clear_seconds":[100.699999999999,107.799999999998,109.899999999998,102.499999999998,118.699999999998,109.199999999998,103.899999999998,99.5999999999986,92.799999999999,92.399999999999,104.199999999998,97.9999999999987,100.999999999999,98.0999999999987,96.3999999999988,98.4999999999987,113.099999999998,117.299999999998,109.199999999998,106.199999999998,109.599999999998,106.599999999998,90.9999999999991,107.499999999998],"seeds":24,"wins":24}
2026-10-07T05:37:33.4157523Z PASS: Arcanist: campaign opts into phased guardians only
2026-10-07T05:37:33.4158203Z PASS: Arcanist: legacy oath construction retains its original combat rules
2026-10-07T05:37:33.4159230Z PASS: Arcanist: combined rules freeze into the actual new expedition
2026-10-07T05:37:33.4159896Z PASS: Arcanist: forged combined contracts cannot start or consume a serial
2026-10-07T05:37:33.8754535Z PASS: Arcanist: ordinary starting gear clears all 24 personal-sequence first floors
2026-10-07T05:37:33.8755444Z PASS: Arcanist: every normal first-floor guardian reaches both real health transitions
2026-10-07T05:37:33.8756327Z PASS: Arcanist: first contact and signature remain within five seconds across 24 seeds
2026-10-07T05:37:33.8760518Z NEW_FIRST_FLOOR {"both_phases":24,"class":"Arcanist","clear_seconds":[80.5999999999997,79.1999999999998,79.6999999999997,81.4999999999996,77.2999999999999,76.3999999999999,77.0999999999999,78.3999999999998,79.2999999999998,73.7000000000001,79.8999999999997,78.4999999999998,86.5999999999994,71.3000000000002,82.6999999999996,77.6999999999999,84.5999999999995,87.1999999999993,76.6999999999999,79.6999999999997,82.7999999999996,77.5999999999999,80.8999999999997,74.6],"seeds":24,"wins":24}
2026-10-07T05:37:33.8776237Z PASS: Ranger: campaign opts into phased guardians only
2026-10-07T05:37:33.8776879Z PASS: Ranger: legacy oath construction retains its original combat rules
2026-10-07T05:37:33.8777520Z PASS: Ranger: combined rules freeze into the actual new expedition
2026-10-07T05:37:33.8778183Z PASS: Ranger: forged combined contracts cannot start or consume a serial
2026-10-07T05:37:34.2319062Z PASS: Ranger: ordinary starting gear clears all 24 personal-sequence first floors
2026-10-07T05:37:34.2320108Z PASS: Ranger: every normal first-floor guardian reaches both real health transitions
2026-10-07T05:37:34.2320628Z PASS: Ranger: first contact and signature remain within five seconds across 24 seeds
2026-10-07T05:37:34.2322280Z NEW_FIRST_FLOOR {"both_phases":24,"class":"Ranger","clear_seconds":[87.1999999999993,91.6999999999991,86.7999999999993,84.3999999999995,93.599999999999,83.8999999999995,82.4999999999996,82.5999999999996,82.0999999999996,79.8999999999997,82.8999999999996,87.9999999999993,85.5999999999994,83.6999999999995,81.2999999999997,86.8999999999993,91.3999999999991,88.9999999999992,79.1999999999998,82.9999999999996,88.0999999999993,83.8999999999995,81.4999999999996,85.3999999999994],"seeds":24,"wins":24}
2026-10-07T05:37:34.2324954Z PASS: Vowkeeper ["unmended", "cinder"]: exact additive victory currencies
2026-10-07T05:37:34.2325591Z PASS: Vowkeeper ["unmended", "cinder"]: extra drop awarded once
2026-10-07T05:37:34.2326624Z PASS: Vowkeeper ["unmended", "cinder"]: guaranteed class effect is an actual Epic-or-better Amulet
2026-10-07T05:37:34.2327260Z PASS: Vowkeeper ["unmended", "cinder"]: defeat grants no oath loot, bonus or first-clear entitlement
2026-10-07T05:37:34.2328799Z PASS: Vowkeeper ["unmended", "hollow"]: exact additive victory currencies
2026-10-07T05:37:34.2329431Z PASS: Vowkeeper ["unmended", "hollow"]: extra drop awarded once
2026-10-07T05:37:34.2330210Z PASS: Vowkeeper ["unmended", "hollow"]: defeat grants no oath loot, bonus or first-clear entitlement
2026-10-07T05:37:34.2331848Z PASS: Vowkeeper ["cinder", "hollow"]: exact additive victory currencies
2026-10-07T05:37:34.2332299Z PASS: Vowkeeper ["cinder", "hollow"]: extra drop awarded once
2026-10-07T05:37:34.2332796Z PASS: Vowkeeper ["cinder", "hollow"]: guaranteed class effect is an actual Epic-or-better Amulet
2026-10-07T05:37:34.2333370Z PASS: Vowkeeper ["cinder", "hollow"]: defeat grants no oath loot, bonus or first-clear entitlement
2026-10-07T05:37:34.2335524Z PASS: Arcanist ["unmended", "cinder"]: exact additive victory currencies
2026-10-07T05:37:34.2335937Z PASS: Arcanist ["unmended", "cinder"]: extra drop awarded once
2026-10-07T05:37:34.2336442Z PASS: Arcanist ["unmended", "cinder"]: guaranteed class effect is an actual Epic-or-better Amulet
2026-10-07T05:37:34.2336989Z PASS: Arcanist ["unmended", "cinder"]: defeat grants no oath loot, bonus or first-clear entitlement
2026-10-07T05:37:34.2339148Z PASS: Arcanist ["unmended", "hollow"]: exact additive victory currencies
2026-10-07T05:37:34.2339575Z PASS: Arcanist ["unmended", "hollow"]: extra drop awarded once
2026-10-07T05:37:34.2340259Z PASS: Arcanist ["unmended", "hollow"]: defeat grants no oath loot, bonus or first-clear entitlement
2026-10-07T05:37:34.2342430Z PASS: Arcanist ["cinder", "hollow"]: exact additive victory currencies
2026-10-07T05:37:34.2342846Z PASS: Arcanist ["cinder", "hollow"]: extra drop awarded once
2026-10-07T05:37:34.2343328Z PASS: Arcanist ["cinder", "hollow"]: guaranteed class effect is an actual Epic-or-better Amulet
2026-10-07T05:37:34.2343895Z PASS: Arcanist ["cinder", "hollow"]: defeat grants no oath loot, bonus or first-clear entitlement
2026-10-07T05:37:34.2345976Z PASS: Ranger ["unmended", "cinder"]: exact additive victory currencies
2026-10-07T05:37:34.2346378Z PASS: Ranger ["unmended", "cinder"]: extra drop awarded once
2026-10-07T05:37:34.2346847Z PASS: Ranger ["unmended", "cinder"]: guaranteed class effect is an actual Epic-or-better Amulet
2026-10-07T05:37:34.2347407Z PASS: Ranger ["unmended", "cinder"]: defeat grants no oath loot, bonus or first-clear entitlement
2026-10-07T05:37:34.2349342Z PASS: Ranger ["unmended", "hollow"]: exact additive victory currencies
2026-10-07T05:37:34.2349752Z PASS: Ranger ["unmended", "hollow"]: extra drop awarded once
2026-10-07T05:37:34.2350454Z PASS: Ranger ["unmended", "hollow"]: defeat grants no oath loot, bonus or first-clear entitlement
2026-10-07T05:37:34.2352425Z PASS: Ranger ["cinder", "hollow"]: exact additive victory currencies
2026-10-07T05:37:34.2352834Z PASS: Ranger ["cinder", "hollow"]: extra drop awarded once
2026-10-07T05:37:34.2353469Z PASS: Ranger ["cinder", "hollow"]: guaranteed class effect is an actual Epic-or-better Amulet
2026-10-07T05:37:34.2354025Z PASS: Ranger ["cinder", "hollow"]: defeat grants no oath loot, bonus or first-clear entitlement
2026-10-07T05:37:34.2355027Z PASS: combined support preserves once-only separate trial rewards
2026-10-07T05:37:34.2355969Z PASS: combined support preserves targeted Hunts without campaign or first-gift progression
2026-10-07T05:37:34.2485844Z PASS: Vowkeeper: controlled prepared build reaches a real phase-one committed warning
2026-10-07T05:37:34.2504129Z PASS: Vowkeeper: paused combined phase checkpoint persists through SaveStore
2026-10-07T05:37:34.2522998Z PASS: Vowkeeper: cold restart keeps frozen phase, contract, paused state and protected relic
2026-10-07T05:37:34.2629180Z PASS: Vowkeeper: loaded combined phase finishes with identical combat and RNG
2026-10-07T05:37:34.2766586Z PASS: Arcanist: controlled prepared build reaches a real phase-one committed warning
2026-10-07T05:37:34.2783456Z PASS: Arcanist: paused combined phase checkpoint persists through SaveStore
2026-10-07T05:37:34.2802115Z PASS: Arcanist: cold restart keeps frozen phase, contract, paused state and protected relic
2026-10-07T05:37:34.2863210Z PASS: Arcanist: loaded combined phase finishes with identical combat and RNG
2026-10-07T05:37:34.2969498Z PASS: Ranger: controlled prepared build reaches a real phase-one committed warning
2026-10-07T05:37:34.2986152Z PASS: Ranger: paused combined phase checkpoint persists through SaveStore
2026-10-07T05:37:34.3004583Z PASS: Ranger: cold restart keeps frozen phase, contract, paused state and protected relic
2026-10-07T05:37:34.3060448Z PASS: Ranger: loaded combined phase finishes with identical combat and RNG
2026-10-07T05:37:34.3115581Z PASS: original v1 oath checkpoint saves through the new main profile schema
2026-10-07T05:37:34.3131990Z PASS: cold loading an old run never enables the current new-run flags
2026-10-07T05:37:34.3475100Z PASS: Vowkeeper: watched and main Skip preserve identical combined outcome, loot and currencies
2026-10-07T05:37:34.8072122Z PASS: Vowkeeper: background active combined run and subsequent farming match explicit frozen simulation and rewards
2026-10-07T05:37:34.8259422Z PASS: Vowkeeper: repeated background reconciliation cannot duplicate the combined reward
2026-10-07T05:37:34.8742771Z PASS: Arcanist: watched and main Skip preserve identical combined outcome, loot and currencies
2026-10-07T05:37:35.5197357Z PASS: Arcanist: background active combined run and subsequent farming match explicit frozen simulation and rewards
2026-10-07T05:37:35.5503953Z PASS: Arcanist: repeated background reconciliation cannot duplicate the combined reward
2026-10-07T05:37:35.5786835Z PASS: Ranger: watched and main Skip preserve identical combined outcome, loot and currencies
2026-10-07T05:37:35.9875360Z PASS: Ranger: background active combined run and subsequent farming match explicit frozen simulation and rewards
2026-10-07T05:37:35.9999380Z PASS: Ranger: repeated background reconciliation cannot duplicate the combined reward
2026-10-07T05:37:36.0004173Z PASS: combined first victory preserves every protected item and reserves its Epic class gift
2026-10-07T05:37:36.0015356Z PASS: protected-bag class entitlement persists
2026-10-07T05:37:36.0022278Z PASS: cold restart retains protected bag and exactly one reserved class gift
2026-10-07T05:37:36.0023610Z PASS: repeated combined victory cannot replace the once-only reserved gift or sell protected gear
2026-10-07T05:37:36.0024462Z PASS: reserved combined gift can be claimed once after making room
2026-10-07T05:37:36.0219340Z PASS: Vowkeeper: active successful combined repeat creates a validated frozen cooperative context
2026-10-07T05:37:36.0238297Z PASS: Vowkeeper: oath repeat preserves the original frozen build and independent selected Hunt
2026-10-07T05:37:36.0251552Z PASS: Vowkeeper: pending oath repeat batch and its template persist atomically
2026-10-07T05:37:36.0290345Z PASS: Vowkeeper: a cold pending-batch restart keeps its exact frozen contract and stats
2026-10-07T05:37:36.0454323Z PASS: Vowkeeper: controlled combined repeat build wins its initial real expedition
2026-10-07T05:37:37.0168077Z PASS: Vowkeeper: cooperative combined repeat currencies, loot, seeds and time match individual frozen runs
2026-10-07T05:37:37.0169083Z PASS: Vowkeeper: cold-resumed cooperative repeat cannot duplicate or omit a reward
2026-10-07T05:37:37.0169735Z PASS: Vowkeeper: chosen combined repeat remains authoritative after its first AFK batch
2026-10-07T05:37:37.3566325Z PASS: Vowkeeper: a second absence repeats the same two oaths and frozen build
2026-10-07T05:37:37.3776796Z PASS: Vowkeeper: repeat reconciliation at the same timestamp remains once-only
2026-10-07T05:37:37.3798369Z PASS: Vowkeeper: forged frozen repeat template rejected: hero_hp
2026-10-07T05:37:37.3811660Z PASS: Vowkeeper: a backup cannot install the forged repeat template: hero_hp
2026-10-07T05:37:37.3825969Z PASS: Vowkeeper: forged frozen repeat template rejected: rng_state
2026-10-07T05:37:37.3838100Z PASS: Vowkeeper: a backup cannot install the forged repeat template: rng_state
2026-10-07T05:37:37.3847700Z PASS: Vowkeeper: forged frozen repeat template rejected: elapsed
2026-10-07T05:37:37.3855211Z PASS: Vowkeeper: a backup cannot install the forged repeat template: elapsed
2026-10-07T05:37:37.3861789Z PASS: Vowkeeper: forged frozen repeat template rejected: class
2026-10-07T05:37:37.3866103Z PASS: Vowkeeper: a backup cannot install the forged repeat template: class
2026-10-07T05:37:37.3867482Z PASS: Vowkeeper: forged frozen repeat template rejected: version
2026-10-07T05:37:37.3868082Z PASS: Vowkeeper: a backup cannot install the forged repeat template: version
2026-10-07T05:37:37.3877226Z PASS: Vowkeeper: forged frozen repeat template rejected: charge
2026-10-07T05:37:37.3884629Z PASS: Vowkeeper: a backup cannot install the forged repeat template: charge
2026-10-07T05:37:37.4092244Z PASS: Vowkeeper: manual gear preparation ends the frozen oath repeat and restores the selected Hunt
2026-10-07T05:37:37.4291409Z PASS: Arcanist: active successful combined repeat creates a validated frozen cooperative context
2026-10-07T05:37:37.4310324Z PASS: Arcanist: oath repeat preserves the original frozen build and independent selected Hunt
2026-10-07T05:37:37.4323712Z PASS: Arcanist: pending oath repeat batch and its template persist atomically
2026-10-07T05:37:37.4362536Z PASS: Arcanist: a cold pending-batch restart keeps its exact frozen contract and stats
2026-10-07T05:37:37.4533255Z PASS: Arcanist: controlled combined repeat build wins its initial real expedition
2026-10-07T05:37:38.3636577Z PASS: Arcanist: cooperative combined repeat currencies, loot, seeds and time match individual frozen runs
2026-10-07T05:37:38.3637572Z PASS: Arcanist: cold-resumed cooperative repeat cannot duplicate or omit a reward
2026-10-07T05:37:38.3638457Z PASS: Arcanist: chosen combined repeat remains authoritative after its first AFK batch
2026-10-07T05:37:38.6939983Z PASS: Arcanist: a second absence repeats the same two oaths and frozen build
2026-10-07T05:37:38.6962090Z PASS: Arcanist: repeat reconciliation at the same timestamp remains once-only
2026-10-07T05:37:38.6984678Z PASS: Arcanist: forged frozen repeat template rejected: hero_hp
2026-10-07T05:37:38.6998023Z PASS: Arcanist: a backup cannot install the forged repeat template: hero_hp
2026-10-07T05:37:38.7013080Z PASS: Arcanist: forged frozen repeat template rejected: rng_state
2026-10-07T05:37:38.7025866Z PASS: Arcanist: a backup cannot install the forged repeat template: rng_state
2026-10-07T05:37:38.7035961Z PASS: Arcanist: forged frozen repeat template rejected: elapsed
2026-10-07T05:37:38.7043886Z PASS: Arcanist: a backup cannot install the forged repeat template: elapsed
2026-10-07T05:37:38.7050967Z PASS: Arcanist: forged frozen repeat template rejected: class
2026-10-07T05:37:38.7055726Z PASS: Arcanist: a backup cannot install the forged repeat template: class
2026-10-07T05:37:38.7057333Z PASS: Arcanist: forged frozen repeat template rejected: version
2026-10-07T05:37:38.7058045Z PASS: Arcanist: a backup cannot install the forged repeat template: version
2026-10-07T05:37:38.7064719Z PASS: Arcanist: forged frozen repeat template rejected: charge
2026-10-07T05:37:38.7069668Z PASS: Arcanist: a backup cannot install the forged repeat template: charge
2026-10-07T05:37:38.7090613Z PASS: Arcanist: manual gear preparation ends the frozen oath repeat and restores the selected Hunt
2026-10-07T05:37:38.7266441Z PASS: Ranger: active successful combined repeat creates a validated frozen cooperative context
2026-10-07T05:37:38.7285775Z PASS: Ranger: oath repeat preserves the original frozen build and independent selected Hunt
2026-10-07T05:37:38.7299064Z PASS: Ranger: pending oath repeat batch and its template persist atomically
2026-10-07T05:37:38.7338148Z PASS: Ranger: a cold pending-batch restart keeps its exact frozen contract and stats
2026-10-07T05:37:38.7485464Z PASS: Ranger: controlled combined repeat build wins its initial real expedition
2026-10-07T05:37:39.6600663Z PASS: Ranger: cooperative combined repeat currencies, loot, seeds and time match individual frozen runs
2026-10-07T05:37:39.6601647Z PASS: Ranger: cold-resumed cooperative repeat cannot duplicate or omit a reward
2026-10-07T05:37:39.6602479Z PASS: Ranger: chosen combined repeat remains authoritative after its first AFK batch
2026-10-07T05:37:39.9758314Z PASS: Ranger: a second absence repeats the same two oaths and frozen build
2026-10-07T05:37:39.9780767Z PASS: Ranger: repeat reconciliation at the same timestamp remains once-only
2026-10-07T05:37:39.9802790Z PASS: Ranger: forged frozen repeat template rejected: hero_hp
2026-10-07T05:37:39.9815720Z PASS: Ranger: a backup cannot install the forged repeat template: hero_hp
2026-10-07T05:37:39.9830466Z PASS: Ranger: forged frozen repeat template rejected: rng_state
2026-10-07T05:37:39.9843026Z PASS: Ranger: a backup cannot install the forged repeat template: rng_state
2026-10-07T05:37:39.9852981Z PASS: Ranger: forged frozen repeat template rejected: elapsed
2026-10-07T05:37:39.9860743Z PASS: Ranger: a backup cannot install the forged repeat template: elapsed
2026-10-07T05:37:39.9867607Z PASS: Ranger: forged frozen repeat template rejected: class
2026-10-07T05:37:39.9872506Z PASS: Ranger: a backup cannot install the forged repeat template: class
2026-10-07T05:37:39.9873769Z PASS: Ranger: forged frozen repeat template rejected: version
2026-10-07T05:37:39.9874517Z PASS: Ranger: a backup cannot install the forged repeat template: version
2026-10-07T05:37:39.9880833Z PASS: Ranger: forged frozen repeat template rejected: charge
2026-10-07T05:37:39.9885183Z PASS: Ranger: a backup cannot install the forged repeat template: charge
2026-10-07T05:37:39.9906312Z PASS: Ranger: manual gear preparation ends the frozen oath repeat and restores the selected Hunt
2026-10-07T05:37:39.9931164Z PASS: Hollow technique HUD uses increased actual Mana cost at the readiness boundary
2026-10-07T05:37:39.9931996Z PASS: Hollow signature HUD displays the authoritative cast cost
2026-10-07T05:37:39.9932639Z PASS: Hollow Mana Ward HUD reserves the actual signature cost
2026-10-07T05:37:39.9933448Z MAIN COMBINED RULES SMOKE: 156 checks, 0 failures
2026-10-07T05:37:40.0775737Z ##[group]Run XDG_DATA_HOME="$RUNNER_TEMP/emberfall-camp-hud" timeout 120s godot --headless --path . --script tests/camp_hud_smoke.gd
2026-10-07T05:37:40.0776425Z [36;1mXDG_DATA_HOME="$RUNNER_TEMP/emberfall-camp-hud" timeout 120s godot --headless --path . --script tests/camp_hud_smoke.gd[0m
2026-10-07T05:37:40.0832470Z shell: /usr/bin/bash -e {0}
2026-10-07T05:37:40.0832671Z env:
2026-10-07T05:37:40.0832915Z   JAVA_HOME: /opt/hostedtoolcache/Java_Temurin-Hotspot_jdk/17.0.20-1/x64
2026-10-07T05:37:40.0833288Z   JAVA_HOME_17_X64: /opt/hostedtoolcache/Java_Temurin-Hotspot_jdk/17.0.20-1/x64
2026-10-07T05:37:40.0833579Z   MAVEN_ARGS: -ntp
2026-10-07T05:37:40.0833784Z   ANDROID_HOME: /usr/local/lib/android/sdk
2026-10-07T05:37:40.0834017Z   ANDROID_SDK_ROOT: /usr/local/lib/android/sdk
2026-10-07T05:37:40.0834238Z ##[endgroup]
2026-10-07T05:37:40.1067681Z Godot Engine v4.7.2.stable.official.ed1daf0bf - https://godotengine.org
2026-10-07T05:37:40.1300016Z 
2026-10-07T05:37:43.0826127Z PASS: camp renders the real hero model
2026-10-07T05:37:43.0826676Z PASS: camp model uses the actual equipped gear
2026-10-07T05:37:43.0827282Z PASS: forge, table and portal use visible 3D geometry at real station anchors
2026-10-07T05:37:43.0828066Z PASS: camp stations have physical depth rather than camera-facing cutouts
2026-10-07T05:37:43.0828978Z PASS: hero's physical platform uses the weathered stone material
2026-10-07T05:37:43.0829577Z PASS: unearned guardians have no camp trophies
2026-10-07T05:37:43.2609134Z PASS: forge opens actual equipment controls in one tap
2026-10-07T05:37:43.2609693Z PASS: forge preview matches the equipped combat model
2026-10-07T05:37:43.2610697Z PASS: each equipment slot uses its authored bronze line glyph
2026-10-07T05:37:43.4058129Z PASS: forge tempering spends real Gold and improves the equipped weapon
2026-10-07T05:37:43.5851535Z PASS: camp reflects the actual tempered weapon
2026-10-07T05:37:43.7187062Z PASS: hero station opens class and attribute preparation
2026-10-07T05:37:43.8495713Z PASS: training spends actual attribute points
2026-10-07T05:37:44.0292995Z PASS: an actual first clear creates its earned camp seal
2026-10-07T05:37:44.0385982Z PASS: expedition table exposes real farming and oaths
2026-10-07T05:37:44.0501661Z PASS: two selected oaths prevent a third risk from being added
2026-10-07T05:37:45.4354483Z PASS: table starts the real combined oath expedition
2026-10-07T05:37:45.4355001Z PASS: battle information starts collapsed
2026-10-07T05:37:45.4394071Z PASS: Details reveals oath, technique and route information
2026-10-07T05:37:45.4425036Z PASS: Back closes details while preserving the fight and camera
2026-10-07T05:37:45.4454587Z PASS: Auto resumes the paused simulation
2026-10-07T05:37:45.4483615Z PASS: Auto pauses the simulation
2026-10-07T05:37:45.4513007Z PASS: Repeat enables actual repeated expeditions
2026-10-07T05:37:46.4026905Z PASS: 2424x1080 battle controls fit with standard text and at least 48-unit targets
2026-10-07T05:37:46.4027785Z PASS: 2424x1080 phase and play-state text have opaque ink grounds with at least 4.5:1 contrast
2026-10-07T05:37:46.8869795Z PASS: 2424x1080 battle controls fit with large text and at least 48-unit targets
2026-10-07T05:37:46.8870711Z PASS: 2424x1080 phase and play-state text have opaque ink grounds with at least 4.5:1 contrast
2026-10-07T05:37:47.0717141Z PASS: 2424x1080 spatial camp stations fit and do not overlap
2026-10-07T05:37:47.0717752Z PASS: 2424x1080 Nyra's station label sits below her feet
2026-10-07T05:37:48.6190808Z PASS: 1040x1080 battle controls fit with standard text and at least 48-unit targets
2026-10-07T05:37:48.6191643Z PASS: 1040x1080 phase and play-state text have opaque ink grounds with at least 4.5:1 contrast
2026-10-07T05:37:49.1390423Z PASS: 1040x1080 battle controls fit with large text and at least 48-unit targets
2026-10-07T05:37:49.1391352Z PASS: 1040x1080 phase and play-state text have opaque ink grounds with at least 4.5:1 contrast
2026-10-07T05:37:49.3235362Z PASS: 1040x1080 spatial camp stations fit and do not overlap
2026-10-07T05:37:49.3236049Z PASS: 1040x1080 Nyra's station label sits below her feet
2026-10-07T05:37:51.0016253Z PASS: 854x480 battle controls fit with standard text and at least 48-unit targets
2026-10-07T05:37:51.0016841Z PASS: 854x480 phase and play-state text have opaque ink grounds with at least 4.5:1 contrast
2026-10-07T05:37:51.5694487Z PASS: 854x480 battle controls fit with large text and at least 48-unit targets
2026-10-07T05:37:51.5695084Z PASS: 854x480 phase and play-state text have opaque ink grounds with at least 4.5:1 contrast
2026-10-07T05:37:51.7511891Z PASS: 854x480 spatial camp stations fit and do not overlap
2026-10-07T05:37:51.7512502Z PASS: 854x480 Nyra's station label sits below her feet
2026-10-07T05:37:52.5018987Z PASS: camp exposes an offline setback even when no currency was earned
2026-10-07T05:37:52.6309665Z PASS: offline setback report can be acknowledged
2026-10-07T05:37:52.6313001Z PASS: reduced motion stops ambient animation while the spatial portal and stations stay visible
2026-10-07T05:37:52.6534200Z CAMP HUD SMOKE: 44 checks, 0 failures
2026-10-07T05:37:52.8050218Z ##[group]Run godot --headless --path . --script tests/world_framing_smoke.gd
2026-10-07T05:37:52.8050653Z [36;1mgodot --headless --path . --script tests/world_framing_smoke.gd[0m
2026-10-07T05:37:52.8106454Z shell: /usr/bin/bash -e {0}
2026-10-07T05:37:52.8106651Z env:
2026-10-07T05:37:52.8106892Z   JAVA_HOME: /opt/hostedtoolcache/Java_Temurin-Hotspot_jdk/17.0.20-1/x64
2026-10-07T05:37:52.8107265Z   JAVA_HOME_17_X64: /opt/hostedtoolcache/Java_Temurin-Hotspot_jdk/17.0.20-1/x64
2026-10-07T05:37:52.8107558Z   MAVEN_ARGS: -ntp
2026-10-07T05:37:52.8107740Z   ANDROID_HOME: /usr/local/lib/android/sdk
2026-10-07T05:37:52.8108166Z   ANDROID_SDK_ROOT: /usr/local/lib/android/sdk
2026-10-07T05:37:52.8108385Z ##[endgroup]
2026-10-07T05:37:52.8338748Z Godot Engine v4.7.2.stable.official.ed1daf0bf - https://godotengine.org
2026-10-07T05:37:52.8570019Z 
2026-10-07T05:37:55.1137886Z PASS: region 0: framing fixture reaches a real guardian
2026-10-07T05:37:56.2416616Z PASS: 2424x1080 region 0 phase 0 variant 0: complete collision outline stays inside the quiet play area
2026-10-07T05:37:56.2417645Z PASS: actual complete figure and raised weapon bounds clear the HUD as well as the warning
2026-10-07T05:37:56.2420178Z PASS: camera framing never changes simulation, warning geometry or RNG
2026-10-07T05:37:56.2436886Z PASS: Vowkeeper: fully extended contact poses remain inside the quiet play area
2026-10-07T05:37:56.2454472Z PASS: 2424x1080 region 0 phase 0 variant 1: complete collision outline stays inside the quiet play area
2026-10-07T05:37:56.2455449Z PASS: actual complete figure and raised weapon bounds clear the HUD as well as the warning
2026-10-07T05:37:56.2457917Z PASS: camera framing never changes simulation, warning geometry or RNG
2026-10-07T05:37:56.2473140Z PASS: Vowkeeper: fully extended contact poses remain inside the quiet play area
2026-10-07T05:37:56.2490867Z PASS: 2424x1080 region 0 phase 1 variant 0: complete collision outline stays inside the quiet play area
2026-10-07T05:37:56.2492088Z PASS: actual complete figure and raised weapon bounds clear the HUD as well as the warning
2026-10-07T05:37:56.2494775Z PASS: camera framing never changes simulation, warning geometry or RNG
2026-10-07T05:37:56.2510534Z PASS: Vowkeeper: fully extended contact poses remain inside the quiet play area
2026-10-07T05:37:56.2528079Z PASS: 2424x1080 region 0 phase 1 variant 1: complete collision outline stays inside the quiet play area
2026-10-07T05:37:56.2529383Z PASS: actual complete figure and raised weapon bounds clear the HUD as well as the warning
2026-10-07T05:37:56.2531996Z PASS: camera framing never changes simulation, warning geometry or RNG
2026-10-07T05:37:56.2547705Z PASS: Vowkeeper: fully extended contact poses remain inside the quiet play area
2026-10-07T05:37:56.2566430Z PASS: 2424x1080 region 0 phase 2 variant 0: complete collision outline stays inside the quiet play area
2026-10-07T05:37:56.2568344Z PASS: actual complete figure and raised weapon bounds clear the HUD as well as the warning
2026-10-07T05:37:56.2571026Z PASS: camera framing never changes simulation, warning geometry or RNG
2026-10-07T05:37:56.2588206Z PASS: Vowkeeper: fully extended contact poses remain inside the quiet play area
2026-10-07T05:37:56.2607016Z PASS: 2424x1080 region 0 phase 2 variant 1: complete collision outline stays inside the quiet play area
2026-10-07T05:37:56.2608990Z PASS: actual complete figure and raised weapon bounds clear the HUD as well as the warning
2026-10-07T05:37:56.2611539Z PASS: camera framing never changes simulation, warning geometry or RNG
2026-10-07T05:37:56.2628866Z PASS: Vowkeeper: fully extended contact poses remain inside the quiet play area
2026-10-07T05:37:56.2782447Z PASS: region 1: framing fixture reaches a real guardian
2026-10-07T05:37:57.3168098Z PASS: 2424x1080 region 1 phase 0 variant 0: complete collision outline stays inside the quiet play area
2026-10-07T05:37:57.3169287Z PASS: actual complete figure and raised weapon bounds clear the HUD as well as the warning
2026-10-07T05:37:57.3171373Z PASS: camera framing never changes simulation, warning geometry or RNG
2026-10-07T05:37:57.3185126Z PASS: Vowkeeper: fully extended contact poses remain inside the quiet play area
2026-10-07T05:37:57.3201269Z PASS: 2424x1080 region 1 phase 0 variant 1: complete collision outline stays inside the quiet play area
2026-10-07T05:37:57.3202247Z PASS: actual complete figure and raised weapon bounds clear the HUD as well as the warning
2026-10-07T05:37:57.3204750Z PASS: camera framing never changes simulation, warning geometry or RNG
2026-10-07T05:37:57.3218185Z PASS: Vowkeeper: fully extended contact poses remain inside the quiet play area
2026-10-07T05:37:57.3234010Z PASS: 2424x1080 region 1 phase 1 variant 0: complete collision outline stays inside the quiet play area
2026-10-07T05:37:57.3234975Z PASS: actual complete figure and raised weapon bounds clear the HUD as well as the warning
2026-10-07T05:37:57.3237461Z PASS: camera framing never changes simulation, warning geometry or RNG
2026-10-07T05:37:57.3250706Z PASS: Vowkeeper: fully extended contact poses remain inside the quiet play area
2026-10-07T05:37:57.3265817Z PASS: 2424x1080 region 1 phase 1 variant 1: complete collision outline stays inside the quiet play area
2026-10-07T05:37:57.3266444Z PASS: actual complete figure and raised weapon bounds clear the HUD as well as the warning
2026-10-07T05:37:57.3269920Z PASS: camera framing never changes simulation, warning geometry or RNG
2026-10-07T05:37:57.3284397Z PASS: Vowkeeper: fully extended contact poses remain inside the quiet play area
2026-10-07T05:37:57.3301045Z PASS: 2424x1080 region 1 phase 2 variant 0: complete collision outline stays inside the quiet play area
2026-10-07T05:37:57.3302097Z PASS: actual complete figure and raised weapon bounds clear the HUD as well as the warning
2026-10-07T05:37:57.3305158Z PASS: camera framing never changes simulation, warning geometry or RNG
2026-10-07T05:37:57.3319830Z PASS: Vowkeeper: fully extended contact poses remain inside the quiet play area
2026-10-07T05:37:57.3336337Z PASS: 2424x1080 region 1 phase 2 variant 1: complete collision outline stays inside the quiet play area
2026-10-07T05:37:57.3337372Z PASS: actual complete figure and raised weapon bounds clear the HUD as well as the warning
2026-10-07T05:37:57.3340637Z PASS: camera framing never changes simulation, warning geometry or RNG
2026-10-07T05:37:57.3355156Z PASS: Vowkeeper: fully extended contact poses remain inside the quiet play area
2026-10-07T05:37:57.3493402Z PASS: region 2: framing fixture reaches a real guardian
2026-10-07T05:37:58.0088417Z PASS: 2424x1080 region 2 phase 0 variant 0: complete collision outline stays inside the quiet play area
2026-10-07T05:37:58.0089650Z PASS: actual complete figure and raised weapon bounds clear the HUD as well as the warning
2026-10-07T05:37:58.0092298Z PASS: camera framing never changes simulation, warning geometry or RNG
2026-10-07T05:37:58.0109816Z PASS: Vowkeeper: fully extended contact poses remain inside the quiet play area
2026-10-07T05:37:58.0129167Z PASS: 2424x1080 region 2 phase 0 variant 1: complete collision outline stays inside the quiet play area
2026-10-07T05:37:58.0130539Z PASS: actual complete figure and raised weapon bounds clear the HUD as well as the warning
2026-10-07T05:37:58.0133637Z PASS: camera framing never changes simulation, warning geometry or RNG
2026-10-07T05:37:58.0150769Z PASS: Vowkeeper: fully extended contact poses remain inside the quiet play area
2026-10-07T05:37:58.0170500Z PASS: 2424x1080 region 2 phase 1 variant 0: complete collision outline stays inside the quiet play area
2026-10-07T05:37:58.0171981Z PASS: actual complete figure and raised weapon bounds clear the HUD as well as the warning
2026-10-07T05:37:58.0174995Z PASS: camera framing never changes simulation, warning geometry or RNG
2026-10-07T05:37:58.0192188Z PASS: Vowkeeper: fully extended contact poses remain inside the quiet play area
2026-10-07T05:37:58.0211559Z PASS: 2424x1080 region 2 phase 1 variant 1: complete collision outline stays inside the quiet play area
2026-10-07T05:37:58.0212734Z PASS: actual complete figure and raised weapon bounds clear the HUD as well as the warning
2026-10-07T05:37:58.0215752Z PASS: camera framing never changes simulation, warning geometry or RNG
2026-10-07T05:37:58.0232979Z PASS: Vowkeeper: fully extended contact poses remain inside the quiet play area
2026-10-07T05:37:58.0252059Z PASS: 2424x1080 region 2 phase 2 variant 0: complete collision outline stays inside the quiet play area
2026-10-07T05:37:58.0253514Z PASS: actual complete figure and raised weapon bounds clear the HUD as well as the warning
2026-10-07T05:37:58.0256655Z PASS: camera framing never changes simulation, warning geometry or RNG
2026-10-07T05:37:58.0273916Z PASS: Vowkeeper: fully extended contact poses remain inside the quiet play area
2026-10-07T05:37:58.0292954Z PASS: 2424x1080 region 2 phase 2 variant 1: complete collision outline stays inside the quiet play area
2026-10-07T05:37:58.0294439Z PASS: actual complete figure and raised weapon bounds clear the HUD as well as the warning
2026-10-07T05:37:58.0297489Z PASS: camera framing never changes simulation, warning geometry or RNG
2026-10-07T05:37:58.0314521Z PASS: Vowkeeper: fully extended contact poses remain inside the quiet play area
2026-10-07T05:37:58.0477174Z PASS: region 3: framing fixture reaches a real guardian
2026-10-07T05:37:58.6190384Z PASS: 2424x1080 region 3 phase 0 variant 0: complete collision outline stays inside the quiet play area
2026-10-07T05:37:58.6191460Z PASS: actual complete figure and raised weapon bounds clear the HUD as well as the warning
2026-10-07T05:37:58.6192825Z PASS: camera framing never changes simulation, warning geometry or RNG
2026-10-07T05:37:58.6207216Z PASS: Vowkeeper: fully extended contact poses remain inside the quiet play area
2026-10-07T05:37:58.6223511Z PASS: 2424x1080 region 3 phase 0 variant 1: complete collision outline stays inside the quiet play area
2026-10-07T05:37:58.6224492Z PASS: actual complete figure and raised weapon bounds clear the HUD as well as the warning
2026-10-07T05:37:58.6227021Z PASS: camera framing never changes simulation, warning geometry or RNG
2026-10-07T05:37:58.6241043Z PASS: Vowkeeper: fully extended contact poses remain inside the quiet play area
2026-10-07T05:37:58.6257618Z PASS: 2424x1080 region 3 phase 1 variant 0: complete collision outline stays inside the quiet play area
2026-10-07T05:37:58.6258747Z PASS: actual complete figure and raised weapon bounds clear the HUD as well as the warning
2026-10-07T05:37:58.6261489Z PASS: camera framing never changes simulation, warning geometry or RNG
2026-10-07T05:37:58.6276029Z PASS: Vowkeeper: fully extended contact poses remain inside the quiet play area
2026-10-07T05:37:58.6292570Z PASS: 2424x1080 region 3 phase 1 variant 1: complete collision outline stays inside the quiet play area
2026-10-07T05:37:58.6293524Z PASS: actual complete figure and raised weapon bounds clear the HUD as well as the warning
2026-10-07T05:37:58.6296392Z PASS: camera framing never changes simulation, warning geometry or RNG
2026-10-07T05:37:58.6310952Z PASS: Vowkeeper: fully extended contact poses remain inside the quiet play area
2026-10-07T05:37:58.6327779Z PASS: 2424x1080 region 3 phase 2 variant 0: complete collision outline stays inside the quiet play area
2026-10-07T05:37:58.6329120Z PASS: actual complete figure and raised weapon bounds clear the HUD as well as the warning
2026-10-07T05:37:58.6332059Z PASS: camera framing never changes simulation, warning geometry or RNG
2026-10-07T05:37:58.6347066Z PASS: Vowkeeper: fully extended contact poses remain inside the quiet play area
2026-10-07T05:37:58.6364621Z PASS: 2424x1080 region 3 phase 2 variant 1: complete collision outline stays inside the quiet play area
2026-10-07T05:37:58.6365736Z PASS: actual complete figure and raised weapon bounds clear the HUD as well as the warning
2026-10-07T05:37:58.6368868Z PASS: camera framing never changes simulation, warning geometry or RNG
2026-10-07T05:37:58.6384048Z PASS: Vowkeeper: fully extended contact poses remain inside the quiet play area
2026-10-07T05:37:58.6527485Z PASS: region 0: framing fixture reaches a real guardian
2026-10-07T05:37:59.2507701Z PASS: 2424x1080 region 0 phase 0 variant 0: complete collision outline stays inside the quiet play area
2026-10-07T05:37:59.2508936Z PASS: actual complete figure and raised weapon bounds clear the HUD as well as the warning
2026-10-07T05:37:59.2511300Z PASS: camera framing never changes simulation, warning geometry or RNG
2026-10-07T05:37:59.2523169Z PASS: Arcanist: fully extended contact poses remain inside the quiet play area
2026-10-07T05:37:59.2536490Z PASS: 2424x1080 region 0 phase 0 variant 1: complete collision outline stays inside the quiet play area
2026-10-07T05:37:59.2537467Z PASS: actual complete figure and raised weapon bounds clear the HUD as well as the warning
2026-10-07T05:37:59.2540357Z PASS: camera framing never changes simulation, warning geometry or RNG
2026-10-07T05:37:59.2551443Z PASS: Arcanist: fully extended contact poses remain inside the quiet play area
2026-10-07T05:37:59.2565205Z PASS: 2424x1080 region 0 phase 1 variant 0: complete collision outline stays inside the quiet play area
2026-10-07T05:37:59.2566305Z PASS: actual complete figure and raised weapon bounds clear the HUD as well as the warning
2026-10-07T05:37:59.2569471Z PASS: camera framing never changes simulation, warning geometry or RNG
2026-10-07T05:37:59.2581060Z PASS: Arcanist: fully extended contact poses remain inside the quiet play area
2026-10-07T05:37:59.2594879Z PASS: 2424x1080 region 0 phase 1 variant 1: complete collision outline stays inside the quiet play area
2026-10-07T05:37:59.2595912Z PASS: actual complete figure and raised weapon bounds clear the HUD as well as the warning
2026-10-07T05:37:59.2599123Z PASS: camera framing never changes simulation, warning geometry or RNG
2026-10-07T05:37:59.2610716Z PASS: Arcanist: fully extended contact poses remain inside the quiet play area
2026-10-07T05:37:59.2625540Z PASS: 2424x1080 region 0 phase 2 variant 0: complete collision outline stays inside the quiet play area
2026-10-07T05:37:59.2627606Z PASS: actual complete figure and raised weapon bounds clear the HUD as well as the warning
2026-10-07T05:37:59.2630643Z PASS: camera framing never changes simulation, warning geometry or RNG
2026-10-07T05:37:59.2643826Z PASS: Arcanist: fully extended contact poses remain inside the quiet play area
2026-10-07T05:37:59.2659160Z PASS: 2424x1080 region 0 phase 2 variant 1: complete collision outline stays inside the quiet play area
2026-10-07T05:37:59.2660817Z PASS: actual complete figure and raised weapon bounds clear the HUD as well as the warning
2026-10-07T05:37:59.2663933Z PASS: camera framing never changes simulation, warning geometry or RNG
2026-10-07T05:37:59.2676642Z PASS: Arcanist: fully extended contact poses remain inside the quiet play area
2026-10-07T05:37:59.2848310Z PASS: region 1: framing fixture reaches a real guardian
2026-10-07T05:37:59.8658028Z PASS: 2424x1080 region 1 phase 0 variant 0: complete collision outline stays inside the quiet play area
2026-10-07T05:37:59.8659267Z PASS: actual complete figure and raised weapon bounds clear the HUD as well as the warning
2026-10-07T05:37:59.8660567Z PASS: camera framing never changes simulation, warning geometry or RNG
2026-10-07T05:37:59.8669944Z PASS: Arcanist: fully extended contact poses remain inside the quiet play area
2026-10-07T05:37:59.8681177Z PASS: 2424x1080 region 1 phase 0 variant 1: complete collision outline stays inside the quiet play area
2026-10-07T05:37:59.8682157Z PASS: actual complete figure and raised weapon bounds clear the HUD as well as the warning
2026-10-07T05:37:59.8684820Z PASS: camera framing never changes simulation, warning geometry or RNG
2026-10-07T05:37:59.8693907Z PASS: Arcanist: fully extended contact poses remain inside the quiet play area
2026-10-07T05:37:59.8705283Z PASS: 2424x1080 region 1 phase 1 variant 0: complete collision outline stays inside the quiet play area
2026-10-07T05:37:59.8706565Z PASS: actual complete figure and raised weapon bounds clear the HUD as well as the warning
2026-10-07T05:37:59.8709176Z PASS: camera framing never changes simulation, warning geometry or RNG
2026-10-07T05:37:59.8718068Z PASS: Arcanist: fully extended contact poses remain inside the quiet play area
2026-10-07T05:37:59.8729350Z PASS: 2424x1080 region 1 phase 1 variant 1: complete collision outline stays inside the quiet play area
2026-10-07T05:37:59.8730317Z PASS: actual complete figure and raised weapon bounds clear the HUD as well as the warning
2026-10-07T05:37:59.8733042Z PASS: camera framing never changes simulation, warning geometry or RNG
2026-10-07T05:37:59.8742125Z PASS: Arcanist: fully extended contact poses remain inside the quiet play area
2026-10-07T05:37:59.8754433Z PASS: 2424x1080 region 1 phase 2 variant 0: complete collision outline stays inside the quiet play area
2026-10-07T05:37:59.8755492Z PASS: actual complete figure and raised weapon bounds clear the HUD as well as the warning
2026-10-07T05:37:59.8758682Z PASS: camera framing never changes simulation, warning geometry or RNG
2026-10-07T05:37:59.8769267Z PASS: Arcanist: fully extended contact poses remain inside the quiet play area
2026-10-07T05:37:59.8781472Z PASS: 2424x1080 region 1 phase 2 variant 1: complete collision outline stays inside the quiet play area
2026-10-07T05:37:59.8782459Z PASS: actual complete figure and raised weapon bounds clear the HUD as well as the warning
2026-10-07T05:37:59.8785561Z PASS: camera framing never changes simulation, warning geometry or RNG
2026-10-07T05:37:59.8795687Z PASS: Arcanist: fully extended contact poses remain inside the quiet play area
2026-10-07T05:37:59.8935297Z PASS: region 2: framing fixture reaches a real guardian
2026-10-07T05:38:00.5078305Z PASS: 2424x1080 region 2 phase 0 variant 0: complete collision outline stays inside the quiet play area
2026-10-07T05:38:00.5079486Z PASS: actual complete figure and raised weapon bounds clear the HUD as well as the warning
2026-10-07T05:38:00.5082125Z PASS: camera framing never changes simulation, warning geometry or RNG
2026-10-07T05:38:00.5095058Z PASS: Arcanist: fully extended contact poses remain inside the quiet play area
2026-10-07T05:38:00.5109873Z PASS: 2424x1080 region 2 phase 0 variant 1: complete collision outline stays inside the quiet play area
2026-10-07T05:38:00.5111358Z PASS: actual complete figure and raised weapon bounds clear the HUD as well as the warning
2026-10-07T05:38:00.5114393Z PASS: camera framing never changes simulation, warning geometry or RNG
2026-10-07T05:38:00.5126928Z PASS: Arcanist: fully extended contact poses remain inside the quiet play area
2026-10-07T05:38:00.5141644Z PASS: 2424x1080 region 2 phase 1 variant 0: complete collision outline stays inside the quiet play area
2026-10-07T05:38:00.5143091Z PASS: actual complete figure and raised weapon bounds clear the HUD as well as the warning
2026-10-07T05:38:00.5146111Z PASS: camera framing never changes simulation, warning geometry or RNG
2026-10-07T05:38:00.5158518Z PASS: Arcanist: fully extended contact poses remain inside the quiet play area
2026-10-07T05:38:00.5173431Z PASS: 2424x1080 region 2 phase 1 variant 1: complete collision outline stays inside the quiet play area
2026-10-07T05:38:00.5174875Z PASS: actual complete figure and raised weapon bounds clear the HUD as well as the warning
2026-10-07T05:38:00.5177883Z PASS: camera framing never changes simulation, warning geometry or RNG
2026-10-07T05:38:00.5190638Z PASS: Arcanist: fully extended contact poses remain inside the quiet play area
2026-10-07T05:38:00.5205283Z PASS: 2424x1080 region 2 phase 2 variant 0: complete collision outline stays inside the quiet play area
2026-10-07T05:38:00.5206730Z PASS: actual complete figure and raised weapon bounds clear the HUD as well as the warning
2026-10-07T05:38:00.5209855Z PASS: camera framing never changes simulation, warning geometry or RNG
2026-10-07T05:38:00.5222312Z PASS: Arcanist: fully extended contact poses remain inside the quiet play area
2026-10-07T05:38:00.5237204Z PASS: 2424x1080 region 2 phase 2 variant 1: complete collision outline stays inside the quiet play area
2026-10-07T05:38:00.5238317Z PASS: actual complete figure and raised weapon bounds clear the HUD as well as the warning
2026-10-07T05:38:00.5241468Z PASS: camera framing never changes simulation, warning geometry or RNG
2026-10-07T05:38:00.5254008Z PASS: Arcanist: fully extended contact poses remain inside the quiet play area
2026-10-07T05:38:00.5400098Z PASS: region 3: framing fixture reaches a real guardian
2026-10-07T05:38:01.0662258Z PASS: 2424x1080 region 3 phase 0 variant 0: complete collision outline stays inside the quiet play area
2026-10-07T05:38:01.0663601Z PASS: actual complete figure and raised weapon bounds clear the HUD as well as the warning
2026-10-07T05:38:01.0664906Z PASS: camera framing never changes simulation, warning geometry or RNG
2026-10-07T05:38:01.0674619Z PASS: Arcanist: fully extended contact poses remain inside the quiet play area
2026-10-07T05:38:01.0686263Z PASS: 2424x1080 region 3 phase 0 variant 1: complete collision outline stays inside the quiet play area
2026-10-07T05:38:01.0687240Z PASS: actual complete figure and raised weapon bounds clear the HUD as well as the warning
2026-10-07T05:38:01.0689885Z PASS: camera framing never changes simulation, warning geometry or RNG
2026-10-07T05:38:01.0698722Z PASS: Arcanist: fully extended contact poses remain inside the quiet play area
2026-10-07T05:38:01.0710470Z PASS: 2424x1080 region 3 phase 1 variant 0: complete collision outline stays inside the quiet play area
2026-10-07T05:38:01.0711509Z PASS: actual complete figure and raised weapon bounds clear the HUD as well as the warning
2026-10-07T05:38:01.0714504Z PASS: camera framing never changes simulation, warning geometry or RNG
2026-10-07T05:38:01.0724323Z PASS: Arcanist: fully extended contact poses remain inside the quiet play area
2026-10-07T05:38:01.0736477Z PASS: 2424x1080 region 3 phase 1 variant 1: complete collision outline stays inside the quiet play area
2026-10-07T05:38:01.0737434Z PASS: actual complete figure and raised weapon bounds clear the HUD as well as the warning
2026-10-07T05:38:01.0740524Z PASS: camera framing never changes simulation, warning geometry or RNG
2026-10-07T05:38:01.0750341Z PASS: Arcanist: fully extended contact poses remain inside the quiet play area
2026-10-07T05:38:01.0763141Z PASS: 2424x1080 region 3 phase 2 variant 0: complete collision outline stays inside the quiet play area
2026-10-07T05:38:01.0764237Z PASS: actual complete figure and raised weapon bounds clear the HUD as well as the warning
2026-10-07T05:38:01.0767302Z PASS: camera framing never changes simulation, warning geometry or RNG
2026-10-07T05:38:01.0777760Z PASS: Arcanist: fully extended contact poses remain inside the quiet play area
2026-10-07T05:38:01.0790727Z PASS: 2424x1080 region 3 phase 2 variant 1: complete collision outline stays inside the quiet play area
2026-10-07T05:38:01.0791878Z PASS: actual complete figure and raised weapon bounds clear the HUD as well as the warning
2026-10-07T05:38:01.0794987Z PASS: camera framing never changes simulation, warning geometry or RNG
2026-10-07T05:38:01.0805416Z PASS: Arcanist: fully extended contact poses remain inside the quiet play area
2026-10-07T05:38:01.0952369Z PASS: region 0: framing fixture reaches a real guardian
2026-10-07T05:38:01.8608983Z PASS: 2424x1080 region 0 phase 0 variant 0: complete collision outline stays inside the quiet play area
2026-10-07T05:38:01.8610016Z PASS: actual complete figure and raised weapon bounds clear the HUD as well as the warning
2026-10-07T05:38:01.8612249Z PASS: camera framing never changes simulation, warning geometry or RNG
2026-10-07T05:38:01.8628855Z PASS: Ranger: fully extended contact poses remain inside the quiet play area
2026-10-07T05:38:01.8646712Z PASS: 2424x1080 region 0 phase 0 variant 1: complete collision outline stays inside the quiet play area
2026-10-07T05:38:01.8647684Z PASS: actual complete figure and raised weapon bounds clear the HUD as well as the warning
2026-10-07T05:38:01.8650735Z PASS: camera framing never changes simulation, warning geometry or RNG
2026-10-07T05:38:01.8665479Z PASS: Ranger: fully extended contact poses remain inside the quiet play area
2026-10-07T05:38:01.8683332Z PASS: 2424x1080 region 0 phase 1 variant 0: complete collision outline stays inside the quiet play area
2026-10-07T05:38:01.8684531Z PASS: actual complete figure and raised weapon bounds clear the HUD as well as the warning
2026-10-07T05:38:01.8687172Z PASS: camera framing never changes simulation, warning geometry or RNG
2026-10-07T05:38:01.8703000Z PASS: Ranger: fully extended contact poses remain inside the quiet play area
2026-10-07T05:38:01.8721088Z PASS: 2424x1080 region 0 phase 1 variant 1: complete collision outline stays inside the quiet play area
2026-10-07T05:38:01.8722266Z PASS: actual complete figure and raised weapon bounds clear the HUD as well as the warning
2026-10-07T05:38:01.8724909Z PASS: camera framing never changes simulation, warning geometry or RNG
2026-10-07T05:38:01.8740855Z PASS: Ranger: fully extended contact poses remain inside the quiet play area
2026-10-07T05:38:01.8760084Z PASS: 2424x1080 region 0 phase 2 variant 0: complete collision outline stays inside the quiet play area
2026-10-07T05:38:01.8761993Z PASS: actual complete figure and raised weapon bounds clear the HUD as well as the warning
2026-10-07T05:38:01.8764617Z PASS: camera framing never changes simulation, warning geometry or RNG
2026-10-07T05:38:01.8781761Z PASS: Ranger: fully extended contact poses remain inside the quiet play area
2026-10-07T05:38:01.8800921Z PASS: 2424x1080 region 0 phase 2 variant 1: complete collision outline stays inside the quiet play area
2026-10-07T05:38:01.8802830Z PASS: actual complete figure and raised weapon bounds clear the HUD as well as the warning
2026-10-07T05:38:01.8805446Z PASS: camera framing never changes simulation, warning geometry or RNG
2026-10-07T05:38:01.8822487Z PASS: Ranger: fully extended contact poses remain inside the quiet play area
2026-10-07T05:38:01.8941233Z PASS: region 1: framing fixture reaches a real guardian
2026-10-07T05:38:02.5765428Z PASS: 2424x1080 region 1 phase 0 variant 0: complete collision outline stays inside the quiet play area
2026-10-07T05:38:02.5767467Z PASS: actual complete figure and raised weapon bounds clear the HUD as well as the warning
2026-10-07T05:38:02.5768259Z PASS: camera framing never changes simulation, warning geometry or RNG
2026-10-07T05:38:02.5781530Z PASS: Ranger: fully extended contact poses remain inside the quiet play area
2026-10-07T05:38:02.5797125Z PASS: 2424x1080 region 1 phase 0 variant 1: complete collision outline stays inside the quiet play area
2026-10-07T05:38:02.5797741Z PASS: actual complete figure and raised weapon bounds clear the HUD as well as the warning
2026-10-07T05:38:02.5801198Z PASS: camera framing never changes simulation, warning geometry or RNG
2026-10-07T05:38:02.5814866Z PASS: Ranger: fully extended contact poses remain inside the quiet play area
2026-10-07T05:38:02.5830985Z PASS: 2424x1080 region 1 phase 1 variant 0: complete collision outline stays inside the quiet play area
2026-10-07T05:38:02.5831961Z PASS: actual complete figure and raised weapon bounds clear the HUD as well as the warning
2026-10-07T05:38:02.5834549Z PASS: camera framing never changes simulation, warning geometry or RNG
2026-10-07T05:38:02.5847972Z PASS: Ranger: fully extended contact poses remain inside the quiet play area
2026-10-07T05:38:02.5863947Z PASS: 2424x1080 region 1 phase 1 variant 1: complete collision outline stays inside the quiet play area
2026-10-07T05:38:02.5864914Z PASS: actual complete figure and raised weapon bounds clear the HUD as well as the warning
2026-10-07T05:38:02.5867640Z PASS: camera framing never changes simulation, warning geometry or RNG
2026-10-07T05:38:02.5881212Z PASS: Ranger: fully extended contact poses remain inside the quiet play area
2026-10-07T05:38:02.5898037Z PASS: 2424x1080 region 1 phase 2 variant 0: complete collision outline stays inside the quiet play area
2026-10-07T05:38:02.5899408Z PASS: actual complete figure and raised weapon bounds clear the HUD as well as the warning
2026-10-07T05:38:02.5902408Z PASS: camera framing never changes simulation, warning geometry or RNG
2026-10-07T05:38:02.5917107Z PASS: Ranger: fully extended contact poses remain inside the quiet play area
2026-10-07T05:38:02.5934176Z PASS: 2424x1080 region 1 phase 2 variant 1: complete collision outline stays inside the quiet play area
2026-10-07T05:38:02.5935250Z PASS: actual complete figure and raised weapon bounds clear the HUD as well as the warning
2026-10-07T05:38:02.5938353Z PASS: camera framing never changes simulation, warning geometry or RNG
2026-10-07T05:38:02.5953201Z PASS: Ranger: fully extended contact poses remain inside the quiet play area
2026-10-07T05:38:02.6074451Z PASS: region 2: framing fixture reaches a real guardian
2026-10-07T05:38:03.3069755Z PASS: 2424x1080 region 2 phase 0 variant 0: complete collision outline stays inside the quiet play area
2026-10-07T05:38:03.3070812Z PASS: actual complete figure and raised weapon bounds clear the HUD as well as the warning
2026-10-07T05:38:03.3073341Z PASS: camera framing never changes simulation, warning geometry or RNG
2026-10-07T05:38:03.3090505Z PASS: Ranger: fully extended contact poses remain inside the quiet play area
2026-10-07T05:38:03.3109761Z PASS: 2424x1080 region 2 phase 0 variant 1: complete collision outline stays inside the quiet play area
2026-10-07T05:38:03.3111353Z PASS: actual complete figure and raised weapon bounds clear the HUD as well as the warning
2026-10-07T05:38:03.3113931Z PASS: camera framing never changes simulation, warning geometry or RNG
2026-10-07T05:38:03.3130775Z PASS: Ranger: fully extended contact poses remain inside the quiet play area
2026-10-07T05:38:03.3149952Z PASS: 2424x1080 region 2 phase 1 variant 0: complete collision outline stays inside the quiet play area
2026-10-07T05:38:03.3151542Z PASS: actual complete figure and raised weapon bounds clear the HUD as well as the warning
2026-10-07T05:38:03.3154113Z PASS: camera framing never changes simulation, warning geometry or RNG
2026-10-07T05:38:03.3170926Z PASS: Ranger: fully extended contact poses remain inside the quiet play area
2026-10-07T05:38:03.3190061Z PASS: 2424x1080 region 2 phase 1 variant 1: complete collision outline stays inside the quiet play area
2026-10-07T05:38:03.3191621Z PASS: actual complete figure and raised weapon bounds clear the HUD as well as the warning
2026-10-07T05:38:03.3194263Z PASS: camera framing never changes simulation, warning geometry or RNG
2026-10-07T05:38:03.3211150Z PASS: Ranger: fully extended contact poses remain inside the quiet play area
2026-10-07T05:38:03.3230299Z PASS: 2424x1080 region 2 phase 2 variant 0: complete collision outline stays inside the quiet play area
2026-10-07T05:38:03.3231872Z PASS: actual complete figure and raised weapon bounds clear the HUD as well as the warning
2026-10-07T05:38:03.3234430Z PASS: camera framing never changes simulation, warning geometry or RNG
2026-10-07T05:38:03.3251222Z PASS: Ranger: fully extended contact poses remain inside the quiet play area
2026-10-07T05:38:03.3270427Z PASS: 2424x1080 region 2 phase 2 variant 1: complete collision outline stays inside the quiet play area
2026-10-07T05:38:03.3271975Z PASS: actual complete figure and raised weapon bounds clear the HUD as well as the warning
2026-10-07T05:38:03.3274549Z PASS: camera framing never changes simulation, warning geometry or RNG
2026-10-07T05:38:03.3291327Z PASS: Ranger: fully extended contact poses remain inside the quiet play area
2026-10-07T05:38:03.3409049Z PASS: region 3: framing fixture reaches a real guardian
2026-10-07T05:38:03.9556143Z PASS: 2424x1080 region 3 phase 0 variant 0: complete collision outline stays inside the quiet play area
2026-10-07T05:38:03.9557157Z PASS: actual complete figure and raised weapon bounds clear the HUD as well as the warning
2026-10-07T05:38:03.9559141Z PASS: camera framing never changes simulation, warning geometry or RNG
2026-10-07T05:38:03.9574057Z PASS: Ranger: fully extended contact poses remain inside the quiet play area
2026-10-07T05:38:03.9590319Z PASS: 2424x1080 region 3 phase 0 variant 1: complete collision outline stays inside the quiet play area
2026-10-07T05:38:03.9591303Z PASS: actual complete figure and raised weapon bounds clear the HUD as well as the warning
2026-10-07T05:38:03.9593691Z PASS: camera framing never changes simulation, warning geometry or RNG
2026-10-07T05:38:03.9607635Z PASS: Ranger: fully extended contact poses remain inside the quiet play area
2026-10-07T05:38:03.9624821Z PASS: 2424x1080 region 3 phase 1 variant 0: complete collision outline stays inside the quiet play area
2026-10-07T05:38:03.9626041Z PASS: actual complete figure and raised weapon bounds clear the HUD as well as the warning
2026-10-07T05:38:03.9628804Z PASS: camera framing never changes simulation, warning geometry or RNG
2026-10-07T05:38:03.9643006Z PASS: Ranger: fully extended contact poses remain inside the quiet play area
2026-10-07T05:38:03.9660149Z PASS: 2424x1080 region 3 phase 1 variant 1: complete collision outline stays inside the quiet play area
2026-10-07T05:38:03.9661235Z PASS: actual complete figure and raised weapon bounds clear the HUD as well as the warning
2026-10-07T05:38:03.9664281Z PASS: camera framing never changes simulation, warning geometry or RNG
2026-10-07T05:38:03.9678733Z PASS: Ranger: fully extended contact poses remain inside the quiet play area
2026-10-07T05:38:03.9696018Z PASS: 2424x1080 region 3 phase 2 variant 0: complete collision outline stays inside the quiet play area
2026-10-07T05:38:03.9697098Z PASS: actual complete figure and raised weapon bounds clear the HUD as well as the warning
2026-10-07T05:38:03.9700294Z PASS: camera framing never changes simulation, warning geometry or RNG
2026-10-07T05:38:03.9715283Z PASS: Ranger: fully extended contact poses remain inside the quiet play area
2026-10-07T05:38:03.9732505Z PASS: 2424x1080 region 3 phase 2 variant 1: complete collision outline stays inside the quiet play area
2026-10-07T05:38:03.9733605Z PASS: actual complete figure and raised weapon bounds clear the HUD as well as the warning
2026-10-07T05:38:03.9736693Z PASS: camera framing never changes simulation, warning geometry or RNG
2026-10-07T05:38:03.9751680Z PASS: Ranger: fully extended contact poses remain inside the quiet play area
2026-10-07T05:38:04.0080600Z PASS: region 0: framing fixture reaches a real guardian
2026-10-07T05:38:04.6486835Z PASS: 1040x1080 region 0 phase 0 variant 0: complete collision outline stays inside the quiet play area
2026-10-07T05:38:04.6487846Z PASS: actual complete figure and raised weapon bounds clear the HUD as well as the warning
2026-10-07T05:38:04.6490603Z PASS: camera framing never changes simulation, warning geometry or RNG
2026-10-07T05:38:04.6507332Z PASS: Vowkeeper: fully extended contact poses remain inside the quiet play area
2026-10-07T05:38:04.6524649Z PASS: 1040x1080 region 0 phase 0 variant 1: complete collision outline stays inside the quiet play area
2026-10-07T05:38:04.6525621Z PASS: actual complete figure and raised weapon bounds clear the HUD as well as the warning
2026-10-07T05:38:04.6528408Z PASS: camera framing never changes simulation, warning geometry or RNG
2026-10-07T05:38:04.6543988Z PASS: Vowkeeper: fully extended contact poses remain inside the quiet play area
2026-10-07T05:38:04.6562124Z PASS: 1040x1080 region 0 phase 1 variant 0: complete collision outline stays inside the quiet play area
2026-10-07T05:38:04.6563199Z PASS: actual complete figure and raised weapon bounds clear the HUD as well as the warning
2026-10-07T05:38:04.6566259Z PASS: camera framing never changes simulation, warning geometry or RNG
2026-10-07T05:38:04.6582573Z PASS: Vowkeeper: fully extended contact poses remain inside the quiet play area
2026-10-07T05:38:04.6600996Z PASS: 1040x1080 region 0 phase 1 variant 1: complete collision outline stays inside the quiet play area
2026-10-07T05:38:04.6602093Z PASS: actual complete figure and raised weapon bounds clear the HUD as well as the warning
2026-10-07T05:38:04.6605450Z PASS: camera framing never changes simulation, warning geometry or RNG
2026-10-07T05:38:04.6621560Z PASS: Vowkeeper: fully extended contact poses remain inside the quiet play area
2026-10-07T05:38:04.6640820Z PASS: 1040x1080 region 0 phase 2 variant 0: complete collision outline stays inside the quiet play area
2026-10-07T05:38:04.6642897Z PASS: actual complete figure and raised weapon bounds clear the HUD as well as the warning
2026-10-07T05:38:04.6645857Z PASS: camera framing never changes simulation, warning geometry or RNG
2026-10-07T05:38:04.6663176Z PASS: Vowkeeper: fully extended contact poses remain inside the quiet play area
2026-10-07T05:38:04.6682382Z PASS: 1040x1080 region 0 phase 2 variant 1: complete collision outline stays inside the quiet play area
2026-10-07T05:38:04.6684446Z PASS: actual complete figure and raised weapon bounds clear the HUD as well as the warning
2026-10-07T05:38:04.6687340Z PASS: camera framing never changes simulation, warning geometry or RNG
2026-10-07T05:38:04.6704530Z PASS: Vowkeeper: fully extended contact poses remain inside the quiet play area
2026-10-07T05:38:04.6854729Z PASS: region 1: framing fixture reaches a real guardian
2026-10-07T05:38:05.3233778Z PASS: 1040x1080 region 1 phase 0 variant 0: complete collision outline stays inside the quiet play area
2026-10-07T05:38:05.3234785Z PASS: actual complete figure and raised weapon bounds clear the HUD as well as the warning
2026-10-07T05:38:05.3236679Z PASS: camera framing never changes simulation, warning geometry or RNG
2026-10-07T05:38:05.3250984Z PASS: Vowkeeper: fully extended contact poses remain inside the quiet play area
2026-10-07T05:38:05.3266728Z PASS: 1040x1080 region 1 phase 0 variant 1: complete collision outline stays inside the quiet play area
2026-10-07T05:38:05.3267747Z PASS: actual complete figure and raised weapon bounds clear the HUD as well as the warning
2026-10-07T05:38:05.3270220Z PASS: camera framing never changes simulation, warning geometry or RNG
2026-10-07T05:38:05.3283858Z PASS: Vowkeeper: fully extended contact poses remain inside the quiet play area
2026-10-07T05:38:05.3299365Z PASS: 1040x1080 region 1 phase 1 variant 0: complete collision outline stays inside the quiet play area
2026-10-07T05:38:05.3300336Z PASS: actual complete figure and raised weapon bounds clear the HUD as well as the warning
2026-10-07T05:38:05.3303138Z PASS: camera framing never changes simulation, warning geometry or RNG
2026-10-07T05:38:05.3316931Z PASS: Vowkeeper: fully extended contact poses remain inside the quiet play area
2026-10-07T05:38:05.3332583Z PASS: 1040x1080 region 1 phase 1 variant 1: complete collision outline stays inside the quiet play area
2026-10-07T05:38:05.3333553Z PASS: actual complete figure and raised weapon bounds clear the HUD as well as the warning
2026-10-07T05:38:05.3336155Z PASS: camera framing never changes simulation, warning geometry or RNG
2026-10-07T05:38:05.3349799Z PASS: Vowkeeper: fully extended contact poses remain inside the quiet play area
2026-10-07T05:38:05.3366591Z PASS: 1040x1080 region 1 phase 2 variant 0: complete collision outline stays inside the quiet play area
2026-10-07T05:38:05.3367659Z PASS: actual complete figure and raised weapon bounds clear the HUD as well as the warning
2026-10-07T05:38:05.3370902Z PASS: camera framing never changes simulation, warning geometry or RNG
2026-10-07T05:38:05.3385568Z PASS: Vowkeeper: fully extended contact poses remain inside the quiet play area
2026-10-07T05:38:05.3402241Z PASS: 1040x1080 region 1 phase 2 variant 1: complete collision outline stays inside the quiet play area
2026-10-07T05:38:05.3403276Z PASS: actual complete figure and raised weapon bounds clear the HUD as well as the warning
2026-10-07T05:38:05.3406341Z PASS: camera framing never changes simulation, warning geometry or RNG
2026-10-07T05:38:05.3420887Z PASS: Vowkeeper: fully extended contact poses remain inside the quiet play area
2026-10-07T05:38:05.3558064Z PASS: region 2: framing fixture reaches a real guardian
2026-10-07T05:38:06.0128967Z PASS: 1040x1080 region 2 phase 0 variant 0: complete collision outline stays inside the quiet play area
2026-10-07T05:38:06.0129991Z PASS: actual complete figure and raised weapon bounds clear the HUD as well as the warning
2026-10-07T05:38:06.0132547Z PASS: camera framing never changes simulation, warning geometry or RNG
2026-10-07T05:38:06.0149993Z PASS: Vowkeeper: fully extended contact poses remain inside the quiet play area
2026-10-07T05:38:06.0169130Z PASS: 1040x1080 region 2 phase 0 variant 1: complete collision outline stays inside the quiet play area
2026-10-07T05:38:06.0170589Z PASS: actual complete figure and raised weapon bounds clear the HUD as well as the warning
2026-10-07T05:38:06.0173711Z PASS: camera framing never changes simulation, warning geometry or RNG
2026-10-07T05:38:06.0191047Z PASS: Vowkeeper: fully extended contact poses remain inside the quiet play area
2026-10-07T05:38:06.0211264Z PASS: 1040x1080 region 2 phase 1 variant 0: complete collision outline stays inside the quiet play area
2026-10-07T05:38:06.0219959Z PASS: actual complete figure and raised weapon bounds clear the HUD as well as the warning
2026-10-07T05:38:06.0220814Z PASS: camera framing never changes simulation, warning geometry or RNG
2026-10-07T05:38:06.0233600Z PASS: Vowkeeper: fully extended contact poses remain inside the quiet play area
2026-10-07T05:38:06.0252763Z PASS: 1040x1080 region 2 phase 1 variant 1: complete collision outline stays inside the quiet play area
2026-10-07T05:38:06.0254270Z PASS: actual complete figure and raised weapon bounds clear the HUD as well as the warning
2026-10-07T05:38:06.0257363Z PASS: camera framing never changes simulation, warning geometry or RNG
2026-10-07T05:38:06.0274486Z PASS: Vowkeeper: fully extended contact poses remain inside the quiet play area
2026-10-07T05:38:06.0293606Z PASS: 1040x1080 region 2 phase 2 variant 0: complete collision outline stays inside the quiet play area
2026-10-07T05:38:06.0295051Z PASS: actual complete figure and raised weapon bounds clear the HUD as well as the warning
2026-10-07T05:38:06.0298135Z PASS: camera framing never changes simulation, warning geometry or RNG
2026-10-07T05:38:06.0315414Z PASS: Vowkeeper: fully extended contact poses remain inside the quiet play area
2026-10-07T05:38:06.0334576Z PASS: 1040x1080 region 2 phase 2 variant 1: complete collision outline stays inside the quiet play area
2026-10-07T05:38:06.0336048Z PASS: actual complete figure and raised weapon bounds clear the HUD as well as the warning
2026-10-07T05:38:06.0339089Z PASS: camera framing never changes simulation, warning geometry or RNG
2026-10-07T05:38:06.0356041Z PASS: Vowkeeper: fully extended contact poses remain inside the quiet play area
2026-10-07T05:38:06.0518963Z PASS: region 3: framing fixture reaches a real guardian
2026-10-07T05:38:06.6237234Z PASS: 1040x1080 region 3 phase 0 variant 0: complete collision outline stays inside the quiet play area
2026-10-07T05:38:06.6238235Z PASS: actual complete figure and raised weapon bounds clear the HUD as well as the warning
2026-10-07T05:38:06.6240026Z PASS: camera framing never changes simulation, warning geometry or RNG
2026-10-07T05:38:06.6254508Z PASS: Vowkeeper: fully extended contact poses remain inside the quiet play area
2026-10-07T05:38:06.6270523Z PASS: 1040x1080 region 3 phase 0 variant 1: complete collision outline stays inside the quiet play area
2026-10-07T05:38:06.6271512Z PASS: actual complete figure and raised weapon bounds clear the HUD as well as the warning
2026-10-07T05:38:06.6273852Z PASS: camera framing never changes simulation, warning geometry or RNG
2026-10-07T05:38:06.6287639Z PASS: Vowkeeper: fully extended contact poses remain inside the quiet play area
2026-10-07T05:38:06.6304407Z PASS: 1040x1080 region 3 phase 1 variant 0: complete collision outline stays inside the quiet play area
2026-10-07T05:38:06.6305380Z PASS: actual complete figure and raised weapon bounds clear the HUD as well as the warning
2026-10-07T05:38:06.6308316Z PASS: camera framing never changes simulation, warning geometry or RNG
2026-10-07T05:38:06.6323006Z PASS: Vowkeeper: fully extended contact poses remain inside the quiet play area
2026-10-07T05:38:06.6339340Z PASS: 1040x1080 region 3 phase 1 variant 1: complete collision outline stays inside the quiet play area
2026-10-07T05:38:06.6340305Z PASS: actual complete figure and raised weapon bounds clear the HUD as well as the warning
2026-10-07T05:38:06.6343074Z PASS: camera framing never changes simulation, warning geometry or RNG
2026-10-07T05:38:06.6357455Z PASS: Vowkeeper: fully extended contact poses remain inside the quiet play area
2026-10-07T05:38:06.6374504Z PASS: 1040x1080 region 3 phase 2 variant 0: complete collision outline stays inside the quiet play area
2026-10-07T05:38:06.6375777Z PASS: actual complete figure and raised weapon bounds clear the HUD as well as the warning
2026-10-07T05:38:06.6378769Z PASS: camera framing never changes simulation, warning geometry or RNG
2026-10-07T05:38:06.6393789Z PASS: Vowkeeper: fully extended contact poses remain inside the quiet play area
2026-10-07T05:38:06.6410881Z PASS: 1040x1080 region 3 phase 2 variant 1: complete collision outline stays inside the quiet play area
2026-10-07T05:38:06.6411970Z PASS: actual complete figure and raised weapon bounds clear the HUD as well as the warning
2026-10-07T05:38:06.6415108Z PASS: camera framing never changes simulation, warning geometry or RNG
2026-10-07T05:38:06.6430069Z PASS: Vowkeeper: fully extended contact poses remain inside the quiet play area
2026-10-07T05:38:06.6573193Z PASS: region 0: framing fixture reaches a real guardian
2026-10-07T05:38:07.2495008Z PASS: 1040x1080 region 0 phase 0 variant 0: complete collision outline stays inside the quiet play area
2026-10-07T05:38:07.2496052Z PASS: actual complete figure and raised weapon bounds clear the HUD as well as the warning
2026-10-07T05:38:07.2498527Z PASS: camera framing never changes simulation, warning geometry or RNG
2026-10-07T05:38:07.2510608Z PASS: Arcanist: fully extended contact poses remain inside the quiet play area
2026-10-07T05:38:07.2523969Z PASS: 1040x1080 region 0 phase 0 variant 1: complete collision outline stays inside the quiet play area
2026-10-07T05:38:07.2524945Z PASS: actual complete figure and raised weapon bounds clear the HUD as well as the warning
2026-10-07T05:38:07.2527686Z PASS: camera framing never changes simulation, warning geometry or RNG
2026-10-07T05:38:07.2538818Z PASS: Arcanist: fully extended contact poses remain inside the quiet play area
2026-10-07T05:38:07.2552760Z PASS: 1040x1080 region 0 phase 1 variant 0: complete collision outline stays inside the quiet play area
2026-10-07T05:38:07.2553847Z PASS: actual complete figure and raised weapon bounds clear the HUD as well as the warning
2026-10-07T05:38:07.2556897Z PASS: camera framing never changes simulation, warning geometry or RNG
2026-10-07T05:38:07.2568681Z PASS: Arcanist: fully extended contact poses remain inside the quiet play area
2026-10-07T05:38:07.2582505Z PASS: 1040x1080 region 0 phase 1 variant 1: complete collision outline stays inside the quiet play area
2026-10-07T05:38:07.2583577Z PASS: actual complete figure and raised weapon bounds clear the HUD as well as the warning
2026-10-07T05:38:07.2586598Z PASS: camera framing never changes simulation, warning geometry or RNG
2026-10-07T05:38:07.2598131Z PASS: Arcanist: fully extended contact poses remain inside the quiet play area
2026-10-07T05:38:07.2613072Z PASS: 1040x1080 region 0 phase 2 variant 0: complete collision outline stays inside the quiet play area
2026-10-07T05:38:07.2615194Z PASS: actual complete figure and raised weapon bounds clear the HUD as well as the warning
2026-10-07T05:38:07.2618172Z PASS: camera framing never changes simulation, warning geometry or RNG
2026-10-07T05:38:07.2631192Z PASS: Arcanist: fully extended contact poses remain inside the quiet play area
2026-10-07T05:38:07.2646791Z PASS: 1040x1080 region 0 phase 2 variant 1: complete collision outline stays inside the quiet play area
2026-10-07T05:38:07.2649062Z PASS: actual complete figure and raised weapon bounds clear the HUD as well as the warning
2026-10-07T05:38:07.2652325Z PASS: camera framing never changes simulation, warning geometry or RNG
2026-10-07T05:38:07.2664885Z PASS: Arcanist: fully extended contact poses remain inside the quiet play area
2026-10-07T05:38:07.2836889Z PASS: region 1: framing fixture reaches a real guardian
2026-10-07T05:38:07.8622919Z PASS: 1040x1080 region 1 phase 0 variant 0: complete collision outline stays inside the quiet play area
2026-10-07T05:38:07.8623925Z PASS: actual complete figure and raised weapon bounds clear the HUD as well as the warning
2026-10-07T05:38:07.8625376Z PASS: camera framing never changes simulation, warning geometry or RNG
2026-10-07T05:38:07.8634721Z PASS: Arcanist: fully extended contact poses remain inside the quiet play area
2026-10-07T05:38:07.8645840Z PASS: 1040x1080 region 1 phase 0 variant 1: complete collision outline stays inside the quiet play area
2026-10-07T05:38:07.8646819Z PASS: actual complete figure and raised weapon bounds clear the HUD as well as the warning
2026-10-07T05:38:07.8649486Z PASS: camera framing never changes simulation, warning geometry or RNG
2026-10-07T05:38:07.8658252Z PASS: Arcanist: fully extended contact poses remain inside the quiet play area
2026-10-07T05:38:07.8669987Z PASS: 1040x1080 region 1 phase 1 variant 0: complete collision outline stays inside the quiet play area
2026-10-07T05:38:07.8670957Z PASS: actual complete figure and raised weapon bounds clear the HUD as well as the warning
2026-10-07T05:38:07.8673452Z PASS: camera framing never changes simulation, warning geometry or RNG
2026-10-07T05:38:07.8681984Z PASS: Arcanist: fully extended contact poses remain inside the quiet play area
2026-10-07T05:38:07.8692736Z PASS: 1040x1080 region 1 phase 1 variant 1: complete collision outline stays inside the quiet play area
2026-10-07T05:38:07.8693354Z PASS: actual complete figure and raised weapon bounds clear the HUD as well as the warning
2026-10-07T05:38:07.8696743Z PASS: camera framing never changes simulation, warning geometry or RNG
2026-10-07T05:38:07.8705859Z PASS: Arcanist: fully extended contact poses remain inside the quiet play area
2026-10-07T05:38:07.8718039Z PASS: 1040x1080 region 1 phase 2 variant 0: complete collision outline stays inside the quiet play area
2026-10-07T05:38:07.8719189Z PASS: actual complete figure and raised weapon bounds clear the HUD as well as the warning
2026-10-07T05:38:07.8722321Z PASS: camera framing never changes simulation, warning geometry or RNG
2026-10-07T05:38:07.8732335Z PASS: Arcanist: fully extended contact poses remain inside the quiet play area
2026-10-07T05:38:07.8744498Z PASS: 1040x1080 region 1 phase 2 variant 1: complete collision outline stays inside the quiet play area
2026-10-07T05:38:07.8745531Z PASS: actual complete figure and raised weapon bounds clear the HUD as well as the warning
2026-10-07T05:38:07.8748703Z PASS: camera framing never changes simulation, warning geometry or RNG
2026-10-07T05:38:07.8758497Z PASS: Arcanist: fully extended contact poses remain inside the quiet play area
2026-10-07T05:38:07.8898355Z PASS: region 2: framing fixture reaches a real guardian
2026-10-07T05:38:08.5037403Z PASS: 1040x1080 region 2 phase 0 variant 0: complete collision outline stays inside the quiet play area
2026-10-07T05:38:08.5038427Z PASS: actual complete figure and raised weapon bounds clear the HUD as well as the warning
2026-10-07T05:38:08.5040927Z PASS: camera framing never changes simulation, warning geometry or RNG
2026-10-07T05:38:08.5053854Z PASS: Arcanist: fully extended contact poses remain inside the quiet play area
2026-10-07T05:38:08.5068773Z PASS: 1040x1080 region 2 phase 0 variant 1: complete collision outline stays inside the quiet play area
2026-10-07T05:38:08.5070241Z PASS: actual complete figure and raised weapon bounds clear the HUD as well as the warning
2026-10-07T05:38:08.5073284Z PASS: camera framing never changes simulation, warning geometry or RNG
2026-10-07T05:38:08.5085869Z PASS: Arcanist: fully extended contact poses remain inside the quiet play area
2026-10-07T05:38:08.5101011Z PASS: 1040x1080 region 2 phase 1 variant 0: complete collision outline stays inside the quiet play area
2026-10-07T05:38:08.5102121Z PASS: actual complete figure and raised weapon bounds clear the HUD as well as the warning
2026-10-07T05:38:08.5105188Z PASS: camera framing never changes simulation, warning geometry or RNG
2026-10-07T05:38:08.5119230Z PASS: Arcanist: fully extended contact poses remain inside the quiet play area
2026-10-07T05:38:08.5135842Z PASS: 1040x1080 region 2 phase 1 variant 1: complete collision outline stays inside the quiet play area
2026-10-07T05:38:08.5137334Z PASS: actual complete figure and raised weapon bounds clear the HUD as well as the warning
2026-10-07T05:38:08.5150293Z PASS: camera framing never changes simulation, warning geometry or RNG
2026-10-07T05:38:08.5156813Z PASS: Arcanist: fully extended contact poses remain inside the quiet play area
2026-10-07T05:38:08.5171862Z PASS: 1040x1080 region 2 phase 2 variant 0: complete collision outline stays inside the quiet play area
2026-10-07T05:38:08.5173300Z PASS: actual complete figure and raised weapon bounds clear the HUD as well as the warning
2026-10-07T05:38:08.5176330Z PASS: camera framing never changes simulation, warning geometry or RNG
2026-10-07T05:38:08.5189090Z PASS: Arcanist: fully extended contact poses remain inside the quiet play area
2026-10-07T05:38:08.5203664Z PASS: 1040x1080 region 2 phase 2 variant 1: complete collision outline stays inside the quiet play area
2026-10-07T05:38:08.5205137Z PASS: actual complete figure and raised weapon bounds clear the HUD as well as the warning
2026-10-07T05:38:08.5208180Z PASS: camera framing never changes simulation, warning geometry or RNG
2026-10-07T05:38:08.5220713Z PASS: Arcanist: fully extended contact poses remain inside the quiet play area
2026-10-07T05:38:08.5371214Z PASS: region 3: framing fixture reaches a real guardian
2026-10-07T05:38:09.0633430Z PASS: 1040x1080 region 3 phase 0 variant 0: complete collision outline stays inside the quiet play area
2026-10-07T05:38:09.0634482Z PASS: actual complete figure and raised weapon bounds clear the HUD as well as the warning
2026-10-07T05:38:09.0636541Z PASS: camera framing never changes simulation, warning geometry or RNG
2026-10-07T05:38:09.0646150Z PASS: Arcanist: fully extended contact poses remain inside the quiet play area
2026-10-07T05:38:09.0657855Z PASS: 1040x1080 region 3 phase 0 variant 1: complete collision outline stays inside the quiet play area
2026-10-07T05:38:09.0658986Z PASS: actual complete figure and raised weapon bounds clear the HUD as well as the warning
2026-10-07T05:38:09.0661707Z PASS: camera framing never changes simulation, warning geometry or RNG
2026-10-07T05:38:09.0671096Z PASS: Arcanist: fully extended contact poses remain inside the quiet play area
2026-10-07T05:38:09.0683264Z PASS: 1040x1080 region 3 phase 1 variant 0: complete collision outline stays inside the quiet play area
2026-10-07T05:38:09.0684208Z PASS: actual complete figure and raised weapon bounds clear the HUD as well as the warning
2026-10-07T05:38:09.0687090Z PASS: camera framing never changes simulation, warning geometry or RNG
2026-10-07T05:38:09.0696929Z PASS: Arcanist: fully extended contact poses remain inside the quiet play area
2026-10-07T05:38:09.0709222Z PASS: 1040x1080 region 3 phase 1 variant 1: complete collision outline stays inside the quiet play area
2026-10-07T05:38:09.0710192Z PASS: actual complete figure and raised weapon bounds clear the HUD as well as the warning
2026-10-07T05:38:09.0712886Z PASS: camera framing never changes simulation, warning geometry or RNG
2026-10-07T05:38:09.0722567Z PASS: Arcanist: fully extended contact poses remain inside the quiet play area
2026-10-07T05:38:09.0735057Z PASS: 1040x1080 region 3 phase 2 variant 0: complete collision outline stays inside the quiet play area
2026-10-07T05:38:09.0736307Z PASS: actual complete figure and raised weapon bounds clear the HUD as well as the warning
2026-10-07T05:38:09.0739052Z PASS: camera framing never changes simulation, warning geometry or RNG
2026-10-07T05:38:09.0749520Z PASS: Arcanist: fully extended contact poses remain inside the quiet play area
2026-10-07T05:38:09.0761501Z PASS: 1040x1080 region 3 phase 2 variant 1: complete collision outline stays inside the quiet play area
2026-10-07T05:38:09.0762732Z PASS: actual complete figure and raised weapon bounds clear the HUD as well as the warning
2026-10-07T05:38:09.0765389Z PASS: camera framing never changes simulation, warning geometry or RNG
2026-10-07T05:38:09.0775318Z PASS: Arcanist: fully extended contact poses remain inside the quiet play area
2026-10-07T05:38:09.0922248Z PASS: region 0: framing fixture reaches a real guardian
2026-10-07T05:38:09.7675314Z PASS: 1040x1080 region 0 phase 0 variant 0: complete collision outline stays inside the quiet play area
2026-10-07T05:38:09.7676357Z PASS: actual complete figure and raised weapon bounds clear the HUD as well as the warning
2026-10-07T05:38:09.7679134Z PASS: camera framing never changes simulation, warning geometry or RNG
2026-10-07T05:38:09.7695968Z PASS: Ranger: fully extended contact poses remain inside the quiet play area
2026-10-07T05:38:09.7714029Z PASS: 1040x1080 region 0 phase 0 variant 1: complete collision outline stays inside the quiet play area
2026-10-07T05:38:09.7715002Z PASS: actual complete figure and raised weapon bounds clear the HUD as well as the warning
2026-10-07T05:38:09.7717487Z PASS: camera framing never changes simulation, warning geometry or RNG
2026-10-07T05:38:09.7732684Z PASS: Ranger: fully extended contact poses remain inside the quiet play area
2026-10-07T05:38:09.7750957Z PASS: 1040x1080 region 0 phase 1 variant 0: complete collision outline stays inside the quiet play area
2026-10-07T05:38:09.7752143Z PASS: actual complete figure and raised weapon bounds clear the HUD as well as the warning
2026-10-07T05:38:09.7754794Z PASS: camera framing never changes simulation, warning geometry or RNG
2026-10-07T05:38:09.7770846Z PASS: Ranger: fully extended contact poses remain inside the quiet play area
2026-10-07T05:38:09.7789174Z PASS: 1040x1080 region 0 phase 1 variant 1: complete collision outline stays inside the quiet play area
2026-10-07T05:38:09.7790338Z PASS: actual complete figure and raised weapon bounds clear the HUD as well as the warning
2026-10-07T05:38:09.7793009Z PASS: camera framing never changes simulation, warning geometry or RNG
2026-10-07T05:38:09.7809054Z PASS: Ranger: fully extended contact poses remain inside the quiet play area
2026-10-07T05:38:09.7828416Z PASS: 1040x1080 region 0 phase 2 variant 0: complete collision outline stays inside the quiet play area
2026-10-07T05:38:09.7830469Z PASS: actual complete figure and raised weapon bounds clear the HUD as well as the warning
2026-10-07T05:38:09.7833055Z PASS: camera framing never changes simulation, warning geometry or RNG
2026-10-07T05:38:09.7850308Z PASS: Ranger: fully extended contact poses remain inside the quiet play area
2026-10-07T05:38:09.7869669Z PASS: 1040x1080 region 0 phase 2 variant 1: complete collision outline stays inside the quiet play area
2026-10-07T05:38:09.7871543Z PASS: actual complete figure and raised weapon bounds clear the HUD as well as the warning
2026-10-07T05:38:09.7874130Z PASS: camera framing never changes simulation, warning geometry or RNG
2026-10-07T05:38:09.7891402Z PASS: Ranger: fully extended contact poses remain inside the quiet play area
2026-10-07T05:38:09.8007996Z PASS: region 1: framing fixture reaches a real guardian
2026-10-07T05:38:10.4662221Z PASS: 1040x1080 region 1 phase 0 variant 0: complete collision outline stays inside the quiet play area
2026-10-07T05:38:10.4663308Z PASS: actual complete figure and raised weapon bounds clear the HUD as well as the warning
2026-10-07T05:38:10.4666185Z PASS: camera framing never changes simulation, warning geometry or RNG
2026-10-07T05:38:10.4684419Z PASS: Ranger: fully extended contact poses remain inside the quiet play area
2026-10-07T05:38:10.4704462Z PASS: 1040x1080 region 1 phase 0 variant 1: complete collision outline stays inside the quiet play area
2026-10-07T05:38:10.4705701Z PASS: actual complete figure and raised weapon bounds clear the HUD as well as the warning
2026-10-07T05:38:10.4708061Z PASS: camera framing never changes simulation, warning geometry or RNG
2026-10-07T05:38:10.4723433Z PASS: Ranger: fully extended contact poses remain inside the quiet play area
2026-10-07T05:38:10.4740706Z PASS: 1040x1080 region 1 phase 1 variant 0: complete collision outline stays inside the quiet play area
2026-10-07T05:38:10.4741659Z PASS: actual complete figure and raised weapon bounds clear the HUD as well as the warning
2026-10-07T05:38:10.4744308Z PASS: camera framing never changes simulation, warning geometry or RNG
2026-10-07T05:38:10.4758972Z PASS: Ranger: fully extended contact poses remain inside the quiet play area
2026-10-07T05:38:10.4775852Z PASS: 1040x1080 region 1 phase 1 variant 1: complete collision outline stays inside the quiet play area
2026-10-07T05:38:10.4776819Z PASS: actual complete figure and raised weapon bounds clear the HUD as well as the warning
2026-10-07T05:38:10.4779532Z PASS: camera framing never changes simulation, warning geometry or RNG
2026-10-07T05:38:10.4793636Z PASS: Ranger: fully extended contact poses remain inside the quiet play area
2026-10-07T05:38:10.4811290Z PASS: 1040x1080 region 1 phase 2 variant 0: complete collision outline stays inside the quiet play area
2026-10-07T05:38:10.4812273Z PASS: actual complete figure and raised weapon bounds clear the HUD as well as the warning
2026-10-07T05:38:10.4815346Z PASS: camera framing never changes simulation, warning geometry or RNG
2026-10-07T05:38:10.4830428Z PASS: Ranger: fully extended contact poses remain inside the quiet play area
2026-10-07T05:38:10.4847723Z PASS: 1040x1080 region 1 phase 2 variant 1: complete collision outline stays inside the quiet play area
2026-10-07T05:38:10.4848909Z PASS: actual complete figure and raised weapon bounds clear the HUD as well as the warning
2026-10-07T05:38:10.4852055Z PASS: camera framing never changes simulation, warning geometry or RNG
2026-10-07T05:38:10.4866856Z PASS: Ranger: fully extended contact poses remain inside the quiet play area
2026-10-07T05:38:10.4991508Z PASS: region 2: framing fixture reaches a real guardian
2026-10-07T05:38:11.1956465Z PASS: 1040x1080 region 2 phase 0 variant 0: complete collision outline stays inside the quiet play area
2026-10-07T05:38:11.1957487Z PASS: actual complete figure and raised weapon bounds clear the HUD as well as the warning
2026-10-07T05:38:11.1960264Z PASS: camera framing never changes simulation, warning geometry or RNG
2026-10-07T05:38:11.1977847Z PASS: Ranger: fully extended contact poses remain inside the quiet play area
2026-10-07T05:38:11.1998221Z PASS: 1040x1080 region 2 phase 0 variant 1: complete collision outline stays inside the quiet play area
2026-10-07T05:38:11.1999797Z PASS: actual complete figure and raised weapon bounds clear the HUD as well as the warning
2026-10-07T05:38:11.2002887Z PASS: camera framing never changes simulation, warning geometry or RNG
2026-10-07T05:38:11.2019988Z PASS: Ranger: fully extended contact poses remain inside the quiet play area
2026-10-07T05:38:11.2039819Z PASS: 1040x1080 region 2 phase 1 variant 0: complete collision outline stays inside the quiet play area
2026-10-07T05:38:11.2041228Z PASS: actual complete figure and raised weapon bounds clear the HUD as well as the warning
2026-10-07T05:38:11.2044277Z PASS: camera framing never changes simulation, warning geometry or RNG
2026-10-07T05:38:11.2061616Z PASS: Ranger: fully extended contact poses remain inside the quiet play area
2026-10-07T05:38:11.2081069Z PASS: 1040x1080 region 2 phase 1 variant 1: complete collision outline stays inside the quiet play area
2026-10-07T05:38:11.2082548Z PASS: actual complete figure and raised weapon bounds clear the HUD as well as the warning
2026-10-07T05:38:11.2085584Z PASS: camera framing never changes simulation, warning geometry or RNG
2026-10-07T05:38:11.2102838Z PASS: Ranger: fully extended contact poses remain inside the quiet play area
2026-10-07T05:38:11.2122610Z PASS: 1040x1080 region 2 phase 2 variant 0: complete collision outline stays inside the quiet play area
2026-10-07T05:38:11.2123748Z PASS: actual complete figure and raised weapon bounds clear the HUD as well as the warning
2026-10-07T05:38:11.2126798Z PASS: camera framing never changes simulation, warning geometry or RNG
2026-10-07T05:38:11.2144029Z PASS: Ranger: fully extended contact poses remain inside the quiet play area
2026-10-07T05:38:11.2163695Z PASS: 1040x1080 region 2 phase 2 variant 1: complete collision outline stays inside the quiet play area
2026-10-07T05:38:11.2165143Z PASS: actual complete figure and raised weapon bounds clear the HUD as well as the warning
2026-10-07T05:38:11.2168296Z PASS: camera framing never changes simulation, warning geometry or RNG
2026-10-07T05:38:11.2185721Z PASS: Ranger: fully extended contact poses remain inside the quiet play area
2026-10-07T05:38:11.2305596Z PASS: region 3: framing fixture reaches a real guardian
2026-10-07T05:38:11.8446459Z PASS: 1040x1080 region 3 phase 0 variant 0: complete collision outline stays inside the quiet play area
2026-10-07T05:38:11.8447463Z PASS: actual complete figure and raised weapon bounds clear the HUD as well as the warning
2026-10-07T05:38:11.8449176Z PASS: camera framing never changes simulation, warning geometry or RNG
2026-10-07T05:38:11.8464150Z PASS: Ranger: fully extended contact poses remain inside the quiet play area
2026-10-07T05:38:11.8480981Z PASS: 1040x1080 region 3 phase 0 variant 1: complete collision outline stays inside the quiet play area
2026-10-07T05:38:11.8481949Z PASS: actual complete figure and raised weapon bounds clear the HUD as well as the warning
2026-10-07T05:38:11.8484348Z PASS: camera framing never changes simulation, warning geometry or RNG
2026-10-07T05:38:11.8498376Z PASS: Ranger: fully extended contact poses remain inside the quiet play area
2026-10-07T05:38:11.8515636Z PASS: 1040x1080 region 3 phase 1 variant 0: complete collision outline stays inside the quiet play area
2026-10-07T05:38:11.8516612Z PASS: actual complete figure and raised weapon bounds clear the HUD as well as the warning
2026-10-07T05:38:11.8519410Z PASS: camera framing never changes simulation, warning geometry or RNG
2026-10-07T05:38:11.8533713Z PASS: Ranger: fully extended contact poses remain inside the quiet play area
2026-10-07T05:38:11.8550393Z PASS: 1040x1080 region 3 phase 1 variant 1: complete collision outline stays inside the quiet play area
2026-10-07T05:38:11.8551157Z PASS: actual complete figure and raised weapon bounds clear the HUD as well as the warning
2026-10-07T05:38:11.8553810Z PASS: camera framing never changes simulation, warning geometry or RNG
2026-10-07T05:38:11.8567875Z PASS: Ranger: fully extended contact poses remain inside the quiet play area
2026-10-07T05:38:11.8585046Z PASS: 1040x1080 region 3 phase 2 variant 0: complete collision outline stays inside the quiet play area
2026-10-07T05:38:11.8586288Z PASS: actual complete figure and raised weapon bounds clear the HUD as well as the warning
2026-10-07T05:38:11.8589096Z PASS: camera framing never changes simulation, warning geometry or RNG
2026-10-07T05:38:11.8603952Z PASS: Ranger: fully extended contact poses remain inside the quiet play area
2026-10-07T05:38:11.8621036Z PASS: 1040x1080 region 3 phase 2 variant 1: complete collision outline stays inside the quiet play area
2026-10-07T05:38:11.8622272Z PASS: actual complete figure and raised weapon bounds clear the HUD as well as the warning
2026-10-07T05:38:11.8624945Z PASS: camera framing never changes simulation, warning geometry or RNG
2026-10-07T05:38:11.8639946Z PASS: Ranger: fully extended contact poses remain inside the quiet play area
2026-10-07T05:38:11.8956831Z PASS: region 0: framing fixture reaches a real guardian
2026-10-07T05:38:12.5503969Z PASS: 854x480 region 0 phase 0 variant 0: complete collision outline stays inside the quiet play area
2026-10-07T05:38:12.5504991Z PASS: actual complete figure and raised weapon bounds clear the HUD as well as the warning
2026-10-07T05:38:12.5508015Z PASS: camera framing never changes simulation, warning geometry or RNG
2026-10-07T05:38:12.5524631Z PASS: Vowkeeper: fully extended contact poses remain inside the quiet play area
2026-10-07T05:38:12.5542552Z PASS: 854x480 region 0 phase 0 variant 1: complete collision outline stays inside the quiet play area
2026-10-07T05:38:12.5543505Z PASS: actual complete figure and raised weapon bounds clear the HUD as well as the warning
2026-10-07T05:38:12.5546206Z PASS: camera framing never changes simulation, warning geometry or RNG
2026-10-07T05:38:12.5561681Z PASS: Vowkeeper: fully extended contact poses remain inside the quiet play area
2026-10-07T05:38:12.5579695Z PASS: 854x480 region 0 phase 1 variant 0: complete collision outline stays inside the quiet play area
2026-10-07T05:38:12.5580908Z PASS: actual complete figure and raised weapon bounds clear the HUD as well as the warning
2026-10-07T05:38:12.5583557Z PASS: camera framing never changes simulation, warning geometry or RNG
2026-10-07T05:38:12.5599591Z PASS: Vowkeeper: fully extended contact poses remain inside the quiet play area
2026-10-07T05:38:12.5617733Z PASS: 854x480 region 0 phase 1 variant 1: complete collision outline stays inside the quiet play area
2026-10-07T05:38:12.5619018Z PASS: actual complete figure and raised weapon bounds clear the HUD as well as the warning
2026-10-07T05:38:12.5621729Z PASS: camera framing never changes simulation, warning geometry or RNG
2026-10-07T05:38:12.5637569Z PASS: Vowkeeper: fully extended contact poses remain inside the quiet play area
2026-10-07T05:38:12.5656386Z PASS: 854x480 region 0 phase 2 variant 0: complete collision outline stays inside the quiet play area
2026-10-07T05:38:12.5658445Z PASS: actual complete figure and raised weapon bounds clear the HUD as well as the warning
2026-10-07T05:38:12.5661183Z PASS: camera framing never changes simulation, warning geometry or RNG
2026-10-07T05:38:12.5678491Z PASS: Vowkeeper: fully extended contact poses remain inside the quiet play area
2026-10-07T05:38:12.5697328Z PASS: 854x480 region 0 phase 2 variant 1: complete collision outline stays inside the quiet play area
2026-10-07T05:38:12.5699335Z PASS: actual complete figure and raised weapon bounds clear the HUD as well as the warning
2026-10-07T05:38:12.5701931Z PASS: camera framing never changes simulation, warning geometry or RNG
2026-10-07T05:38:12.5719088Z PASS: Vowkeeper: fully extended contact poses remain inside the quiet play area
2026-10-07T05:38:12.5870496Z PASS: region 1: framing fixture reaches a real guardian
2026-10-07T05:38:13.2134676Z PASS: 854x480 region 1 phase 0 variant 0: complete collision outline stays inside the quiet play area
2026-10-07T05:38:13.2135727Z PASS: actual complete figure and raised weapon bounds clear the HUD as well as the warning
2026-10-07T05:38:13.2137716Z PASS: camera framing never changes simulation, warning geometry or RNG
2026-10-07T05:38:13.2151911Z PASS: Vowkeeper: fully extended contact poses remain inside the quiet play area
2026-10-07T05:38:13.2167562Z PASS: 854x480 region 1 phase 0 variant 1: complete collision outline stays inside the quiet play area
2026-10-07T05:38:13.2168526Z PASS: actual complete figure and raised weapon bounds clear the HUD as well as the warning
2026-10-07T05:38:13.2171009Z PASS: camera framing never changes simulation, warning geometry or RNG
2026-10-07T05:38:13.2184671Z PASS: Vowkeeper: fully extended contact poses remain inside the quiet play area
2026-10-07T05:38:13.2200237Z PASS: 854x480 region 1 phase 1 variant 0: complete collision outline stays inside the quiet play area
2026-10-07T05:38:13.2201201Z PASS: actual complete figure and raised weapon bounds clear the HUD as well as the warning
2026-10-07T05:38:13.2203814Z PASS: camera framing never changes simulation, warning geometry or RNG
2026-10-07T05:38:13.2217222Z PASS: Vowkeeper: fully extended contact poses remain inside the quiet play area
2026-10-07T05:38:13.2232557Z PASS: 854x480 region 1 phase 1 variant 1: complete collision outline stays inside the quiet play area
2026-10-07T05:38:13.2233775Z PASS: actual complete figure and raised weapon bounds clear the HUD as well as the warning
2026-10-07T05:38:13.2236245Z PASS: camera framing never changes simulation, warning geometry or RNG
2026-10-07T05:38:13.2249775Z PASS: Vowkeeper: fully extended contact poses remain inside the quiet play area
2026-10-07T05:38:13.2266256Z PASS: 854x480 region 1 phase 2 variant 0: complete collision outline stays inside the quiet play area
2026-10-07T05:38:13.2267362Z PASS: actual complete figure and raised weapon bounds clear the HUD as well as the warning
2026-10-07T05:38:13.2270562Z PASS: camera framing never changes simulation, warning geometry or RNG
2026-10-07T05:38:13.2285236Z PASS: Vowkeeper: fully extended contact poses remain inside the quiet play area
2026-10-07T05:38:13.2301825Z PASS: 854x480 region 1 phase 2 variant 1: complete collision outline stays inside the quiet play area
2026-10-07T05:38:13.2302911Z PASS: actual complete figure and raised weapon bounds clear the HUD as well as the warning
2026-10-07T05:38:13.2305947Z PASS: camera framing never changes simulation, warning geometry or RNG
2026-10-07T05:38:13.2320707Z PASS: Vowkeeper: fully extended contact poses remain inside the quiet play area
2026-10-07T05:38:13.2458922Z PASS: region 2: framing fixture reaches a real guardian
2026-10-07T05:38:13.9014890Z PASS: 854x480 region 2 phase 0 variant 0: complete collision outline stays inside the quiet play area
2026-10-07T05:38:13.9015898Z PASS: actual complete figure and raised weapon bounds clear the HUD as well as the warning
2026-10-07T05:38:13.9018776Z PASS: camera framing never changes simulation, warning geometry or RNG
2026-10-07T05:38:13.9036583Z PASS: Vowkeeper: fully extended contact poses remain inside the quiet play area
2026-10-07T05:38:13.9055877Z PASS: 854x480 region 2 phase 0 variant 1: complete collision outline stays inside the quiet play area
2026-10-07T05:38:13.9057363Z PASS: actual complete figure and raised weapon bounds clear the HUD as well as the warning
2026-10-07T05:38:13.9060601Z PASS: camera framing never changes simulation, warning geometry or RNG
2026-10-07T05:38:13.9077565Z PASS: Vowkeeper: fully extended contact poses remain inside the quiet play area
2026-10-07T05:38:13.9096493Z PASS: 854x480 region 2 phase 1 variant 0: complete collision outline stays inside the quiet play area
2026-10-07T05:38:13.9097947Z PASS: actual complete figure and raised weapon bounds clear the HUD as well as the warning
2026-10-07T05:38:13.9101110Z PASS: camera framing never changes simulation, warning geometry or RNG
2026-10-07T05:38:13.9117980Z PASS: Vowkeeper: fully extended contact poses remain inside the quiet play area
2026-10-07T05:38:13.9136949Z PASS: 854x480 region 2 phase 1 variant 1: complete collision outline stays inside the quiet play area
2026-10-07T05:38:13.9138420Z PASS: actual complete figure and raised weapon bounds clear the HUD as well as the warning
2026-10-07T05:38:13.9141613Z PASS: camera framing never changes simulation, warning geometry or RNG
2026-10-07T05:38:13.9158684Z PASS: Vowkeeper: fully extended contact poses remain inside the quiet play area
2026-10-07T05:38:13.9177374Z PASS: 854x480 region 2 phase 2 variant 0: complete collision outline stays inside the quiet play area
2026-10-07T05:38:13.9178965Z PASS: actual complete figure and raised weapon bounds clear the HUD as well as the warning
2026-10-07T05:38:13.9182015Z PASS: camera framing never changes simulation, warning geometry or RNG
2026-10-07T05:38:13.9199089Z PASS: Vowkeeper: fully extended contact poses remain inside the quiet play area
2026-10-07T05:38:13.9217968Z PASS: 854x480 region 2 phase 2 variant 1: complete collision outline stays inside the quiet play area
2026-10-07T05:38:13.9219581Z PASS: actual complete figure and raised weapon bounds clear the HUD as well as the warning
2026-10-07T05:38:13.9222646Z PASS: camera framing never changes simulation, warning geometry or RNG
2026-10-07T05:38:13.9239717Z PASS: Vowkeeper: fully extended contact poses remain inside the quiet play area
2026-10-07T05:38:13.9404966Z PASS: region 3: framing fixture reaches a real guardian
2026-10-07T05:38:14.5212608Z PASS: 854x480 region 3 phase 0 variant 0: complete collision outline stays inside the quiet play area
2026-10-07T05:38:14.5213609Z PASS: actual complete figure and raised weapon bounds clear the HUD as well as the warning
2026-10-07T05:38:14.5215681Z PASS: camera framing never changes simulation, warning geometry or RNG
2026-10-07T05:38:14.5230341Z PASS: Vowkeeper: fully extended contact poses remain inside the quiet play area
2026-10-07T05:38:14.5246421Z PASS: 854x480 region 3 phase 0 variant 1: complete collision outline stays inside the quiet play area
2026-10-07T05:38:14.5247769Z PASS: actual complete figure and raised weapon bounds clear the HUD as well as the warning
2026-10-07T05:38:14.5250130Z PASS: camera framing never changes simulation, warning geometry or RNG
2026-10-07T05:38:14.5264073Z PASS: Vowkeeper: fully extended contact poses remain inside the quiet play area
2026-10-07T05:38:14.5280830Z PASS: 854x480 region 3 phase 1 variant 0: complete collision outline stays inside the quiet play area
2026-10-07T05:38:14.5281786Z PASS: actual complete figure and raised weapon bounds clear the HUD as well as the warning
2026-10-07T05:38:14.5284501Z PASS: camera framing never changes simulation, warning geometry or RNG
2026-10-07T05:38:14.5298505Z PASS: Vowkeeper: fully extended contact poses remain inside the quiet play area
2026-10-07T05:38:14.5314775Z PASS: 854x480 region 3 phase 1 variant 1: complete collision outline stays inside the quiet play area
2026-10-07T05:38:14.5315885Z PASS: actual complete figure and raised weapon bounds clear the HUD as well as the warning
2026-10-07T05:38:14.5319037Z PASS: camera framing never changes simulation, warning geometry or RNG
2026-10-07T05:38:14.5333663Z PASS: Vowkeeper: fully extended contact poses remain inside the quiet play area
2026-10-07T05:38:14.5350802Z PASS: 854x480 region 3 phase 2 variant 0: complete collision outline stays inside the quiet play area
2026-10-07T05:38:14.5351946Z PASS: actual complete figure and raised weapon bounds clear the HUD as well as the warning
2026-10-07T05:38:14.5355024Z PASS: camera framing never changes simulation, warning geometry or RNG
2026-10-07T05:38:14.5370200Z PASS: Vowkeeper: fully extended contact poses remain inside the quiet play area
2026-10-07T05:38:14.5387312Z PASS: 854x480 region 3 phase 2 variant 1: complete collision outline stays inside the quiet play area
2026-10-07T05:38:14.5388422Z PASS: actual complete figure and raised weapon bounds clear the HUD as well as the warning
2026-10-07T05:38:14.5391626Z PASS: camera framing never changes simulation, warning geometry or RNG
2026-10-07T05:38:14.5406644Z PASS: Vowkeeper: fully extended contact poses remain inside the quiet play area
2026-10-07T05:38:14.5550031Z PASS: region 0: framing fixture reaches a real guardian
2026-10-07T05:38:15.1474165Z PASS: 854x480 region 0 phase 0 variant 0: complete collision outline stays inside the quiet play area
2026-10-07T05:38:15.1475213Z PASS: actual complete figure and raised weapon bounds clear the HUD as well as the warning
2026-10-07T05:38:15.1478018Z PASS: camera framing never changes simulation, warning geometry or RNG
2026-10-07T05:38:15.1490471Z PASS: Arcanist: fully extended contact poses remain inside the quiet play area
2026-10-07T05:38:15.1503790Z PASS: 854x480 region 0 phase 0 variant 1: complete collision outline stays inside the quiet play area
2026-10-07T05:38:15.1504736Z PASS: actual complete figure and raised weapon bounds clear the HUD as well as the warning
2026-10-07T05:38:15.1507580Z PASS: camera framing never changes simulation, warning geometry or RNG
2026-10-07T05:38:15.1518784Z PASS: Arcanist: fully extended contact poses remain inside the quiet play area
2026-10-07T05:38:15.1532727Z PASS: 854x480 region 0 phase 1 variant 0: complete collision outline stays inside the quiet play area
2026-10-07T05:38:15.1533695Z PASS: actual complete figure and raised weapon bounds clear the HUD as well as the warning
2026-10-07T05:38:15.1537112Z PASS: camera framing never changes simulation, warning geometry or RNG
2026-10-07T05:38:15.1548468Z PASS: Arcanist: fully extended contact poses remain inside the quiet play area
2026-10-07T05:38:15.1562426Z PASS: 854x480 region 0 phase 1 variant 1: complete collision outline stays inside the quiet play area
2026-10-07T05:38:15.1563493Z PASS: actual complete figure and raised weapon bounds clear the HUD as well as the warning
2026-10-07T05:38:15.1566550Z PASS: camera framing never changes simulation, warning geometry or RNG
2026-10-07T05:38:15.1578148Z PASS: Arcanist: fully extended contact poses remain inside the quiet play area
2026-10-07T05:38:15.1593269Z PASS: 854x480 region 0 phase 2 variant 0: complete collision outline stays inside the quiet play area
2026-10-07T05:38:15.1595512Z PASS: actual complete figure and raised weapon bounds clear the HUD as well as the warning
2026-10-07T05:38:15.1598368Z PASS: camera framing never changes simulation, warning geometry or RNG
2026-10-07T05:38:15.1611742Z PASS: Arcanist: fully extended contact poses remain inside the quiet play area
2026-10-07T05:38:15.1627106Z PASS: 854x480 region 0 phase 2 variant 1: complete collision outline stays inside the quiet play area
2026-10-07T05:38:15.1629433Z PASS: actual complete figure and raised weapon bounds clear the HUD as well as the warning
2026-10-07T05:38:15.1632496Z PASS: camera framing never changes simulation, warning geometry or RNG
2026-10-07T05:38:15.1645436Z PASS: Arcanist: fully extended contact poses remain inside the quiet play area
2026-10-07T05:38:15.1822196Z PASS: region 1: framing fixture reaches a real guardian
2026-10-07T05:38:15.7600795Z PASS: 854x480 region 1 phase 0 variant 0: complete collision outline stays inside the quiet play area
2026-10-07T05:38:15.7601806Z PASS: actual complete figure and raised weapon bounds clear the HUD as well as the warning
2026-10-07T05:38:15.7603394Z PASS: camera framing never changes simulation, warning geometry or RNG
2026-10-07T05:38:15.7612881Z PASS: Arcanist: fully extended contact poses remain inside the quiet play area
2026-10-07T05:38:15.7624061Z PASS: 854x480 region 1 phase 0 variant 1: complete collision outline stays inside the quiet play area
2026-10-07T05:38:15.7639700Z PASS: actual complete figure and raised weapon bounds clear the HUD as well as the warning
2026-10-07T05:38:15.7640408Z PASS: camera framing never changes simulation, warning geometry or RNG
2026-10-07T05:38:15.7640861Z PASS: Arcanist: fully extended contact poses remain inside the quiet play area
2026-10-07T05:38:15.7649566Z PASS: 854x480 region 1 phase 1 variant 0: complete collision outline stays inside the quiet play area
2026-10-07T05:38:15.7650554Z PASS: actual complete figure and raised weapon bounds clear the HUD as well as the warning
2026-10-07T05:38:15.7653212Z PASS: camera framing never changes simulation, warning geometry or RNG
2026-10-07T05:38:15.7662234Z PASS: Arcanist: fully extended contact poses remain inside the quiet play area
2026-10-07T05:38:15.7673412Z PASS: 854x480 region 1 phase 1 variant 1: complete collision outline stays inside the quiet play area
2026-10-07T05:38:15.7674365Z PASS: actual complete figure and raised weapon bounds clear the HUD as well as the warning
2026-10-07T05:38:15.7676926Z PASS: camera framing never changes simulation, warning geometry or RNG
2026-10-07T05:38:15.7685826Z PASS: Arcanist: fully extended contact poses remain inside the quiet play area
2026-10-07T05:38:15.7698113Z PASS: 854x480 region 1 phase 2 variant 0: complete collision outline stays inside the quiet play area
2026-10-07T05:38:15.7699357Z PASS: actual complete figure and raised weapon bounds clear the HUD as well as the warning
2026-10-07T05:38:15.7702395Z PASS: camera framing never changes simulation, warning geometry or RNG
2026-10-07T05:38:15.7712413Z PASS: Arcanist: fully extended contact poses remain inside the quiet play area
2026-10-07T05:38:15.7724617Z PASS: 854x480 region 1 phase 2 variant 1: complete collision outline stays inside the quiet play area
2026-10-07T05:38:15.7725995Z PASS: actual complete figure and raised weapon bounds clear the HUD as well as the warning
2026-10-07T05:38:15.7728907Z PASS: camera framing never changes simulation, warning geometry or RNG
2026-10-07T05:38:15.7738901Z PASS: Arcanist: fully extended contact poses remain inside the quiet play area
2026-10-07T05:38:15.7880788Z PASS: region 2: framing fixture reaches a real guardian
2026-10-07T05:38:16.3989002Z PASS: 854x480 region 2 phase 0 variant 0: complete collision outline stays inside the quiet play area
2026-10-07T05:38:16.3990017Z PASS: actual complete figure and raised weapon bounds clear the HUD as well as the warning
2026-10-07T05:38:16.3992812Z PASS: camera framing never changes simulation, warning geometry or RNG
2026-10-07T05:38:16.4005764Z PASS: Arcanist: fully extended contact poses remain inside the quiet play area
2026-10-07T05:38:16.4020691Z PASS: 854x480 region 2 phase 0 variant 1: complete collision outline stays inside the quiet play area
2026-10-07T05:38:16.4022160Z PASS: actual complete figure and raised weapon bounds clear the HUD as well as the warning
2026-10-07T05:38:16.4025128Z PASS: camera framing never changes simulation, warning geometry or RNG
2026-10-07T05:38:16.4037665Z PASS: Arcanist: fully extended contact poses remain inside the quiet play area
2026-10-07T05:38:16.4052460Z PASS: 854x480 region 2 phase 1 variant 0: complete collision outline stays inside the quiet play area
2026-10-07T05:38:16.4053962Z PASS: actual complete figure and raised weapon bounds clear the HUD as well as the warning
2026-10-07T05:38:16.4057045Z PASS: camera framing never changes simulation, warning geometry or RNG
2026-10-07T05:38:16.4069609Z PASS: Arcanist: fully extended contact poses remain inside the quiet play area
2026-10-07T05:38:16.4084243Z PASS: 854x480 region 2 phase 1 variant 1: complete collision outline stays inside the quiet play area
2026-10-07T05:38:16.4085694Z PASS: actual complete figure and raised weapon bounds clear the HUD as well as the warning
2026-10-07T05:38:16.4088818Z PASS: camera framing never changes simulation, warning geometry or RNG
2026-10-07T05:38:16.4101413Z PASS: Arcanist: fully extended contact poses remain inside the quiet play area
2026-10-07T05:38:16.4116133Z PASS: 854x480 region 2 phase 2 variant 0: complete collision outline stays inside the quiet play area
2026-10-07T05:38:16.4117617Z PASS: actual complete figure and raised weapon bounds clear the HUD as well as the warning
2026-10-07T05:38:16.4120838Z PASS: camera framing never changes simulation, warning geometry or RNG
2026-10-07T05:38:16.4133530Z PASS: Arcanist: fully extended contact poses remain inside the quiet play area
2026-10-07T05:38:16.4148185Z PASS: 854x480 region 2 phase 2 variant 1: complete collision outline stays inside the quiet play area
2026-10-07T05:38:16.4149945Z PASS: actual complete figure and raised weapon bounds clear the HUD as well as the warning
2026-10-07T05:38:16.4152916Z PASS: camera framing never changes simulation, warning geometry or RNG
2026-10-07T05:38:16.4165457Z PASS: Arcanist: fully extended contact poses remain inside the quiet play area
2026-10-07T05:38:16.4312728Z PASS: region 3: framing fixture reaches a real guardian
2026-10-07T05:38:16.9605860Z PASS: 854x480 region 3 phase 0 variant 0: complete collision outline stays inside the quiet play area
2026-10-07T05:38:16.9606874Z PASS: actual complete figure and raised weapon bounds clear the HUD as well as the warning
2026-10-07T05:38:16.9608305Z PASS: camera framing never changes simulation, warning geometry or RNG
2026-10-07T05:38:16.9618263Z PASS: Arcanist: fully extended contact poses remain inside the quiet play area
2026-10-07T05:38:16.9630213Z PASS: 854x480 region 3 phase 0 variant 1: complete collision outline stays inside the quiet play area
2026-10-07T05:38:16.9631172Z PASS: actual complete figure and raised weapon bounds clear the HUD as well as the warning
2026-10-07T05:38:16.9633724Z PASS: camera framing never changes simulation, warning geometry or RNG
2026-10-07T05:38:16.9642892Z PASS: Arcanist: fully extended contact poses remain inside the quiet play area
2026-10-07T05:38:16.9654264Z PASS: 854x480 region 3 phase 1 variant 0: complete collision outline stays inside the quiet play area
2026-10-07T05:38:16.9655293Z PASS: actual complete figure and raised weapon bounds clear the HUD as well as the warning
2026-10-07T05:38:16.9658240Z PASS: camera framing never changes simulation, warning geometry or RNG
2026-10-07T05:38:16.9668079Z PASS: Arcanist: fully extended contact poses remain inside the quiet play area
2026-10-07T05:38:16.9680386Z PASS: 854x480 region 3 phase 1 variant 1: complete collision outline stays inside the quiet play area
2026-10-07T05:38:16.9681637Z PASS: actual complete figure and raised weapon bounds clear the HUD as well as the warning
2026-10-07T05:38:16.9684165Z PASS: camera framing never changes simulation, warning geometry or RNG
2026-10-07T05:38:16.9693626Z PASS: Arcanist: fully extended contact poses remain inside the quiet play area
2026-10-07T05:38:16.9705869Z PASS: 854x480 region 3 phase 2 variant 0: complete collision outline stays inside the quiet play area
2026-10-07T05:38:16.9707106Z PASS: actual complete figure and raised weapon bounds clear the HUD as well as the warning
2026-10-07T05:38:16.9709884Z PASS: camera framing never changes simulation, warning geometry or RNG
2026-10-07T05:38:16.9719960Z PASS: Arcanist: fully extended contact poses remain inside the quiet play area
2026-10-07T05:38:16.9732230Z PASS: 854x480 region 3 phase 2 variant 1: complete collision outline stays inside the quiet play area
2026-10-07T05:38:16.9733474Z PASS: actual complete figure and raised weapon bounds clear the HUD as well as the warning
2026-10-07T05:38:16.9736139Z PASS: camera framing never changes simulation, warning geometry or RNG
2026-10-07T05:38:16.9746077Z PASS: Arcanist: fully extended contact poses remain inside the quiet play area
2026-10-07T05:38:16.9898983Z PASS: region 0: framing fixture reaches a real guardian
2026-10-07T05:38:17.6695288Z PASS: 854x480 region 0 phase 0 variant 0: complete collision outline stays inside the quiet play area
2026-10-07T05:38:17.6696286Z PASS: actual complete figure and raised weapon bounds clear the HUD as well as the warning
2026-10-07T05:38:17.6699149Z PASS: camera framing never changes simulation, warning geometry or RNG
2026-10-07T05:38:17.6716071Z PASS: Ranger: fully extended contact poses remain inside the quiet play area
2026-10-07T05:38:17.6734456Z PASS: 854x480 region 0 phase 0 variant 1: complete collision outline stays inside the quiet play area
2026-10-07T05:38:17.6735407Z PASS: actual complete figure and raised weapon bounds clear the HUD as well as the warning
2026-10-07T05:38:17.6737999Z PASS: camera framing never changes simulation, warning geometry or RNG
2026-10-07T05:38:17.6753898Z PASS: Ranger: fully extended contact poses remain inside the quiet play area
2026-10-07T05:38:17.6772677Z PASS: 854x480 region 0 phase 1 variant 0: complete collision outline stays inside the quiet play area
2026-10-07T05:38:17.6773641Z PASS: actual complete figure and raised weapon bounds clear the HUD as well as the warning
2026-10-07T05:38:17.6776394Z PASS: camera framing never changes simulation, warning geometry or RNG
2026-10-07T05:38:17.6792368Z PASS: Ranger: fully extended contact poses remain inside the quiet play area
2026-10-07T05:38:17.6810648Z PASS: 854x480 region 0 phase 1 variant 1: complete collision outline stays inside the quiet play area
2026-10-07T05:38:17.6811864Z PASS: actual complete figure and raised weapon bounds clear the HUD as well as the warning
2026-10-07T05:38:17.6814679Z PASS: camera framing never changes simulation, warning geometry or RNG
2026-10-07T05:38:17.6830824Z PASS: Ranger: fully extended contact poses remain inside the quiet play area
2026-10-07T05:38:17.6850158Z PASS: 854x480 region 0 phase 2 variant 0: complete collision outline stays inside the quiet play area
2026-10-07T05:38:17.6852046Z PASS: actual complete figure and raised weapon bounds clear the HUD as well as the warning
2026-10-07T05:38:17.6854902Z PASS: camera framing never changes simulation, warning geometry or RNG
2026-10-07T05:38:17.6871962Z PASS: Ranger: fully extended contact poses remain inside the quiet play area
2026-10-07T05:38:17.6891179Z PASS: 854x480 region 0 phase 2 variant 1: complete collision outline stays inside the quiet play area
2026-10-07T05:38:17.6893084Z PASS: actual complete figure and raised weapon bounds clear the HUD as well as the warning
2026-10-07T05:38:17.6895669Z PASS: camera framing never changes simulation, warning geometry or RNG
2026-10-07T05:38:17.6912687Z PASS: Ranger: fully extended contact poses remain inside the quiet play area
2026-10-07T05:38:17.7028256Z PASS: region 1: framing fixture reaches a real guardian
2026-10-07T05:38:18.3640447Z PASS: 854x480 region 1 phase 0 variant 0: complete collision outline stays inside the quiet play area
2026-10-07T05:38:18.3641480Z PASS: actual complete figure and raised weapon bounds clear the HUD as well as the warning
2026-10-07T05:38:18.3643652Z PASS: camera framing never changes simulation, warning geometry or RNG
2026-10-07T05:38:18.3657596Z PASS: Ranger: fully extended contact poses remain inside the quiet play area
2026-10-07T05:38:18.3673897Z PASS: 854x480 region 1 phase 0 variant 1: complete collision outline stays inside the quiet play area
2026-10-07T05:38:18.3674857Z PASS: actual complete figure and raised weapon bounds clear the HUD as well as the warning
2026-10-07T05:38:18.3677464Z PASS: camera framing never changes simulation, warning geometry or RNG
2026-10-07T05:38:18.3691353Z PASS: Ranger: fully extended contact poses remain inside the quiet play area
2026-10-07T05:38:18.3707307Z PASS: 854x480 region 1 phase 1 variant 0: complete collision outline stays inside the quiet play area
2026-10-07T05:38:18.3708266Z PASS: actual complete figure and raised weapon bounds clear the HUD as well as the warning
2026-10-07T05:38:18.3711012Z PASS: camera framing never changes simulation, warning geometry or RNG
2026-10-07T05:38:18.3724703Z PASS: Ranger: fully extended contact poses remain inside the quiet play area
2026-10-07T05:38:18.3740685Z PASS: 854x480 region 1 phase 1 variant 1: complete collision outline stays inside the quiet play area
2026-10-07T05:38:18.3741659Z PASS: actual complete figure and raised weapon bounds clear the HUD as well as the warning
2026-10-07T05:38:18.3744271Z PASS: camera framing never changes simulation, warning geometry or RNG
2026-10-07T05:38:18.3757880Z PASS: Ranger: fully extended contact poses remain inside the quiet play area
2026-10-07T05:38:18.3775149Z PASS: 854x480 region 1 phase 2 variant 0: complete collision outline stays inside the quiet play area
2026-10-07T05:38:18.3776206Z PASS: actual complete figure and raised weapon bounds clear the HUD as well as the warning
2026-10-07T05:38:18.3779454Z PASS: camera framing never changes simulation, warning geometry or RNG
2026-10-07T05:38:18.3794000Z PASS: Ranger: fully extended contact poses remain inside the quiet play area
2026-10-07T05:38:18.3811057Z PASS: 854x480 region 1 phase 2 variant 1: complete collision outline stays inside the quiet play area
2026-10-07T05:38:18.3812131Z PASS: actual complete figure and raised weapon bounds clear the HUD as well as the warning
2026-10-07T05:38:18.3815209Z PASS: camera framing never changes simulation, warning geometry or RNG
2026-10-07T05:38:18.3829995Z PASS: Ranger: fully extended contact poses remain inside the quiet play area
2026-10-07T05:38:18.3951606Z PASS: region 2: framing fixture reaches a real guardian
2026-10-07T05:38:19.0904486Z PASS: 854x480 region 2 phase 0 variant 0: complete collision outline stays inside the quiet play area
2026-10-07T05:38:19.0905524Z PASS: actual complete figure and raised weapon bounds clear the HUD as well as the warning
2026-10-07T05:38:19.0908274Z PASS: camera framing never changes simulation, warning geometry or RNG
2026-10-07T05:38:19.0925688Z PASS: Ranger: fully extended contact poses remain inside the quiet play area
2026-10-07T05:38:19.0945109Z PASS: 854x480 region 2 phase 0 variant 1: complete collision outline stays inside the quiet play area
2026-10-07T05:38:19.0946333Z PASS: actual complete figure and raised weapon bounds clear the HUD as well as the warning
2026-10-07T05:38:19.0949072Z PASS: camera framing never changes simulation, warning geometry or RNG
2026-10-07T05:38:19.0965984Z PASS: Ranger: fully extended contact poses remain inside the quiet play area
2026-10-07T05:38:19.0985081Z PASS: 854x480 region 2 phase 1 variant 0: complete collision outline stays inside the quiet play area
2026-10-07T05:38:19.0986686Z PASS: actual complete figure and raised weapon bounds clear the HUD as well as the warning
2026-10-07T05:38:19.0989364Z PASS: camera framing never changes simulation, warning geometry or RNG
2026-10-07T05:38:19.1006223Z PASS: Ranger: fully extended contact poses remain inside the quiet play area
2026-10-07T05:38:19.1025313Z PASS: 854x480 region 2 phase 1 variant 1: complete collision outline stays inside the quiet play area
2026-10-07T05:38:19.1026894Z PASS: actual complete figure and raised weapon bounds clear the HUD as well as the warning
2026-10-07T05:38:19.1029571Z PASS: camera framing never changes simulation, warning geometry or RNG
2026-10-07T05:38:19.1046280Z PASS: Ranger: fully extended contact poses remain inside the quiet play area
2026-10-07T05:38:19.1065306Z PASS: 854x480 region 2 phase 2 variant 0: complete collision outline stays inside the quiet play area
2026-10-07T05:38:19.1066877Z PASS: actual complete figure and raised weapon bounds clear the HUD as well as the warning
2026-10-07T05:38:19.1069619Z PASS: camera framing never changes simulation, warning geometry or RNG
2026-10-07T05:38:19.1086411Z PASS: Ranger: fully extended contact poses remain inside the quiet play area
2026-10-07T05:38:19.1105807Z PASS: 854x480 region 2 phase 2 variant 1: complete collision outline stays inside the quiet play area
2026-10-07T05:38:19.1107407Z PASS: actual complete figure and raised weapon bounds clear the HUD as well as the warning
2026-10-07T05:38:19.1110072Z PASS: camera framing never changes simulation, warning geometry or RNG
2026-10-07T05:38:19.1126829Z PASS: Ranger: fully extended contact poses remain inside the quiet play area
2026-10-07T05:38:19.1247268Z PASS: region 3: framing fixture reaches a real guardian
2026-10-07T05:38:19.7371399Z PASS: 854x480 region 3 phase 0 variant 0: complete collision outline stays inside the quiet play area
2026-10-07T05:38:19.7372402Z PASS: actual complete figure and raised weapon bounds clear the HUD as well as the warning
2026-10-07T05:38:19.7374124Z PASS: camera framing never changes simulation, warning geometry or RNG
2026-10-07T05:38:19.7388812Z PASS: Ranger: fully extended contact poses remain inside the quiet play area
2026-10-07T05:38:19.7405064Z PASS: 854x480 region 3 phase 0 variant 1: complete collision outline stays inside the quiet play area
2026-10-07T05:38:19.7406058Z PASS: actual complete figure and raised weapon bounds clear the HUD as well as the warning
2026-10-07T05:38:19.7408760Z PASS: camera framing never changes simulation, warning geometry or RNG
2026-10-07T05:38:19.7422820Z PASS: Ranger: fully extended contact poses remain inside the quiet play area
2026-10-07T05:38:19.7439820Z PASS: 854x480 region 3 phase 1 variant 0: complete collision outline stays inside the quiet play area
2026-10-07T05:38:19.7440776Z PASS: actual complete figure and raised weapon bounds clear the HUD as well as the warning
2026-10-07T05:38:19.7443556Z PASS: camera framing never changes simulation, warning geometry or RNG
2026-10-07T05:38:19.7457614Z PASS: Ranger: fully extended contact poses remain inside the quiet play area
2026-10-07T05:38:19.7474069Z PASS: 854x480 region 3 phase 1 variant 1: complete collision outline stays inside the quiet play area
2026-10-07T05:38:19.7475127Z PASS: actual complete figure and raised weapon bounds clear the HUD as well as the warning
2026-10-07T05:38:19.7478162Z PASS: camera framing never changes simulation, warning geometry or RNG
2026-10-07T05:38:19.7492867Z PASS: Ranger: fully extended contact poses remain inside the quiet play area
2026-10-07T05:38:19.7510675Z PASS: 854x480 region 3 phase 2 variant 0: complete collision outline stays inside the quiet play area
2026-10-07T05:38:19.7511632Z PASS: actual complete figure and raised weapon bounds clear the HUD as well as the warning
2026-10-07T05:38:19.7514525Z PASS: camera framing never changes simulation, warning geometry or RNG
2026-10-07T05:38:19.7529719Z PASS: Ranger: fully extended contact poses remain inside the quiet play area
2026-10-07T05:38:19.7547013Z PASS: 854x480 region 3 phase 2 variant 1: complete collision outline stays inside the quiet play area
2026-10-07T05:38:19.7548181Z PASS: actual complete figure and raised weapon bounds clear the HUD as well as the warning
2026-10-07T05:38:19.7551296Z PASS: camera framing never changes simulation, warning geometry or RNG
2026-10-07T05:38:19.7566415Z PASS: Ranger: fully extended contact poses remain inside the quiet play area
2026-10-07T05:38:19.7593592Z WORLD FRAMING SMOKE: 900 checks, 0 failures
2026-10-07T05:38:19.9429727Z ##[group]Run godot --headless --path . --script tests/authored_art_smoke.gd
2026-10-07T05:38:19.9430167Z [36;1mgodot --headless --path . --script tests/authored_art_smoke.gd[0m
2026-10-07T05:38:19.9485917Z shell: /usr/bin/bash -e {0}
2026-10-07T05:38:19.9486125Z env:
2026-10-07T05:38:19.9486385Z   JAVA_HOME: /opt/hostedtoolcache/Java_Temurin-Hotspot_jdk/17.0.20-1/x64
2026-10-07T05:38:19.9486771Z   JAVA_HOME_17_X64: /opt/hostedtoolcache/Java_Temurin-Hotspot_jdk/17.0.20-1/x64
2026-10-07T05:38:19.9487072Z   MAVEN_ARGS: -ntp
2026-10-07T05:38:19.9487265Z   ANDROID_HOME: /usr/local/lib/android/sdk
2026-10-07T05:38:19.9487519Z   ANDROID_SDK_ROOT: /usr/local/lib/android/sdk
2026-10-07T05:38:19.9487749Z ##[endgroup]
2026-10-07T05:38:19.9714908Z Godot Engine v4.7.2.stable.official.ed1daf0bf - https://godotengine.org
2026-10-07T05:38:19.9944754Z 
2026-10-07T05:38:22.2580061Z PASS: Vowkeeper: own exported character appearance
2026-10-07T05:38:22.2611747Z PASS: Vowkeeper: finite geometry and normals fit the animated joint contract
2026-10-07T05:38:22.2612559Z PASS: Vowkeeper: character geometry remains within the 40k triangle ceiling (36378)
2026-10-07T05:38:22.2613183Z PASS: Arcanist: own exported character appearance
2026-10-07T05:38:22.2643587Z PASS: Arcanist: finite geometry and normals fit the animated joint contract
2026-10-07T05:38:22.2644378Z PASS: Arcanist: character geometry remains within the 40k triangle ceiling (36376)
2026-10-07T05:38:22.2644993Z PASS: Ranger: own exported character appearance
2026-10-07T05:38:22.2675158Z PASS: Ranger: finite geometry and normals fit the animated joint contract
2026-10-07T05:38:22.2675949Z PASS: Ranger: character geometry remains within the 40k triangle ceiling (36380)
2026-10-07T05:38:22.2676558Z PASS: raider: own exported character appearance
2026-10-07T05:38:22.2692700Z PASS: raider: finite geometry and normals fit the animated joint contract
2026-10-07T05:38:22.2693476Z PASS: raider: character geometry remains within the 40k triangle ceiling (20343)
2026-10-07T05:38:22.2693880Z PASS: hexer: own exported character appearance
2026-10-07T05:38:22.2722194Z PASS: hexer: finite geometry and normals fit the animated joint contract
2026-10-07T05:38:22.2722747Z PASS: hexer: character geometry remains within the 40k triangle ceiling (35903)
2026-10-07T05:38:22.2723160Z PASS: bulwark: own exported character appearance
2026-10-07T05:38:22.2744405Z PASS: bulwark: finite geometry and normals fit the animated joint contract
2026-10-07T05:38:22.2744908Z PASS: bulwark: character geometry remains within the 40k triangle ceiling (25140)
2026-10-07T05:38:22.2745316Z PASS: elite: own exported character appearance
2026-10-07T05:38:22.2764842Z PASS: elite: finite geometry and normals fit the animated joint contract
2026-10-07T05:38:22.2765586Z PASS: elite: character geometry remains within the 40k triangle ceiling (23660)
2026-10-07T05:38:22.2766187Z PASS: guardian_0: own exported character appearance
2026-10-07T05:38:22.2793079Z PASS: guardian_0: finite geometry and normals fit the animated joint contract
2026-10-07T05:38:22.2793829Z PASS: guardian_0: character geometry remains within the 40k triangle ceiling (34428)
2026-10-07T05:38:22.2794431Z PASS: guardian_1: own exported character appearance
2026-10-07T05:38:22.2824057Z PASS: guardian_1: finite geometry and normals fit the animated joint contract
2026-10-07T05:38:22.2824583Z PASS: guardian_1: character geometry remains within the 40k triangle ceiling (36381)
2026-10-07T05:38:22.2829226Z PASS: guardian_2: own exported character appearance
2026-10-07T05:38:22.2854420Z PASS: guardian_2: finite geometry and normals fit the animated joint contract
2026-10-07T05:38:22.2855581Z PASS: guardian_2: character geometry remains within the 40k triangle ceiling (36379)
2026-10-07T05:38:22.2856225Z PASS: guardian_3: own exported character appearance
2026-10-07T05:38:22.2876613Z PASS: guardian_3: finite geometry and normals fit the animated joint contract
2026-10-07T05:38:22.2877732Z PASS: guardian_3: character geometry remains within the 40k triangle ceiling (25856)
2026-10-07T05:38:22.2878425Z PASS: field_table: architectural GLTF is available for export
2026-10-07T05:38:22.2879144Z PASS: field_forge: architectural GLTF is available for export
2026-10-07T05:38:22.2879707Z PASS: seal_shrine: architectural GLTF is available for export
2026-10-07T05:38:22.2880248Z PASS: vault: architectural GLTF is available for export
2026-10-07T05:38:22.2880855Z PASS: vault: repeated landmark stays joined within twelve material meshes
2026-10-07T05:38:22.2881464Z PASS: library: architectural GLTF is available for export
2026-10-07T05:38:22.2882094Z PASS: library: repeated landmark stays joined within twelve material meshes
2026-10-07T05:38:22.2882696Z PASS: altar: architectural GLTF is available for export
2026-10-07T05:38:22.2883298Z PASS: altar: repeated landmark stays joined within twelve material meshes
2026-10-07T05:38:22.2883943Z PASS: throne: architectural GLTF is available for export
2026-10-07T05:38:22.2884556Z PASS: throne: repeated landmark stays joined within twelve material meshes
2026-10-07T05:38:22.2885164Z PASS: brazier: architectural GLTF is available for export
2026-10-07T05:38:22.2885688Z PASS: lancet: architectural GLTF is available for export
2026-10-07T05:38:22.2886226Z PASS: intarsia: architectural GLTF is available for export
2026-10-07T05:38:22.2886760Z PASS: pillar: architectural GLTF is available for export
2026-10-07T05:38:22.2887143Z PASS: broken_pillar: architectural GLTF is available for export
2026-10-07T05:38:22.2887509Z PASS: arch: architectural GLTF is available for export
2026-10-07T05:38:22.2887825Z PASS: tomb: architectural GLTF is available for export
2026-10-07T05:38:22.2888148Z PASS: bell: architectural GLTF is available for export
2026-10-07T05:38:22.2888484Z PASS: bone_arch: architectural GLTF is available for export
2026-10-07T05:38:22.2888925Z PASS: furnace: architectural GLTF is available for export
2026-10-07T05:38:22.2889255Z PASS: well: architectural GLTF is available for export
2026-10-07T05:38:22.7056904Z PASS: guardian 0: cached runtime uses one shared volumetric surface plus contact shadow
2026-10-07T05:38:22.7058785Z PASS: guardian 0: actual 3D attack, impact and defeat states remain finite
2026-10-07T05:38:23.1306504Z PASS: guardian 1: cached runtime uses one shared volumetric surface plus contact shadow
2026-10-07T05:38:23.1307741Z PASS: guardian 1: actual 3D attack, impact and defeat states remain finite
2026-10-07T05:38:23.5526278Z PASS: guardian 2: cached runtime uses one shared volumetric surface plus contact shadow
2026-10-07T05:38:23.5528003Z PASS: guardian 2: actual 3D attack, impact and defeat states remain finite
2026-10-07T05:38:23.8662408Z PASS: guardian 3: cached runtime uses one shared volumetric surface plus contact shadow
2026-10-07T05:38:23.8663462Z PASS: guardian 3: actual 3D attack, impact and defeat states remain finite
2026-10-07T05:38:24.5926482Z PASS: region 0 seed 1979: route audit includes real standing-height dressing
2026-10-07T05:38:24.5927536Z PASS: region 0 seed 1979: added walls and complete props leave authoritative passages clear (0 intersections)
2026-10-07T05:38:24.5928222Z PASS: region 0 seed 1979: repeated static geometry stays below 450 batches (185)
2026-10-07T05:38:24.8531791Z PASS: region 0 seed 1042: route audit includes real standing-height dressing
2026-10-07T05:38:24.8532691Z PASS: region 0 seed 1042: added walls and complete props leave authoritative passages clear (0 intersections)
2026-10-07T05:38:24.8533761Z PASS: region 0 seed 1042: repeated static geometry stays below 450 batches (188)
2026-10-07T05:38:25.1172628Z PASS: region 0 seed 7351: route audit includes real standing-height dressing
2026-10-07T05:38:25.1173916Z PASS: region 0 seed 7351: added walls and complete props leave authoritative passages clear (0 intersections)
2026-10-07T05:38:25.1174849Z PASS: region 0 seed 7351: repeated static geometry stays below 450 batches (194)
2026-10-07T05:38:25.4992547Z PASS: region 1 seed 1979: route audit includes real standing-height dressing
2026-10-07T05:38:25.4994153Z PASS: region 1 seed 1979: added walls and complete props leave authoritative passages clear (0 intersections)
2026-10-07T05:38:25.4995030Z PASS: region 1 seed 1979: repeated static geometry stays below 450 batches (199)
2026-10-07T05:38:25.5003886Z PASS: region 1 seed 1979: native fluid centers are visible through actual stone-court mesh openings
2026-10-07T05:38:25.8599753Z PASS: region 1 seed 1042: route audit includes real standing-height dressing
2026-10-07T05:38:25.8600635Z PASS: region 1 seed 1042: added walls and complete props leave authoritative passages clear (0 intersections)
2026-10-07T05:38:25.8602702Z PASS: region 1 seed 1042: repeated static geometry stays below 450 batches (206)
2026-10-07T05:38:25.8610956Z PASS: region 1 seed 1042: native fluid centers are visible through actual stone-court mesh openings
2026-10-07T05:38:26.4681833Z PASS: region 1 seed 7351: route audit includes real standing-height dressing
2026-10-07T05:38:26.4682842Z PASS: region 1 seed 7351: added walls and complete props leave authoritative passages clear (0 intersections)
2026-10-07T05:38:26.4684043Z PASS: region 1 seed 7351: repeated static geometry stays below 450 batches (198)
2026-10-07T05:38:26.4693548Z PASS: region 1 seed 7351: native fluid centers are visible through actual stone-court mesh openings
2026-10-07T05:38:26.8220043Z PASS: region 2 seed 1979: route audit includes real standing-height dressing
2026-10-07T05:38:26.8220957Z PASS: region 2 seed 1979: added walls and complete props leave authoritative passages clear (0 intersections)
2026-10-07T05:38:26.8221907Z PASS: region 2 seed 1979: repeated static geometry stays below 450 batches (168)
2026-10-07T05:38:27.0813411Z PASS: region 2 seed 1042: route audit includes real standing-height dressing
2026-10-07T05:38:27.0814310Z PASS: region 2 seed 1042: added walls and complete props leave authoritative passages clear (0 intersections)
2026-10-07T05:38:27.0815118Z PASS: region 2 seed 1042: repeated static geometry stays below 450 batches (171)
2026-10-07T05:38:27.4380393Z PASS: region 2 seed 7351: route audit includes real standing-height dressing
2026-10-07T05:38:27.4381286Z PASS: region 2 seed 7351: added walls and complete props leave authoritative passages clear (0 intersections)
2026-10-07T05:38:27.4382166Z PASS: region 2 seed 7351: repeated static geometry stays below 450 batches (180)
2026-10-07T05:38:27.7595555Z PASS: region 3 seed 1979: route audit includes real standing-height dressing
2026-10-07T05:38:27.7596435Z PASS: region 3 seed 1979: added walls and complete props leave authoritative passages clear (0 intersections)
2026-10-07T05:38:27.7597962Z PASS: region 3 seed 1979: repeated static geometry stays below 450 batches (210)
2026-10-07T05:38:27.7610709Z PASS: region 3 seed 1979: native fluid centers are visible through actual stone-court mesh openings
2026-10-07T05:38:28.1202372Z PASS: region 3 seed 1042: route audit includes real standing-height dressing
2026-10-07T05:38:28.1203322Z PASS: region 3 seed 1042: added walls and complete props leave authoritative passages clear (0 intersections)
2026-10-07T05:38:28.1204511Z PASS: region 3 seed 1042: repeated static geometry stays below 450 batches (214)
2026-10-07T05:38:28.1215724Z PASS: region 3 seed 1042: native fluid centers are visible through actual stone-court mesh openings
2026-10-07T05:38:28.4291535Z PASS: region 3 seed 7351: route audit includes real standing-height dressing
2026-10-07T05:38:28.4292434Z PASS: region 3 seed 7351: added walls and complete props leave authoritative passages clear (0 intersections)
2026-10-07T05:38:28.4293734Z PASS: region 3 seed 7351: repeated static geometry stays below 450 batches (218)
2026-10-07T05:38:28.4306020Z PASS: region 3 seed 7351: native fluid centers are visible through actual stone-court mesh openings
2026-10-07T05:38:28.4366057Z AUTHORED ART SMOKE: 105 checks, 0 failures
2026-10-07T05:38:28.5769399Z ##[group]Run ci_password="$(openssl rand -hex 32)"
2026-10-07T05:38:28.5769710Z [36;1mci_password="$(openssl rand -hex 32)"[0m
2026-10-07T05:38:28.5769983Z [36;1mecho "::add-mask::$ci_password"[0m
2026-10-07T05:38:28.5770328Z [36;1mkeytool -genkeypair -noprompt -keystore "$RUNNER_TEMP/emberfall-ci-upload.jks" \[0m
2026-10-07T05:38:28.5770762Z [36;1m  -storepass "$ci_password" -alias emberfall-ci -keypass "$ci_password" \[0m
2026-10-07T05:38:28.5771098Z [36;1m  -keyalg RSA -keysize 2048 -validity 10000 \[0m
2026-10-07T05:38:28.5771359Z [36;1m  -dname 'CN=Emberfall CI,O=Emberfall,C=US'[0m
2026-10-07T05:38:28.5771582Z [36;1m{[0m
2026-10-07T05:38:28.5771858Z [36;1m  echo "GODOT_ANDROID_KEYSTORE_RELEASE_PATH=$RUNNER_TEMP/emberfall-ci-upload.jks"[0m
2026-10-07T05:38:28.5772253Z [36;1m  echo "GODOT_ANDROID_KEYSTORE_RELEASE_USER=emberfall-ci"[0m
2026-10-07T05:38:28.5772578Z [36;1m  echo "GODOT_ANDROID_KEYSTORE_RELEASE_PASSWORD=$ci_password"[0m
2026-10-07T05:38:28.5772865Z [36;1m} >> "$GITHUB_ENV"[0m
2026-10-07T05:38:28.5828153Z shell: /usr/bin/bash -e {0}
2026-10-07T05:38:28.5828354Z env:
2026-10-07T05:38:28.5828767Z   JAVA_HOME: /opt/hostedtoolcache/Java_Temurin-Hotspot_jdk/17.0.20-1/x64
2026-10-07T05:38:28.5829153Z   JAVA_HOME_17_X64: /opt/hostedtoolcache/Java_Temurin-Hotspot_jdk/17.0.20-1/x64
2026-10-07T05:38:28.5829449Z   MAVEN_ARGS: -ntp
2026-10-07T05:38:28.5829643Z   ANDROID_HOME: /usr/local/lib/android/sdk
2026-10-07T05:38:28.5829879Z   ANDROID_SDK_ROOT: /usr/local/lib/android/sdk
2026-10-07T05:38:28.5830096Z ##[endgroup]
2026-10-07T05:38:28.8977467Z Generating 2,048 bit RSA key pair and self-signed certificate (SHA256withRSA) with a validity of 10,000 days
2026-10-07T05:38:28.8978508Z 	for: CN=Emberfall CI, O=Emberfall, C=US
2026-10-07T05:38:29.0413730Z ##[group]Run mkdir -p build
2026-10-07T05:38:29.0414033Z [36;1mmkdir -p build[0m
2026-10-07T05:38:29.0414437Z [36;1mbeta_version_code="$(python3 -c 'import json; print(json.load(open("docs/play/store.json"))["version_code"])')"[0m
2026-10-07T05:38:29.0415031Z [36;1mbeta_version_name="$(python3 -c 'import json; print(json.load(open("docs/play/store.json"))["version_name"])')"[0m
2026-10-07T05:38:29.0415517Z [36;1monline_version_name="${beta_version_name%%-*}-online-test"[0m
2026-10-07T05:38:29.0415859Z [36;1mgodot --headless --path . --editor --import --quit[0m
2026-10-07T05:38:29.0416620Z [36;1mpython3 scripts/prepare_android_beta_build.py --template "$HOME/.local/share/godot/export_templates/4.7.2.stable/android_source.zip" --central-mirror https://maven-central.storage-download.googleapis.com/maven2/[0m
2026-10-07T05:38:29.0417415Z [36;1mgodot --headless --path . --export-debug 'Android Debug' 'build/emberfall-debug.apk'[0m
2026-10-07T05:38:29.0417958Z [36;1mgodot --headless --path . --export-release 'Android Closed Beta APK' 'build/emberfall-closed-beta-ci.apk'[0m
2026-10-07T05:38:29.0418514Z [36;1mgodot --headless --path . --export-release 'Google Play Beta' 'build/emberfall-beta-ci-release.aab'[0m
2026-10-07T05:38:29.0419284Z [36;1mcurl --fail --location --retry 3 --output "$RUNNER_TEMP/bundletool-all-1.18.3.jar" \[0m
2026-10-07T05:38:29.0419790Z [36;1m  https://github.com/google/bundletool/releases/download/1.18.3/bundletool-all-1.18.3.jar[0m
2026-10-07T05:38:29.0420296Z [36;1m"$ANDROID_HOME/build-tools/36.1.0/apksigner" verify --verbose build/emberfall-debug.apk[0m
2026-10-07T05:38:29.0420793Z [36;1m"$ANDROID_HOME/build-tools/36.1.0/apksigner" verify --verbose build/emberfall-closed-beta-ci.apk[0m
2026-10-07T05:38:29.0421296Z [36;1mapk_info="$("$ANDROID_HOME/build-tools/36.1.0/aapt" dump badging build/emberfall-debug.apk)"[0m
2026-10-07T05:38:29.0421960Z [36;1mgrep -F "package: name='com.philmenting.emberfallashenveil.test029' versionCode='$beta_version_code' versionName='$online_version_name'" <<< "$apk_info"[0m
2026-10-07T05:38:29.0422765Z [36;1mgrep -F "uses-permission: name='android.permission.INTERNET'" <<< "$apk_info"[0m
2026-10-07T05:38:29.0423278Z [36;1mclosed_beta_info="$("$ANDROID_HOME/build-tools/36.1.0/aapt" dump badging build/emberfall-closed-beta-ci.apk)"[0m
2026-10-07T05:38:29.0423994Z [36;1mgrep -F "package: name='com.philmenting.emberfallashenveil.closedbeta' versionCode='$beta_version_code' versionName='$beta_version_name'" <<< "$closed_beta_info"[0m
2026-10-07T05:38:29.0424649Z [36;1mgrep -F "uses-permission: name='android.permission.VIBRATE'" <<< "$closed_beta_info"[0m
2026-10-07T05:38:29.0425038Z [36;1mgrep -F "sdkVersion:'24'" <<< "$closed_beta_info"[0m
2026-10-07T05:38:29.0425351Z [36;1mgrep -F "targetSdkVersion:'36'" <<< "$closed_beta_info"[0m
2026-10-07T05:38:29.0425837Z [36;1mif grep -Fq 'android.permission.INTERNET' <<< "$closed_beta_info"; then echo 'Closed-beta APK must remain offline'; exit 1; fi[0m
2026-10-07T05:38:29.0426610Z [36;1m"$ANDROID_HOME/build-tools/36.1.0/aapt" dump xmltree build/emberfall-closed-beta-ci.apk AndroidManifest.xml | grep -F 'android:screenOrientation(0x0101001e)=(type 0x10)0x0'[0m
2026-10-07T05:38:29.0427192Z [36;1mpython3 scripts/verify_android_aab.py \[0m
2026-10-07T05:38:29.0427480Z [36;1m  --bundle build/emberfall-beta-ci-release.aab \[0m
2026-10-07T05:38:29.0427804Z [36;1m  --bundletool "$RUNNER_TEMP/bundletool-all-1.18.3.jar" \[0m
2026-10-07T05:38:29.0428127Z [36;1m  --package com.philmenting.emberfallashenveil \[0m
2026-10-07T05:38:29.0428485Z [36;1m  --version-code "$beta_version_code" --version-name "$beta_version_name" \[0m
2026-10-07T05:38:29.0429051Z [36;1m  --min-sdk 24 --target-sdk 36[0m
2026-10-07T05:38:29.0429304Z [36;1mcat > build/CI_ARTIFACT_README.txt <<'EOF'[0m
2026-10-07T05:38:29.0430171Z [36;1mCI validation artifacts only. The AAB and closed-beta APK use an ephemeral CI signing key. Do not upload them to Google Play. The discarded key cannot reproduce future updates; production builds must use the permanent registered upload key.[0m
2026-10-07T05:38:29.0430879Z [36;1mEOF[0m
2026-10-07T05:38:29.0486652Z shell: /usr/bin/bash -e {0}
2026-10-07T05:38:29.0486870Z env:
2026-10-07T05:38:29.0487135Z   JAVA_HOME: /opt/hostedtoolcache/Java_Temurin-Hotspot_jdk/17.0.20-1/x64
2026-10-07T05:38:29.0487528Z   JAVA_HOME_17_X64: /opt/hostedtoolcache/Java_Temurin-Hotspot_jdk/17.0.20-1/x64
2026-10-07T05:38:29.0487831Z   MAVEN_ARGS: -ntp
2026-10-07T05:38:29.0488033Z   ANDROID_HOME: /usr/local/lib/android/sdk
2026-10-07T05:38:29.0488289Z   ANDROID_SDK_ROOT: /usr/local/lib/android/sdk
2026-10-07T05:38:29.0488816Z   GODOT_ANDROID_KEYSTORE_RELEASE_PATH: /home/runner/work/_temp/emberfall-ci-upload.jks
2026-10-07T05:38:29.0489183Z   GODOT_ANDROID_KEYSTORE_RELEASE_USER: emberfall-ci
2026-10-07T05:38:29.0489870Z   GODOT_ANDROID_KEYSTORE_RELEASE_PASSWORD: ***
2026-10-07T05:38:29.0490207Z   GODOT_ANDROID_KEYSTORE_DEBUG_PATH: /home/runner/work/_temp/debug.keystore
2026-10-07T05:38:29.0490562Z   GODOT_ANDROID_KEYSTORE_DEBUG_USER: androiddebugkey
2026-10-07T05:38:29.0490847Z   GODOT_ANDROID_KEYSTORE_DEBUG_PASSWORD: android
2026-10-07T05:38:29.0491089Z ##[endgroup]
2026-10-07T05:38:29.1095419Z Godot Engine v4.7.2.stable.official.ed1daf0bf - https://godotengine.org
2026-10-07T05:38:29.1334091Z 
2026-10-07T05:38:30.6226975Z [   0% ] [90m[1mfirst_scan_filesystem[22m | Started Project initialization (5 steps)[39m[0m
2026-10-07T05:38:30.6227594Z [   0% ] [90m[1mfirst_scan_filesystem[22m | Scanning file structure...[39m[0m
2026-10-07T05:38:30.6262349Z [  16% ] [90m[1mfirst_scan_filesystem[22m | Loading global class names...[39m[0m
2026-10-07T05:38:30.6484519Z [  33% ] [90m[1mfirst_scan_filesystem[22m | Verifying GDExtensions...[39m[0m
2026-10-07T05:38:30.6485083Z [  50% ] [90m[1mfirst_scan_filesystem[22m | Creating autoload scripts...[39m[0m
2026-10-07T05:38:30.9664740Z [  66% ] [90m[1mfirst_scan_filesystem[22m | Initializing plugins...[39m[0m
2026-10-07T05:38:30.9665555Z [  83% ] [90m[1mfirst_scan_filesystem[22m | Starting file scan...[39m[0m
2026-10-07T05:38:30.9666564Z [92m[ DONE ][39m [1mfirst_scan_filesystem[22m
2026-10-07T05:38:30.9666928Z [0m
2026-10-07T05:38:31.0701821Z [   0% ] [90m[1mloading_editor_layout[22m | Started Loading editor (5 steps)[39m[0m
2026-10-07T05:38:31.0702683Z [   0% ] [90m[1mloading_editor_layout[22m | Loading editor layout...[39m[0m
2026-10-07T05:38:31.0703382Z [  16% ] [90m[1mloading_editor_layout[22m | Loading docks...[39m[0m
2026-10-07T05:38:31.0703929Z [92m[ DONE ][39m [1mloading_editor_layout[22m
2026-10-07T05:38:31.0704287Z [0m
2026-10-07T05:38:34.2233785Z Installed Godot 4.7.2 Android source template.
2026-10-07T05:38:34.2234399Z Godot Android template uses Android Gradle Plugin 8.10.1 for API 36.
2026-10-07T05:38:34.2235123Z CI uses the Google-hosted Maven Central mirror; Google's Android repository is unchanged.
2026-10-07T05:38:34.2435361Z Godot Engine v4.7.2.stable.official.ed1daf0bf - https://godotengine.org
2026-10-07T05:38:34.2667620Z 
2026-10-07T05:38:35.7575726Z [   0% ] [90m[1mfirst_scan_filesystem[22m | Started Project initialization (5 steps)[39m[0m
2026-10-07T05:38:35.7576354Z [   0% ] [90m[1mfirst_scan_filesystem[22m | Scanning file structure...[39m[0m
2026-10-07T05:38:35.7612158Z [  16% ] [90m[1mfirst_scan_filesystem[22m | Loading global class names...[39m[0m
2026-10-07T05:38:35.7839814Z [  33% ] [90m[1mfirst_scan_filesystem[22m | Verifying GDExtensions...[39m[0m
2026-10-07T05:38:35.7840460Z [  50% ] [90m[1mfirst_scan_filesystem[22m | Creating autoload scripts...[39m[0m
2026-10-07T05:38:36.1007090Z [  66% ] [90m[1mfirst_scan_filesystem[22m | Initializing plugins...[39m[0m
2026-10-07T05:38:36.1007920Z [  83% ] [90m[1mfirst_scan_filesystem[22m | Starting file scan...[39m[0m
2026-10-07T05:38:36.1008521Z [92m[ DONE ][39m [1mfirst_scan_filesystem[22m
2026-10-07T05:38:36.1009028Z [0m
2026-10-07T05:38:36.1930009Z [   0% ] [90m[1mexport[22m | Started Exporting for Android (105 steps)[39m[0m
2026-10-07T05:38:36.1944767Z 0 param: --xr_mode_regular
2026-10-07T05:38:36.1945146Z 1 param: --xr-mode
2026-10-07T05:38:36.1945407Z 2 param: off
2026-10-07T05:38:36.1945698Z 3 param: --fullscreen
2026-10-07T05:38:36.1946016Z 4 param: --background_color
2026-10-07T05:38:36.1946315Z 5 param: #000000
2026-10-07T05:38:36.7131421Z [   0% ] [90m[1mexport[22m | Creating APK...[39m[0m
2026-10-07T05:38:36.7340436Z ADDING: classes.dex
2026-10-07T05:38:36.9410914Z ADDING: classes10.dex
2026-10-07T05:38:36.9422160Z ADDING: classes11.dex
2026-10-07T05:38:36.9440398Z ADDING: classes12.dex
2026-10-07T05:38:36.9452012Z ADDING: classes13.dex
2026-10-07T05:38:36.9454149Z ADDING: classes2.dex
2026-10-07T05:38:36.9457361Z ADDING: classes3.dex
2026-10-07T05:38:36.9475097Z ADDING: classes4.dex
2026-10-07T05:38:36.9498701Z ADDING: classes5.dex
2026-10-07T05:38:36.9507810Z ADDING: classes6.dex
2026-10-07T05:38:36.9530458Z ADDING: classes7.dex
2026-10-07T05:38:36.9585491Z ADDING: classes8.dex
2026-10-07T05:38:36.9592152Z ADDING: classes9.dex
2026-10-07T05:38:36.9637710Z ADDING: lib/arm64-v8a/libc++_shared.so
2026-10-07T05:38:37.2508438Z ADDING: lib/arm64-v8a/libgodot_android.so
2026-10-07T05:38:40.3509040Z Adding application metadata org.godotengine.rendering.method
2026-10-07T05:38:40.3509738Z Adding application metadata org.godotengine.editor.version
2026-10-07T05:38:40.3510290Z Adding permission android.permission.INTERNET
2026-10-07T05:38:40.3510790Z Adding permission android.permission.VIBRATE
2026-10-07T05:38:40.3511199Z ADDING: AndroidManifest.xml
2026-10-07T05:38:40.3512079Z ADDING: res/anim-v21/fragment_fast_out_extra_slow_in.xml
2026-10-07T05:38:40.3512699Z ADDING: res/animator/fragment_close_enter.xml
2026-10-07T05:38:40.3513690Z ADDING: res/animator/fragment_close_exit.xml
2026-10-07T05:38:40.3514561Z ADDING: res/animator/fragment_fade_enter.xml
2026-10-07T05:38:40.3515315Z ADDING: res/animator/fragment_fade_exit.xml
2026-10-07T05:38:40.3515889Z ADDING: res/animator/fragment_open_enter.xml
2026-10-07T05:38:40.3516660Z ADDING: res/animator/fragment_open_exit.xml
2026-10-07T05:38:40.3517459Z ADDING: res/drawable-hdpi-v4/notification_bg_low_normal.9.png
2026-10-07T05:38:40.3518025Z ADDING: res/drawable-hdpi-v4/notification_bg_low_pressed.9.png
2026-10-07T05:38:40.3518731Z ADDING: res/drawable-hdpi-v4/notification_bg_normal.9.png
2026-10-07T05:38:40.3519299Z ADDING: res/drawable-hdpi-v4/notification_bg_normal_pressed.9.png
2026-10-07T05:38:40.3519874Z ADDING: res/drawable-hdpi-v4/notify_panel_notification_icon_bg.png
2026-10-07T05:38:40.3520354Z ADDING: res/drawable-mdpi-v4/notification_bg_low_normal.9.png
2026-10-07T05:38:40.3520734Z ADDING: res/drawable-mdpi-v4/notification_bg_low_pressed.9.png
2026-10-07T05:38:40.3521213Z ADDING: res/drawable-mdpi-v4/notification_bg_normal.9.png
2026-10-07T05:38:40.3521584Z ADDING: res/drawable-mdpi-v4/notification_bg_normal_pressed.9.png
2026-10-07T05:38:40.3522121Z ADDING: res/drawable-mdpi-v4/notify_panel_notification_icon_bg.png
2026-10-07T05:38:40.3522559Z ADDING: res/drawable-v21/notification_action_background.xml
2026-10-07T05:38:40.3523059Z ADDING: res/drawable-v23/compat_splash_screen.xml
2026-10-07T05:38:40.3523516Z ADDING: res/drawable-v23/compat_splash_screen_no_icon_background.xml
2026-10-07T05:38:40.3524047Z ADDING: res/drawable-xhdpi-v4/notification_bg_low_normal.9.png
2026-10-07T05:38:40.3524519Z ADDING: res/drawable-xhdpi-v4/notification_bg_low_pressed.9.png
2026-10-07T05:38:40.3524970Z ADDING: res/drawable-xhdpi-v4/notification_bg_normal.9.png
2026-10-07T05:38:40.3525419Z ADDING: res/drawable-xhdpi-v4/notification_bg_normal_pressed.9.png
2026-10-07T05:38:40.3525836Z ADDING: res/drawable-xhdpi-v4/notify_panel_notification_icon_bg.png
2026-10-07T05:38:40.3526255Z ADDING: res/drawable/icon_background.xml
2026-10-07T05:38:40.3526606Z ADDING: res/drawable/notification_bg.xml
2026-10-07T05:38:40.3526912Z ADDING: res/drawable/notification_bg_low.xml
2026-10-07T05:38:40.3527281Z ADDING: res/drawable/notification_icon_background.xml
2026-10-07T05:38:40.3527732Z ADDING: res/drawable/notification_tile_bg.xml
2026-10-07T05:38:40.3528030Z ADDING: res/drawable/splash_branding_image.webp
2026-10-07T05:38:40.4008466Z ADDING: res/drawable/splash_icon.webp
2026-10-07T05:38:40.4009434Z ADDING: res/layout-v21/notification_action.xml
2026-10-07T05:38:40.4010728Z ADDING: res/layout-v21/notification_action_tombstone.xml
2026-10-07T05:38:40.4011798Z ADDING: res/layout-v21/notification_template_custom_big.xml
2026-10-07T05:38:40.4013146Z ADDING: res/layout-v21/notification_template_icon_group.xml
2026-10-07T05:38:40.4013898Z ADDING: res/layout/custom_dialog.xml
2026-10-07T05:38:40.4014601Z ADDING: res/layout/godot_app_layout.xml
2026-10-07T05:38:40.4015368Z ADDING: res/layout/notification_template_part_chronometer.xml
2026-10-07T05:38:40.4015946Z ADDING: res/layout/notification_template_part_time.xml
2026-10-07T05:38:40.4016501Z ADDING: res/layout/remote_godot_fragment_layout.xml
2026-10-07T05:38:40.4017107Z ADDING: res/layout/snackbar.xml
2026-10-07T05:38:40.4018237Z ADDING: res/layout/splash_screen_view.xml
2026-10-07T05:38:40.4018900Z ADDING: res/mipmap-anydpi-v26/icon.xml
2026-10-07T05:38:40.4087136Z ADDING: res/mipmap-hdpi-v4/icon.webp
2026-10-07T05:38:40.4087647Z ADDING: res/mipmap-hdpi-v4/icon_background.webp
2026-10-07T05:38:40.4203857Z ADDING: res/mipmap-hdpi-v4/icon_foreground.webp
2026-10-07T05:38:40.4204224Z ADDING: res/mipmap-hdpi-v4/icon_monochrome.webp
2026-10-07T05:38:40.4264014Z ADDING: res/mipmap-mdpi-v4/icon.webp
2026-10-07T05:38:40.4264356Z ADDING: res/mipmap-mdpi-v4/icon_background.webp
2026-10-07T05:38:40.4347361Z ADDING: res/mipmap-mdpi-v4/icon_foreground.webp
2026-10-07T05:38:40.4347725Z ADDING: res/mipmap-mdpi-v4/icon_monochrome.webp
2026-10-07T05:38:40.4423819Z ADDING: res/mipmap-xhdpi-v4/icon.webp
2026-10-07T05:38:40.4424264Z ADDING: res/mipmap-xhdpi-v4/icon_background.webp
2026-10-07T05:38:40.4584261Z ADDING: res/mipmap-xhdpi-v4/icon_foreground.webp
2026-10-07T05:38:40.4584647Z ADDING: res/mipmap-xhdpi-v4/icon_monochrome.webp
2026-10-07T05:38:40.4685797Z ADDING: res/mipmap-xxhdpi-v4/icon.webp
2026-10-07T05:38:40.4686406Z ADDING: res/mipmap-xxhdpi-v4/icon_background.webp
2026-10-07T05:38:40.4979347Z ADDING: res/mipmap-xxhdpi-v4/icon_foreground.webp
2026-10-07T05:38:40.4979802Z ADDING: res/mipmap-xxhdpi-v4/icon_monochrome.webp
2026-10-07T05:38:40.5117497Z ADDING: res/mipmap-xxxhdpi-v4/icon.webp
2026-10-07T05:38:40.5117874Z ADDING: res/mipmap-xxxhdpi-v4/icon_background.webp
2026-10-07T05:38:40.5537007Z ADDING: res/mipmap-xxxhdpi-v4/icon_foreground.webp
2026-10-07T05:38:40.5537882Z ADDING: res/mipmap-xxxhdpi-v4/icon_monochrome.webp
2026-10-07T05:38:40.5676321Z ADDING: res/mipmap/icon.webp
2026-10-07T05:38:40.5676634Z ADDING: res/mipmap/icon_background.webp
2026-10-07T05:38:40.6095442Z ADDING: res/mipmap/icon_foreground.webp
2026-10-07T05:38:40.6095921Z ADDING: res/mipmap/icon_monochrome.webp
2026-10-07T05:38:40.6096372Z ADDING: res/xml/godot_provider_paths.xml
2026-10-07T05:38:40.6099589Z ADDING: resources.arsc
2026-10-07T05:38:40.6100768Z ADDING: DebugProbesKt.bin
2026-10-07T05:38:40.6103338Z ADDING: kotlin/annotation/annotation.kotlin_builtins
2026-10-07T05:38:40.6104094Z ADDING: kotlin/collections/collections.kotlin_builtins
2026-10-07T05:38:40.6105654Z ADDING: kotlin/concurrent/atomics/atomics.kotlin_builtins
2026-10-07T05:38:40.6106627Z ADDING: kotlin/coroutines/coroutines.kotlin_builtins
2026-10-07T05:38:40.6107349Z ADDING: kotlin/internal/internal.kotlin_builtins
2026-10-07T05:38:40.6108700Z ADDING: kotlin/kotlin.kotlin_builtins
2026-10-07T05:38:40.6112696Z ADDING: kotlin/ranges/ranges.kotlin_builtins
2026-10-07T05:38:40.6113785Z ADDING: kotlin/reflect/reflect.kotlin_builtins
2026-10-07T05:38:40.6115269Z [   0% ] [90m[1mexport[22m | Adding files...[39m[0m
2026-10-07T05:38:44.2000891Z [  97% ] [90m[1mexport[22m | Aligning APK...[39m[0m
2026-10-07T05:38:44.4601045Z [  98% ] [90m[1mexport[22m | Signing debug APK...[39m[0m
2026-10-07T05:38:44.7154119Z Signing binary using: 
2026-10-07T05:38:44.7155386Z /usr/local/lib/android/sdk/build-tools/36.0.0/apksigner sign --verbose --ks <REDACTED> --ks-pass pass:<REDACTED> --ks-key-alias <REDACTED> /home/runner/work/Emberfall-Ashen-Veil/Emberfall-Ashen-Veil/build/emberfall-debug.apk
2026-10-07T05:38:46.2579837Z Signed
2026-10-07T05:38:46.2580013Z 
2026-10-07T05:38:46.2581590Z [  99% ] [90m[1mexport[22m | Verifying APK...[39m[0m
2026-10-07T05:38:46.6120292Z [92m[ DONE ][39m [1mexport[22m
2026-10-07T05:38:46.6120593Z [0m
2026-10-07T05:38:47.0518961Z cannot connect to daemon at tcp:5037: Connection refused
2026-10-07T05:38:47.2729659Z Godot Engine v4.7.2.stable.official.ed1daf0bf - https://godotengine.org
2026-10-07T05:38:47.2962362Z 
2026-10-07T05:38:48.7871375Z [   0% ] [90m[1mfirst_scan_filesystem[22m | Started Project initialization (5 steps)[39m[0m
2026-10-07T05:38:48.7872260Z [   0% ] [90m[1mfirst_scan_filesystem[22m | Scanning file structure...[39m[0m
2026-10-07T05:38:48.7908339Z [  16% ] [90m[1mfirst_scan_filesystem[22m | Loading global class names...[39m[0m
2026-10-07T05:38:48.8128824Z [  33% ] [90m[1mfirst_scan_filesystem[22m | Verifying GDExtensions...[39m[0m
2026-10-07T05:38:48.8129697Z [  50% ] [90m[1mfirst_scan_filesystem[22m | Creating autoload scripts...[39m[0m
2026-10-07T05:38:49.1248476Z [  66% ] [90m[1mfirst_scan_filesystem[22m | Initializing plugins...[39m[0m
2026-10-07T05:38:49.1249398Z [  83% ] [90m[1mfirst_scan_filesystem[22m | Starting file scan...[39m[0m
2026-10-07T05:38:49.1249958Z [92m[ DONE ][39m [1mfirst_scan_filesystem[22m
2026-10-07T05:38:49.1250279Z [0m
2026-10-07T05:38:49.2159263Z [   0% ] [90m[1mexport[22m | Started Exporting for Android (105 steps)[39m[0m
2026-10-07T05:38:49.2174461Z 0 param: --xr_mode_regular
2026-10-07T05:38:49.2174810Z 1 param: --xr-mode
2026-10-07T05:38:49.2175064Z 2 param: off
2026-10-07T05:38:49.2175321Z 3 param: --fullscreen
2026-10-07T05:38:49.2175601Z 4 param: --background_color
2026-10-07T05:38:49.2175807Z 5 param: #000000
2026-10-07T05:38:49.7672161Z [   0% ] [90m[1mexport[22m | Creating APK...[39m[0m
2026-10-07T05:38:49.7674529Z ADDING: assets/dexopt/baseline.prof
2026-10-07T05:38:49.7675198Z ADDING: assets/dexopt/baseline.profm
2026-10-07T05:38:49.7856484Z ADDING: classes.dex
2026-10-07T05:38:49.9883877Z ADDING: lib/arm64-v8a/libc++_shared.so
2026-10-07T05:38:50.2458089Z ADDING: lib/arm64-v8a/libgodot_android.so
2026-10-07T05:38:53.1019286Z Adding application metadata org.godotengine.rendering.method
2026-10-07T05:38:53.1019964Z Adding application metadata org.godotengine.editor.version
2026-10-07T05:38:53.1020493Z Adding permission android.permission.VIBRATE
2026-10-07T05:38:53.1020924Z ADDING: AndroidManifest.xml
2026-10-07T05:38:53.1022389Z ADDING: res/anim-v21/fragment_fast_out_extra_slow_in.xml
2026-10-07T05:38:53.1022879Z ADDING: res/animator/fragment_close_enter.xml
2026-10-07T05:38:53.1023667Z ADDING: res/animator/fragment_close_exit.xml
2026-10-07T05:38:53.1024398Z ADDING: res/animator/fragment_fade_enter.xml
2026-10-07T05:38:53.1025020Z ADDING: res/animator/fragment_fade_exit.xml
2026-10-07T05:38:53.1025626Z ADDING: res/animator/fragment_open_enter.xml
2026-10-07T05:38:53.1026312Z ADDING: res/animator/fragment_open_exit.xml
2026-10-07T05:38:53.1027203Z ADDING: res/drawable-hdpi-v4/notification_bg_low_normal.9.png
2026-10-07T05:38:53.1027965Z ADDING: res/drawable-hdpi-v4/notification_bg_low_pressed.9.png
2026-10-07T05:38:53.1028880Z ADDING: res/drawable-hdpi-v4/notification_bg_normal.9.png
2026-10-07T05:38:53.1029740Z ADDING: res/drawable-hdpi-v4/notification_bg_normal_pressed.9.png
2026-10-07T05:38:53.1030466Z ADDING: res/drawable-hdpi-v4/notify_panel_notification_icon_bg.png
2026-10-07T05:38:53.1031184Z ADDING: res/drawable-mdpi-v4/notification_bg_low_normal.9.png
2026-10-07T05:38:53.1031853Z ADDING: res/drawable-mdpi-v4/notification_bg_low_pressed.9.png
2026-10-07T05:38:53.1032497Z ADDING: res/drawable-mdpi-v4/notification_bg_normal.9.png
2026-10-07T05:38:53.1033335Z ADDING: res/drawable-mdpi-v4/notification_bg_normal_pressed.9.png
2026-10-07T05:38:53.1034479Z ADDING: res/drawable-mdpi-v4/notify_panel_notification_icon_bg.png
2026-10-07T05:38:53.1035097Z ADDING: res/drawable-v21/notification_action_background.xml
2026-10-07T05:38:53.1035617Z ADDING: res/drawable-v23/compat_splash_screen.xml
2026-10-07T05:38:53.1036185Z ADDING: res/drawable-v23/compat_splash_screen_no_icon_background.xml
2026-10-07T05:38:53.1036808Z ADDING: res/drawable-xhdpi-v4/notification_bg_low_normal.9.png
2026-10-07T05:38:53.1037407Z ADDING: res/drawable-xhdpi-v4/notification_bg_low_pressed.9.png
2026-10-07T05:38:53.1037837Z ADDING: res/drawable-xhdpi-v4/notification_bg_normal.9.png
2026-10-07T05:38:53.1038223Z ADDING: res/drawable-xhdpi-v4/notification_bg_normal_pressed.9.png
2026-10-07T05:38:53.1038737Z ADDING: res/drawable-xhdpi-v4/notify_panel_notification_icon_bg.png
2026-10-07T05:38:53.1039080Z ADDING: res/drawable/icon_background.xml
2026-10-07T05:38:53.1039342Z ADDING: res/drawable/notification_bg.xml
2026-10-07T05:38:53.1039608Z ADDING: res/drawable/notification_bg_low.xml
2026-10-07T05:38:53.1039919Z ADDING: res/drawable/notification_icon_background.xml
2026-10-07T05:38:53.1040224Z ADDING: res/drawable/notification_tile_bg.xml
2026-10-07T05:38:53.1040515Z ADDING: res/drawable/splash_branding_image.webp
2026-10-07T05:38:53.1520844Z ADDING: res/drawable/splash_icon.webp
2026-10-07T05:38:53.1521468Z ADDING: res/layout-v21/notification_action.xml
2026-10-07T05:38:53.1522469Z ADDING: res/layout-v21/notification_action_tombstone.xml
2026-10-07T05:38:53.1523676Z ADDING: res/layout-v21/notification_template_custom_big.xml
2026-10-07T05:38:53.1524970Z ADDING: res/layout-v21/notification_template_icon_group.xml
2026-10-07T05:38:53.1525545Z ADDING: res/layout/custom_dialog.xml
2026-10-07T05:38:53.1526424Z ADDING: res/layout/godot_app_layout.xml
2026-10-07T05:38:53.1526980Z ADDING: res/layout/notification_template_part_chronometer.xml
2026-10-07T05:38:53.1527532Z ADDING: res/layout/notification_template_part_time.xml
2026-10-07T05:38:53.1528108Z ADDING: res/layout/remote_godot_fragment_layout.xml
2026-10-07T05:38:53.1528945Z ADDING: res/layout/snackbar.xml
2026-10-07T05:38:53.1530018Z ADDING: res/layout/splash_screen_view.xml
2026-10-07T05:38:53.1530717Z ADDING: res/mipmap-anydpi-v26/icon.xml
2026-10-07T05:38:53.1599198Z ADDING: res/mipmap-hdpi-v4/icon.webp
2026-10-07T05:38:53.1599719Z ADDING: res/mipmap-hdpi-v4/icon_background.webp
2026-10-07T05:38:53.1716617Z ADDING: res/mipmap-hdpi-v4/icon_foreground.webp
2026-10-07T05:38:53.1717166Z ADDING: res/mipmap-hdpi-v4/icon_monochrome.webp
2026-10-07T05:38:53.1776923Z ADDING: res/mipmap-mdpi-v4/icon.webp
2026-10-07T05:38:53.1777435Z ADDING: res/mipmap-mdpi-v4/icon_background.webp
2026-10-07T05:38:53.1860782Z ADDING: res/mipmap-mdpi-v4/icon_foreground.webp
2026-10-07T05:38:53.1861322Z ADDING: res/mipmap-mdpi-v4/icon_monochrome.webp
2026-10-07T05:38:53.1937335Z ADDING: res/mipmap-xhdpi-v4/icon.webp
2026-10-07T05:38:53.1937697Z ADDING: res/mipmap-xhdpi-v4/icon_background.webp
2026-10-07T05:38:53.2097843Z ADDING: res/mipmap-xhdpi-v4/icon_foreground.webp
2026-10-07T05:38:53.2098421Z ADDING: res/mipmap-xhdpi-v4/icon_monochrome.webp
2026-10-07T05:38:53.2199550Z ADDING: res/mipmap-xxhdpi-v4/icon.webp
2026-10-07T05:38:53.2199957Z ADDING: res/mipmap-xxhdpi-v4/icon_background.webp
2026-10-07T05:38:53.2494324Z ADDING: res/mipmap-xxhdpi-v4/icon_foreground.webp
2026-10-07T05:38:53.2494872Z ADDING: res/mipmap-xxhdpi-v4/icon_monochrome.webp
2026-10-07T05:38:53.2633465Z ADDING: res/mipmap-xxxhdpi-v4/icon.webp
2026-10-07T05:38:53.2633835Z ADDING: res/mipmap-xxxhdpi-v4/icon_background.webp
2026-10-07T05:38:53.3059763Z ADDING: res/mipmap-xxxhdpi-v4/icon_foreground.webp
2026-10-07T05:38:53.3060374Z ADDING: res/mipmap-xxxhdpi-v4/icon_monochrome.webp
2026-10-07T05:38:53.3199111Z ADDING: res/mipmap/icon.webp
2026-10-07T05:38:53.3199544Z ADDING: res/mipmap/icon_background.webp
2026-10-07T05:38:53.3618532Z ADDING: res/mipmap/icon_foreground.webp
2026-10-07T05:38:53.3619121Z ADDING: res/mipmap/icon_monochrome.webp
2026-10-07T05:38:53.3619476Z ADDING: res/xml/godot_provider_paths.xml
2026-10-07T05:38:53.3623618Z ADDING: resources.arsc
2026-10-07T05:38:53.3624237Z ADDING: DebugProbesKt.bin
2026-10-07T05:38:53.3627147Z ADDING: kotlin-tooling-metadata.json
2026-10-07T05:38:53.3627649Z ADDING: kotlin/annotation/annotation.kotlin_builtins
2026-10-07T05:38:53.3628703Z ADDING: kotlin/collections/collections.kotlin_builtins
2026-10-07T05:38:53.3630371Z ADDING: kotlin/concurrent/atomics/atomics.kotlin_builtins
2026-10-07T05:38:53.3631239Z ADDING: kotlin/coroutines/coroutines.kotlin_builtins
2026-10-07T05:38:53.3631745Z ADDING: kotlin/internal/internal.kotlin_builtins
2026-10-07T05:38:53.3633049Z ADDING: kotlin/kotlin.kotlin_builtins
2026-10-07T05:38:53.3636489Z ADDING: kotlin/ranges/ranges.kotlin_builtins
2026-10-07T05:38:53.3637796Z ADDING: kotlin/reflect/reflect.kotlin_builtins
2026-10-07T05:38:53.3639073Z [   0% ] [90m[1mexport[22m | Adding files...[39m[0m
2026-10-07T05:38:54.6546325Z [  97% ] [90m[1mexport[22m | Aligning APK...[39m[0m
2026-10-07T05:38:54.9109672Z [  98% ] [90m[1mexport[22m | Signing release APK...[39m[0m
2026-10-07T05:38:54.9552513Z Signing binary using: 
2026-10-07T05:38:54.9553908Z /usr/local/lib/android/sdk/build-tools/36.0.0/apksigner sign --verbose --ks <REDACTED> --ks-pass pass:<REDACTED> --ks-key-alias <REDACTED> /home/runner/work/Emberfall-Ashen-Veil/Emberfall-Ashen-Veil/build/emberfall-closed-beta-ci.apk
2026-10-07T05:38:56.3736822Z Signed
2026-10-07T05:38:56.3737046Z 
2026-10-07T05:38:56.3737574Z [  99% ] [90m[1mexport[22m | Verifying APK...[39m[0m
2026-10-07T05:38:56.7456282Z [92m[ DONE ][39m [1mexport[22m
2026-10-07T05:38:56.7456607Z [0m
2026-10-07T05:38:57.5033744Z Godot Engine v4.7.2.stable.official.ed1daf0bf - https://godotengine.org
2026-10-07T05:38:57.5268771Z 
2026-10-07T05:38:59.0204126Z [   0% ] [90m[1mfirst_scan_filesystem[22m | Started Project initialization (5 steps)[39m[0m
2026-10-07T05:38:59.0204731Z [   0% ] [90m[1mfirst_scan_filesystem[22m | Scanning file structure...[39m[0m
2026-10-07T05:38:59.0239979Z [  16% ] [90m[1mfirst_scan_filesystem[22m | Loading global class names...[39m[0m
2026-10-07T05:38:59.0460582Z [  33% ] [90m[1mfirst_scan_filesystem[22m | Verifying GDExtensions...[39m[0m
2026-10-07T05:38:59.0461149Z [  50% ] [90m[1mfirst_scan_filesystem[22m | Creating autoload scripts...[39m[0m
2026-10-07T05:38:59.3556284Z [  66% ] [90m[1mfirst_scan_filesystem[22m | Initializing plugins...[39m[0m
2026-10-07T05:38:59.3557061Z [  83% ] [90m[1mfirst_scan_filesystem[22m | Starting file scan...[39m[0m
2026-10-07T05:38:59.3557632Z [92m[ DONE ][39m [1mfirst_scan_filesystem[22m
2026-10-07T05:38:59.3557956Z [0m
2026-10-07T05:38:59.4467604Z [   0% ] [90m[1mexport[22m | Started Exporting for Android (105 steps)[39m[0m
2026-10-07T05:38:59.4482806Z 0 param: --xr_mode_regular
2026-10-07T05:38:59.4483345Z 1 param: --xr-mode
2026-10-07T05:38:59.4483568Z 2 param: off
2026-10-07T05:38:59.4483881Z 3 param: --fullscreen
2026-10-07T05:38:59.4484204Z 4 param: --background_color
2026-10-07T05:38:59.4484507Z 5 param: #000000
2026-10-07T05:40:25.1172199Z [92m[ DONE ][39m [1mexport[22m
2026-10-07T05:40:25.1172609Z [0m
2026-10-07T05:40:25.7854930Z   % Total    % Received % Xferd  Average Speed   Time    Time     Time  Current
2026-10-07T05:40:25.7855484Z                                  Dload  Upload   Total   Spent    Left  Speed
2026-10-07T05:40:25.7855770Z 
2026-10-07T05:40:25.9417901Z   0     0    0     0    0     0      0      0 --:--:-- --:--:-- --:--:--     0
2026-10-07T05:40:26.0269509Z   0     0    0     0    0     0      0      0 --:--:-- --:--:-- --:--:--     0
2026-10-07T05:40:26.0270160Z   0     0    0     0    0     0      0      0 --:--:-- --:--:-- --:--:--     0
2026-10-07T05:40:26.1369241Z 
2026-10-07T05:40:26.1369742Z 100 31.0M  100 31.0M    0     0  88.2M      0 --:--:-- --:--:-- --:--:-- 88.2M
2026-10-07T05:40:26.7381183Z Verifies
2026-10-07T05:40:26.7381888Z Verified using v1 scheme (JAR signing): false
2026-10-07T05:40:26.7382464Z Verified using v2 scheme (APK Signature Scheme v2): true
2026-10-07T05:40:26.7383421Z Verified using v3 scheme (APK Signature Scheme v3): true
2026-10-07T05:40:26.7383965Z Verified using v3.1 scheme (APK Signature Scheme v3.1): false
2026-10-07T05:40:26.7384344Z Verified using v4 scheme (APK Signature Scheme v4): false
2026-10-07T05:40:26.7384642Z Verified for SourceStamp: false
2026-10-07T05:40:26.7384869Z Number of signers: 1
2026-10-07T05:40:27.0815819Z Verifies
2026-10-07T05:40:27.0821429Z Verified using v1 scheme (JAR signing): false
2026-10-07T05:40:27.0822416Z Verified using v2 scheme (APK Signature Scheme v2): true
2026-10-07T05:40:27.0823053Z Verified using v3 scheme (APK Signature Scheme v3): true
2026-10-07T05:40:27.0823708Z Verified using v3.1 scheme (APK Signature Scheme v3.1): false
2026-10-07T05:40:27.0824401Z Verified using v4 scheme (APK Signature Scheme v4): false
2026-10-07T05:40:27.0824959Z Verified for SourceStamp: false
2026-10-07T05:40:27.0825306Z Number of signers: 1
2026-10-07T05:40:27.2479142Z package: name='com.philmenting.emberfallashenveil.test029' versionCode='54' versionName='0.48.0-online-test' platformBuildVersionName='16' platformBuildVersionCode='36' compileSdkVersion='36' compileSdkVersionCodename='16'
2026-10-07T05:40:27.2489543Z uses-permission: name='android.permission.INTERNET'
2026-10-07T05:40:27.2524946Z package: name='com.philmenting.emberfallashenveil.closedbeta' versionCode='54' versionName='0.48.0-beta.1' platformBuildVersionName='16' platformBuildVersionCode='36' compileSdkVersion='36' compileSdkVersionCodename='16'
2026-10-07T05:40:27.2536777Z uses-permission: name='android.permission.VIBRATE'
2026-10-07T05:40:27.2548741Z sdkVersion:'24'
2026-10-07T05:40:27.2561300Z targetSdkVersion:'36'
2026-10-07T05:40:27.2590143Z         A: android:screenOrientation(0x0101001e)=(type 0x10)0x0
2026-10-07T05:40:33.6678059Z ANDROID AAB VERIFIED
2026-10-07T05:40:33.6678398Z Package: com.philmenting.emberfallashenveil
2026-10-07T05:40:33.6679039Z Version: 0.48.0-beta.1 (54)
2026-10-07T05:40:33.6679484Z SDK range: 24–36
2026-10-07T05:40:33.6679705Z Internet permission: absent
2026-10-07T05:40:33.6679994Z Bundle structure and JAR signature: valid
2026-10-07T05:40:33.6680774Z ARM64 native libraries: 2, all ELF LOAD segments support 16 KB pages
2026-10-07T05:40:33.6681296Z Release manifest: landscape, not debuggable, OS backup disabled, VIBRATE only (optional haptics)
2026-10-07T05:40:34.0154194Z ##[group]Run actions/upload-artifact@v7
2026-10-07T05:40:34.0154432Z with:
2026-10-07T05:40:34.0154658Z   name: emberfall-ashen-veil-android-ci-validation-only
2026-10-07T05:40:34.0155179Z   path: build/emberfall-debug.apk
build/emberfall-closed-beta-ci.apk
build/emberfall-beta-ci-release.aab
build/CI_ARTIFACT_README.txt

2026-10-07T05:40:34.0155657Z   if-no-files-found: error
2026-10-07T05:40:34.0155847Z   retention-days: 14
2026-10-07T05:40:34.0156026Z   compression-level: 6
2026-10-07T05:40:34.0156203Z   overwrite: false
2026-10-07T05:40:34.0156385Z   include-hidden-files: false
2026-10-07T05:40:34.0156577Z   archive: true
2026-10-07T05:40:34.0156735Z env:
2026-10-07T05:40:34.0156970Z   JAVA_HOME: /opt/hostedtoolcache/Java_Temurin-Hotspot_jdk/17.0.20-1/x64
2026-10-07T05:40:34.0157363Z   JAVA_HOME_17_X64: /opt/hostedtoolcache/Java_Temurin-Hotspot_jdk/17.0.20-1/x64
2026-10-07T05:40:34.0157658Z   MAVEN_ARGS: -ntp
2026-10-07T05:40:34.0157862Z   ANDROID_HOME: /usr/local/lib/android/sdk
2026-10-07T05:40:34.0158104Z   ANDROID_SDK_ROOT: /usr/local/lib/android/sdk
2026-10-07T05:40:34.0158442Z   GODOT_ANDROID_KEYSTORE_RELEASE_PATH: /home/runner/work/_temp/emberfall-ci-upload.jks
2026-10-07T05:40:34.0159002Z   GODOT_ANDROID_KEYSTORE_RELEASE_USER: emberfall-ci
2026-10-07T05:40:34.0159522Z   GODOT_ANDROID_KEYSTORE_RELEASE_PASSWORD: ***
2026-10-07T05:40:34.0159751Z ##[endgroup]
2026-10-07T05:40:34.3381883Z Multiple search paths detected. Calculating the least common ancestor of all paths
2026-10-07T05:40:34.3384629Z The least common ancestor is /home/runner/work/Emberfall-Ashen-Veil/Emberfall-Ashen-Veil/build. This will be the root directory of the artifact
2026-10-07T05:40:34.3385818Z With the provided path, there will be 4 files uploaded
2026-10-07T05:40:34.3389359Z Artifact name is valid!
2026-10-07T05:40:34.3389971Z Root directory input is valid!
2026-10-07T05:40:34.7262604Z Uploading artifact: emberfall-ashen-veil-android-ci-validation-only.zip
2026-10-07T05:40:34.7293877Z Beginning upload of artifact content to blob storage
2026-10-07T05:40:35.6378836Z Uploaded bytes 8388608
2026-10-07T05:40:35.8390997Z Uploaded bytes 16777216
2026-10-07T05:40:35.9050660Z Uploaded bytes 25165824
2026-10-07T05:40:36.0554373Z Uploaded bytes 33554432
2026-10-07T05:40:36.0599904Z Uploaded bytes 41943040
2026-10-07T05:40:36.2822433Z Uploaded bytes 50331648
2026-10-07T05:40:36.5393151Z Uploaded bytes 58720256
2026-10-07T05:40:36.7361703Z Uploaded bytes 67108864
2026-10-07T05:40:36.9617739Z Uploaded bytes 75497472
2026-10-07T05:40:37.1915919Z Uploaded bytes 83886080
2026-10-07T05:40:37.3915062Z Uploaded bytes 92274688
2026-10-07T05:40:37.6619203Z Uploaded bytes 100663296
2026-10-07T05:40:37.9238440Z Uploaded bytes 109051904
2026-10-07T05:40:38.0723139Z Uploaded bytes 117440512
2026-10-07T05:40:38.3263982Z Uploaded bytes 125829120
2026-10-07T05:40:38.4992821Z Uploaded bytes 134217728
2026-10-07T05:40:38.6612784Z Uploaded bytes 142606336
2026-10-07T05:40:38.9018025Z Uploaded bytes 150994944
2026-10-07T05:40:39.1494067Z Uploaded bytes 159383552
2026-10-07T05:40:39.3536170Z Uploaded bytes 167772160
2026-10-07T05:40:39.6546023Z Uploaded bytes 176160768
2026-10-07T05:40:39.9527645Z Uploaded bytes 184549376
2026-10-07T05:40:40.0782960Z Uploaded bytes 192937984
2026-10-07T05:40:40.3038857Z Uploaded bytes 201326592
2026-10-07T05:40:40.4845017Z Uploaded bytes 209715200
2026-10-07T05:40:40.6886151Z Uploaded bytes 218103808
2026-10-07T05:40:40.8759982Z Uploaded bytes 226492416
2026-10-07T05:40:41.0866492Z Uploaded bytes 234881024
2026-10-07T05:40:41.3311189Z Uploaded bytes 243269632
2026-10-07T05:40:41.4939771Z Uploaded bytes 251658240
2026-10-07T05:40:41.6799018Z Uploaded bytes 260046848
2026-10-07T05:40:41.8737278Z Uploaded bytes 268435456
2026-10-07T05:40:42.1403664Z Uploaded bytes 276824064
2026-10-07T05:40:42.3293834Z Uploaded bytes 285212672
2026-10-07T05:40:42.4904970Z Uploaded bytes 293601280
2026-10-07T05:40:42.6987034Z Uploaded bytes 301989888
2026-10-07T05:40:42.8978152Z Uploaded bytes 310378496
2026-10-07T05:40:43.1584699Z Uploaded bytes 318767104
2026-10-07T05:40:43.4560486Z Uploaded bytes 327155712
2026-10-07T05:40:43.6758324Z Uploaded bytes 334063084
2026-10-07T05:40:43.7325584Z Finished uploading artifact content to blob storage!
2026-10-07T05:40:43.7328143Z SHA256 digest of uploaded artifact is 0a73c7edbb180f0f3baa5cddef872f5c011f95ea09c768dc3b5f6f7ae9681312
2026-10-07T05:40:43.7329734Z Finalizing artifact upload
2026-10-07T05:40:44.1036876Z Artifact emberfall-ashen-veil-android-ci-validation-only successfully finalized. Artifact ID 11463134086
2026-10-07T05:40:44.1038346Z Artifact emberfall-ashen-veil-android-ci-validation-only has been successfully uploaded! Final size is 334063084 bytes. Artifact ID is 11463134086
2026-10-07T05:40:44.1041252Z Artifact download URL: https://github.com/Philmenting/Emberfall-Ashen-Veil/actions/runs/37576383412/artifacts/11463134086
2026-10-07T05:40:44.1185538Z ##[group]Run mkdir -p "$RUNNER_TEMP/nakama"
2026-10-07T05:40:44.1185981Z [36;1mmkdir -p "$RUNNER_TEMP/nakama"[0m
2026-10-07T05:40:44.1186535Z [36;1mcurl --fail --location --retry 3 --output "$RUNNER_TEMP/nakama/nakama.tar.gz" \[0m
2026-10-07T05:40:44.1187394Z [36;1m  https://github.com/heroiclabs/nakama/releases/download/v3.41.0/nakama-3.41.0-linux-amd64.tar.gz[0m
2026-10-07T05:40:44.1188189Z [36;1mtar -xzf "$RUNNER_TEMP/nakama/nakama.tar.gz" -C "$RUNNER_TEMP/nakama"[0m
2026-10-07T05:40:44.1188869Z [36;1mnakama_bin="$RUNNER_TEMP/nakama/nakama"[0m
2026-10-07T05:40:44.1189388Z [36;1mdatabase_address="postgres:postgres@127.0.0.1:5432/nakama_local"[0m
2026-10-07T05:40:44.1189986Z [36;1m"$nakama_bin" migrate up --database.address "$database_address"[0m
2026-10-07T05:40:44.1190621Z [36;1m"$nakama_bin" --name emberfall-ci --database.address "$database_address" \[0m
2026-10-07T05:40:44.1191410Z [36;1m  --data_dir "$RUNNER_TEMP/nakama/data" --runtime.path "$GITHUB_WORKSPACE/server/modules" \[0m
2026-10-07T05:40:44.1192142Z [36;1m  --runtime.js_entrypoint emberfall.js --console.address 127.0.0.1 \[0m
2026-10-07T05:40:44.1192771Z [36;1m  --console.port 7351 --socket.address 127.0.0.1 --socket.port 7350 \[0m
2026-10-07T05:40:44.1193374Z [36;1m  --logger.level INFO > "$RUNNER_TEMP/nakama/server.log" 2>&1 &[0m
2026-10-07T05:40:44.1193833Z [36;1mnakama_pid=$![0m
2026-10-07T05:40:44.1194211Z [36;1mecho "$nakama_pid" > "$RUNNER_TEMP/nakama/server.pid"[0m
2026-10-07T05:40:44.1194635Z [36;1mready=0[0m
2026-10-07T05:40:44.1194908Z [36;1mfor attempt in $(seq 1 60); do[0m
2026-10-07T05:40:44.1195324Z [36;1m  if ! kill -0 "$nakama_pid" 2>/dev/null; then[0m
2026-10-07T05:40:44.1195783Z [36;1m    cat "$RUNNER_TEMP/nakama/server.log"[0m
2026-10-07T05:40:44.1196151Z [36;1m    exit 1[0m
2026-10-07T05:40:44.1196407Z [36;1m  fi[0m
2026-10-07T05:40:44.1196850Z [36;1m  if curl --silent --output /dev/null --max-time 1 http://127.0.0.1:7350/; then[0m
2026-10-07T05:40:44.1197374Z [36;1m    ready=1[0m
2026-10-07T05:40:44.1197634Z [36;1m    break[0m
2026-10-07T05:40:44.1197905Z [36;1m  fi[0m
2026-10-07T05:40:44.1198146Z [36;1m  sleep 1[0m
2026-10-07T05:40:44.1198402Z [36;1mdone[0m
2026-10-07T05:40:44.1199524Z [36;1mif [ "$ready" -ne 1 ]; then[0m
2026-10-07T05:40:44.1199907Z [36;1m  cat "$RUNNER_TEMP/nakama/server.log"[0m
2026-10-07T05:40:44.1200336Z [36;1m  kill "$nakama_pid" 2>/dev/null || true[0m
2026-10-07T05:40:44.1200699Z [36;1m  exit 1[0m
2026-10-07T05:40:44.1200943Z [36;1mfi[0m
2026-10-07T05:40:44.1276842Z shell: /usr/bin/bash -e {0}
2026-10-07T05:40:44.1277062Z env:
2026-10-07T05:40:44.1277323Z   JAVA_HOME: /opt/hostedtoolcache/Java_Temurin-Hotspot_jdk/17.0.20-1/x64
2026-10-07T05:40:44.1277718Z   JAVA_HOME_17_X64: /opt/hostedtoolcache/Java_Temurin-Hotspot_jdk/17.0.20-1/x64
2026-10-07T05:40:44.1278018Z   MAVEN_ARGS: -ntp
2026-10-07T05:40:44.1278216Z   ANDROID_HOME: /usr/local/lib/android/sdk
2026-10-07T05:40:44.1278822Z   ANDROID_SDK_ROOT: /usr/local/lib/android/sdk
2026-10-07T05:40:44.1279166Z   GODOT_ANDROID_KEYSTORE_RELEASE_PATH: /home/runner/work/_temp/emberfall-ci-upload.jks
2026-10-07T05:40:44.1279544Z   GODOT_ANDROID_KEYSTORE_RELEASE_USER: emberfall-ci
2026-10-07T05:40:44.1280077Z   GODOT_ANDROID_KEYSTORE_RELEASE_PASSWORD: ***
2026-10-07T05:40:44.1280317Z ##[endgroup]
2026-10-07T05:40:44.1411425Z   % Total    % Received % Xferd  Average Speed   Time    Time     Time  Current
2026-10-07T05:40:44.1412277Z                                  Dload  Upload   Total   Spent    Left  Speed
2026-10-07T05:40:44.1413642Z 
2026-10-07T05:40:44.4013051Z   0     0    0     0    0     0      0      0 --:--:-- --:--:-- --:--:--     0
2026-10-07T05:40:44.4013539Z   0     0    0     0    0     0      0      0 --:--:-- --:--:-- --:--:--     0
2026-10-07T05:40:44.9216481Z 
2026-10-07T05:40:45.0158779Z  73 22.8M   73 16.9M    0     0  21.6M      0  0:00:01 --:--:--  0:00:01 21.6M
2026-10-07T05:40:45.0159874Z 100 22.8M  100 22.8M    0     0  26.1M      0 --:--:-- --:--:-- --:--:-- 63.6M
2026-10-07T05:40:45.3940181Z tar: Ignoring unknown extended header keyword 'LIBARCHIVE.xattr.com.docker.owner'
2026-10-07T05:40:45.4198519Z {"level":"info","ts":"2026-10-07T05:40:45.419Z","caller":"server/db.go:142","msg":"Database information","version":"PostgreSQL 16.15 (Debian 16.15-1.pgdg13+2) on x86_64-pc-linux-gnu, compiled by gcc (Debian 14.2.0-19) 14.2.0, 64-bit"}
2026-10-07T05:40:45.4215932Z {"level":"info","ts":"2026-10-07T05:40:45.419Z","caller":"migrate/migrate.go:109","msg":"Applying database migrations","limit":-1}
2026-10-07T05:40:45.5186731Z {"level":"info","ts":"2026-10-07T05:40:45.518Z","caller":"migrate/migrate.go:116","msg":"Successfully applied migration","count":20}
2026-10-07T05:40:46.5424519Z ##[group]Run XDG_DATA_HOME="$RUNNER_TEMP/emberfall-transfer-e2e" timeout 120s godot --headless --path . --script tests/cloud_transfer_e2e.gd
2026-10-07T05:40:46.5425241Z [36;1mXDG_DATA_HOME="$RUNNER_TEMP/emberfall-transfer-e2e" timeout 120s godot --headless --path . --script tests/cloud_transfer_e2e.gd[0m
2026-10-07T05:40:46.5481960Z shell: /usr/bin/bash -e {0}
2026-10-07T05:40:46.5482164Z env:
2026-10-07T05:40:46.5482403Z   JAVA_HOME: /opt/hostedtoolcache/Java_Temurin-Hotspot_jdk/17.0.20-1/x64
2026-10-07T05:40:46.5482780Z   JAVA_HOME_17_X64: /opt/hostedtoolcache/Java_Temurin-Hotspot_jdk/17.0.20-1/x64
2026-10-07T05:40:46.5483078Z   MAVEN_ARGS: -ntp
2026-10-07T05:40:46.5483267Z   ANDROID_HOME: /usr/local/lib/android/sdk
2026-10-07T05:40:46.5483509Z   ANDROID_SDK_ROOT: /usr/local/lib/android/sdk
2026-10-07T05:40:46.5483845Z   GODOT_ANDROID_KEYSTORE_RELEASE_PATH: /home/runner/work/_temp/emberfall-ci-upload.jks
2026-10-07T05:40:46.5484227Z   GODOT_ANDROID_KEYSTORE_RELEASE_USER: emberfall-ci
2026-10-07T05:40:46.5484746Z   GODOT_ANDROID_KEYSTORE_RELEASE_PASSWORD: ***
2026-10-07T05:40:46.5484979Z ##[endgroup]
2026-10-07T05:40:46.5722784Z Godot Engine v4.7.2.stable.official.ed1daf0bf - https://godotengine.org
2026-10-07T05:40:46.5955672Z 
2026-10-07T05:40:46.9761295Z PASS: old installation creates and authenticates a guest account
2026-10-07T05:40:46.9831832Z PASS: server creates a private progression profile for a signed-in account
2026-10-07T05:40:46.9832549Z PASS: client-supplied currency and floor unlocks are ignored
2026-10-07T05:40:46.9833076Z PASS: server initializes a complete starter equipment set and attribute points
2026-10-07T05:40:46.9900221Z PASS: server rejects farming on a locked floor
2026-10-07T05:40:47.0037944Z PASS: server accepts a class from its fixed class allowlist
2026-10-07T05:40:47.0106721Z PASS: server rejects an unknown class
2026-10-07T05:40:47.0176059Z PASS: server spends attribute points without accepting a client-provided amount
2026-10-07T05:40:47.0450798Z PASS: Nakama blocks direct client writes to the server-owned profile
2026-10-07T05:40:47.0521291Z PASS: rejected direct writes leave server progression unchanged
2026-10-07T05:40:47.0521868Z PASS: test save produces a valid backup code
2026-10-07T05:40:47.0797260Z PASS: old installation uploads its private cloud backup
2026-10-07T05:40:47.0935127Z PASS: server links a fresh one-time transfer identity
2026-10-07T05:40:47.0935859Z PASS: receiving installation starts without an account
2026-10-07T05:40:47.1418359Z PASS: new installation imports and authenticates the transfer key
2026-10-07T05:40:47.1419198Z PASS: import resolves to the original Nakama account
2026-10-07T05:40:47.1420286Z PASS: new installation persists its own replacement device identity
2026-10-07T05:40:47.1421045Z PASS: successful import removes the consumed key from local storage
2026-10-07T05:40:47.1421716Z PASS: imported account can read the existing private cloud backup
2026-10-07T05:40:47.1486908Z PASS: a consumed transfer key cannot authenticate a third installation
2026-10-07T05:40:47.1831523Z PASS: old installation can still reconnect after transfer
2026-10-07T05:40:47.1832123Z PASS: old installation clears the key marker after server reconciliation
2026-10-07T05:40:47.2038977Z PASS: new installation survives a cold restart with its replacement identity
2026-10-07T05:40:47.2039442Z PASS: cloud backup remains available after a cold restart
2026-10-07T05:40:47.2245276Z PASS: fellowship creator authenticates as a separate player
2026-10-07T05:40:47.2452122Z PASS: second fellowship member has an independent server identity
2026-10-07T05:40:47.3557042Z PASS: creator registers an open server-backed fellowship
2026-10-07T05:40:47.3832827Z PASS: another player discovers the open fellowship through the server board
2026-10-07T05:40:47.3970863Z PASS: test creates a closed group for named-search coverage
2026-10-07T05:40:47.4246558Z PASS: named search succeeds and excludes closed groups from the open board
2026-10-07T05:40:47.4523086Z PASS: unfiltered open board still discovers the same fellowship
2026-10-07T05:40:47.5352152Z PASS: second player joins the same server-backed fellowship
2026-10-07T05:40:47.5352779Z PASS: server roster reports both fellowship members
2026-10-07T05:40:47.7904274Z PASS: persistent group chat delivers a message to another connected player
2026-10-07T05:40:47.8595717Z PASS: a fresh chat connection loads the server-persisted message history
2026-10-07T05:40:47.9077311Z PASS: member can leave a fellowship through the server
2026-10-07T05:40:47.9082705Z CLOUD TRANSFER E2E: 36 checks, 0 failures
2026-10-07T05:40:48.0779959Z ##[group]Run if [ -f "$RUNNER_TEMP/nakama/server.pid" ]; then
2026-10-07T05:40:48.0780330Z [36;1mif [ -f "$RUNNER_TEMP/nakama/server.pid" ]; then[0m
2026-10-07T05:40:48.0780639Z [36;1m  nakama_pid="$(cat "$RUNNER_TEMP/nakama/server.pid")"[0m
2026-10-07T05:40:48.0780936Z [36;1m  kill "$nakama_pid" 2>/dev/null || true[0m
2026-10-07T05:40:48.0781173Z [36;1mfi[0m
2026-10-07T05:40:48.0836533Z shell: /usr/bin/bash -e {0}
2026-10-07T05:40:48.0836753Z env:
2026-10-07T05:40:48.0837010Z   JAVA_HOME: /opt/hostedtoolcache/Java_Temurin-Hotspot_jdk/17.0.20-1/x64
2026-10-07T05:40:48.0837398Z   JAVA_HOME_17_X64: /opt/hostedtoolcache/Java_Temurin-Hotspot_jdk/17.0.20-1/x64
2026-10-07T05:40:48.0837733Z   MAVEN_ARGS: -ntp
2026-10-07T05:40:48.0837929Z   ANDROID_HOME: /usr/local/lib/android/sdk
2026-10-07T05:40:48.0838171Z   ANDROID_SDK_ROOT: /usr/local/lib/android/sdk
2026-10-07T05:40:48.0838522Z   GODOT_ANDROID_KEYSTORE_RELEASE_PATH: /home/runner/work/_temp/emberfall-ci-upload.jks
2026-10-07T05:40:48.0839000Z   GODOT_ANDROID_KEYSTORE_RELEASE_USER: emberfall-ci
2026-10-07T05:40:48.0839535Z   GODOT_ANDROID_KEYSTORE_RELEASE_PASSWORD: ***
2026-10-07T05:40:48.0839776Z ##[endgroup]
2026-10-07T05:40:48.1541851Z ##[group]Run XDG_DATA_HOME="$RUNNER_TEMP/emberfall-regions-data" timeout 120s godot --headless --path . --fixed-fps 60 --script tests/regions_smoke.gd
2026-10-07T05:40:48.1543010Z [36;1mXDG_DATA_HOME="$RUNNER_TEMP/emberfall-regions-data" timeout 120s godot --headless --path . --fixed-fps 60 --script tests/regions_smoke.gd[0m
2026-10-07T05:40:48.1598995Z shell: /usr/bin/bash -e {0}
2026-10-07T05:40:48.1599203Z env:
2026-10-07T05:40:48.1599450Z   JAVA_HOME: /opt/hostedtoolcache/Java_Temurin-Hotspot_jdk/17.0.20-1/x64
2026-10-07T05:40:48.1600025Z   JAVA_HOME_17_X64: /opt/hostedtoolcache/Java_Temurin-Hotspot_jdk/17.0.20-1/x64
2026-10-07T05:40:48.1600335Z   MAVEN_ARGS: -ntp
2026-10-07T05:40:48.1600524Z   ANDROID_HOME: /usr/local/lib/android/sdk
2026-10-07T05:40:48.1600763Z   ANDROID_SDK_ROOT: /usr/local/lib/android/sdk
2026-10-07T05:40:48.1601105Z   GODOT_ANDROID_KEYSTORE_RELEASE_PATH: /home/runner/work/_temp/emberfall-ci-upload.jks
2026-10-07T05:40:48.1601496Z   GODOT_ANDROID_KEYSTORE_RELEASE_USER: emberfall-ci
2026-10-07T05:40:48.1602042Z   GODOT_ANDROID_KEYSTORE_RELEASE_PASSWORD: ***
2026-10-07T05:40:48.1602276Z ##[endgroup]
2026-10-07T05:40:48.1852947Z Godot Engine v4.7.2.stable.official.ed1daf0bf - https://godotengine.org
2026-10-07T05:40:48.2088831Z 
2026-10-07T05:40:51.8233279Z PASS: correct world theme for region 0
2026-10-07T05:40:51.8233767Z PASS: distinct stone palette for region 0
2026-10-07T05:40:51.8234052Z PASS: regional enemy names 0
2026-10-07T05:40:51.8234322Z PASS: regional boss name 0
2026-10-07T05:40:51.8234577Z PASS: enemy appearance receives region 0
2026-10-07T05:40:51.8234860Z PASS: water belongs only to the archive 0
2026-10-07T05:40:51.8235126Z PASS: lava belongs only to the citadel 0
2026-10-07T05:40:52.6873758Z PASS: boss regalia creates without runtime errors 0
2026-10-07T05:40:52.6875869Z PASS: scenery does not alter combat state 0
2026-10-07T05:40:53.9460222Z PASS: correct world theme for region 1
2026-10-07T05:40:53.9460863Z PASS: distinct stone palette for region 1
2026-10-07T05:40:53.9461351Z PASS: regional enemy names 1
2026-10-07T05:40:53.9461751Z PASS: regional boss name 1
2026-10-07T05:40:53.9462169Z PASS: enemy appearance receives region 1
2026-10-07T05:40:53.9462633Z PASS: water belongs only to the archive 1
2026-10-07T05:40:53.9463045Z PASS: lava belongs only to the citadel 1
2026-10-07T05:40:54.4126497Z PASS: boss regalia creates without runtime errors 1
2026-10-07T05:40:54.4128931Z PASS: scenery does not alter combat state 1
2026-10-07T05:40:55.9316601Z PASS: correct world theme for region 2
2026-10-07T05:40:55.9317213Z PASS: distinct stone palette for region 2
2026-10-07T05:40:55.9317690Z PASS: regional enemy names 2
2026-10-07T05:40:55.9318079Z PASS: regional boss name 2
2026-10-07T05:40:55.9318495Z PASS: enemy appearance receives region 2
2026-10-07T05:40:55.9319165Z PASS: water belongs only to the archive 2
2026-10-07T05:40:55.9319568Z PASS: lava belongs only to the citadel 2
2026-10-07T05:40:56.3445344Z PASS: boss regalia creates without runtime errors 2
2026-10-07T05:40:56.3447857Z PASS: scenery does not alter combat state 2
2026-10-07T05:40:57.5100517Z PASS: correct world theme for region 3
2026-10-07T05:40:57.5101031Z PASS: distinct stone palette for region 3
2026-10-07T05:40:57.5101514Z PASS: regional enemy names 3
2026-10-07T05:40:57.5101913Z PASS: regional boss name 3
2026-10-07T05:40:57.5102332Z PASS: enemy appearance receives region 3
2026-10-07T05:40:57.5102819Z PASS: water belongs only to the archive 3
2026-10-07T05:40:57.5103301Z PASS: lava belongs only to the citadel 3
2026-10-07T05:40:57.8713568Z PASS: boss regalia creates without runtime errors 3
2026-10-07T05:40:57.8715496Z PASS: scenery does not alter combat state 3
2026-10-07T05:40:57.8882243Z REGIONS SMOKE: 36 checks, 0 failures
2026-10-07T05:40:58.1026904Z ##[group]Run XDG_DATA_HOME="$RUNNER_TEMP/emberfall-gear-data" timeout 120s godot --headless --path . --fixed-fps 60 --script tests/gear_forecast_smoke.gd
2026-10-07T05:40:58.1027741Z [36;1mXDG_DATA_HOME="$RUNNER_TEMP/emberfall-gear-data" timeout 120s godot --headless --path . --fixed-fps 60 --script tests/gear_forecast_smoke.gd[0m
2026-10-07T05:40:58.1028469Z [36;1mXDG_DATA_HOME="$RUNNER_TEMP/emberfall-onboarding-data" timeout 120s godot --headless --path . --fixed-fps 60 --script tests/onboarding_smoke.gd[0m
2026-10-07T05:40:58.1085030Z shell: /usr/bin/bash -e {0}
2026-10-07T05:40:58.1085246Z env:
2026-10-07T05:40:58.1085500Z   JAVA_HOME: /opt/hostedtoolcache/Java_Temurin-Hotspot_jdk/17.0.20-1/x64
2026-10-07T05:40:58.1086069Z   JAVA_HOME_17_X64: /opt/hostedtoolcache/Java_Temurin-Hotspot_jdk/17.0.20-1/x64
2026-10-07T05:40:58.1086372Z   MAVEN_ARGS: -ntp
2026-10-07T05:40:58.1086561Z   ANDROID_HOME: /usr/local/lib/android/sdk
2026-10-07T05:40:58.1086838Z   ANDROID_SDK_ROOT: /usr/local/lib/android/sdk
2026-10-07T05:40:58.1087181Z   GODOT_ANDROID_KEYSTORE_RELEASE_PATH: /home/runner/work/_temp/emberfall-ci-upload.jks
2026-10-07T05:40:58.1087539Z   GODOT_ANDROID_KEYSTORE_RELEASE_USER: emberfall-ci
2026-10-07T05:40:58.1088083Z   GODOT_ANDROID_KEYSTORE_RELEASE_PASSWORD: ***
2026-10-07T05:40:58.1088318Z ##[endgroup]
2026-10-07T05:40:58.3243968Z Godot Engine v4.7.2.stable.official.ed1daf0bf - https://godotengine.org
2026-10-07T05:40:58.3475962Z 
2026-10-07T05:41:01.1318960Z PASS: Vowkeeper: class Life and Armor profile matches its design
2026-10-07T05:41:01.1319637Z PASS: Vowkeeper: comparing gear never mutates equipment
2026-10-07T05:41:01.1320217Z PASS: Vowkeeper: displayed deltas equal actual equip results
2026-10-07T05:41:01.1320873Z PASS: Vowkeeper: weapon and primary attribute affect damage
2026-10-07T05:41:01.1326101Z PASS: Vowkeeper: incomplete assessment cannot present a clear rate
2026-10-07T05:41:01.1910930Z PASS: Vowkeeper: assessment can yield after a bounded batch
2026-10-07T05:41:10.5336784Z PASS: Vowkeeper: forecast matches every actual combat pattern
2026-10-07T05:41:10.5337411Z PASS: Vowkeeper: initial floor is reliable
2026-10-07T05:41:10.5337972Z PASS: Vowkeeper: forecast does not consume runs or alter a live fight
2026-10-07T05:41:10.5338720Z PASS: Vowkeeper: completed forecast is idempotent
2026-10-07T05:41:10.5339318Z PASS: Arcanist: class Life and Armor profile matches its design
2026-10-07T05:41:10.5379402Z PASS: Arcanist: comparing gear never mutates equipment
2026-10-07T05:41:10.5380047Z PASS: Arcanist: displayed deltas equal actual equip results
2026-10-07T05:41:10.5380675Z PASS: Arcanist: weapon and primary attribute affect damage
2026-10-07T05:41:10.5381323Z PASS: Arcanist: incomplete assessment cannot present a clear rate
2026-10-07T05:41:10.5983431Z PASS: Arcanist: assessment can yield after a bounded batch
2026-10-07T05:41:20.2851902Z PASS: Arcanist: forecast matches every actual combat pattern
2026-10-07T05:41:20.2852526Z PASS: Arcanist: initial floor is reliable
2026-10-07T05:41:20.2853106Z PASS: Arcanist: forecast does not consume runs or alter a live fight
2026-10-07T05:41:20.2853679Z PASS: Arcanist: completed forecast is idempotent
2026-10-07T05:41:20.2854236Z PASS: Ranger: class Life and Armor profile matches its design
2026-10-07T05:41:20.2854779Z PASS: Ranger: comparing gear never mutates equipment
2026-10-07T05:41:20.2855246Z PASS: Ranger: displayed deltas equal actual equip results
2026-10-07T05:41:20.2855775Z PASS: Ranger: weapon and primary attribute affect damage
2026-10-07T05:41:20.2861706Z PASS: Ranger: incomplete assessment cannot present a clear rate
2026-10-07T05:41:20.3257086Z PASS: Ranger: assessment can yield after a bounded batch
2026-10-07T05:41:27.4289702Z PASS: Ranger: forecast matches every actual combat pattern
2026-10-07T05:41:27.4290329Z PASS: Ranger: initial floor is reliable
2026-10-07T05:41:27.4290882Z PASS: Ranger: forecast does not consume runs or alter a live fight
2026-10-07T05:41:27.4299728Z PASS: Ranger: completed forecast is idempotent
2026-10-07T05:41:27.4319270Z PASS: ability rank increase also reports additional mana cost
2026-10-07T05:41:28.0596800Z PASS: impossible floor has no estimated victories
2026-10-07T05:41:28.0597437Z PASS: actual fight length is separate from the minimum AFK cycle
2026-10-07T05:41:28.0597856Z PASS: non-weapon item rating is not shown as additional attack
2026-10-07T05:41:28.0599093Z PASS: armor and Vitality comparison shows actual survivability bonuses
2026-10-07T05:41:28.0599608Z PASS: displayed critical chance respects the actual 100 percent maximum
2026-10-07T05:41:28.2044049Z PASS: navigating cancels assessments tied to old UI
2026-10-07T05:41:33.9659423Z PASS: cooperative assessment completes and caches results in the camp
2026-10-07T05:41:33.9700720Z GEAR / FORECAST SMOKE: 38 checks, 0 failures
2026-10-07T05:41:34.0914609Z Godot Engine v4.7.2.stable.official.ed1daf0bf - https://godotengine.org
2026-10-07T05:41:34.1149292Z 
2026-10-07T05:41:36.9107652Z PASS: new save opens class selection
2026-10-07T05:41:36.9108275Z PASS: ChooseVowkeeper fits within landscape viewport
2026-10-07T05:41:36.9109058Z PASS: ChooseArcanist fits within landscape viewport
2026-10-07T05:41:36.9109599Z PASS: ChooseRanger fits within landscape viewport
2026-10-07T05:41:36.9110118Z PASS: ReviewGear fits within landscape viewport
2026-10-07T05:41:36.9110664Z PASS: BeginExpedition fits within landscape viewport
2026-10-07T05:41:37.1964774Z PASS: class choice updates selection and keeps the introduction open
2026-10-07T05:41:37.5945973Z PASS: unfinished selection survives closing the game
2026-10-07T05:41:38.4223936Z PASS: first expedition uses selected class and closes introduction
2026-10-07T05:41:39.2770215Z PASS: returning to a saved expedition never reopens onboarding
2026-10-07T05:41:39.7619259Z PASS: preparation opens class and attribute editor
2026-10-07T05:41:39.8894805Z PASS: spending a point updates the build
2026-10-07T05:41:39.9875264Z PASS: switching classes refunds allocated points exactly
2026-10-07T05:41:40.1166930Z PASS: repeated class changes cannot create attribute points
2026-10-07T05:41:40.5158955Z PASS: manual refund is idempotent
2026-10-07T05:41:40.6495630Z PASS: equipment tab is available without scrolling past the class editor
2026-10-07T05:41:40.7824801Z PASS: equipment swap returns old item to bag with actionable status
2026-10-07T05:41:40.7896594Z PASS: bag tab opens directly
2026-10-07T05:41:41.1570419Z PASS: finished introduction and refunded points persist
2026-10-07T05:41:41.1606906Z ONBOARDING SMOKE: 19 checks, 0 failures
2026-10-07T05:41:41.3067730Z ##[group]Run XDG_DATA_HOME="$RUNNER_TEMP/emberfall-options-data" timeout 120s godot --headless --path . --fixed-fps 60 --script tests/options_smoke.gd
2026-10-07T05:41:41.3068518Z [36;1mXDG_DATA_HOME="$RUNNER_TEMP/emberfall-options-data" timeout 120s godot --headless --path . --fixed-fps 60 --script tests/options_smoke.gd[0m
2026-10-07T05:41:41.3125220Z shell: /usr/bin/bash -e {0}
2026-10-07T05:41:41.3125433Z env:
2026-10-07T05:41:41.3125682Z   JAVA_HOME: /opt/hostedtoolcache/Java_Temurin-Hotspot_jdk/17.0.20-1/x64
2026-10-07T05:41:41.3126068Z   JAVA_HOME_17_X64: /opt/hostedtoolcache/Java_Temurin-Hotspot_jdk/17.0.20-1/x64
2026-10-07T05:41:41.3126367Z   MAVEN_ARGS: -ntp
2026-10-07T05:41:41.3126560Z   ANDROID_HOME: /usr/local/lib/android/sdk
2026-10-07T05:41:41.3126798Z   ANDROID_SDK_ROOT: /usr/local/lib/android/sdk
2026-10-07T05:41:41.3127137Z   GODOT_ANDROID_KEYSTORE_RELEASE_PATH: /home/runner/work/_temp/emberfall-ci-upload.jks
2026-10-07T05:41:41.3127520Z   GODOT_ANDROID_KEYSTORE_RELEASE_USER: emberfall-ci
2026-10-07T05:41:41.3128043Z   GODOT_ANDROID_KEYSTORE_RELEASE_PASSWORD: ***
2026-10-07T05:41:41.3128273Z ##[endgroup]
2026-10-07T05:41:41.3362927Z Godot Engine v4.7.2.stable.official.ed1daf0bf - https://godotengine.org
2026-10-07T05:41:41.3593852Z 
2026-10-07T05:41:41.7314966Z PASS: missing preferences retain safe defaults
2026-10-07T05:41:41.7315551Z PASS: invalid settings are bounded and type checked
2026-10-07T05:41:41.9730339Z PASS: camp: audible PCM with bounded peaks and quiet edges
2026-10-07T05:41:41.9730851Z PASS: camp: synthesis is cached
2026-10-07T05:41:41.9731357Z PASS: camp: inclusive loop boundary is the last valid PCM frame
2026-10-07T05:41:42.1970285Z PASS: dungeon: audible PCM with bounded peaks and quiet edges
2026-10-07T05:41:42.1970917Z PASS: dungeon: synthesis is cached
2026-10-07T05:41:42.1971511Z PASS: dungeon: inclusive loop boundary is the last valid PCM frame
2026-10-07T05:41:42.1978008Z PASS: ui: audible PCM with bounded peaks and quiet edges
2026-10-07T05:41:42.1978702Z PASS: ui: synthesis is cached
2026-10-07T05:41:42.2001682Z PASS: swing: audible PCM with bounded peaks and quiet edges
2026-10-07T05:41:42.2002217Z PASS: swing: synthesis is cached
2026-10-07T05:41:42.2030660Z PASS: bolt: audible PCM with bounded peaks and quiet edges
2026-10-07T05:41:42.2068052Z PASS: bolt: synthesis is cached
2026-10-07T05:41:42.2068450Z PASS: impact: audible PCM with bounded peaks and quiet edges
2026-10-07T05:41:42.2068940Z PASS: impact: synthesis is cached
2026-10-07T05:41:42.2125543Z PASS: arcane_contact: audible PCM with bounded peaks and quiet edges
2026-10-07T05:41:42.2125949Z PASS: arcane_contact: synthesis is cached
2026-10-07T05:41:42.2175170Z PASS: arrow_contact: audible PCM with bounded peaks and quiet edges
2026-10-07T05:41:42.2175554Z PASS: arrow_contact: synthesis is cached
2026-10-07T05:41:42.2238279Z PASS: hurt: audible PCM with bounded peaks and quiet edges
2026-10-07T05:41:42.2238788Z PASS: hurt: synthesis is cached
2026-10-07T05:41:42.2454493Z PASS: oath: audible PCM with bounded peaks and quiet edges
2026-10-07T05:41:42.2454870Z PASS: oath: synthesis is cached
2026-10-07T05:41:42.2660805Z PASS: nova: audible PCM with bounded peaks and quiet edges
2026-10-07T05:41:42.2661175Z PASS: nova: synthesis is cached
2026-10-07T05:41:42.2741034Z PASS: volley: audible PCM with bounded peaks and quiet edges
2026-10-07T05:41:42.2741366Z PASS: volley: synthesis is cached
2026-10-07T05:41:42.2893416Z PASS: warning: audible PCM with bounded peaks and quiet edges
2026-10-07T05:41:42.2893994Z PASS: warning: synthesis is cached
2026-10-07T05:41:42.2906603Z PASS: step: audible PCM with bounded peaks and quiet edges
2026-10-07T05:41:42.2907134Z PASS: step: synthesis is cached
2026-10-07T05:41:42.3004838Z PASS: ward: audible PCM with bounded peaks and quiet edges
2026-10-07T05:41:42.3005225Z PASS: ward: synthesis is cached
2026-10-07T05:41:42.3139067Z PASS: lightning: audible PCM with bounded peaks and quiet edges
2026-10-07T05:41:42.3139886Z PASS: lightning: synthesis is cached
2026-10-07T05:41:42.3406672Z PASS: starfall: audible PCM with bounded peaks and quiet edges
2026-10-07T05:41:42.3407047Z PASS: starfall: synthesis is cached
2026-10-07T05:41:42.4270988Z PASS: victory: audible PCM with bounded peaks and quiet edges
2026-10-07T05:41:42.4271422Z PASS: victory: synthesis is cached
2026-10-07T05:41:42.4717717Z PASS: defeat: audible PCM with bounded peaks and quiet edges
2026-10-07T05:41:42.4718255Z PASS: defeat: synthesis is cached
2026-10-07T05:41:44.9496740Z PASS: Back from armory returns to camp
2026-10-07T05:41:44.9497251Z PASS: duplicate Back delivery within a frame is handled once
2026-10-07T05:41:44.9959305Z PASS: Back at camp opens options instead of quitting
2026-10-07T05:41:44.9959927Z PASS: CloseSettings fits within landscape viewport
2026-10-07T05:41:44.9960470Z PASS: SaveAndExit fits within landscape viewport
2026-10-07T05:41:44.9961009Z PASS: MasterVolume fits within landscape viewport
2026-10-07T05:41:44.9961542Z PASS: MusicVolume fits within landscape viewport
2026-10-07T05:41:44.9962099Z PASS: EffectsVolume fits within landscape viewport
2026-10-07T05:41:44.9962621Z PASS: LargeText fits within landscape viewport
2026-10-07T05:41:44.9987021Z PASS: ReducedMotion fits within landscape viewport
2026-10-07T05:41:45.0154896Z PASS: device report cannot invent measurements before combat
2026-10-07T05:41:45.0324545Z PASS: locally measured frame pacing is readable and copyable from Beta / Privacy
2026-10-07T05:41:45.0568927Z PASS: options exports a copyable save backup code
2026-10-07T05:41:45.0569507Z PASS: camp exposes import and a disabled undo until a restore exists
2026-10-07T05:41:45.0570225Z PASS: invalid backup entered through the UI leaves progress unchanged
2026-10-07T05:41:45.0727973Z PASS: large-text option updates labels already on screen
2026-10-07T05:41:45.0728484Z PASS: large-text preference is enabled
2026-10-07T05:41:45.0739437Z PASS: master mute affects both music and effects
2026-10-07T05:41:45.0739900Z PASS: muted effects never allocate a voice
2026-10-07T05:41:45.0769544Z PASS: music and effects volumes are independent
2026-10-07T05:41:45.0798854Z PASS: battery mode caps presentation at 30 FPS
2026-10-07T05:41:45.6122764Z PASS: battery mode reduces rendering resolution, MSAA and shadows
2026-10-07T05:41:45.6123620Z PASS: battery mode also disables architecture normal-map work
2026-10-07T05:41:45.6123987Z PASS: damage number preference reaches the 3D world
2026-10-07T05:41:45.6124326Z PASS: reduced-motion preference reaches the 3D world
2026-10-07T05:41:45.6124670Z PASS: reduced motion suppresses nonessential impact shake
2026-10-07T05:41:45.6605401Z PASS: opening options pauses an active run
2026-10-07T05:41:45.6607808Z PASS: options menu leaves exact combat state unchanged
2026-10-07T05:41:45.6693942Z PASS: balanced mode restores rendering immediately
2026-10-07T05:41:45.6694587Z PASS: balanced mode restores masonry relief on the same live world
2026-10-07T05:41:45.6695205Z PASS: balanced mode keeps the combat camera steady on impact
2026-10-07T05:41:45.6695856Z PASS: graphics changes cannot affect simulation, runs or rewards
2026-10-07T05:41:45.6747129Z PASS: Back closes menu and resumes previously active run
2026-10-07T05:41:45.6844232Z PASS: closing options preserves a manually paused run
2026-10-07T05:41:45.6844699Z PASS: background suspension stops playback and rejects new cues
2026-10-07T05:41:45.6845118Z PASS: foreground preserves muted music without replaying effects
2026-10-07T05:41:45.6872604Z PASS: unmuting music resumes its playback
2026-10-07T05:41:46.7257275Z PASS: performance samples stay in memory and are not restored from the save
2026-10-07T05:41:46.7258178Z PASS: audio, graphics, readability and motion preferences survive a cold start
2026-10-07T05:41:46.7261080Z PASS: paused expedition survives options and cold start
2026-10-07T05:41:46.7330499Z OPTIONS SMOKE: 82 checks, 0 failures
2026-10-07T05:41:46.8760754Z ##[group]Run XDG_DATA_HOME="$RUNNER_TEMP/emberfall-cloud-identity-data" timeout 120s godot --headless --path . --fixed-fps 60 --script tests/cloud_identity_smoke.gd
2026-10-07T05:41:46.8761593Z [36;1mXDG_DATA_HOME="$RUNNER_TEMP/emberfall-cloud-identity-data" timeout 120s godot --headless --path . --fixed-fps 60 --script tests/cloud_identity_smoke.gd[0m
2026-10-07T05:41:46.8817337Z shell: /usr/bin/bash -e {0}
2026-10-07T05:41:46.8817546Z env:
2026-10-07T05:41:46.8817795Z   JAVA_HOME: /opt/hostedtoolcache/Java_Temurin-Hotspot_jdk/17.0.20-1/x64
2026-10-07T05:41:46.8818173Z   JAVA_HOME_17_X64: /opt/hostedtoolcache/Java_Temurin-Hotspot_jdk/17.0.20-1/x64
2026-10-07T05:41:46.8818478Z   MAVEN_ARGS: -ntp
2026-10-07T05:41:46.8818846Z   ANDROID_HOME: /usr/local/lib/android/sdk
2026-10-07T05:41:46.8819089Z   ANDROID_SDK_ROOT: /usr/local/lib/android/sdk
2026-10-07T05:41:46.8819435Z   GODOT_ANDROID_KEYSTORE_RELEASE_PATH: /home/runner/work/_temp/emberfall-ci-upload.jks
2026-10-07T05:41:46.8819820Z   GODOT_ANDROID_KEYSTORE_RELEASE_USER: emberfall-ci
2026-10-07T05:41:46.8820346Z   GODOT_ANDROID_KEYSTORE_RELEASE_PASSWORD: ***
2026-10-07T05:41:46.8820581Z ##[endgroup]
2026-10-07T05:41:46.9055961Z Godot Engine v4.7.2.stable.official.ed1daf0bf - https://godotengine.org
2026-10-07T05:41:46.9290025Z 
2026-10-07T05:41:47.2837856Z PASS: new install has no local account or transfer key
2026-10-07T05:41:47.2838507Z PASS: malformed and non-hex device IDs are rejected
2026-10-07T05:41:47.2839216Z PASS: hexadecimal IDs accept clipboard case variations
2026-10-07T05:41:47.2839783Z PASS: initial guest ID and transfer key are written atomically
2026-10-07T05:41:47.2840340Z PASS: saved guest ID reloads from the identity file
2026-10-07T05:41:47.2840882Z PASS: saved transfer key reloads for display or revocation
2026-10-07T05:41:47.2841559Z PASS: crash-recovery fixture leaves the previous identity between rename steps
2026-10-07T05:41:47.2843176Z PASS: interrupted identity replacement restores the previous valid account
2026-10-07T05:41:47.2844226Z PASS: invalid replacement cannot overwrite a valid identity
2026-10-07T05:41:47.2846394Z PASS: rotated guest ID replaces the old identity
2026-10-07T05:41:47.2847601Z PASS: rotation clears the consumed transfer key
2026-10-07T05:41:47.2848034Z PASS: successful identity rotation leaves no staging or recovery file behind
2026-10-07T05:41:47.2851245Z PASS: missing guest IDs are generated from 128 random bits and persisted
2026-10-07T05:41:47.2851837Z PASS: generated guest ID survives a cold read
2026-10-07T05:41:47.2852288Z CLOUD IDENTITY SMOKE: 14 checks, 0 failures
2026-10-07T05:41:47.3229266Z ##[group]Run XDG_DATA_HOME="$RUNNER_TEMP/emberfall-ward-data" timeout 120s godot --headless --path . --fixed-fps 60 --script tests/mana_ward_smoke.gd
2026-10-07T05:41:47.3230060Z [36;1mXDG_DATA_HOME="$RUNNER_TEMP/emberfall-ward-data" timeout 120s godot --headless --path . --fixed-fps 60 --script tests/mana_ward_smoke.gd[0m
2026-10-07T05:41:47.3286201Z shell: /usr/bin/bash -e {0}
2026-10-07T05:41:47.3286413Z env:
2026-10-07T05:41:47.3286660Z   JAVA_HOME: /opt/hostedtoolcache/Java_Temurin-Hotspot_jdk/17.0.20-1/x64
2026-10-07T05:41:47.3287034Z   JAVA_HOME_17_X64: /opt/hostedtoolcache/Java_Temurin-Hotspot_jdk/17.0.20-1/x64
2026-10-07T05:41:47.3287334Z   MAVEN_ARGS: -ntp
2026-10-07T05:41:47.3287520Z   ANDROID_HOME: /usr/local/lib/android/sdk
2026-10-07T05:41:47.3287771Z   ANDROID_SDK_ROOT: /usr/local/lib/android/sdk
2026-10-07T05:41:47.3288106Z   GODOT_ANDROID_KEYSTORE_RELEASE_PATH: /home/runner/work/_temp/emberfall-ci-upload.jks
2026-10-07T05:41:47.3288489Z   GODOT_ANDROID_KEYSTORE_RELEASE_USER: emberfall-ci
2026-10-07T05:41:47.3289196Z   GODOT_ANDROID_KEYSTORE_RELEASE_PASSWORD: ***
2026-10-07T05:41:47.3289430Z ##[endgroup]
2026-10-07T05:41:47.3546546Z Godot Engine v4.7.2.stable.official.ed1daf0bf - https://godotengine.org
2026-10-07T05:41:47.3777210Z 
2026-10-07T05:41:47.7929264Z PASS: 35 damage absorbed at a cost of 70 Mana
2026-10-07T05:41:47.7929848Z PASS: visual events report absorbed and actual health damage separately
2026-10-07T05:41:47.7930467Z PASS: partial ward uses only Mana above one ability cast
2026-10-07T05:41:47.7930886Z PASS: reserve prevents absorption without preventing incoming damage
2026-10-07T05:41:47.7931305Z PASS: odd Mana cannot buy fractional absorption or cross the reserve
2026-10-07T05:41:47.7931635Z PASS: empty Mana never becomes negative
2026-10-07T05:41:47.7931946Z PASS: ward applies after armor mitigation
2026-10-07T05:41:47.7932675Z PASS: minimum hit does not create free absorption
2026-10-07T05:41:47.7934792Z PASS: Vowkeeper: ward is exclusive to Arcanist
2026-10-07T05:41:47.7936860Z PASS: Ranger: ward is exclusive to Arcanist
2026-10-07T05:41:47.7941458Z PASS: old expedition checkpoint retains its original rules
2026-10-07T05:41:47.8028301Z PASS: old checkpoint produces exactly the same outcome after update
2026-10-07T05:41:47.8042080Z PASS: ward combat checkpoint restores bit-exactly
2026-10-07T05:41:47.8154684Z PASS: ward checkpoint preserves final outcome and RNG
2026-10-07T05:41:47.8155226Z PASS: invalid ward stat rejected: -0.1
2026-10-07T05:41:47.8156232Z PASS: invalid ward stat rejected: 0.51
2026-10-07T05:41:47.8157250Z PASS: invalid ward stat rejected: inf
2026-10-07T05:41:47.8158216Z PASS: invalid ward stat rejected: nan
2026-10-07T05:41:47.8159344Z PASS: invalid ward stat rejected: ward
2026-10-07T05:41:50.1953894Z PASS: new Arcanist expeditions receive the ward stat
2026-10-07T05:41:50.1954319Z PASS: Spirit adds a usable defensive Mana pool
2026-10-07T05:41:50.2805749Z PASS: live and skipped ward combat remain identical
2026-10-07T05:41:50.2806194Z PASS: automatic combat uses both ward and Nova
2026-10-07T05:41:51.3061839Z PASS: Arcanist world and HUD expose ward feedback
2026-10-07T05:41:51.3062444Z PASS: absorbing damage displays the shield shell
2026-10-07T05:41:51.3435952Z PASS: shield feedback expires without changing the simulation rules
2026-10-07T05:41:51.3500603Z PASS: game save preserves a paused ward-enabled expedition
2026-10-07T05:41:51.3670772Z MANA WARD SMOKE: 27 checks, 0 failures
2026-10-07T05:41:51.5557004Z ##[group]Run XDG_DATA_HOME="$RUNNER_TEMP/emberfall-boss-data" timeout 120s godot --headless --path . --fixed-fps 60 --script tests/boss_patterns_smoke.gd
2026-10-07T05:41:51.5557790Z [36;1mXDG_DATA_HOME="$RUNNER_TEMP/emberfall-boss-data" timeout 120s godot --headless --path . --fixed-fps 60 --script tests/boss_patterns_smoke.gd[0m
2026-10-07T05:41:51.5613580Z shell: /usr/bin/bash -e {0}
2026-10-07T05:41:51.5613789Z env:
2026-10-07T05:41:51.5614031Z   JAVA_HOME: /opt/hostedtoolcache/Java_Temurin-Hotspot_jdk/17.0.20-1/x64
2026-10-07T05:41:51.5614407Z   JAVA_HOME_17_X64: /opt/hostedtoolcache/Java_Temurin-Hotspot_jdk/17.0.20-1/x64
2026-10-07T05:41:51.5614706Z   MAVEN_ARGS: -ntp
2026-10-07T05:41:51.5614894Z   ANDROID_HOME: /usr/local/lib/android/sdk
2026-10-07T05:41:51.5615129Z   ANDROID_SDK_ROOT: /usr/local/lib/android/sdk
2026-10-07T05:41:51.5615467Z   GODOT_ANDROID_KEYSTORE_RELEASE_PATH: /home/runner/work/_temp/emberfall-ci-upload.jks
2026-10-07T05:41:51.5615853Z   GODOT_ANDROID_KEYSTORE_RELEASE_USER: emberfall-ci
2026-10-07T05:41:51.5616482Z   GODOT_ANDROID_KEYSTORE_RELEASE_PASSWORD: ***
2026-10-07T05:41:51.5616716Z ##[endgroup]
2026-10-07T05:41:51.5866310Z Godot Engine v4.7.2.stable.official.ed1daf0bf - https://godotengine.org
2026-10-07T05:41:51.6096710Z 
2026-10-07T05:41:52.0609777Z PASS: bell ring has a safe center and exterior
2026-10-07T05:41:52.0610419Z PASS: tidal lane uses its committed direction
2026-10-07T05:41:52.0610937Z PASS: grave bloom has three distinct blast circles
2026-10-07T05:41:52.0611446Z PASS: furnace cross leaves safe diagonal sectors
2026-10-07T05:41:52.0612018Z PASS: region 0 has two distinct, readable boss telegraphs
2026-10-07T05:41:52.0613714Z PASS: region 0 alternate attack has a reachable safe point
2026-10-07T05:41:52.0617044Z PASS: region 0 automatic dodge avoids its alternate attack
2026-10-07T05:41:52.0623622Z PASS: region 0 boss pattern selection replays from its seed
2026-10-07T05:41:52.0633678Z PASS: region 0 selected warning restores exactly
2026-10-07T05:41:52.0634698Z PASS: region 0 boss alternates shape after a saved warning
2026-10-07T05:41:52.0635113Z PASS: region 1 has two distinct, readable boss telegraphs
2026-10-07T05:41:52.0637451Z PASS: region 1 alternate attack has a reachable safe point
2026-10-07T05:41:52.0639528Z PASS: region 1 automatic dodge avoids its alternate attack
2026-10-07T05:41:52.0645452Z PASS: region 1 boss pattern selection replays from its seed
2026-10-07T05:41:52.0655038Z PASS: region 1 selected warning restores exactly
2026-10-07T05:41:52.0655844Z PASS: region 1 boss alternates shape after a saved warning
2026-10-07T05:41:52.0656533Z PASS: region 2 has two distinct, readable boss telegraphs
2026-10-07T05:41:52.0659973Z PASS: region 2 alternate attack has a reachable safe point
2026-10-07T05:41:52.0663076Z PASS: region 2 automatic dodge avoids its alternate attack
2026-10-07T05:41:52.0668995Z PASS: region 2 boss pattern selection replays from its seed
2026-10-07T05:41:52.0678657Z PASS: region 2 selected warning restores exactly
2026-10-07T05:41:52.0679344Z PASS: region 2 boss alternates shape after a saved warning
2026-10-07T05:41:52.0679956Z PASS: region 3 has two distinct, readable boss telegraphs
2026-10-07T05:41:52.0683319Z PASS: region 3 alternate attack has a reachable safe point
2026-10-07T05:41:52.0686348Z PASS: region 3 automatic dodge avoids its alternate attack
2026-10-07T05:41:52.0692257Z PASS: region 3 boss pattern selection replays from its seed
2026-10-07T05:41:52.0702014Z PASS: region 3 selected warning restores exactly
2026-10-07T05:41:52.0702885Z PASS: region 3 boss alternates shape after a saved warning
2026-10-07T05:41:52.0705734Z PASS: region 0: generated warning validates
2026-10-07T05:41:52.0708024Z PASS: region 0: escape stays inside walkable bounds
2026-10-07T05:41:52.0710034Z PASS: region 0: hero reacts automatically
2026-10-07T05:41:52.0712174Z PASS: region 0: automatic escape avoids actual damage
2026-10-07T05:41:52.0714517Z PASS: region 0: standing in danger takes one resolved hit
2026-10-07T05:41:52.0717180Z PASS: region 0: half-health phase strengthens future attacks
2026-10-07T05:41:52.0717783Z PASS: region 0: awakening announces exactly once
2026-10-07T05:41:52.0723809Z PASS: region 0: mid-cast checkpoint is exact
2026-10-07T05:41:52.0734998Z PASS: region 0: resumed boss phase finishes identically
2026-10-07T05:41:52.0737437Z PASS: region 0: invalid telegraph rejected
2026-10-07T05:41:52.4613219Z PASS: region 0 Vowkeeper: all 64 live/skip outcomes agree
2026-10-07T05:41:52.8272548Z PASS: region 0 Arcanist: all 64 live/skip outcomes agree
2026-10-07T05:41:53.1570403Z PASS: region 0 Ranger: all 64 live/skip outcomes agree
2026-10-07T05:41:57.7006361Z PASS: region 0: restored warning has complete fill, dark backing and orange contour geometry
2026-10-07T05:41:57.7007311Z PASS: region 0: restored warning retains its distinct fill, backing and contour materials
2026-10-07T05:41:57.7008087Z PASS: region 0: dark backing extends beyond the orange danger contour
2026-10-07T05:41:57.7009863Z PASS: region 0: restored warning immediately displays its countdown
2026-10-07T05:41:57.7010386Z PASS: region 0: HUD names the current boss attack
2026-10-07T05:41:57.7010857Z PASS: region 0: paused boss and warning remain frozen
2026-10-07T05:41:57.7224443Z PASS: region 1: generated warning validates
2026-10-07T05:41:57.7225140Z PASS: region 1: escape stays inside walkable bounds
2026-10-07T05:41:57.7227174Z PASS: region 1: hero reacts automatically
2026-10-07T05:41:57.7229394Z PASS: region 1: automatic escape avoids actual damage
2026-10-07T05:41:57.7232105Z PASS: region 1: standing in danger takes one resolved hit
2026-10-07T05:41:57.7234729Z PASS: region 1: half-health phase strengthens future attacks
2026-10-07T05:41:57.7235256Z PASS: region 1: awakening announces exactly once
2026-10-07T05:41:57.7243127Z PASS: region 1: mid-cast checkpoint is exact
2026-10-07T05:41:57.7273753Z PASS: region 1: resumed boss phase finishes identically
2026-10-07T05:41:57.7276418Z PASS: region 1: invalid telegraph rejected
2026-10-07T05:41:58.7848848Z PASS: region 1 Vowkeeper: all 64 live/skip outcomes agree
2026-10-07T05:41:59.7095572Z PASS: region 1 Arcanist: all 64 live/skip outcomes agree
2026-10-07T05:42:00.4495936Z PASS: region 1 Ranger: all 64 live/skip outcomes agree
2026-10-07T05:42:02.2486251Z PASS: region 1: restored warning has complete fill, dark backing and orange contour geometry
2026-10-07T05:42:02.2487265Z PASS: region 1: restored warning retains its distinct fill, backing and contour materials
2026-10-07T05:42:02.2487985Z PASS: region 1: dark backing extends beyond the orange danger contour
2026-10-07T05:42:02.2488747Z PASS: region 1: restored warning immediately displays its countdown
2026-10-07T05:42:02.2489271Z PASS: region 1: HUD names the current boss attack
2026-10-07T05:42:02.2489719Z PASS: region 1: paused boss and warning remain frozen
2026-10-07T05:42:02.2729648Z PASS: region 2: generated warning validates
2026-10-07T05:42:02.2730516Z PASS: region 2: escape stays inside walkable bounds
2026-10-07T05:42:02.2732791Z PASS: region 2: hero reacts automatically
2026-10-07T05:42:02.2734863Z PASS: region 2: automatic escape avoids actual damage
2026-10-07T05:42:02.2737537Z PASS: region 2: standing in danger takes one resolved hit
2026-10-07T05:42:02.2740441Z PASS: region 2: half-health phase strengthens future attacks
2026-10-07T05:42:02.2741029Z PASS: region 2: awakening announces exactly once
2026-10-07T05:42:02.2748897Z PASS: region 2: mid-cast checkpoint is exact
2026-10-07T05:42:02.2806815Z PASS: region 2: resumed boss phase finishes identically
2026-10-07T05:42:02.2809711Z PASS: region 2: invalid telegraph rejected
2026-10-07T05:42:04.1632251Z PASS: region 2 Vowkeeper: all 64 live/skip outcomes agree
2026-10-07T05:42:06.4930873Z PASS: region 2 Arcanist: all 64 live/skip outcomes agree
2026-10-07T05:42:07.9422802Z PASS: region 2 Ranger: all 64 live/skip outcomes agree
2026-10-07T05:42:09.7509858Z PASS: region 2: restored warning has complete fill, dark backing and orange contour geometry
2026-10-07T05:42:09.7510959Z PASS: region 2: restored warning retains its distinct fill, backing and contour materials
2026-10-07T05:42:09.7511673Z PASS: region 2: dark backing extends beyond the orange danger contour
2026-10-07T05:42:09.7512093Z PASS: region 2: restored warning immediately displays its countdown
2026-10-07T05:42:09.7512461Z PASS: region 2: HUD names the current boss attack
2026-10-07T05:42:09.7512961Z PASS: region 2: paused boss and warning remain frozen
2026-10-07T05:42:09.7705781Z PASS: region 3: generated warning validates
2026-10-07T05:42:09.7707400Z PASS: region 3: escape stays inside walkable bounds
2026-10-07T05:42:09.7709138Z PASS: region 3: hero reacts automatically
2026-10-07T05:42:09.7711068Z PASS: region 3: automatic escape avoids actual damage
2026-10-07T05:42:09.7713127Z PASS: region 3: standing in danger takes one resolved hit
2026-10-07T05:42:09.7715298Z PASS: region 3: half-health phase strengthens future attacks
2026-10-07T05:42:09.7715821Z PASS: region 3: awakening announces exactly once
2026-10-07T05:42:09.7723550Z PASS: region 3: mid-cast checkpoint is exact
2026-10-07T05:42:09.7795277Z PASS: region 3: resumed boss phase finishes identically
2026-10-07T05:42:09.7797702Z PASS: region 3: invalid telegraph rejected
2026-10-07T05:42:12.3423274Z PASS: region 3 Vowkeeper: all 64 live/skip outcomes agree
2026-10-07T05:42:14.9704194Z PASS: region 3 Arcanist: all 64 live/skip outcomes agree
2026-10-07T05:42:17.0690316Z PASS: region 3 Ranger: all 64 live/skip outcomes agree
2026-10-07T05:42:18.6980402Z PASS: region 3: restored warning has complete fill, dark backing and orange contour geometry
2026-10-07T05:42:18.6981358Z PASS: region 3: restored warning retains its distinct fill, backing and contour materials
2026-10-07T05:42:18.6982116Z PASS: region 3: dark backing extends beyond the orange danger contour
2026-10-07T05:42:18.6982721Z PASS: region 3: restored warning immediately displays its countdown
2026-10-07T05:42:18.6983224Z PASS: region 3: HUD names the current boss attack
2026-10-07T05:42:18.6983728Z PASS: region 3: paused boss and warning remain frozen
2026-10-07T05:42:18.7226306Z PASS: pre-0.9 checkpoint does not enable new patterns
2026-10-07T05:42:18.7256877Z PASS: legacy circular boss continues exactly
2026-10-07T05:42:18.7285880Z PASS: exact 0.8 reference: region 0 Vowkeeper
2026-10-07T05:42:18.7306082Z PASS: exact 0.8 reference: region 0 Arcanist
2026-10-07T05:42:18.7325313Z PASS: exact 0.8 reference: region 0 Ranger
2026-10-07T05:42:18.7357252Z PASS: exact 0.8 reference: region 1 Vowkeeper
2026-10-07T05:42:18.7389094Z PASS: exact 0.8 reference: region 1 Arcanist
2026-10-07T05:42:18.7409001Z PASS: exact 0.8 reference: region 1 Ranger
2026-10-07T05:42:18.7457856Z PASS: exact 0.8 reference: region 2 Vowkeeper
2026-10-07T05:42:18.7529927Z PASS: exact 0.8 reference: region 2 Arcanist
2026-10-07T05:42:18.7564966Z PASS: exact 0.8 reference: region 2 Ranger
2026-10-07T05:42:18.7642760Z PASS: exact 0.8 reference: region 3 Vowkeeper
2026-10-07T05:42:18.7753689Z PASS: exact 0.8 reference: region 3 Arcanist
2026-10-07T05:42:18.7806537Z PASS: exact 0.8 reference: region 3 Ranger
2026-10-07T05:42:18.7807036Z PASS: malformed geometry rejected: circle
2026-10-07T05:42:18.7807470Z PASS: malformed geometry rejected: beam
2026-10-07T05:42:18.7807888Z PASS: malformed geometry rejected: annulus
2026-10-07T05:42:18.7808183Z PASS: unknown boss pattern variant is rejected
2026-10-07T05:42:18.7808492Z BOSS PATTERNS SMOKE: 122 checks, 0 failures
2026-10-07T05:42:18.8834771Z ##[group]Run XDG_DATA_HOME="$RUNNER_TEMP/emberfall-loot-data" timeout 120s godot --headless --path . --fixed-fps 60 --script tests/class_loot_smoke.gd
2026-10-07T05:42:18.8835582Z [36;1mXDG_DATA_HOME="$RUNNER_TEMP/emberfall-loot-data" timeout 120s godot --headless --path . --fixed-fps 60 --script tests/class_loot_smoke.gd[0m
2026-10-07T05:42:18.8836307Z [36;1mXDG_DATA_HOME="$RUNNER_TEMP/emberfall-tactics-data" timeout 120s godot --headless --path . --fixed-fps 60 --script tests/arcane_tactics_smoke.gd[0m
2026-10-07T05:42:18.8892569Z shell: /usr/bin/bash -e {0}
2026-10-07T05:42:18.8892773Z env:
2026-10-07T05:42:18.8893026Z   JAVA_HOME: /opt/hostedtoolcache/Java_Temurin-Hotspot_jdk/17.0.20-1/x64
2026-10-07T05:42:18.8893411Z   JAVA_HOME_17_X64: /opt/hostedtoolcache/Java_Temurin-Hotspot_jdk/17.0.20-1/x64
2026-10-07T05:42:18.8893709Z   MAVEN_ARGS: -ntp
2026-10-07T05:42:18.8894086Z   ANDROID_HOME: /usr/local/lib/android/sdk
2026-10-07T05:42:18.8894350Z   ANDROID_SDK_ROOT: /usr/local/lib/android/sdk
2026-10-07T05:42:18.8894693Z   GODOT_ANDROID_KEYSTORE_RELEASE_PATH: /home/runner/work/_temp/emberfall-ci-upload.jks
2026-10-07T05:42:18.8895090Z   GODOT_ANDROID_KEYSTORE_RELEASE_USER: emberfall-ci
2026-10-07T05:42:18.8895661Z   GODOT_ANDROID_KEYSTORE_RELEASE_PASSWORD: ***
2026-10-07T05:42:18.8895899Z ##[endgroup]
2026-10-07T05:42:18.9132173Z Godot Engine v4.7.2.stable.official.ed1daf0bf - https://godotengine.org
2026-10-07T05:42:18.9364755Z 
2026-10-07T05:42:21.2436300Z PASS: Vowkeeper: all 5000 finds include the class primary attribute
2026-10-07T05:42:21.2437093Z PASS: Vowkeeper: quality controls affix count without duplicates
2026-10-07T05:42:21.2437749Z PASS: Vowkeeper: item values and all ten tiers stay valid
2026-10-07T05:42:21.2438384Z PASS: Vowkeeper: every item has a name from its class and slot
2026-10-07T05:42:21.2439171Z PASS: Vowkeeper: all qualities and slots remain obtainable
2026-10-07T05:42:21.2439783Z PASS: Vowkeeper: boss loot is always rare or better
2026-10-07T05:42:21.2440347Z PASS: Vowkeeper: same seed reproduces the entire item
2026-10-07T05:42:21.2974779Z PASS: Arcanist: all 5000 finds include the class primary attribute
2026-10-07T05:42:21.2975514Z PASS: Arcanist: quality controls affix count without duplicates
2026-10-07T05:42:21.2976147Z PASS: Arcanist: item values and all ten tiers stay valid
2026-10-07T05:42:21.2976754Z PASS: Arcanist: every item has a name from its class and slot
2026-10-07T05:42:21.2977370Z PASS: Arcanist: all qualities and slots remain obtainable
2026-10-07T05:42:21.2977915Z PASS: Arcanist: boss loot is always rare or better
2026-10-07T05:42:21.2978457Z PASS: Arcanist: same seed reproduces the entire item
2026-10-07T05:42:21.3519223Z PASS: Ranger: all 5000 finds include the class primary attribute
2026-10-07T05:42:21.3519827Z PASS: Ranger: quality controls affix count without duplicates
2026-10-07T05:42:21.3520339Z PASS: Ranger: item values and all ten tiers stay valid
2026-10-07T05:42:21.3520918Z PASS: Ranger: every item has a name from its class and slot
2026-10-07T05:42:21.3521449Z PASS: Ranger: all qualities and slots remain obtainable
2026-10-07T05:42:21.3521944Z PASS: Ranger: boss loot is always rare or better
2026-10-07T05:42:21.3522430Z PASS: Ranger: same seed reproduces the entire item
2026-10-07T05:42:21.3523122Z PASS: tier input stays within T1–T10
2026-10-07T05:42:21.3523682Z PASS: class changes affixes and names without changing quality or sell value
2026-10-07T05:42:21.3524291Z PASS: watched and offline rewards produce identical gear
2026-10-07T05:42:21.3524793Z PASS: watched and offline Gold and XP remain identical
2026-10-07T05:42:21.3525273Z PASS: completed expedition class determines the drops
2026-10-07T05:42:22.1531276Z PASS: attunement never prevents another class from equipping an item
2026-10-07T05:42:22.1544303Z PASS: class metadata and existing equipment survive save/load without rerolling
2026-10-07T05:42:22.1551392Z PASS: item card explains attunement and cross-class use
2026-10-07T05:42:22.1639114Z CLASS LOOT SMOKE: 29 checks, 0 failures
2026-10-07T05:42:22.3275920Z Godot Engine v4.7.2.stable.official.ed1daf0bf - https://godotengine.org
2026-10-07T05:42:22.3508214Z 
2026-10-07T05:42:22.7647287Z PASS: Arcanist moves between attacks at walking speed
2026-10-07T05:42:22.7648015Z PASS: spacing is visible in the action and grants no Mana or dodge reset
2026-10-07T05:42:22.7648918Z PASS: committed casting remains stationary and completes normally
2026-10-07T05:42:22.7651381Z PASS: spacing does not enter an announced ground hazard
2026-10-07T05:42:22.7653609Z PASS: Vowkeeper: Arcanist spacing is not applied
2026-10-07T05:42:22.7655738Z PASS: Ranger: Arcanist spacing is not applied
2026-10-07T05:42:22.7658083Z PASS: old expeditions retain stationary spell recovery
2026-10-07T05:42:22.7663919Z PASS: repositioning remains inside the narrow bridge and encounter area
2026-10-07T05:42:22.7666431Z PASS: Nova uses legacy 3.2 radius without hitting beyond it
2026-10-07T05:42:22.7667496Z PASS: Nova presentation receives the actual impact center and radius
2026-10-07T05:42:22.7668984Z PASS: Nova uses 4.5 radius without hitting beyond it
2026-10-07T05:42:22.7669625Z PASS: Nova presentation receives the actual impact center and radius
2026-10-07T05:42:22.7677851Z PASS: checkpoint after repositioning restores exactly
2026-10-07T05:42:22.7773204Z PASS: resumed tactics preserve final combat and RNG
2026-10-07T05:42:22.7774156Z PASS: invalid tactics flag rejected: -1
2026-10-07T05:42:22.7775413Z PASS: invalid tactics flag rejected: 2
2026-10-07T05:42:22.7776586Z PASS: invalid tactics flag rejected: 1.0
2026-10-07T05:42:22.7777759Z PASS: invalid tactics flag rejected: enabled
2026-10-07T05:42:23.3347438Z PASS: region 0: all 64 Arcanist tactics outcomes match live/skip
2026-10-07T05:42:24.8901079Z PASS: region 1: all 64 Arcanist tactics outcomes match live/skip
2026-10-07T05:42:28.6456097Z PASS: region 2: all 64 Arcanist tactics outcomes match live/skip
2026-10-07T05:42:33.9068766Z PASS: region 3: all 64 Arcanist tactics outcomes match live/skip
2026-10-07T05:42:33.9102455Z PASS: exact 0.9 Arcanist reference on floor 1.0
2026-10-07T05:42:33.9177447Z PASS: exact 0.9 Arcanist reference on floor 11.0
2026-10-07T05:42:33.9364086Z PASS: exact 0.9 Arcanist reference on floor 21.0
2026-10-07T05:42:33.9567913Z PASS: exact 0.9 Arcanist reference on floor 31.0
2026-10-07T05:42:36.3639518Z PASS: new Arcanist expeditions enable the tactics rules
2026-10-07T05:42:37.3712495Z PASS: world displays a Nova pulse with the simulated radius
2026-10-07T05:42:37.3713096Z PASS: Nova effect expires and releases its scene node
2026-10-07T05:42:37.3889196Z ARCANE TACTICS SMOKE: 29 checks, 0 failures
2026-10-07T05:42:37.5369549Z ##[group]Run XDG_DATA_HOME="$RUNNER_TEMP/emberfall-journey-data" timeout 600s godot --headless --path . --fixed-fps 60 --script tests/journey_smoke.gd
2026-10-07T05:42:37.5370323Z [36;1mXDG_DATA_HOME="$RUNNER_TEMP/emberfall-journey-data" timeout 600s godot --headless --path . --fixed-fps 60 --script tests/journey_smoke.gd[0m
2026-10-07T05:42:37.5426453Z shell: /usr/bin/bash -e {0}
2026-10-07T05:42:37.5426665Z env:
2026-10-07T05:42:37.5426910Z   JAVA_HOME: /opt/hostedtoolcache/Java_Temurin-Hotspot_jdk/17.0.20-1/x64
2026-10-07T05:42:37.5427289Z   JAVA_HOME_17_X64: /opt/hostedtoolcache/Java_Temurin-Hotspot_jdk/17.0.20-1/x64
2026-10-07T05:42:37.5427590Z   MAVEN_ARGS: -ntp
2026-10-07T05:42:37.5427779Z   ANDROID_HOME: /usr/local/lib/android/sdk
2026-10-07T05:42:37.5428018Z   ANDROID_SDK_ROOT: /usr/local/lib/android/sdk
2026-10-07T05:42:37.5428362Z   GODOT_ANDROID_KEYSTORE_RELEASE_PATH: /home/runner/work/_temp/emberfall-ci-upload.jks
2026-10-07T05:42:37.5428918Z   GODOT_ANDROID_KEYSTORE_RELEASE_USER: emberfall-ci
2026-10-07T05:42:37.5429411Z   GODOT_ANDROID_KEYSTORE_RELEASE_PASSWORD: ***
2026-10-07T05:42:37.5429650Z ##[endgroup]
2026-10-07T05:42:37.5668485Z Godot Engine v4.7.2.stable.official.ed1daf0bf - https://godotengine.org
2026-10-07T05:42:37.5904096Z 
2026-10-07T05:42:39.8636963Z PASS: seed 0 reproduces its route, enemy lineups and spawns
2026-10-07T05:42:39.8637391Z PASS: run seed 0 reproduces its passage bends
2026-10-07T05:42:39.8637709Z PASS: run seed 0 reproduces its wandering corridor
2026-10-07T05:42:39.8638030Z PASS: run seed 0 reproduces its exploratory corridor
2026-10-07T05:42:40.0100435Z PASS: seed 1 reproduces its route, enemy lineups and spawns
2026-10-07T05:42:40.0101077Z PASS: run seed 1 reproduces its passage bends
2026-10-07T05:42:40.0101623Z PASS: run seed 1 reproduces its wandering corridor
2026-10-07T05:42:40.0102168Z PASS: run seed 1 reproduces its exploratory corridor
2026-10-07T05:42:40.1672195Z PASS: seed 2 reproduces its route, enemy lineups and spawns
2026-10-07T05:42:40.1672849Z PASS: run seed 2 reproduces its passage bends
2026-10-07T05:42:40.1673367Z PASS: run seed 2 reproduces its wandering corridor
2026-10-07T05:42:40.1673913Z PASS: run seed 2 reproduces its exploratory corridor
2026-10-07T05:42:40.3042918Z PASS: seed 3 reproduces its route, enemy lineups and spawns
2026-10-07T05:42:40.3043919Z PASS: run seed 3 reproduces its passage bends
2026-10-07T05:42:40.3044448Z PASS: run seed 3 reproduces its wandering corridor
2026-10-07T05:42:40.3044990Z PASS: run seed 3 reproduces its exploratory corridor
2026-10-07T05:42:40.4518275Z PASS: seed 4 reproduces its route, enemy lineups and spawns
2026-10-07T05:42:40.4519073Z PASS: run seed 4 reproduces its passage bends
2026-10-07T05:42:40.4519601Z PASS: run seed 4 reproduces its wandering corridor
2026-10-07T05:42:40.4520150Z PASS: run seed 4 reproduces its exploratory corridor
2026-10-07T05:42:40.6121371Z PASS: seed 5 reproduces its route, enemy lineups and spawns
2026-10-07T05:42:40.6122040Z PASS: run seed 5 reproduces its passage bends
2026-10-07T05:42:40.6122568Z PASS: run seed 5 reproduces its wandering corridor
2026-10-07T05:42:40.7691111Z PASS: run seed 5 reproduces its exploratory corridor
2026-10-07T05:42:40.7691791Z PASS: seed 6 reproduces its route, enemy lineups and spawns
2026-10-07T05:42:40.7692401Z PASS: run seed 6 reproduces its passage bends
2026-10-07T05:42:40.7692944Z PASS: run seed 6 reproduces its wandering corridor
2026-10-07T05:42:40.7693492Z PASS: run seed 6 reproduces its exploratory corridor
2026-10-07T05:42:40.9143514Z PASS: seed 7 reproduces its route, enemy lineups and spawns
2026-10-07T05:42:40.9144151Z PASS: run seed 7 reproduces its passage bends
2026-10-07T05:42:40.9144675Z PASS: run seed 7 reproduces its wandering corridor
2026-10-07T05:42:41.0703507Z PASS: run seed 7 reproduces its exploratory corridor
2026-10-07T05:42:41.0704180Z PASS: seed 8 reproduces its route, enemy lineups and spawns
2026-10-07T05:42:41.0704733Z PASS: run seed 8 reproduces its passage bends
2026-10-07T05:42:41.0705725Z PASS: run seed 8 reproduces its wandering corridor
2026-10-07T05:42:41.0706287Z PASS: run seed 8 reproduces its exploratory corridor
2026-10-07T05:42:41.2070775Z PASS: seed 9 reproduces its route, enemy lineups and spawns
2026-10-07T05:42:41.2071393Z PASS: run seed 9 reproduces its passage bends
2026-10-07T05:42:41.2071945Z PASS: run seed 9 reproduces its wandering corridor
2026-10-07T05:42:41.2072496Z PASS: run seed 9 reproduces its exploratory corridor
2026-10-07T05:42:41.3441937Z PASS: seed 10 reproduces its route, enemy lineups and spawns
2026-10-07T05:42:41.3442576Z PASS: run seed 10 reproduces its passage bends
2026-10-07T05:42:41.3443098Z PASS: run seed 10 reproduces its wandering corridor
2026-10-07T05:42:41.3443649Z PASS: run seed 10 reproduces its exploratory corridor
2026-10-07T05:42:41.4813875Z PASS: seed 11 reproduces its route, enemy lineups and spawns
2026-10-07T05:42:41.4814502Z PASS: run seed 11 reproduces its passage bends
2026-10-07T05:42:41.4815078Z PASS: run seed 11 reproduces its wandering corridor
2026-10-07T05:42:41.4815635Z PASS: run seed 11 reproduces its exploratory corridor
2026-10-07T05:42:41.6183596Z PASS: seed 12 reproduces its route, enemy lineups and spawns
2026-10-07T05:42:41.6184224Z PASS: run seed 12 reproduces its passage bends
2026-10-07T05:42:41.6184788Z PASS: run seed 12 reproduces its wandering corridor
2026-10-07T05:42:41.6185339Z PASS: run seed 12 reproduces its exploratory corridor
2026-10-07T05:42:41.7545626Z PASS: seed 13 reproduces its route, enemy lineups and spawns
2026-10-07T05:42:41.7546251Z PASS: run seed 13 reproduces its passage bends
2026-10-07T05:42:41.7546785Z PASS: run seed 13 reproduces its wandering corridor
2026-10-07T05:42:41.7547332Z PASS: run seed 13 reproduces its exploratory corridor
2026-10-07T05:42:41.8908112Z PASS: seed 14 reproduces its route, enemy lineups and spawns
2026-10-07T05:42:41.8908911Z PASS: run seed 14 reproduces its passage bends
2026-10-07T05:42:41.8909447Z PASS: run seed 14 reproduces its wandering corridor
2026-10-07T05:42:41.8910038Z PASS: run seed 14 reproduces its exploratory corridor
2026-10-07T05:42:42.0358947Z PASS: seed 15 reproduces its route, enemy lineups and spawns
2026-10-07T05:42:42.0359582Z PASS: run seed 15 reproduces its passage bends
2026-10-07T05:42:42.0360114Z PASS: run seed 15 reproduces its wandering corridor
2026-10-07T05:42:42.0361061Z PASS: run seed 15 reproduces its exploratory corridor
2026-10-07T05:42:42.1819479Z PASS: seed 16 reproduces its route, enemy lineups and spawns
2026-10-07T05:42:42.1820126Z PASS: run seed 16 reproduces its passage bends
2026-10-07T05:42:42.1820686Z PASS: run seed 16 reproduces its wandering corridor
2026-10-07T05:42:42.1821228Z PASS: run seed 16 reproduces its exploratory corridor
2026-10-07T05:42:42.3266820Z PASS: seed 17 reproduces its route, enemy lineups and spawns
2026-10-07T05:42:42.3267439Z PASS: run seed 17 reproduces its passage bends
2026-10-07T05:42:42.3267966Z PASS: run seed 17 reproduces its wandering corridor
2026-10-07T05:42:42.3268737Z PASS: run seed 17 reproduces its exploratory corridor
2026-10-07T05:42:42.4820161Z PASS: seed 18 reproduces its route, enemy lineups and spawns
2026-10-07T05:42:42.4820799Z PASS: run seed 18 reproduces its passage bends
2026-10-07T05:42:42.4821379Z PASS: run seed 18 reproduces its wandering corridor
2026-10-07T05:42:42.4821960Z PASS: run seed 18 reproduces its exploratory corridor
2026-10-07T05:42:42.6169456Z PASS: seed 19 reproduces its route, enemy lineups and spawns
2026-10-07T05:42:42.6170081Z PASS: run seed 19 reproduces its passage bends
2026-10-07T05:42:42.6170612Z PASS: run seed 19 reproduces its wandering corridor
2026-10-07T05:42:42.6171163Z PASS: run seed 19 reproduces its exploratory corridor
2026-10-07T05:42:42.7732222Z PASS: seed 20 reproduces its route, enemy lineups and spawns
2026-10-07T05:42:42.7732842Z PASS: run seed 20 reproduces its passage bends
2026-10-07T05:42:42.7733383Z PASS: run seed 20 reproduces its wandering corridor
2026-10-07T05:42:42.7733928Z PASS: run seed 20 reproduces its exploratory corridor
2026-10-07T05:42:42.9084914Z PASS: seed 21 reproduces its route, enemy lineups and spawns
2026-10-07T05:42:42.9085574Z PASS: run seed 21 reproduces its passage bends
2026-10-07T05:42:42.9086091Z PASS: run seed 21 reproduces its wandering corridor
2026-10-07T05:42:42.9086641Z PASS: run seed 21 reproduces its exploratory corridor
2026-10-07T05:42:43.0455664Z PASS: seed 22 reproduces its route, enemy lineups and spawns
2026-10-07T05:42:43.0456302Z PASS: run seed 22 reproduces its passage bends
2026-10-07T05:42:43.0456832Z PASS: run seed 22 reproduces its wandering corridor
2026-10-07T05:42:43.0457383Z PASS: run seed 22 reproduces its exploratory corridor
2026-10-07T05:42:43.1823158Z PASS: seed 23 reproduces its route, enemy lineups and spawns
2026-10-07T05:42:43.1823799Z PASS: run seed 23 reproduces its passage bends
2026-10-07T05:42:43.1824328Z PASS: run seed 23 reproduces its wandering corridor
2026-10-07T05:42:43.1824875Z PASS: run seed 23 reproduces its exploratory corridor
2026-10-07T05:42:43.3191490Z PASS: seed 24 reproduces its route, enemy lineups and spawns
2026-10-07T05:42:43.3192157Z PASS: run seed 24 reproduces its passage bends
2026-10-07T05:42:43.3192689Z PASS: run seed 24 reproduces its wandering corridor
2026-10-07T05:42:43.3193245Z PASS: run seed 24 reproduces its exploratory corridor
2026-10-07T05:42:43.4567161Z PASS: seed 25 reproduces its route, enemy lineups and spawns
2026-10-07T05:42:43.4567792Z PASS: run seed 25 reproduces its passage bends
2026-10-07T05:42:43.4568325Z PASS: run seed 25 reproduces its wandering corridor
2026-10-07T05:42:43.4569031Z PASS: run seed 25 reproduces its exploratory corridor
2026-10-07T05:42:43.5944867Z PASS: seed 26 reproduces its route, enemy lineups and spawns
2026-10-07T05:42:43.5945509Z PASS: run seed 26 reproduces its passage bends
2026-10-07T05:42:43.5946041Z PASS: run seed 26 reproduces its wandering corridor
2026-10-07T05:42:43.5946587Z PASS: run seed 26 reproduces its exploratory corridor
2026-10-07T05:42:43.7313809Z PASS: seed 27 reproduces its route, enemy lineups and spawns
2026-10-07T05:42:43.7314442Z PASS: run seed 27 reproduces its passage bends
2026-10-07T05:42:43.7314967Z PASS: run seed 27 reproduces its wandering corridor
2026-10-07T05:42:43.7315528Z PASS: run seed 27 reproduces its exploratory corridor
2026-10-07T05:42:43.8698024Z PASS: seed 28 reproduces its route, enemy lineups and spawns
2026-10-07T05:42:43.8698792Z PASS: run seed 28 reproduces its passage bends
2026-10-07T05:42:43.8699320Z PASS: run seed 28 reproduces its wandering corridor
2026-10-07T05:42:43.8699866Z PASS: run seed 28 reproduces its exploratory corridor
2026-10-07T05:42:44.0072083Z PASS: seed 29 reproduces its route, enemy lineups and spawns
2026-10-07T05:42:44.0072723Z PASS: run seed 29 reproduces its passage bends
2026-10-07T05:42:44.0073251Z PASS: run seed 29 reproduces its wandering corridor
2026-10-07T05:42:44.0073811Z PASS: run seed 29 reproduces its exploratory corridor
2026-10-07T05:42:44.1455194Z PASS: seed 30 reproduces its route, enemy lineups and spawns
2026-10-07T05:42:44.1455856Z PASS: run seed 30 reproduces its passage bends
2026-10-07T05:42:44.1456389Z PASS: run seed 30 reproduces its wandering corridor
2026-10-07T05:42:44.1456939Z PASS: run seed 30 reproduces its exploratory corridor
2026-10-07T05:42:44.3137147Z PASS: seed 31 reproduces its route, enemy lineups and spawns
2026-10-07T05:42:44.3139017Z PASS: run seed 31 reproduces its passage bends
2026-10-07T05:42:44.3140817Z PASS: run seed 31 reproduces its wandering corridor
2026-10-07T05:42:44.3141689Z PASS: run seed 31 reproduces its exploratory corridor
2026-10-07T05:42:44.4558816Z PASS: seed 32 reproduces its route, enemy lineups and spawns
2026-10-07T05:42:44.4559484Z PASS: run seed 32 reproduces its passage bends
2026-10-07T05:42:44.4560023Z PASS: run seed 32 reproduces its wandering corridor
2026-10-07T05:42:44.4560577Z PASS: run seed 32 reproduces its exploratory corridor
2026-10-07T05:42:44.6058022Z PASS: seed 33 reproduces its route, enemy lineups and spawns
2026-10-07T05:42:44.6059206Z PASS: run seed 33 reproduces its passage bends
2026-10-07T05:42:44.6059775Z PASS: run seed 33 reproduces its wandering corridor
2026-10-07T05:42:44.6060324Z PASS: run seed 33 reproduces its exploratory corridor
2026-10-07T05:42:44.7517839Z PASS: seed 34 reproduces its route, enemy lineups and spawns
2026-10-07T05:42:44.7518528Z PASS: run seed 34 reproduces its passage bends
2026-10-07T05:42:44.7519379Z PASS: run seed 34 reproduces its wandering corridor
2026-10-07T05:42:44.7519935Z PASS: run seed 34 reproduces its exploratory corridor
2026-10-07T05:42:44.8874761Z PASS: seed 35 reproduces its route, enemy lineups and spawns
2026-10-07T05:42:44.8875389Z PASS: run seed 35 reproduces its passage bends
2026-10-07T05:42:44.8875920Z PASS: run seed 35 reproduces its wandering corridor
2026-10-07T05:42:44.8876463Z PASS: run seed 35 reproduces its exploratory corridor
2026-10-07T05:42:45.0240938Z PASS: seed 36 reproduces its route, enemy lineups and spawns
2026-10-07T05:42:45.0241557Z PASS: run seed 36 reproduces its passage bends
2026-10-07T05:42:45.0242122Z PASS: run seed 36 reproduces its wandering corridor
2026-10-07T05:42:45.0242669Z PASS: run seed 36 reproduces its exploratory corridor
2026-10-07T05:42:45.1705354Z PASS: seed 37 reproduces its route, enemy lineups and spawns
2026-10-07T05:42:45.1705995Z PASS: run seed 37 reproduces its passage bends
2026-10-07T05:42:45.1706562Z PASS: run seed 37 reproduces its wandering corridor
2026-10-07T05:42:45.1707116Z PASS: run seed 37 reproduces its exploratory corridor
2026-10-07T05:42:45.3062616Z PASS: seed 38 reproduces its route, enemy lineups and spawns
2026-10-07T05:42:45.3063251Z PASS: run seed 38 reproduces its passage bends
2026-10-07T05:42:45.3063784Z PASS: run seed 38 reproduces its wandering corridor
2026-10-07T05:42:45.3064337Z PASS: run seed 38 reproduces its exploratory corridor
2026-10-07T05:42:45.4440802Z PASS: seed 39 reproduces its route, enemy lineups and spawns
2026-10-07T05:42:45.4441434Z PASS: run seed 39 reproduces its passage bends
2026-10-07T05:42:45.4442002Z PASS: run seed 39 reproduces its wandering corridor
2026-10-07T05:42:45.4442556Z PASS: run seed 39 reproduces its exploratory corridor
2026-10-07T05:42:45.5904295Z PASS: seed 40 reproduces its route, enemy lineups and spawns
2026-10-07T05:42:45.5904922Z PASS: run seed 40 reproduces its passage bends
2026-10-07T05:42:45.5905918Z PASS: run seed 40 reproduces its wandering corridor
2026-10-07T05:42:45.5906467Z PASS: run seed 40 reproduces its exploratory corridor
2026-10-07T05:42:45.7422500Z PASS: seed 41 reproduces its route, enemy lineups and spawns
2026-10-07T05:42:45.7423161Z PASS: run seed 41 reproduces its passage bends
2026-10-07T05:42:45.7423694Z PASS: run seed 41 reproduces its wandering corridor
2026-10-07T05:42:45.7424247Z PASS: run seed 41 reproduces its exploratory corridor
2026-10-07T05:42:45.8783850Z PASS: seed 42 reproduces its route, enemy lineups and spawns
2026-10-07T05:42:45.8784487Z PASS: run seed 42 reproduces its passage bends
2026-10-07T05:42:45.8785058Z PASS: run seed 42 reproduces its wandering corridor
2026-10-07T05:42:45.8785611Z PASS: run seed 42 reproduces its exploratory corridor
2026-10-07T05:42:46.0151795Z PASS: seed 43 reproduces its route, enemy lineups and spawns
2026-10-07T05:42:46.0152438Z PASS: run seed 43 reproduces its passage bends
2026-10-07T05:42:46.0153113Z PASS: run seed 43 reproduces its wandering corridor
2026-10-07T05:42:46.0153661Z PASS: run seed 43 reproduces its exploratory corridor
2026-10-07T05:42:46.1637086Z PASS: seed 44 reproduces its route, enemy lineups and spawns
2026-10-07T05:42:46.1637724Z PASS: run seed 44 reproduces its passage bends
2026-10-07T05:42:46.1638270Z PASS: run seed 44 reproduces its wandering corridor
2026-10-07T05:42:46.1638987Z PASS: run seed 44 reproduces its exploratory corridor
2026-10-07T05:42:46.2996555Z PASS: seed 45 reproduces its route, enemy lineups and spawns
2026-10-07T05:42:46.2997205Z PASS: run seed 45 reproduces its passage bends
2026-10-07T05:42:46.2997737Z PASS: run seed 45 reproduces its wandering corridor
2026-10-07T05:42:46.2998855Z PASS: run seed 45 reproduces its exploratory corridor
2026-10-07T05:42:46.4358480Z PASS: seed 46 reproduces its route, enemy lineups and spawns
2026-10-07T05:42:46.4359307Z PASS: run seed 46 reproduces its passage bends
2026-10-07T05:42:46.4359841Z PASS: run seed 46 reproduces its wandering corridor
2026-10-07T05:42:46.4360433Z PASS: run seed 46 reproduces its exploratory corridor
2026-10-07T05:42:46.5926255Z PASS: seed 47 reproduces its route, enemy lineups and spawns
2026-10-07T05:42:46.5926904Z PASS: run seed 47 reproduces its passage bends
2026-10-07T05:42:46.5927433Z PASS: run seed 47 reproduces its wandering corridor
2026-10-07T05:42:46.5927975Z PASS: run seed 47 reproduces its exploratory corridor
2026-10-07T05:42:46.7289089Z PASS: seed 48 reproduces its route, enemy lineups and spawns
2026-10-07T05:42:46.7289734Z PASS: run seed 48 reproduces its passage bends
2026-10-07T05:42:46.7290261Z PASS: run seed 48 reproduces its wandering corridor
2026-10-07T05:42:46.7290844Z PASS: run seed 48 reproduces its exploratory corridor
2026-10-07T05:42:46.8647850Z PASS: seed 49 reproduces its route, enemy lineups and spawns
2026-10-07T05:42:46.8648475Z PASS: run seed 49 reproduces its passage bends
2026-10-07T05:42:46.8649280Z PASS: run seed 49 reproduces its wandering corridor
2026-10-07T05:42:46.8649866Z PASS: run seed 49 reproduces its exploratory corridor
2026-10-07T05:42:47.0032411Z PASS: seed 50 reproduces its route, enemy lineups and spawns
2026-10-07T05:42:47.0033049Z PASS: run seed 50 reproduces its passage bends
2026-10-07T05:42:47.0033576Z PASS: run seed 50 reproduces its wandering corridor
2026-10-07T05:42:47.0034121Z PASS: run seed 50 reproduces its exploratory corridor
2026-10-07T05:42:47.1414151Z PASS: seed 51 reproduces its route, enemy lineups and spawns
2026-10-07T05:42:47.1414785Z PASS: run seed 51 reproduces its passage bends
2026-10-07T05:42:47.1415313Z PASS: run seed 51 reproduces its wandering corridor
2026-10-07T05:42:47.1415864Z PASS: run seed 51 reproduces its exploratory corridor
2026-10-07T05:42:47.2780756Z PASS: seed 52 reproduces its route, enemy lineups and spawns
2026-10-07T05:42:47.2781397Z PASS: run seed 52 reproduces its passage bends
2026-10-07T05:42:47.2781922Z PASS: run seed 52 reproduces its wandering corridor
2026-10-07T05:42:47.2782461Z PASS: run seed 52 reproduces its exploratory corridor
2026-10-07T05:42:47.4153551Z PASS: seed 53 reproduces its route, enemy lineups and spawns
2026-10-07T05:42:47.4154179Z PASS: run seed 53 reproduces its passage bends
2026-10-07T05:42:47.4154708Z PASS: run seed 53 reproduces its wandering corridor
2026-10-07T05:42:47.4155251Z PASS: run seed 53 reproduces its exploratory corridor
2026-10-07T05:42:47.5519536Z PASS: seed 54 reproduces its route, enemy lineups and spawns
2026-10-07T05:42:47.5520162Z PASS: run seed 54 reproduces its passage bends
2026-10-07T05:42:47.5520692Z PASS: run seed 54 reproduces its wandering corridor
2026-10-07T05:42:47.5521229Z PASS: run seed 54 reproduces its exploratory corridor
2026-10-07T05:42:47.6881983Z PASS: seed 55 reproduces its route, enemy lineups and spawns
2026-10-07T05:42:47.6882593Z PASS: run seed 55 reproduces its passage bends
2026-10-07T05:42:47.6883115Z PASS: run seed 55 reproduces its wandering corridor
2026-10-07T05:42:47.6883660Z PASS: run seed 55 reproduces its exploratory corridor
2026-10-07T05:42:47.8247888Z PASS: seed 56 reproduces its route, enemy lineups and spawns
2026-10-07T05:42:47.8248514Z PASS: run seed 56 reproduces its passage bends
2026-10-07T05:42:47.8249218Z PASS: run seed 56 reproduces its wandering corridor
2026-10-07T05:42:47.8249774Z PASS: run seed 56 reproduces its exploratory corridor
2026-10-07T05:42:47.9616381Z PASS: seed 57 reproduces its route, enemy lineups and spawns
2026-10-07T05:42:47.9617017Z PASS: run seed 57 reproduces its passage bends
2026-10-07T05:42:47.9617535Z PASS: run seed 57 reproduces its wandering corridor
2026-10-07T05:42:47.9618090Z PASS: run seed 57 reproduces its exploratory corridor
2026-10-07T05:42:48.1005562Z PASS: seed 58 reproduces its route, enemy lineups and spawns
2026-10-07T05:42:48.1006184Z PASS: run seed 58 reproduces its passage bends
2026-10-07T05:42:48.1006709Z PASS: run seed 58 reproduces its wandering corridor
2026-10-07T05:42:48.1007261Z PASS: run seed 58 reproduces its exploratory corridor
2026-10-07T05:42:48.2374840Z PASS: seed 59 reproduces its route, enemy lineups and spawns
2026-10-07T05:42:48.2375492Z PASS: run seed 59 reproduces its passage bends
2026-10-07T05:42:48.2376027Z PASS: run seed 59 reproduces its wandering corridor
2026-10-07T05:42:48.2376577Z PASS: run seed 59 reproduces its exploratory corridor
2026-10-07T05:42:48.3754731Z PASS: seed 60 reproduces its route, enemy lineups and spawns
2026-10-07T05:42:48.3755383Z PASS: run seed 60 reproduces its passage bends
2026-10-07T05:42:48.3755915Z PASS: run seed 60 reproduces its wandering corridor
2026-10-07T05:42:48.3756467Z PASS: run seed 60 reproduces its exploratory corridor
2026-10-07T05:42:48.5314319Z PASS: seed 61 reproduces its route, enemy lineups and spawns
2026-10-07T05:42:48.5314979Z PASS: run seed 61 reproduces its passage bends
2026-10-07T05:42:48.5315518Z PASS: run seed 61 reproduces its wandering corridor
2026-10-07T05:42:48.5316061Z PASS: run seed 61 reproduces its exploratory corridor
2026-10-07T05:42:48.6908052Z PASS: seed 62 reproduces its route, enemy lineups and spawns
2026-10-07T05:42:48.6909073Z PASS: run seed 62 reproduces its passage bends
2026-10-07T05:42:48.6909600Z PASS: run seed 62 reproduces its wandering corridor
2026-10-07T05:42:48.6910155Z PASS: run seed 62 reproduces its exploratory corridor
2026-10-07T05:42:48.8273245Z PASS: seed 63 reproduces its route, enemy lineups and spawns
2026-10-07T05:42:48.8273893Z PASS: run seed 63 reproduces its passage bends
2026-10-07T05:42:48.8274419Z PASS: run seed 63 reproduces its wandering corridor
2026-10-07T05:42:48.8274973Z PASS: run seed 63 reproduces its exploratory corridor
2026-10-07T05:42:48.9730697Z PASS: 64 seeds create varied but repeatable route shapes
2026-10-07T05:42:48.9731421Z PASS: every run seed varies where the hero turns through a passage
2026-10-07T05:42:48.9732143Z PASS: new runs take varied S-bends instead of the same straight corridor
2026-10-07T05:42:48.9732891Z PASS: new runs vary their exploratory route and choose different side passages
2026-10-07T05:42:48.9733653Z PASS: per-run passage variation preserves travel distance and AFK timing
2026-10-07T05:42:48.9734687Z PASS: per-run passage bends stay inside generated corridors
2026-10-07T05:42:48.9735341Z PASS: new route variation adds at most 1.5 metres of travel per passage
2026-10-07T05:42:48.9735954Z PASS: new S-bend routes stay on the generated floor
2026-10-07T05:42:48.9736588Z PASS: scouting routes and their side passages stay on the generated floor
2026-10-07T05:42:48.9737195Z PASS: 64 seeds create varied enemy compositions
2026-10-07T05:42:48.9837781Z PASS: the newer seed bank creates at least 250 distinct route patterns
2026-10-07T05:42:48.9838522Z PASS: the newer seed bank creates at least 230 distinct pack lineups
2026-10-07T05:42:48.9839530Z PASS: the newer seed bank creates at least 250 independently varied spawn formations
2026-10-07T05:42:48.9840209Z PASS: all randomized spawns stay within their room
2026-10-07T05:42:48.9840713Z PASS: randomized enemy spawns do not overlap
2026-10-07T05:42:48.9841285Z PASS: random pack roles keep the six-room enemy count at 26
2026-10-07T05:42:48.9841827Z PASS: region 0 has a distinct floor plan
2026-10-07T05:42:49.0044632Z PASS: region 0: every travel segment is on the floor
2026-10-07T05:42:49.0061000Z PASS: Vowkeeper/0 initial journey restores
2026-10-07T05:42:49.4504652Z PASS: Vowkeeper/0 hero and enemies stay on walkable floor
2026-10-07T05:42:49.4505377Z PASS: Vowkeeper/0 completes 26 enemies and each objective once
2026-10-07T05:42:49.4506043Z PASS: Vowkeeper/0 produces two timed, seed-bound ambush arrivals
2026-10-07T05:42:49.4629972Z PASS: Vowkeeper/0 watched and skipped outcomes match
2026-10-07T05:42:49.5494786Z PASS: Vowkeeper/0 travel and interaction checkpoints preserve final result
2026-10-07T05:42:49.5511041Z PASS: Arcanist/0 initial journey restores
2026-10-07T05:42:49.9244869Z PASS: Arcanist/0 hero and enemies stay on walkable floor
2026-10-07T05:42:49.9245564Z PASS: Arcanist/0 completes 26 enemies and each objective once
2026-10-07T05:42:49.9246171Z PASS: Arcanist/0 produces two timed, seed-bound ambush arrivals
2026-10-07T05:42:49.9347540Z PASS: Arcanist/0 watched and skipped outcomes match
2026-10-07T05:42:50.0087155Z PASS: Arcanist/0 travel and interaction checkpoints preserve final result
2026-10-07T05:42:50.0101990Z PASS: Ranger/0 initial journey restores
2026-10-07T05:42:50.3805428Z PASS: Ranger/0 hero and enemies stay on walkable floor
2026-10-07T05:42:50.3806099Z PASS: Ranger/0 completes 26 enemies and each objective once
2026-10-07T05:42:50.3806715Z PASS: Ranger/0 produces two timed, seed-bound ambush arrivals
2026-10-07T05:42:50.3896529Z PASS: Ranger/0 watched and skipped outcomes match
2026-10-07T05:42:50.4563540Z PASS: Ranger/0 travel and interaction checkpoints preserve final result
2026-10-07T05:42:50.4565624Z PASS: region 1 has a distinct floor plan
2026-10-07T05:42:50.4771991Z PASS: region 1: every travel segment is on the floor
2026-10-07T05:42:50.4786712Z PASS: Vowkeeper/1 initial journey restores
2026-10-07T05:42:50.9559954Z PASS: Vowkeeper/1 hero and enemies stay on walkable floor
2026-10-07T05:42:50.9560714Z PASS: Vowkeeper/1 completes 26 enemies and each objective once
2026-10-07T05:42:50.9561384Z PASS: Vowkeeper/1 produces two timed, seed-bound ambush arrivals
2026-10-07T05:42:50.9692933Z PASS: Vowkeeper/1 watched and skipped outcomes match
2026-10-07T05:42:51.0747206Z PASS: Vowkeeper/1 travel and interaction checkpoints preserve final result
2026-10-07T05:42:51.0761716Z PASS: Arcanist/1 initial journey restores
2026-10-07T05:42:51.4683419Z PASS: Arcanist/1 hero and enemies stay on walkable floor
2026-10-07T05:42:51.4684120Z PASS: Arcanist/1 completes 26 enemies and each objective once
2026-10-07T05:42:51.4684786Z PASS: Arcanist/1 produces two timed, seed-bound ambush arrivals
2026-10-07T05:42:51.4803170Z PASS: Arcanist/1 watched and skipped outcomes match
2026-10-07T05:42:51.5691852Z PASS: Arcanist/1 travel and interaction checkpoints preserve final result
2026-10-07T05:42:51.5706293Z PASS: Ranger/1 initial journey restores
2026-10-07T05:42:51.9541348Z PASS: Ranger/1 hero and enemies stay on walkable floor
2026-10-07T05:42:51.9542465Z PASS: Ranger/1 completes 26 enemies and each objective once
2026-10-07T05:42:51.9543080Z PASS: Ranger/1 produces two timed, seed-bound ambush arrivals
2026-10-07T05:42:51.9637185Z PASS: Ranger/1 watched and skipped outcomes match
2026-10-07T05:42:52.0375899Z PASS: Ranger/1 travel and interaction checkpoints preserve final result
2026-10-07T05:42:52.0377126Z PASS: region 2 has a distinct floor plan
2026-10-07T05:42:52.0583785Z PASS: region 2: every travel segment is on the floor
2026-10-07T05:42:52.0597587Z PASS: Vowkeeper/2 initial journey restores
2026-10-07T05:42:52.4988949Z PASS: Vowkeeper/2 hero and enemies stay on walkable floor
2026-10-07T05:42:52.4989694Z PASS: Vowkeeper/2 completes 26 enemies and each objective once
2026-10-07T05:42:52.4990342Z PASS: Vowkeeper/2 produces two timed, seed-bound ambush arrivals
2026-10-07T05:42:52.5119064Z PASS: Vowkeeper/2 watched and skipped outcomes match
2026-10-07T05:42:52.6148907Z PASS: Vowkeeper/2 travel and interaction checkpoints preserve final result
2026-10-07T05:42:52.6163332Z PASS: Arcanist/2 initial journey restores
2026-10-07T05:42:52.9712512Z PASS: Arcanist/2 hero and enemies stay on walkable floor
2026-10-07T05:42:52.9713205Z PASS: Arcanist/2 completes 26 enemies and each objective once
2026-10-07T05:42:52.9838112Z PASS: Arcanist/2 produces two timed, seed-bound ambush arrivals
2026-10-07T05:42:52.9838919Z PASS: Arcanist/2 watched and skipped outcomes match
2026-10-07T05:42:53.0909392Z PASS: Arcanist/2 travel and interaction checkpoints preserve final result
2026-10-07T05:42:53.0923655Z PASS: Ranger/2 initial journey restores
2026-10-07T05:42:53.4785013Z PASS: Ranger/2 hero and enemies stay on walkable floor
2026-10-07T05:42:53.4785705Z PASS: Ranger/2 completes 26 enemies and each objective once
2026-10-07T05:42:53.4786297Z PASS: Ranger/2 produces two timed, seed-bound ambush arrivals
2026-10-07T05:42:53.4904904Z PASS: Ranger/2 watched and skipped outcomes match
2026-10-07T05:42:53.5806656Z PASS: Ranger/2 travel and interaction checkpoints preserve final result
2026-10-07T05:42:53.5807809Z PASS: region 3 has a distinct floor plan
2026-10-07T05:42:53.6014348Z PASS: region 3: every travel segment is on the floor
2026-10-07T05:42:53.6028077Z PASS: Vowkeeper/3 initial journey restores
2026-10-07T05:42:54.1950142Z PASS: Vowkeeper/3 hero and enemies stay on walkable floor
2026-10-07T05:42:54.1950861Z PASS: Vowkeeper/3 completes 26 enemies and each objective once
2026-10-07T05:42:54.1951581Z PASS: Vowkeeper/3 produces two timed, seed-bound ambush arrivals
2026-10-07T05:42:54.2182507Z PASS: Vowkeeper/3 watched and skipped outcomes match
2026-10-07T05:42:54.4084829Z PASS: Vowkeeper/3 travel and interaction checkpoints preserve final result
2026-10-07T05:42:54.4099106Z PASS: Arcanist/3 initial journey restores
2026-10-07T05:42:54.8675999Z PASS: Arcanist/3 hero and enemies stay on walkable floor
2026-10-07T05:42:54.8676698Z PASS: Arcanist/3 completes 26 enemies and each objective once
2026-10-07T05:42:54.8677360Z PASS: Arcanist/3 produces two timed, seed-bound ambush arrivals
2026-10-07T05:42:54.8972443Z PASS: Arcanist/3 watched and skipped outcomes match
2026-10-07T05:42:55.1637750Z PASS: Arcanist/3 travel and interaction checkpoints preserve final result
2026-10-07T05:42:55.1652033Z PASS: Ranger/3 initial journey restores
2026-10-07T05:42:55.5967498Z PASS: Ranger/3 hero and enemies stay on walkable floor
2026-10-07T05:42:55.5968190Z PASS: Ranger/3 completes 26 enemies and each objective once
2026-10-07T05:42:55.5968947Z PASS: Ranger/3 produces two timed, seed-bound ambush arrivals
2026-10-07T05:42:55.6106074Z PASS: Ranger/3 watched and skipped outcomes match
2026-10-07T05:42:55.7234605Z PASS: Ranger/3 travel and interaction checkpoints preserve final result
2026-10-07T05:43:05.4457129Z PASS: Vowkeeper: all 256 starting-floor patterns are winnable with starter gear
2026-10-07T05:43:05.4457840Z PASS: Vowkeeper: all 256 patterns agree live/skip
2026-10-07T05:43:15.4993154Z PASS: Arcanist: all 256 starting-floor patterns are winnable with starter gear
2026-10-07T05:43:15.4994259Z PASS: Arcanist: all 256 patterns agree live/skip
2026-10-07T05:43:23.0576499Z PASS: Ranger: all 256 starting-floor patterns are winnable with starter gear
2026-10-07T05:43:23.0577140Z PASS: Ranger: all 256 patterns agree live/skip
2026-10-07T05:43:23.0635782Z PASS: 0.10 checkpoint keeps exact old outcome: Vowkeeper/1
2026-10-07T05:43:23.0725945Z PASS: 0.10 checkpoint keeps exact old outcome: Vowkeeper/11
2026-10-07T05:43:23.0759810Z PASS: 0.10 checkpoint keeps exact old outcome: Vowkeeper/21
2026-10-07T05:43:23.0779456Z PASS: 0.10 checkpoint keeps exact old outcome: Vowkeeper/31
2026-10-07T05:43:23.0835643Z PASS: 0.10 checkpoint keeps exact old outcome: Arcanist/1
2026-10-07T05:43:23.0999827Z PASS: 0.10 checkpoint keeps exact old outcome: Arcanist/11
2026-10-07T05:43:23.1076168Z PASS: 0.10 checkpoint keeps exact old outcome: Arcanist/21
2026-10-07T05:43:23.1155432Z PASS: 0.10 checkpoint keeps exact old outcome: Arcanist/31
2026-10-07T05:43:23.1185258Z PASS: 0.10 checkpoint keeps exact old outcome: Ranger/1
2026-10-07T05:43:23.1228455Z PASS: 0.10 checkpoint keeps exact old outcome: Ranger/11
2026-10-07T05:43:23.1252366Z PASS: 0.10 checkpoint keeps exact old outcome: Ranger/21
2026-10-07T05:43:23.1269310Z PASS: 0.10 checkpoint keeps exact old outcome: Ranger/31
2026-10-07T05:43:23.1275347Z PASS: ambush arrives immediately when its room is already clear
2026-10-07T05:43:23.2706127Z PASS: the pattern bank varies which rooms and enemies create ambushes
2026-10-07T05:43:23.2707412Z PASS: seed-bound ambushes use many distinct room-edge entry points
2026-10-07T05:43:23.2708195Z PASS: every ambush entry point is on walkable room floor
2026-10-07T05:43:23.2709558Z PASS: ambushes enter from the outer half of their chamber
2026-10-07T05:43:23.2710424Z PASS: ambushes enter at least 1.8 metres from the active group
2026-10-07T05:43:23.2783344Z PASS: checkpoint during a dungeon ambush restores
2026-10-07T05:43:23.3064061Z PASS: live and restored ambush runs finish identically
2026-10-07T05:43:23.3069020Z PASS: new campaign expeditions carry generation-6 exploration routes and tactical movement state
2026-10-07T05:43:23.4197909Z PASS: Vowkeeper combat steps vary by seed while staying in melee reach
2026-10-07T05:43:23.4199207Z PASS: Arcanist combat steps vary by seed while holding spell distance
2026-10-07T05:43:23.4200297Z PASS: Ranger combat steps vary by seed while holding firing distance
2026-10-07T05:43:23.4201190Z PASS: random combat steps and their destinations stay inside the active chamber
2026-10-07T05:43:23.4202138Z PASS: class combat steps preserve melee and ranged attack distances
2026-10-07T05:43:23.4203047Z PASS: a saved movement step resumes with exactly the same state and RNG
2026-10-07T05:43:23.4203857Z PASS: the same class and run seed reproduce the same combat step
2026-10-07T05:43:23.4217290Z PASS: a ready attack fires immediately while a reposition step is pending
2026-10-07T05:43:23.4218037Z PASS: generation-4 expeditions restore without the new movement state
2026-10-07T05:43:23.4218885Z PASS: generation-5 checkpoints cannot resume without their movement state
2026-10-07T05:43:23.4221137Z PASS: invalid journey flag rejected: -1
2026-10-07T05:43:23.4239476Z PASS: invalid journey flag rejected: 2
2026-10-07T05:43:23.4239960Z PASS: invalid journey flag rejected: 1.0
2026-10-07T05:43:23.4240401Z PASS: invalid journey flag rejected: yes
2026-10-07T05:43:23.4240891Z PASS: missing journey field rejected: travel_index
2026-10-07T05:43:23.4241394Z PASS: missing journey field rejected: channel
2026-10-07T05:43:23.4241887Z PASS: missing journey field rejected: well_used
2026-10-07T05:43:23.4242393Z PASS: missing journey field rejected: seal_broken
2026-10-07T05:43:23.4242920Z PASS: missing journey field rejected: chest_open
2026-10-07T05:43:23.4243459Z PASS: new journey stops at its four-minute safety limit
2026-10-07T05:43:23.4244517Z PASS: old checkpoint keeps its three-minute limit
2026-10-07T05:43:23.4246252Z PASS: invalid current travel leg rejected
2026-10-07T05:43:23.4248232Z PASS: closed sanctum cannot resume beyond its seal
2026-10-07T05:43:23.4257618Z PASS: mid-well channel restores
2026-10-07T05:43:23.4258393Z PASS: well restores actual Life once
2026-10-07T05:43:23.4259023Z PASS: well cannot grant duplicate healing
2026-10-07T05:43:25.3172526Z PASS: in-run route map is present
2026-10-07T05:43:25.3173139Z PASS: in-run route map uses the enlarged landscape footprint
2026-10-07T05:43:25.3173769Z PASS: combat objective and pack labels use readable base sizes
2026-10-07T05:43:25.3174327Z PASS: well, seal, chest and closed gate are rendered
2026-10-07T05:43:25.3174837Z PASS: breaking the seal opens the visible gate
2026-10-07T05:43:25.3175342Z PASS: opened chest displays its loot beam
2026-10-07T05:43:25.3175988Z PASS: the reliquary displays the same named, quality-rated item awarded to the player
2026-10-07T05:43:25.3176622Z PASS: the recovered 3D relic shows its item name in the dungeon
2026-10-07T05:43:25.3221395Z JOURNEY SMOKE: 413 checks, 0 failures
2026-10-07T05:43:25.4095520Z ##[group]Run XDG_DATA_HOME="$RUNNER_TEMP/emberfall-rotation-data" timeout 120s godot --headless --path . --fixed-fps 60 --script tests/skill_rotation_smoke.gd
2026-10-07T05:43:25.4096334Z [36;1mXDG_DATA_HOME="$RUNNER_TEMP/emberfall-rotation-data" timeout 120s godot --headless --path . --fixed-fps 60 --script tests/skill_rotation_smoke.gd[0m
2026-10-07T05:43:25.4151952Z shell: /usr/bin/bash -e {0}
2026-10-07T05:43:25.4152164Z env:
2026-10-07T05:43:25.4152411Z   JAVA_HOME: /opt/hostedtoolcache/Java_Temurin-Hotspot_jdk/17.0.20-1/x64
2026-10-07T05:43:25.4152798Z   JAVA_HOME_17_X64: /opt/hostedtoolcache/Java_Temurin-Hotspot_jdk/17.0.20-1/x64
2026-10-07T05:43:25.4153099Z   MAVEN_ARGS: -ntp
2026-10-07T05:43:25.4153300Z   ANDROID_HOME: /usr/local/lib/android/sdk
2026-10-07T05:43:25.4153548Z   ANDROID_SDK_ROOT: /usr/local/lib/android/sdk
2026-10-07T05:43:25.4153895Z   GODOT_ANDROID_KEYSTORE_RELEASE_PATH: /home/runner/work/_temp/emberfall-ci-upload.jks
2026-10-07T05:43:25.4154289Z   GODOT_ANDROID_KEYSTORE_RELEASE_USER: emberfall-ci
2026-10-07T05:43:25.4154780Z   GODOT_ANDROID_KEYSTORE_RELEASE_PASSWORD: ***
2026-10-07T05:43:25.4155019Z ##[endgroup]
2026-10-07T05:43:25.4393056Z Godot Engine v4.7.2.stable.official.ed1daf0bf - https://godotengine.org
2026-10-07T05:43:25.4626701Z 
2026-10-07T05:43:27.7429695Z PASS: Vowkeeper: two distinct class techniques by default
2026-10-07T05:43:27.7430137Z PASS: Vowkeeper: malformed/duplicate choices normalize
2026-10-07T05:43:27.7430885Z PASS: bastion: suitable situation starts a cast
2026-10-07T05:43:27.7431294Z PASS: bastion: actual Mana and cooldown charged once
2026-10-07T05:43:27.7437577Z PASS: bastion: in-flight cast checkpoint is exact
2026-10-07T05:43:27.7614195Z PASS: bastion: cast continuation preserves final RNG and combat
2026-10-07T05:43:27.7614787Z PASS: bastion: protection duration is applied
2026-10-07T05:43:27.7615338Z PASS: bastion: Guard reduces real incoming damage by 45 percent
2026-10-07T05:43:27.7615750Z PASS: bastion: cooling technique cannot repeat
2026-10-07T05:43:27.7616980Z PASS: bastion: insufficient Mana prevents casting
2026-10-07T05:43:27.7619261Z PASS: sunder: suitable situation starts a cast
2026-10-07T05:43:27.7619637Z PASS: sunder: actual Mana and cooldown charged once
2026-10-07T05:43:27.7625662Z PASS: sunder: in-flight cast checkpoint is exact
2026-10-07T05:43:27.7795188Z PASS: sunder: cast continuation preserves final RNG and combat
2026-10-07T05:43:27.7795732Z PASS: sunder: impact deals real damage
2026-10-07T05:43:27.7796113Z PASS: sunder: cooling technique cannot repeat
2026-10-07T05:43:27.7798800Z PASS: sunder: insufficient Mana prevents casting
2026-10-07T05:43:27.7800583Z PASS: judgment: suitable situation starts a cast
2026-10-07T05:43:27.7800963Z PASS: judgment: actual Mana and cooldown charged once
2026-10-07T05:43:27.7806976Z PASS: judgment: in-flight cast checkpoint is exact
2026-10-07T05:43:27.7977772Z PASS: judgment: cast continuation preserves final RNG and combat
2026-10-07T05:43:27.7978518Z PASS: judgment: impact deals real damage
2026-10-07T05:43:27.7979026Z PASS: judgment: cooling technique cannot repeat
2026-10-07T05:43:27.7980261Z PASS: judgment: insufficient Mana prevents casting
2026-10-07T05:43:27.7980829Z PASS: Arcanist: two distinct class techniques by default
2026-10-07T05:43:27.7981194Z PASS: Arcanist: malformed/duplicate choices normalize
2026-10-07T05:43:27.7982976Z PASS: frost_ward: suitable situation starts a cast
2026-10-07T05:43:27.7983335Z PASS: frost_ward: actual Mana and cooldown charged once
2026-10-07T05:43:27.7989340Z PASS: frost_ward: in-flight cast checkpoint is exact
2026-10-07T05:43:27.8159501Z PASS: frost_ward: cast continuation preserves final RNG and combat
2026-10-07T05:43:27.8160100Z PASS: frost_ward: protection duration is applied
2026-10-07T05:43:27.8160482Z PASS: frost_ward: Guard reduces real incoming damage by 45 percent
2026-10-07T05:43:27.8160829Z PASS: Frost Mantle slows nearby melee enemies
2026-10-07T05:43:27.8161147Z PASS: frost_ward: cooling technique cannot repeat
2026-10-07T05:43:27.8162286Z PASS: frost_ward: insufficient Mana prevents casting
2026-10-07T05:43:27.8164184Z PASS: chain: suitable situation starts a cast
2026-10-07T05:43:27.8164552Z PASS: chain: actual Mana and cooldown charged once
2026-10-07T05:43:27.8170754Z PASS: chain: in-flight cast checkpoint is exact
2026-10-07T05:43:27.8327332Z PASS: chain: cast continuation preserves final RNG and combat
2026-10-07T05:43:27.8327863Z PASS: chain: impact deals real damage
2026-10-07T05:43:27.8328169Z PASS: lightning jumps to three nearby targets
2026-10-07T05:43:27.8328479Z PASS: chain: cooling technique cannot repeat
2026-10-07T05:43:27.8330272Z PASS: chain: insufficient Mana prevents casting
2026-10-07T05:43:27.8332436Z PASS: starfall: suitable situation starts a cast
2026-10-07T05:43:27.8332837Z PASS: starfall: actual Mana and cooldown charged once
2026-10-07T05:43:27.8338873Z PASS: starfall: in-flight cast checkpoint is exact
2026-10-07T05:43:27.8501942Z PASS: starfall: cast continuation preserves final RNG and combat
2026-10-07T05:43:27.8502708Z PASS: starfall: impact deals real damage
2026-10-07T05:43:27.8503232Z PASS: starfall: cooling technique cannot repeat
2026-10-07T05:43:27.8505724Z PASS: starfall: insufficient Mana prevents casting
2026-10-07T05:43:27.8506300Z PASS: Ranger: two distinct class techniques by default
2026-10-07T05:43:27.8506849Z PASS: Ranger: malformed/duplicate choices normalize
2026-10-07T05:43:27.8508964Z PASS: smoke: suitable situation starts a cast
2026-10-07T05:43:27.8509492Z PASS: smoke: actual Mana and cooldown charged once
2026-10-07T05:43:27.8515905Z PASS: smoke: in-flight cast checkpoint is exact
2026-10-07T05:43:27.8661765Z PASS: smoke: cast continuation preserves final RNG and combat
2026-10-07T05:43:27.8662352Z PASS: smoke: protection duration is applied
2026-10-07T05:43:27.8662905Z PASS: smoke: Guard reduces real incoming damage by 45 percent
2026-10-07T05:43:27.8669394Z PASS: Cinder Veil schedules an actual retreat
2026-10-07T05:43:27.8669916Z PASS: smoke: cooling technique cannot repeat
2026-10-07T05:43:27.8670409Z PASS: smoke: insufficient Mana prevents casting
2026-10-07T05:43:27.8670893Z PASS: rain: suitable situation starts a cast
2026-10-07T05:43:27.8671401Z PASS: rain: actual Mana and cooldown charged once
2026-10-07T05:43:27.8674693Z PASS: rain: in-flight cast checkpoint is exact
2026-10-07T05:43:27.8804794Z PASS: rain: cast continuation preserves final RNG and combat
2026-10-07T05:43:27.8805380Z PASS: rain: impact deals real damage
2026-10-07T05:43:27.8805796Z PASS: Thornfall slows targets
2026-10-07T05:43:27.8806228Z PASS: rain: cooling technique cannot repeat
2026-10-07T05:43:27.8808442Z PASS: rain: insufficient Mana prevents casting
2026-10-07T05:43:27.8810861Z PASS: marked: suitable situation starts a cast
2026-10-07T05:43:27.8811393Z PASS: marked: actual Mana and cooldown charged once
2026-10-07T05:43:27.8811891Z PASS: marked: impact deals real damage
2026-10-07T05:43:27.8812354Z PASS: marked: cooling technique cannot repeat
2026-10-07T05:43:27.8813513Z PASS: marked: insufficient Mana prevents casting
2026-10-07T05:43:27.8816170Z PASS: starfall: moving out of marked ground avoids impact without refunding Mana
2026-10-07T05:43:27.8818664Z PASS: rain: moving out of marked ground avoids impact without refunding Mana
2026-10-07T05:43:27.8820827Z PASS: protection is held while healthy and safe
2026-10-07T05:43:27.8821432Z PASS: ground danger can trigger protection before losing Life
2026-10-07T05:43:27.8823547Z PASS: existing Guard is not overwritten with a redundant protection cast
2026-10-07T05:43:27.8825905Z PASS: signature precedes equipped offensive techniques
2026-10-07T05:43:27.8891332Z PASS: ready offensive techniques vary between eligible seeded casts
2026-10-07T05:43:27.8891993Z PASS: the same expedition seed chooses the same technique
2026-10-07T05:43:27.8894026Z PASS: automatic evasion cancels the cast without refunding cooldown
2026-10-07T05:43:27.8896818Z PASS: invalid rotation flag rejected: -1
2026-10-07T05:43:27.8897941Z PASS: invalid rotation flag rejected: 2
2026-10-07T05:43:27.8899579Z PASS: invalid rotation flag rejected: 1.0
2026-10-07T05:43:27.8900609Z PASS: invalid rotation flag rejected: on
2026-10-07T05:43:27.8902042Z PASS: invalid checkpoint loadout rejected: ["chain", "chain"]
2026-10-07T05:43:27.8903255Z PASS: invalid checkpoint loadout rejected: ["chain", "marked"]
2026-10-07T05:43:27.8904410Z PASS: invalid checkpoint loadout rejected: ["chain"]
2026-10-07T05:43:27.8905568Z PASS: invalid checkpoint loadout rejected: chain
2026-10-07T05:43:27.8906798Z PASS: invalid technique cooldown rejected: -1.0
2026-10-07T05:43:27.8907974Z PASS: invalid technique cooldown rejected: inf
2026-10-07T05:43:27.8909398Z PASS: invalid technique cooldown rejected: ready
2026-10-07T05:43:27.8910646Z PASS: invalid technique cooldown rejected: 99.0
2026-10-07T05:43:27.8911855Z PASS: new combat cannot restore without technique state
2026-10-07T05:43:27.8914404Z PASS: foreign pending technique rejected
2026-10-07T05:43:30.3446163Z PASS: Vowkeeper: 64 live/skip outcomes agree including rotation state
2026-10-07T05:43:30.3446982Z PASS: Vowkeeper: starter builds clear all variants and actually use techniques
2026-10-07T05:43:30.7207924Z PASS: Vowkeeper: pair ["sunder", "judgment"] matches in every region
2026-10-07T05:43:31.1101370Z PASS: Vowkeeper: pair ["bastion", "judgment"] matches in every region
2026-10-07T05:43:31.4961104Z PASS: Vowkeeper: pair ["bastion", "sunder"] matches in every region
2026-10-07T05:43:33.9928907Z PASS: Arcanist: 64 live/skip outcomes agree including rotation state
2026-10-07T05:43:33.9929738Z PASS: Arcanist: starter builds clear all variants and actually use techniques
2026-10-07T05:43:34.7413750Z PASS: Arcanist: pair ["chain", "starfall"] matches in every region
2026-10-07T05:43:35.6182742Z PASS: Arcanist: pair ["frost_ward", "starfall"] matches in every region
2026-10-07T05:43:36.5029949Z PASS: Arcanist: pair ["frost_ward", "chain"] matches in every region
2026-10-07T05:43:38.4009156Z PASS: Ranger: 64 live/skip outcomes agree including rotation state
2026-10-07T05:43:38.4009708Z PASS: Ranger: starter builds clear all variants and actually use techniques
2026-10-07T05:43:38.7114988Z PASS: Ranger: pair ["rain", "marked"] matches in every region
2026-10-07T05:43:39.0494812Z PASS: Ranger: pair ["smoke", "marked"] matches in every region
2026-10-07T05:43:39.3596782Z PASS: Ranger: pair ["smoke", "rain"] matches in every region
2026-10-07T05:43:39.3693305Z PASS: 0.11 expedition preserved exactly: Vowkeeper/1
2026-10-07T05:43:39.3820358Z PASS: 0.11 expedition preserved exactly: Vowkeeper/11
2026-10-07T05:43:39.3849841Z PASS: 0.11 expedition preserved exactly: Vowkeeper/21
2026-10-07T05:43:39.3870350Z PASS: 0.11 expedition preserved exactly: Vowkeeper/31
2026-10-07T05:43:39.3953866Z PASS: 0.11 expedition preserved exactly: Arcanist/1
2026-10-07T05:43:39.4112645Z PASS: 0.11 expedition preserved exactly: Arcanist/11
2026-10-07T05:43:39.4336175Z PASS: 0.11 expedition preserved exactly: Arcanist/21
2026-10-07T05:43:39.4389379Z PASS: 0.11 expedition preserved exactly: Arcanist/31
2026-10-07T05:43:39.4449364Z PASS: 0.11 expedition preserved exactly: Ranger/1
2026-10-07T05:43:39.4514586Z PASS: 0.11 expedition preserved exactly: Ranger/11
2026-10-07T05:43:39.4536357Z PASS: 0.11 expedition preserved exactly: Ranger/21
2026-10-07T05:43:39.4551958Z PASS: 0.11 expedition preserved exactly: Ranger/31
2026-10-07T05:43:40.0027399Z PASS: skills editor renders class choices and real equip actions
2026-10-07T05:43:40.0028147Z PASS: cards and equip buttons pass drag events to the page scroller
2026-10-07T05:43:40.0131576Z PASS: equipping replaces the chosen technique slot
2026-10-07T05:43:40.0236688Z PASS: equipping an already slotted technique swaps priorities
2026-10-07T05:43:40.0565054Z PASS: each class retains its own loadout
2026-10-07T05:43:41.4211222Z PASS: loadouts cannot change during a running expedition
2026-10-07T05:43:41.4211931Z PASS: combat HUD shows both equipped technique cooldowns
2026-10-07T05:43:42.0861012Z PASS: class loadouts survive a cold start
2026-10-07T05:43:42.0863184Z PASS: paused rotation checkpoint resumes exactly after cold start
2026-10-07T05:43:42.0869905Z PASS: technique effects render without altering simulation
2026-10-07T05:43:42.0870469Z PASS: technique effects release their temporary nodes
2026-10-07T05:43:42.0920034Z SKILL ROTATION SMOKE: 135 checks, 0 failures
2026-10-07T05:43:42.2315358Z ##[group]Run XDG_DATA_HOME="$RUNNER_TEMP/emberfall-contracts-data" timeout 120s godot --headless --path . --fixed-fps 60 --script tests/contracts_smoke.gd
2026-10-07T05:43:42.2316144Z [36;1mXDG_DATA_HOME="$RUNNER_TEMP/emberfall-contracts-data" timeout 120s godot --headless --path . --fixed-fps 60 --script tests/contracts_smoke.gd[0m
2026-10-07T05:43:42.2371973Z shell: /usr/bin/bash -e {0}
2026-10-07T05:43:42.2372185Z env:
2026-10-07T05:43:42.2372430Z   JAVA_HOME: /opt/hostedtoolcache/Java_Temurin-Hotspot_jdk/17.0.20-1/x64
2026-10-07T05:43:42.2372814Z   JAVA_HOME_17_X64: /opt/hostedtoolcache/Java_Temurin-Hotspot_jdk/17.0.20-1/x64
2026-10-07T05:43:42.2373149Z   MAVEN_ARGS: -ntp
2026-10-07T05:43:42.2373339Z   ANDROID_HOME: /usr/local/lib/android/sdk
2026-10-07T05:43:42.2373580Z   ANDROID_SDK_ROOT: /usr/local/lib/android/sdk
2026-10-07T05:43:42.2373920Z   GODOT_ANDROID_KEYSTORE_RELEASE_PATH: /home/runner/work/_temp/emberfall-ci-upload.jks
2026-10-07T05:43:42.2374302Z   GODOT_ANDROID_KEYSTORE_RELEASE_USER: emberfall-ci
2026-10-07T05:43:42.2374784Z   GODOT_ANDROID_KEYSTORE_RELEASE_PASSWORD: ***
2026-10-07T05:43:42.2375021Z ##[endgroup]
2026-10-07T05:43:42.2609154Z Godot Engine v4.7.2.stable.official.ed1daf0bf - https://godotengine.org
2026-10-07T05:43:42.2841631Z 
2026-10-07T05:43:42.7025693Z PASS: hunt contract accepts a real slot
2026-10-07T05:43:42.7026198Z PASS: trial tier fixes its enemy floor
2026-10-07T05:43:42.7026643Z PASS: malformed contract rejected: {  }
2026-10-07T05:43:42.7027209Z PASS: malformed contract rejected: { "version": 1, "mode": "unknown" }
2026-10-07T05:43:42.7027937Z PASS: malformed contract rejected: { "version": 1, "mode": "hunt", "slot": "Gold" }
2026-10-07T05:43:42.7028822Z PASS: malformed contract rejected: { "version": 1, "mode": "trial", "tier": 0 }
2026-10-07T05:43:42.7029301Z PASS: malformed contract rejected: { "version": 1.0, "mode": "hunt", "slot": "Boots" }
2026-10-07T05:43:42.7029842Z PASS: malformed contract rejected: { "version": 1, "mode": "trial", "tier": 1, "bonus": 900 }
2026-10-07T05:43:42.7030249Z PASS: trial cannot claim another tier's floor
2026-10-07T05:43:45.0735271Z PASS: 0.12 checkpoint preserved: Vowkeeper/1
2026-10-07T05:43:45.0836207Z PASS: 0.12 checkpoint preserved: Vowkeeper/11
2026-10-07T05:43:45.0865313Z PASS: 0.12 checkpoint preserved: Vowkeeper/21
2026-10-07T05:43:45.0873440Z PASS: 0.12 checkpoint preserved: Vowkeeper/31
2026-10-07T05:43:45.0948786Z PASS: 0.12 checkpoint preserved: Arcanist/1
2026-10-07T05:43:45.1092418Z PASS: 0.12 checkpoint preserved: Arcanist/11
2026-10-07T05:43:45.1255831Z PASS: 0.12 checkpoint preserved: Arcanist/21
2026-10-07T05:43:45.1317355Z PASS: 0.12 checkpoint preserved: Arcanist/31
2026-10-07T05:43:45.1373959Z PASS: 0.12 checkpoint preserved: Ranger/1
2026-10-07T05:43:45.1445266Z PASS: 0.12 checkpoint preserved: Ranger/11
2026-10-07T05:43:45.1487524Z PASS: 0.12 checkpoint preserved: Ranger/21
2026-10-07T05:43:45.1503729Z PASS: 0.12 checkpoint preserved: Ranger/31
2026-10-07T05:43:45.1526565Z PASS: 192 ordinary campaign drops remain exactly unchanged
2026-10-07T05:43:45.1537417Z PASS: focused Weapon drops preserve class attributes, tier and boss quality
2026-10-07T05:43:45.1547981Z PASS: focused Helmet drops preserve class attributes, tier and boss quality
2026-10-07T05:43:45.1558767Z PASS: focused Chest drops preserve class attributes, tier and boss quality
2026-10-07T05:43:45.1569551Z PASS: focused Gloves drops preserve class attributes, tier and boss quality
2026-10-07T05:43:45.1580448Z PASS: focused Boots drops preserve class attributes, tier and boss quality
2026-10-07T05:43:45.1591815Z PASS: focused Amulet drops preserve class attributes, tier and boss quality
2026-10-07T05:43:45.1603054Z PASS: hunts have actual increased health and incoming damage
2026-10-07T05:43:45.1603717Z PASS: trial difficulty and timer are actual simulation rules
2026-10-07T05:43:47.7929016Z PASS: Vowkeeper hunt: all 64 live/skip outcomes match
2026-10-07T05:43:47.7929864Z CONTRACT_BALANCE Vowkeeper hunt 64/64 starting-gear wins
2026-10-07T05:43:50.7418012Z PASS: Vowkeeper trial: all 64 live/skip outcomes match
2026-10-07T05:43:50.7418443Z CONTRACT_BALANCE Vowkeeper trial 64/64 starting-gear wins
2026-10-07T05:43:50.7864283Z PASS: Vowkeeper hunt: checkpoint continuation exact
2026-10-07T05:43:50.8493974Z PASS: Vowkeeper trial: checkpoint continuation exact
2026-10-07T05:43:53.7279193Z PASS: Arcanist hunt: all 64 live/skip outcomes match
2026-10-07T05:43:53.7279606Z CONTRACT_BALANCE Arcanist hunt 64/64 starting-gear wins
2026-10-07T05:43:56.7286505Z PASS: Arcanist trial: all 64 live/skip outcomes match
2026-10-07T05:43:56.7287147Z CONTRACT_BALANCE Arcanist trial 64/64 starting-gear wins
2026-10-07T05:43:56.8537237Z PASS: Arcanist hunt: checkpoint continuation exact
2026-10-07T05:43:56.9609967Z PASS: Arcanist trial: checkpoint continuation exact
2026-10-07T05:43:58.9467746Z PASS: Ranger hunt: all 64 live/skip outcomes match
2026-10-07T05:43:58.9468390Z CONTRACT_BALANCE Ranger hunt 64/64 starting-gear wins
2026-10-07T05:44:00.9302708Z PASS: Ranger trial: all 64 live/skip outcomes match
2026-10-07T05:44:00.9303363Z CONTRACT_BALANCE Ranger trial 64/64 starting-gear wins
2026-10-07T05:44:00.9607913Z PASS: Ranger hunt: checkpoint continuation exact
2026-10-07T05:44:00.9937316Z PASS: Ranger trial: checkpoint continuation exact
2026-10-07T05:44:01.0415160Z PASS: trial fails at deadline even while hero survives
2026-10-07T05:44:01.0417117Z PASS: corrupt contract checkpoint rejected
2026-10-07T05:44:01.0418156Z PASS: corrupt contract checkpoint rejected
2026-10-07T05:44:01.0419977Z PASS: corrupt contract checkpoint rejected
2026-10-07T05:44:01.0643308Z PASS: world hunt choices and start button exist
2026-10-07T05:44:01.0709551Z PASS: slot selection changes the real AFK farm goal
2026-10-07T05:44:01.9889064Z PASS: visible farming carries the selected hunt contract
2026-10-07T05:44:01.9889635Z PASS: running hunt selection is locked
2026-10-07T05:44:02.1093207Z PASS: skip awards targeted loot without campaign progression
2026-10-07T05:44:02.2878140Z PASS: trial entry exists after campaign unlock
2026-10-07T05:44:02.6897764Z PASS: trial has countdown, locked repeat and visible original portal
2026-10-07T05:44:02.6898405Z PASS: trials cannot enable automatic repeat
2026-10-07T05:44:02.7325133Z PASS: trial first clear grants Epic loot and separate progression
2026-10-07T05:44:02.7325860Z PASS: duplicate first-clear reward cannot be granted twice
2026-10-07T05:44:02.7326447Z PASS: trial defeat grants no rewards or progression
2026-10-07T05:44:03.5819966Z PASS: next trial uses its own level beyond campaign floor
2026-10-07T05:44:03.9193993Z PASS: cold load retains hunt choice, trial progress and paused trial
2026-10-07T05:44:04.8741652Z PASS: cached AFK hunts equal individually simulated runs and rewards
2026-10-07T05:44:04.8742371Z PASS: AFK target applies to every relic without campaign advancement
2026-10-07T05:44:05.5135846Z PASS: background trial finishes once then selected hunt resumes
2026-10-07T05:44:05.5136451Z PASS: duplicate resume adds no trial reward
2026-10-07T05:44:05.6494833Z PASS: first campaign clear is required for hunts and trials
2026-10-07T05:44:05.7848766Z PASS: full bag sells trial relic once and displays actual total Gold
2026-10-07T05:44:06.0499546Z PASS: offline trial defeat is visible even without monetary rewards
2026-10-07T05:44:06.1817201Z PASS: zero-reward defeat report can be acknowledged
2026-10-07T05:44:06.3198135Z PASS: all 30 trials have a terminal completion state
2026-10-07T05:44:06.4671993Z CONTRACTS SMOKE: 68 checks, 0 failures
2026-10-07T05:44:06.5946434Z ##[group]Run XDG_DATA_HOME="$RUNNER_TEMP/emberfall-visuals-data" timeout 120s godot --headless --path . --fixed-fps 60 --script tests/visuals_smoke.gd
2026-10-07T05:44:06.5947246Z [36;1mXDG_DATA_HOME="$RUNNER_TEMP/emberfall-visuals-data" timeout 120s godot --headless --path . --fixed-fps 60 --script tests/visuals_smoke.gd[0m
2026-10-07T05:44:06.6003565Z shell: /usr/bin/bash -e {0}
2026-10-07T05:44:06.6003782Z env:
2026-10-07T05:44:06.6004049Z   JAVA_HOME: /opt/hostedtoolcache/Java_Temurin-Hotspot_jdk/17.0.20-1/x64
2026-10-07T05:44:06.6004438Z   JAVA_HOME_17_X64: /opt/hostedtoolcache/Java_Temurin-Hotspot_jdk/17.0.20-1/x64
2026-10-07T05:44:06.6004736Z   MAVEN_ARGS: -ntp
2026-10-07T05:44:06.6004928Z   ANDROID_HOME: /usr/local/lib/android/sdk
2026-10-07T05:44:06.6005171Z   ANDROID_SDK_ROOT: /usr/local/lib/android/sdk
2026-10-07T05:44:06.6005514Z   GODOT_ANDROID_KEYSTORE_RELEASE_PATH: /home/runner/work/_temp/emberfall-ci-upload.jks
2026-10-07T05:44:06.6005908Z   GODOT_ANDROID_KEYSTORE_RELEASE_USER: emberfall-ci
2026-10-07T05:44:06.6006531Z   GODOT_ANDROID_KEYSTORE_RELEASE_PASSWORD: ***
2026-10-07T05:44:06.6006900Z ##[endgroup]
2026-10-07T05:44:06.6250984Z Godot Engine v4.7.2.stable.official.ed1daf0bf - https://godotengine.org
2026-10-07T05:44:06.6483649Z 
2026-10-07T05:44:08.9261048Z PASS: shared architectural profile surfaces face outward
2026-10-07T05:44:08.9261631Z PASS: beveled paver top surfaces face upward
2026-10-07T05:44:09.2298343Z PASS: Vowkeeper: 3D actor retains contact shadow and native GPU skinning
2026-10-07T05:44:09.2902554Z PASS: Vowkeeper: spatial geometry, animation clips and movement stay finite
2026-10-07T05:44:09.3717068Z PASS: Arcanist: 3D actor retains contact shadow and native GPU skinning
2026-10-07T05:44:09.3922308Z PASS: Arcanist: spatial geometry, animation clips and movement stay finite
2026-10-07T05:44:09.6646818Z PASS: Ranger: 3D actor retains contact shadow and native GPU skinning
2026-10-07T05:44:09.7180664Z PASS: Ranger: spatial geometry, animation clips and movement stay finite
2026-10-07T05:44:09.7689709Z PASS: raider: 3D actor retains contact shadow and native GPU skinning
2026-10-07T05:44:09.7799453Z PASS: raider: spatial geometry, animation clips and movement stay finite
2026-10-07T05:44:10.0818873Z PASS: bulwark: 3D actor retains contact shadow and native GPU skinning
2026-10-07T05:44:10.0845243Z PASS: bulwark: spatial geometry, animation clips and movement stay finite
2026-10-07T05:44:10.4925338Z PASS: hexer: 3D actor retains contact shadow and native GPU skinning
2026-10-07T05:44:10.4958204Z PASS: hexer: spatial geometry, animation clips and movement stay finite
2026-10-07T05:44:10.7788421Z PASS: elite: 3D actor retains contact shadow and native GPU skinning
2026-10-07T05:44:10.7813855Z PASS: elite: spatial geometry, animation clips and movement stay finite
2026-10-07T05:44:11.1815543Z PASS: boss: 3D actor retains contact shadow and native GPU skinning
2026-10-07T05:44:11.1847474Z PASS: boss: spatial geometry, animation clips and movement stay finite
2026-10-07T05:44:11.4324897Z PASS: Vowkeeper: actual signature style supplies stronger action emphasis
2026-10-07T05:44:11.5963021Z PASS: Arcanist: actual signature style supplies stronger action emphasis
2026-10-07T05:44:11.9270245Z PASS: Ranger: actual signature style supplies stronger action emphasis
2026-10-07T05:44:12.0811159Z PASS: repeated characters share the authored 3D geometry
2026-10-07T05:44:12.2441264Z PASS: running cadence advances with actual travel speed
2026-10-07T05:44:12.2461139Z PASS: continuous locomotion alternates grounded left/right support
2026-10-07T05:44:12.2472528Z PASS: attack motion reaches its contact state at the configured release
2026-10-07T05:44:12.2483385Z PASS: enemy reacts to an actual hit with a short surface flash and lean
2026-10-07T05:44:12.2484076Z PASS: rapid attacks queue without restarting the current swing
2026-10-07T05:44:12.2494061Z PASS: queued swing begins after recovery
2026-10-07T05:44:12.2784893Z PASS: death animation displays the continuous skinned corpse
2026-10-07T05:44:12.5997975Z PASS: region 0: visual setup does not alter combat or RNG
2026-10-07T05:44:12.6009433Z PASS: region 0: mist and dust are present
2026-10-07T05:44:12.6009993Z PASS: region 0: animated regional surfaces retained
2026-10-07T05:44:12.6010805Z PASS: region 0: court and regional paving remain unshadowed with one guardian inlay
2026-10-07T05:44:12.6011754Z PASS: region 0: Battery removes decorative lighting without changing combat
2026-10-07T05:44:12.6012589Z PASS: region 0: quality returns while reduced motion freezes beam drift
2026-10-07T05:44:12.6017028Z PASS: region 0: hazard shading reflects actual countdown
2026-10-07T05:44:12.6017470Z PASS: region 0: countdown preserves the full collision footprint
2026-10-07T05:44:12.6018227Z PASS: region 0: spell release originates at the animated casting palm
2026-10-07T05:44:12.6018867Z PASS: region 0: ranged projectile travels toward its target
2026-10-07T05:44:12.6030256Z PASS: region 0: combat VFX clean up without affecting simulation
2026-10-07T05:44:12.9634992Z PASS: region 1: visual setup does not alter combat or RNG
2026-10-07T05:44:12.9635571Z PASS: region 1: mist and dust are present
2026-10-07T05:44:12.9636086Z PASS: region 1: animated regional surfaces retained
2026-10-07T05:44:12.9637784Z PASS: region 1: court and regional paving remain unshadowed with one guardian inlay
2026-10-07T05:44:12.9642933Z PASS: region 1: Battery removes decorative lighting without changing combat
2026-10-07T05:44:12.9645076Z PASS: region 1: quality returns while reduced motion freezes beam drift
2026-10-07T05:44:12.9648915Z PASS: region 1: hazard shading reflects actual countdown
2026-10-07T05:44:12.9649530Z PASS: region 1: countdown preserves the full collision footprint
2026-10-07T05:44:12.9650195Z PASS: region 1: spell release originates at the animated casting palm
2026-10-07T05:44:12.9650831Z PASS: region 1: ranged projectile travels toward its target
2026-10-07T05:44:12.9660826Z PASS: region 1: combat VFX clean up without affecting simulation
2026-10-07T05:44:13.3224524Z PASS: region 2: visual setup does not alter combat or RNG
2026-10-07T05:44:13.3224926Z PASS: region 2: mist and dust are present
2026-10-07T05:44:13.3225276Z PASS: region 2: animated regional surfaces retained
2026-10-07T05:44:13.3226905Z PASS: region 2: court and regional paving remain unshadowed with one guardian inlay
2026-10-07T05:44:13.3231330Z PASS: region 2: Battery removes decorative lighting without changing combat
2026-10-07T05:44:13.3232961Z PASS: region 2: quality returns while reduced motion freezes beam drift
2026-10-07T05:44:13.3242430Z PASS: region 2: hazard shading reflects actual countdown
2026-10-07T05:44:13.3243024Z PASS: region 2: countdown preserves the full collision footprint
2026-10-07T05:44:13.3243661Z PASS: region 2: spell release originates at the animated casting palm
2026-10-07T05:44:13.3244275Z PASS: region 2: ranged projectile travels toward its target
2026-10-07T05:44:13.3254057Z PASS: region 2: combat VFX clean up without affecting simulation
2026-10-07T05:44:13.6377755Z PASS: region 3: visual setup does not alter combat or RNG
2026-10-07T05:44:13.6378341Z PASS: region 3: mist and dust are present
2026-10-07T05:44:13.6379478Z PASS: region 3: animated regional surfaces retained
2026-10-07T05:44:13.6380799Z PASS: region 3: court and regional paving remain unshadowed with one guardian inlay
2026-10-07T05:44:13.6385944Z PASS: region 3: Battery removes decorative lighting without changing combat
2026-10-07T05:44:13.6387969Z PASS: region 3: quality returns while reduced motion freezes beam drift
2026-10-07T05:44:13.6392033Z PASS: region 3: hazard shading reflects actual countdown
2026-10-07T05:44:13.6392667Z PASS: region 3: countdown preserves the full collision footprint
2026-10-07T05:44:13.6393339Z PASS: region 3: spell release originates at the animated casting palm
2026-10-07T05:44:13.6399406Z PASS: region 3: ranged projectile travels toward its target
2026-10-07T05:44:13.6419401Z PASS: region 3: combat VFX clean up without affecting simulation
2026-10-07T05:44:13.6467071Z VISUALS SMOKE: 73 checks, 0 failures
2026-10-07T05:44:13.7551737Z Post job cleanup.
2026-10-07T05:44:13.8276539Z Post job cleanup.
2026-10-07T05:44:13.9018625Z [command]/usr/bin/git version
2026-10-07T05:44:13.9067004Z git version 2.55.0
2026-10-07T05:44:13.9096141Z Temporarily overriding HOME='/home/runner/work/_temp/0fb99e1f-45e7-4173-b9e9-68be04adc484' before making global git config changes
2026-10-07T05:44:13.9097247Z Adding repository directory to the temporary git global config as a safe directory
2026-10-07T05:44:13.9101233Z [command]/usr/bin/git config --global --add safe.directory /home/runner/work/Emberfall-Ashen-Veil/Emberfall-Ashen-Veil
2026-10-07T05:44:13.9130897Z Removing SSH command configuration
2026-10-07T05:44:13.9135958Z [command]/usr/bin/git config --local --name-only --get-regexp core\.sshCommand
2026-10-07T05:44:13.9169280Z [command]/usr/bin/git submodule foreach --recursive sh -c "git config --local --name-only --get-regexp 'core\.sshCommand' && git config --local --unset-all 'core.sshCommand' || :"
2026-10-07T05:44:13.9719727Z Removing HTTP extra header
2026-10-07T05:44:13.9721061Z [command]/usr/bin/git config --local --name-only --get-regexp http\.https\:\/\/github\.com\/\.extraheader
2026-10-07T05:44:13.9753879Z [command]/usr/bin/git submodule foreach --recursive sh -c "git config --local --name-only --get-regexp 'http\.https\:\/\/github\.com\/\.extraheader' && git config --local --unset-all 'http.https://github.com/.extraheader' || :"
2026-10-07T05:44:13.9957127Z Removing includeIf entries pointing to credentials config files
2026-10-07T05:44:13.9965324Z [command]/usr/bin/git config --local --name-only --get-regexp ^includeIf\.gitdir:
2026-10-07T05:44:13.9992459Z includeif.gitdir:/home/runner/work/Emberfall-Ashen-Veil/Emberfall-Ashen-Veil/.git.path
2026-10-07T05:44:13.9993125Z includeif.gitdir:/home/runner/work/Emberfall-Ashen-Veil/Emberfall-Ashen-Veil/.git/worktrees/*.path
2026-10-07T05:44:13.9993587Z includeif.gitdir:/github/workspace/.git.path
2026-10-07T05:44:13.9993941Z includeif.gitdir:/github/workspace/.git/worktrees/*.path
2026-10-07T05:44:13.9999567Z [command]/usr/bin/git config --local --get-all includeif.gitdir:/home/runner/work/Emberfall-Ashen-Veil/Emberfall-Ashen-Veil/.git.path
2026-10-07T05:44:14.0023006Z /home/runner/work/_temp/git-credentials-aa9b199a-8f49-4d11-8d1b-83879f516bc4.config
2026-10-07T05:44:14.0031765Z [command]/usr/bin/git config --local --unset includeif.gitdir:/home/runner/work/Emberfall-Ashen-Veil/Emberfall-Ashen-Veil/.git.path \/home\/runner\/work\/_temp\/git\-credentials\-aa9b199a\-8f49\-4d11\-8d1b\-83879f516bc4\.config
2026-10-07T05:44:14.0066547Z [command]/usr/bin/git config --local --get-all includeif.gitdir:/home/runner/work/Emberfall-Ashen-Veil/Emberfall-Ashen-Veil/.git/worktrees/*.path
2026-10-07T05:44:14.0090860Z /home/runner/work/_temp/git-credentials-aa9b199a-8f49-4d11-8d1b-83879f516bc4.config
2026-10-07T05:44:14.0097241Z [command]/usr/bin/git config --local --unset includeif.gitdir:/home/runner/work/Emberfall-Ashen-Veil/Emberfall-Ashen-Veil/.git/worktrees/*.path \/home\/runner\/work\/_temp\/git\-credentials\-aa9b199a\-8f49\-4d11\-8d1b\-83879f516bc4\.config
2026-10-07T05:44:14.0128286Z [command]/usr/bin/git config --local --get-all includeif.gitdir:/github/workspace/.git.path
2026-10-07T05:44:14.0150379Z /github/runner_temp/git-credentials-aa9b199a-8f49-4d11-8d1b-83879f516bc4.config
2026-10-07T05:44:14.0155738Z [command]/usr/bin/git config --local --unset includeif.gitdir:/github/workspace/.git.path \/github\/runner_temp\/git\-credentials\-aa9b199a\-8f49\-4d11\-8d1b\-83879f516bc4\.config
2026-10-07T05:44:14.0186485Z [command]/usr/bin/git config --local --get-all includeif.gitdir:/github/workspace/.git/worktrees/*.path
2026-10-07T05:44:14.0208354Z /github/runner_temp/git-credentials-aa9b199a-8f49-4d11-8d1b-83879f516bc4.config
2026-10-07T05:44:14.0215869Z [command]/usr/bin/git config --local --unset includeif.gitdir:/github/workspace/.git/worktrees/*.path \/github\/runner_temp\/git\-credentials\-aa9b199a\-8f49\-4d11\-8d1b\-83879f516bc4\.config
2026-10-07T05:44:14.0248776Z [command]/usr/bin/git submodule foreach --recursive git config --local --show-origin --name-only --get-regexp remote.origin.url
2026-10-07T05:44:14.0437440Z Removing credentials config '/home/runner/work/_temp/git-credentials-aa9b199a-8f49-4d11-8d1b-83879f516bc4.config'
2026-10-07T05:44:14.0541330Z Print service container logs: d348c399e5e4412196582ec170ad1e44_postgres16_abc2e5
2026-10-07T05:44:14.0545257Z ##[command]/usr/bin/docker logs --details a31ca04e115901f35fe0b41b5183c58a10cc19ea5eb94389e40e037e462c16a8
2026-10-07T05:44:14.0653286Z  The files belonging to this database system will be owned by user "postgres".
2026-10-07T05:44:14.0654697Z  initdb: warning: enabling "trust" authentication for local connections
2026-10-07T05:44:14.0655365Z  initdb: hint: You can change this by editing pg_hba.conf or using the option -A, or --auth-local and --auth-host, the next time you run initdb.
2026-10-07T05:44:14.0656480Z  2026-10-07 05:27:41.746 UTC [1] LOG:  starting PostgreSQL 16.15 (Debian 16.15-1.pgdg13+2) on x86_64-pc-linux-gnu, compiled by gcc (Debian 14.2.0-19) 14.2.0, 64-bit
2026-10-07T05:44:14.0657314Z  2026-10-07 05:27:41.746 UTC [1] LOG:  listening on IPv4 address "0.0.0.0", port 5432
2026-10-07T05:44:14.0657931Z  2026-10-07 05:27:41.746 UTC [1] LOG:  listening on IPv6 address "::", port 5432
2026-10-07T05:44:14.0658343Z  2026-10-07 05:27:41.747 UTC [1] LOG:  listening on Unix socket "/var/run/postgresql/.s.PGSQL.5432"
2026-10-07T05:44:14.0658996Z  2026-10-07 05:27:41.749 UTC [64] LOG:  database system was shut down at 2026-10-07 05:27:41 UTC
2026-10-07T05:44:14.0659336Z  This user must also own the server process.
2026-10-07T05:44:14.0659676Z  2026-10-07 05:27:41.752 UTC [1] LOG:  database system is ready to accept connections
2026-10-07T05:44:14.0660019Z  2026-10-07 05:32:41.757 UTC [62] LOG:  checkpoint starting: time
2026-10-07T05:44:14.0660818Z  2026-10-07 05:32:45.968 UTC [62] LOG:  checkpoint complete: wrote 45 buffers (0.3%); 0 WAL file(s) added, 0 removed, 0 recycled; write=4.209 s, sync=0.001 s, total=4.212 s; sync files=12, longest=0.001 s, average=0.001 s; distance=261 kB, estimate=261 kB; lsn=0/1960560, redo lsn=0/1960528
2026-10-07T05:44:14.0661581Z  2026-10-07 05:42:42.113 UTC [62] LOG:  checkpoint starting: time
2026-10-07T05:44:14.0662427Z  2026-10-07 05:43:11.931 UTC [62] LOG:  checkpoint complete: wrote 295 buffers (1.8%); 0 WAL file(s) added, 0 removed, 0 recycled; write=29.581 s, sync=0.002 s, total=29.819 s; sync files=206, longest=0.001 s, average=0.001 s; distance=1479 kB, estimate=1479 kB; lsn=0/1AD23C8, redo lsn=0/1AD2390
2026-10-07T05:44:14.0663708Z  
2026-10-07T05:44:14.0664033Z  The database cluster will be initialized with locale "en_US.utf8".
2026-10-07T05:44:14.0664382Z  The default database encoding has accordingly been set to "UTF8".
2026-10-07T05:44:14.0664717Z  The default text search configuration will be set to "english".
2026-10-07T05:44:14.0664973Z  
2026-10-07T05:44:14.0665141Z  Data page checksums are disabled.
2026-10-07T05:44:14.0665342Z  
2026-10-07T05:44:14.0665578Z  fixing permissions on existing directory /var/lib/postgresql/data ... ok
2026-10-07T05:44:14.0665891Z  creating subdirectories ... ok
2026-10-07T05:44:14.0666357Z  selecting dynamic shared memory implementation ... posix
2026-10-07T05:44:14.0666636Z  selecting default max_connections ... 100
2026-10-07T05:44:14.0666880Z  selecting default shared_buffers ... 128MB
2026-10-07T05:44:14.0667114Z  selecting default time zone ... Etc/UTC
2026-10-07T05:44:14.0667335Z  creating configuration files ... ok
2026-10-07T05:44:14.0667559Z  running bootstrap script ... ok
2026-10-07T05:44:14.0667797Z  performing post-bootstrap initialization ... ok
2026-10-07T05:44:14.0668047Z  syncing data to disk ... ok
2026-10-07T05:44:14.0668232Z  
2026-10-07T05:44:14.0668376Z  
2026-10-07T05:44:14.0668705Z  Success. You can now start the database server using:
2026-10-07T05:44:14.0668948Z  
2026-10-07T05:44:14.0669140Z      pg_ctl -D /var/lib/postgresql/data -l logfile start
2026-10-07T05:44:14.0669377Z  
2026-10-07T05:44:14.0669855Z  waiting for server to start....2026-10-07 05:27:41.434 UTC [48] LOG:  starting PostgreSQL 16.15 (Debian 16.15-1.pgdg13+2) on x86_64-pc-linux-gnu, compiled by gcc (Debian 14.2.0-19) 14.2.0, 64-bit
2026-10-07T05:44:14.0670754Z  2026-10-07 05:27:41.434 UTC [48] LOG:  listening on Unix socket "/var/run/postgresql/.s.PGSQL.5432"
2026-10-07T05:44:14.0671188Z  2026-10-07 05:27:41.436 UTC [51] LOG:  database system was shut down at 2026-10-07 05:27:41 UTC
2026-10-07T05:44:14.0671569Z  2026-10-07 05:27:41.439 UTC [48] LOG:  database system is ready to accept connections
2026-10-07T05:44:14.0671855Z   done
2026-10-07T05:44:14.0672019Z  server started
2026-10-07T05:44:14.0672183Z  CREATE DATABASE
2026-10-07T05:44:14.0672343Z  
2026-10-07T05:44:14.0672483Z  
2026-10-07T05:44:14.0672730Z  /usr/local/bin/docker-entrypoint.sh: ignoring /docker-entrypoint-initdb.d/*
2026-10-07T05:44:14.0673028Z  
2026-10-07T05:44:14.0673304Z  waiting for server to shut down...2026-10-07 05:27:41.612 UTC [48] LOG:  received fast shutdown request
2026-10-07T05:44:14.0673698Z  .2026-10-07 05:27:41.612 UTC [48] LOG:  aborting any active transactions
2026-10-07T05:44:14.0674136Z  2026-10-07 05:27:41.614 UTC [48] LOG:  background worker "logical replication launcher" (PID 54) exited with exit code 1
2026-10-07T05:44:14.0674535Z  2026-10-07 05:27:41.614 UTC [49] LOG:  shutting down
2026-10-07T05:44:14.0674839Z  2026-10-07 05:27:41.614 UTC [49] LOG:  checkpoint starting: shutdown immediate
2026-10-07T05:44:14.0675644Z  2026-10-07 05:27:41.659 UTC [49] LOG:  checkpoint complete: wrote 926 buffers (5.7%); 0 WAL file(s) added, 0 removed, 0 recycled; write=0.042 s, sync=0.002 s, total=0.045 s; sync files=301, longest=0.001 s, average=0.001 s; distance=4273 kB, estimate=4273 kB; lsn=0/191F0F0, redo lsn=0/191F0F0
2026-10-07T05:44:14.0676392Z  2026-10-07 05:27:41.664 UTC [48] LOG:  database system is shut down
2026-10-07T05:44:14.0676639Z   done
2026-10-07T05:44:14.0676791Z  server stopped
2026-10-07T05:44:14.0676964Z  
2026-10-07T05:44:14.0677161Z  PostgreSQL init process complete; ready for start up.
2026-10-07T05:44:14.0677404Z  
2026-10-07T05:44:14.0682000Z Stop and remove container: d348c399e5e4412196582ec170ad1e44_postgres16_abc2e5
2026-10-07T05:44:14.0685720Z ##[command]/usr/bin/docker rm --force a31ca04e115901f35fe0b41b5183c58a10cc19ea5eb94389e40e037e462c16a8
2026-10-07T05:44:14.1862812Z a31ca04e115901f35fe0b41b5183c58a10cc19ea5eb94389e40e037e462c16a8
2026-10-07T05:44:14.1886206Z Remove container network: github_network_004a1fa4394e4855bd65a23fa769f99f
2026-10-07T05:44:14.1889938Z ##[command]/usr/bin/docker network rm github_network_004a1fa4394e4855bd65a23fa769f99f
2026-10-07T05:44:14.3091133Z github_network_004a1fa4394e4855bd65a23fa769f99f
2026-10-07T05:44:14.3149138Z Cleaning up orphan processes
2026-10-07T05:44:14.3394784Z Terminate orphan process: pid (6632) (java)
