2026-10-07T21:06:14.2476281Z Current runner version: '2.337.0'
2026-10-07T21:06:14.2494227Z ##[group]Runner Image Provisioner
2026-10-07T21:06:14.2494861Z Hosted Compute Agent
2026-10-07T21:06:14.2495237Z Version: 20260901.588
2026-10-07T21:06:14.2495886Z Commit: f88ec8081b781fac6c440065ac7ff9e710ce3d0b
2026-10-07T21:06:14.2496392Z Build Date: 2026-09-01T19:56:44Z
2026-10-07T21:06:14.2496815Z Worker ID: {ef387f8e-e763-40bf-90e3-6f14d52f5a73}
2026-10-07T21:06:14.2497289Z Azure Region: southcentralus
2026-10-07T21:06:14.2497688Z ##[endgroup]
2026-10-07T21:06:14.2498497Z ##[group]Operating System
2026-10-07T21:06:14.2498922Z Ubuntu
2026-10-07T21:06:14.2499246Z 24.04.5
2026-10-07T21:06:14.2499555Z LTS
2026-10-07T21:06:14.2499921Z ##[endgroup]
2026-10-07T21:06:14.2500325Z ##[group]Runner Image
2026-10-07T21:06:14.2500731Z Image: ubuntu-24.04
2026-10-07T21:06:14.2501084Z Version: 20260927.320.1
2026-10-07T21:06:14.2501895Z Included Software: https://github.com/actions/runner-images/blob/ubuntu24/20260927.320/images/ubuntu/Ubuntu2404-Readme.md
2026-10-07T21:06:14.2502838Z Image Release: https://github.com/actions/runner-images/releases/tag/ubuntu24%2F20260927.320
2026-10-07T21:06:14.2503453Z ##[endgroup]
2026-10-07T21:06:14.2504108Z ##[group]GITHUB_TOKEN Permissions
2026-10-07T21:06:14.2505607Z Contents: read
2026-10-07T21:06:14.2506004Z Metadata: read
2026-10-07T21:06:14.2506335Z ##[endgroup]
2026-10-07T21:06:14.2507761Z Secret source: Actions
2026-10-07T21:06:14.2508321Z Cache mode: write
2026-10-07T21:06:14.2508857Z Prepare workflow directory
2026-10-07T21:06:14.2809525Z Prepare all required actions
2026-10-07T21:06:14.2841028Z Getting action download info
2026-10-07T21:06:14.6005618Z Download action repository 'actions/checkout@v7' (SHA:3d3c42e5aac5ba805825da76410c181273ba90b1)
2026-10-07T21:06:14.8170226Z Download action repository 'actions/setup-java@v6' (SHA:de7274f081f381c8f8158605e0321c36c376e2e6)
2026-10-07T21:06:16.1198435Z Download action repository 'android-actions/setup-android@v4' (SHA:be39fa834029ff78f1a44aa3bb0819b8fc2bd8fd)
2026-10-07T21:06:16.5441376Z Download action repository 'actions/upload-artifact@v7' (SHA:cf430e030ddbb5b0abf93d22962f4752f3646cd9)
2026-10-07T21:06:17.5524410Z Complete job name: android-debug
2026-10-07T21:06:17.5965144Z ##[group]Checking docker version
2026-10-07T21:06:17.5973352Z ##[command]/usr/bin/docker version --format '{{.Server.APIVersion}}'
2026-10-07T21:06:17.6834117Z '1.48'
2026-10-07T21:06:17.6842240Z Docker daemon API version: '1.48'
2026-10-07T21:06:17.6842543Z ##[command]/usr/bin/docker version --format '{{.Client.APIVersion}}'
2026-10-07T21:06:17.6983854Z '1.48'
2026-10-07T21:06:17.6995103Z Docker client API version: '1.48'
2026-10-07T21:06:17.7000223Z ##[endgroup]
2026-10-07T21:06:17.7001476Z ##[group]Clean up resources from previous jobs
2026-10-07T21:06:17.7005475Z ##[command]/usr/bin/docker ps --all --quiet --no-trunc --filter "label=63ec29"
2026-10-07T21:06:17.7119153Z ##[command]/usr/bin/docker network prune --force --filter "label=63ec29"
2026-10-07T21:06:17.7224503Z ##[endgroup]
2026-10-07T21:06:17.7224759Z ##[group]Create local container network
2026-10-07T21:06:17.7232124Z ##[command]/usr/bin/docker network create --label 63ec29 github_network_83cab93bc22d431d8d46ce1317b2ed51
2026-10-07T21:06:17.8533621Z aa85b52a80e558a04c53daee49379e859aba3d3bb2191da52d45bd623e3679e8
2026-10-07T21:06:17.8551063Z ##[endgroup]
2026-10-07T21:06:17.8568598Z ##[group]Starting postgres service container
2026-10-07T21:06:17.8583444Z ##[command]/usr/bin/docker pull postgres:16
2026-10-07T21:06:18.7988041Z 16: Pulling from library/postgres
2026-10-07T21:06:18.9792207Z ecc510c1e359: Pulling fs layer
2026-10-07T21:06:18.9792491Z 79faf13a8736: Pulling fs layer
2026-10-07T21:06:18.9792641Z 6456bfbf35e7: Pulling fs layer
2026-10-07T21:06:18.9792798Z b353db459ed1: Pulling fs layer
2026-10-07T21:06:18.9792978Z 99f49de4fe2b: Pulling fs layer
2026-10-07T21:06:18.9793189Z 83d1a2a3917c: Pulling fs layer
2026-10-07T21:06:18.9793413Z 715ea0948cb1: Pulling fs layer
2026-10-07T21:06:18.9793620Z 486e8305f56f: Pulling fs layer
2026-10-07T21:06:18.9794173Z e7d675f11ded: Pulling fs layer
2026-10-07T21:06:18.9794384Z c49864c27f35: Pulling fs layer
2026-10-07T21:06:18.9794642Z 770ef8b308ea: Pulling fs layer
2026-10-07T21:06:18.9795845Z 50c25daa0302: Pulling fs layer
2026-10-07T21:06:18.9796060Z 8309db3ae5b6: Pulling fs layer
2026-10-07T21:06:18.9796286Z 9731e27f2541: Pulling fs layer
2026-10-07T21:06:18.9796503Z 83d1a2a3917c: Waiting
2026-10-07T21:06:18.9798263Z 715ea0948cb1: Waiting
2026-10-07T21:06:18.9798448Z 486e8305f56f: Waiting
2026-10-07T21:06:18.9798634Z e7d675f11ded: Waiting
2026-10-07T21:06:18.9798837Z c49864c27f35: Waiting
2026-10-07T21:06:18.9799018Z 770ef8b308ea: Waiting
2026-10-07T21:06:18.9799192Z 50c25daa0302: Waiting
2026-10-07T21:06:18.9799363Z 8309db3ae5b6: Waiting
2026-10-07T21:06:18.9799536Z 9731e27f2541: Waiting
2026-10-07T21:06:18.9799709Z b353db459ed1: Waiting
2026-10-07T21:06:18.9799883Z 99f49de4fe2b: Waiting
2026-10-07T21:06:19.1658760Z 79faf13a8736: Verifying Checksum
2026-10-07T21:06:19.1659133Z 79faf13a8736: Download complete
2026-10-07T21:06:19.2867235Z 6456bfbf35e7: Verifying Checksum
2026-10-07T21:06:19.2868014Z 6456bfbf35e7: Download complete
2026-10-07T21:06:19.3757237Z ecc510c1e359: Verifying Checksum
2026-10-07T21:06:19.3757645Z ecc510c1e359: Download complete
2026-10-07T21:06:19.3789629Z b353db459ed1: Verifying Checksum
2026-10-07T21:06:19.3790264Z b353db459ed1: Download complete
2026-10-07T21:06:19.5264745Z 715ea0948cb1: Verifying Checksum
2026-10-07T21:06:19.5265131Z 715ea0948cb1: Download complete
2026-10-07T21:06:19.5898958Z 99f49de4fe2b: Verifying Checksum
2026-10-07T21:06:19.5899453Z 99f49de4fe2b: Download complete
2026-10-07T21:06:19.6203176Z 83d1a2a3917c: Verifying Checksum
2026-10-07T21:06:19.6204132Z 83d1a2a3917c: Download complete
2026-10-07T21:06:19.6772681Z 486e8305f56f: Verifying Checksum
2026-10-07T21:06:19.6773580Z 486e8305f56f: Download complete
2026-10-07T21:06:19.7825918Z c49864c27f35: Verifying Checksum
2026-10-07T21:06:19.7826822Z c49864c27f35: Download complete
2026-10-07T21:06:19.8396216Z 770ef8b308ea: Verifying Checksum
2026-10-07T21:06:19.8396918Z 770ef8b308ea: Download complete
2026-10-07T21:06:19.9282999Z 50c25daa0302: Verifying Checksum
2026-10-07T21:06:19.9283685Z 50c25daa0302: Download complete
2026-10-07T21:06:19.9938538Z 8309db3ae5b6: Verifying Checksum
2026-10-07T21:06:19.9938936Z 8309db3ae5b6: Download complete
2026-10-07T21:06:20.0833873Z 9731e27f2541: Verifying Checksum
2026-10-07T21:06:20.0834865Z 9731e27f2541: Download complete
2026-10-07T21:06:20.1273222Z ecc510c1e359: Pull complete
2026-10-07T21:06:20.1405845Z e7d675f11ded: Verifying Checksum
2026-10-07T21:06:20.1406206Z e7d675f11ded: Download complete
2026-10-07T21:06:25.6357037Z 79faf13a8736: Pull complete
2026-10-07T21:06:25.8785126Z 6456bfbf35e7: Pull complete
2026-10-07T21:06:25.9251953Z b353db459ed1: Pull complete
2026-10-07T21:06:26.2513441Z 99f49de4fe2b: Pull complete
2026-10-07T21:06:26.3231254Z 83d1a2a3917c: Pull complete
2026-10-07T21:06:26.3304452Z 715ea0948cb1: Pull complete
2026-10-07T21:06:26.3377784Z 486e8305f56f: Pull complete
2026-10-07T21:06:29.6860277Z e7d675f11ded: Pull complete
2026-10-07T21:06:29.7160651Z c49864c27f35: Pull complete
2026-10-07T21:06:29.7218810Z 770ef8b308ea: Pull complete
2026-10-07T21:06:29.7288361Z 50c25daa0302: Pull complete
2026-10-07T21:06:29.7361547Z 8309db3ae5b6: Pull complete
2026-10-07T21:06:29.7420610Z 9731e27f2541: Pull complete
2026-10-07T21:06:29.7448685Z Digest: sha256:ca0bd484cb98bf4b24eb1010e73fb3fcbd6714d240fbc1a10eea5b7dbecb641d
2026-10-07T21:06:29.7458514Z Status: Downloaded newer image for postgres:16
2026-10-07T21:06:29.7464664Z docker.io/library/postgres:16
2026-10-07T21:06:29.7512181Z ##[command]/usr/bin/docker create --name a4e601b22c9e42c2ace65bb4f67eae06_postgres16_9059fd --label 63ec29 --network github_network_83cab93bc22d431d8d46ce1317b2ed51 --network-alias postgres -p 5432:5432 --health-cmd "pg_isready -U postgres -d nakama_local" --health-interval 5s --health-timeout 5s --health-retries 12 -e "POSTGRES_DB=nakama_local" -e "POSTGRES_USER=postgres" -e "POSTGRES_PASSWORD=postgres" -e GITHUB_ACTIONS=true -e CI=true postgres:16
2026-10-07T21:06:29.7708560Z 44512c1e937515161d87d54cc120ef242af221d4e505d73353fe3c34f33e0da1
2026-10-07T21:06:29.7727106Z ##[command]/usr/bin/docker start 44512c1e937515161d87d54cc120ef242af221d4e505d73353fe3c34f33e0da1
2026-10-07T21:06:29.9548365Z 44512c1e937515161d87d54cc120ef242af221d4e505d73353fe3c34f33e0da1
2026-10-07T21:06:29.9585628Z ##[command]/usr/bin/docker ps --all --filter id=44512c1e937515161d87d54cc120ef242af221d4e505d73353fe3c34f33e0da1 --filter status=running --no-trunc --format "{{.ID}} {{.Status}}"
2026-10-07T21:06:29.9705987Z 44512c1e937515161d87d54cc120ef242af221d4e505d73353fe3c34f33e0da1 Up Less than a second (health: starting)
2026-10-07T21:06:29.9724725Z ##[command]/usr/bin/docker port 44512c1e937515161d87d54cc120ef242af221d4e505d73353fe3c34f33e0da1
2026-10-07T21:06:29.9820767Z 5432/tcp -> 0.0.0.0:5432
2026-10-07T21:06:29.9831395Z 5432/tcp -> [::]:5432
2026-10-07T21:06:29.9859341Z ##[endgroup]
2026-10-07T21:06:29.9866268Z ##[group]Waiting for all services to be ready
2026-10-07T21:06:29.9875971Z ##[command]/usr/bin/docker inspect --format="{{if .Config.Healthcheck}}{{print .State.Health.Status}}{{end}}" 44512c1e937515161d87d54cc120ef242af221d4e505d73353fe3c34f33e0da1
2026-10-07T21:06:29.9987856Z starting
2026-10-07T21:06:30.0006944Z postgres service is starting, waiting 2 seconds before checking again.
2026-10-07T21:06:32.0012341Z ##[command]/usr/bin/docker inspect --format="{{if .Config.Healthcheck}}{{print .State.Health.Status}}{{end}}" 44512c1e937515161d87d54cc120ef242af221d4e505d73353fe3c34f33e0da1
2026-10-07T21:06:32.0112034Z starting
2026-10-07T21:06:32.0127257Z postgres service is starting, waiting 4 seconds before checking again.
2026-10-07T21:06:36.0503943Z ##[command]/usr/bin/docker inspect --format="{{if .Config.Healthcheck}}{{print .State.Health.Status}}{{end}}" 44512c1e937515161d87d54cc120ef242af221d4e505d73353fe3c34f33e0da1
2026-10-07T21:06:36.0599172Z healthy
2026-10-07T21:06:36.0613420Z postgres service is healthy.
2026-10-07T21:06:36.0614023Z ##[endgroup]
2026-10-07T21:06:36.0792051Z ##[group]Run actions/checkout@v7
2026-10-07T21:06:36.0792296Z with:
2026-10-07T21:06:36.0792438Z   repository: Philmenting/Emberfall-Ashen-Veil
2026-10-07T21:06:36.0793842Z   token: ***
2026-10-07T21:06:36.0793958Z   ssh-strict: true
2026-10-07T21:06:36.0794080Z   ssh-user: git
2026-10-07T21:06:36.0794202Z   persist-credentials: true
2026-10-07T21:06:36.0794335Z   clean: true
2026-10-07T21:06:36.0794460Z   sparse-checkout-cone-mode: true
2026-10-07T21:06:36.0794605Z   fetch-depth: 1
2026-10-07T21:06:36.0794717Z   fetch-tags: false
2026-10-07T21:06:36.0794836Z   show-progress: true
2026-10-07T21:06:36.0794953Z   lfs: false
2026-10-07T21:06:36.0795061Z   submodules: false
2026-10-07T21:06:36.0795179Z   set-safe-directory: true
2026-10-07T21:06:36.0795523Z   allow-unsafe-pr-checkout: false
2026-10-07T21:06:36.0795818Z ##[endgroup]
2026-10-07T21:06:36.1462309Z Syncing repository: Philmenting/Emberfall-Ashen-Veil
2026-10-07T21:06:36.1463318Z ##[group]Getting Git version info
2026-10-07T21:06:36.1463653Z Working directory is '/home/runner/work/Emberfall-Ashen-Veil/Emberfall-Ashen-Veil'
2026-10-07T21:06:36.1464085Z [command]/usr/bin/git version
2026-10-07T21:06:36.1534650Z git version 2.55.0
2026-10-07T21:06:36.1569388Z ##[endgroup]
2026-10-07T21:06:36.1574621Z Temporarily overriding HOME='/home/runner/work/_temp/bb3c884e-4d5d-4b64-813d-5ddae1188a0b' before making global git config changes
2026-10-07T21:06:36.1575666Z Adding repository directory to the temporary git global config as a safe directory
2026-10-07T21:06:36.1576503Z [command]/usr/bin/git config --global --add safe.directory /home/runner/work/Emberfall-Ashen-Veil/Emberfall-Ashen-Veil
2026-10-07T21:06:36.1634596Z Deleting the contents of '/home/runner/work/Emberfall-Ashen-Veil/Emberfall-Ashen-Veil'
2026-10-07T21:06:36.1636617Z ##[group]Determining repository object format
2026-10-07T21:06:36.1638281Z ##[endgroup]
2026-10-07T21:06:36.1638783Z ##[group]Initializing the repository
2026-10-07T21:06:36.1642085Z [command]/usr/bin/git init /home/runner/work/Emberfall-Ashen-Veil/Emberfall-Ashen-Veil
2026-10-07T21:06:36.1779856Z hint: Using 'master' as the name for the initial branch. This default branch name
2026-10-07T21:06:36.1780748Z hint: will change to "main" in Git 3.0. To configure the initial branch name
2026-10-07T21:06:36.1781239Z hint: to use in all of your new repositories, which will suppress this warning,
2026-10-07T21:06:36.1781584Z hint: call:
2026-10-07T21:06:36.1781748Z hint:
2026-10-07T21:06:36.1782013Z hint: 	git config --global init.defaultBranch <name>
2026-10-07T21:06:36.1782305Z hint:
2026-10-07T21:06:36.1782593Z hint: Names commonly chosen instead of 'master' are 'main', 'trunk' and
2026-10-07T21:06:36.1783021Z hint: 'development'. The just-created branch can be renamed via this command:
2026-10-07T21:06:36.1783247Z hint:
2026-10-07T21:06:36.1783389Z hint: 	git branch -m <name>
2026-10-07T21:06:36.1783532Z hint:
2026-10-07T21:06:36.1783774Z hint: Disable this message with "git config set advice.defaultBranchName false"
2026-10-07T21:06:36.1784199Z Initialized empty Git repository in /home/runner/work/Emberfall-Ashen-Veil/Emberfall-Ashen-Veil/.git/
2026-10-07T21:06:36.1802321Z [command]/usr/bin/git remote add origin https://github.com/Philmenting/Emberfall-Ashen-Veil
2026-10-07T21:06:36.1843650Z ##[endgroup]
2026-10-07T21:06:36.1844129Z ##[group]Disabling automatic garbage collection
2026-10-07T21:06:36.1846754Z [command]/usr/bin/git config --local gc.auto 0
2026-10-07T21:06:36.1879287Z ##[endgroup]
2026-10-07T21:06:36.1879715Z ##[group]Setting up auth
2026-10-07T21:06:36.1880072Z Removing SSH command configuration
2026-10-07T21:06:36.1884797Z [command]/usr/bin/git config --local --name-only --get-regexp core\.sshCommand
2026-10-07T21:06:36.1920229Z [command]/usr/bin/git submodule foreach --recursive sh -c "git config --local --name-only --get-regexp 'core\.sshCommand' && git config --local --unset-all 'core.sshCommand' || :"
2026-10-07T21:06:36.2203347Z Removing HTTP extra header
2026-10-07T21:06:36.2208023Z [command]/usr/bin/git config --local --name-only --get-regexp http\.https\:\/\/github\.com\/\.extraheader
2026-10-07T21:06:36.2237407Z [command]/usr/bin/git submodule foreach --recursive sh -c "git config --local --name-only --get-regexp 'http\.https\:\/\/github\.com\/\.extraheader' && git config --local --unset-all 'http.https://github.com/.extraheader' || :"
2026-10-07T21:06:36.2415224Z Removing includeIf entries pointing to credentials config files
2026-10-07T21:06:36.2419423Z [command]/usr/bin/git config --local --name-only --get-regexp ^includeIf\.gitdir:
2026-10-07T21:06:36.2448284Z [command]/usr/bin/git submodule foreach --recursive git config --local --show-origin --name-only --get-regexp remote.origin.url
2026-10-07T21:06:36.2627440Z [command]/usr/bin/git config --file /home/runner/work/_temp/git-credentials-b6f6e622-94d1-473a-bcf4-3018d6510537.config http.https://github.com/.extraheader AUTHORIZATION: basic ***
2026-10-07T21:06:36.2664810Z [command]/usr/bin/git config --local includeIf.gitdir:/home/runner/work/Emberfall-Ashen-Veil/Emberfall-Ashen-Veil/.git.path /home/runner/work/_temp/git-credentials-b6f6e622-94d1-473a-bcf4-3018d6510537.config
2026-10-07T21:06:36.2696216Z [command]/usr/bin/git config --local includeIf.gitdir:/home/runner/work/Emberfall-Ashen-Veil/Emberfall-Ashen-Veil/.git/worktrees/*.path /home/runner/work/_temp/git-credentials-b6f6e622-94d1-473a-bcf4-3018d6510537.config
2026-10-07T21:06:36.2731205Z [command]/usr/bin/git config --local includeIf.gitdir:/github/workspace/.git.path /github/runner_temp/git-credentials-b6f6e622-94d1-473a-bcf4-3018d6510537.config
2026-10-07T21:06:36.2763547Z [command]/usr/bin/git config --local includeIf.gitdir:/github/workspace/.git/worktrees/*.path /github/runner_temp/git-credentials-b6f6e622-94d1-473a-bcf4-3018d6510537.config
2026-10-07T21:06:36.2794089Z ##[endgroup]
2026-10-07T21:06:36.2794453Z ##[group]Fetching the repository
2026-10-07T21:06:36.2800511Z [command]/usr/bin/git -c protocol.version=2 fetch --no-tags --prune --no-recurse-submodules --depth=1 origin +46ba36f6cd0871ae469cdb4ce9c04f32b479f0f5:refs/remotes/pull/5/merge
2026-10-07T21:08:09.8559016Z From https://github.com/Philmenting/Emberfall-Ashen-Veil
2026-10-07T21:08:09.8559515Z  * [new ref]         46ba36f6cd0871ae469cdb4ce9c04f32b479f0f5 -> pull/5/merge
2026-10-07T21:08:09.8565162Z ##[endgroup]
2026-10-07T21:08:09.8565685Z ##[group]Determining the checkout info
2026-10-07T21:08:09.8566104Z ##[endgroup]
2026-10-07T21:08:09.8570762Z [command]/usr/bin/git sparse-checkout disable
2026-10-07T21:08:09.8678427Z [command]/usr/bin/git config --local --unset-all extensions.worktreeConfig
2026-10-07T21:08:09.8712545Z ##[group]Checking out the ref
2026-10-07T21:08:09.8716169Z [command]/usr/bin/git checkout --progress --force refs/remotes/pull/5/merge
2026-10-07T21:08:10.8855142Z Updating files:  66% (1330/1992)
2026-10-07T21:08:10.9097826Z Updating files:  67% (1335/1992)
2026-10-07T21:08:10.9259698Z Updating files:  68% (1355/1992)
2026-10-07T21:08:10.9474102Z Updating files:  69% (1375/1992)
2026-10-07T21:08:10.9631553Z Updating files:  70% (1395/1992)
2026-10-07T21:08:10.9783761Z Updating files:  71% (1415/1992)
2026-10-07T21:08:10.9924607Z Updating files:  72% (1435/1992)
2026-10-07T21:08:11.0180230Z Updating files:  73% (1455/1992)
2026-10-07T21:08:11.0403486Z Updating files:  74% (1475/1992)
2026-10-07T21:08:11.0638919Z Updating files:  75% (1494/1992)
2026-10-07T21:08:11.0945719Z Updating files:  76% (1514/1992)
2026-10-07T21:08:11.1142546Z Updating files:  77% (1534/1992)
2026-10-07T21:08:11.1150663Z Updating files:  78% (1554/1992)
2026-10-07T21:08:11.1157796Z Updating files:  79% (1574/1992)
2026-10-07T21:08:11.1169016Z Updating files:  80% (1594/1992)
2026-10-07T21:08:11.1180421Z Updating files:  81% (1614/1992)
2026-10-07T21:08:11.1188336Z Updating files:  82% (1634/1992)
2026-10-07T21:08:11.1196399Z Updating files:  83% (1654/1992)
2026-10-07T21:08:11.1207542Z Updating files:  84% (1674/1992)
2026-10-07T21:08:11.1214523Z Updating files:  85% (1694/1992)
2026-10-07T21:08:11.1219975Z Updating files:  86% (1714/1992)
2026-10-07T21:08:11.1226160Z Updating files:  87% (1734/1992)
2026-10-07T21:08:11.1232940Z Updating files:  88% (1753/1992)
2026-10-07T21:08:11.1241466Z Updating files:  89% (1773/1992)
2026-10-07T21:08:11.1250248Z Updating files:  90% (1793/1992)
2026-10-07T21:08:11.1272274Z Updating files:  91% (1813/1992)
2026-10-07T21:08:11.1280223Z Updating files:  92% (1833/1992)
2026-10-07T21:08:11.1289169Z Updating files:  93% (1853/1992)
2026-10-07T21:08:11.1296617Z Updating files:  94% (1873/1992)
2026-10-07T21:08:11.1305238Z Updating files:  95% (1893/1992)
2026-10-07T21:08:11.1314190Z Updating files:  96% (1913/1992)
2026-10-07T21:08:11.1322726Z Updating files:  97% (1933/1992)
2026-10-07T21:08:11.1333792Z Updating files:  98% (1953/1992)
2026-10-07T21:08:11.1345863Z Updating files:  99% (1973/1992)
2026-10-07T21:08:11.1346085Z Updating files: 100% (1992/1992)
2026-10-07T21:08:11.1346321Z Updating files: 100% (1992/1992), done.
2026-10-07T21:08:11.1364591Z Note: switching to 'refs/remotes/pull/5/merge'.
2026-10-07T21:08:11.1364833Z 
2026-10-07T21:08:11.1365024Z You are in 'detached HEAD' state. You can look around, make experimental
2026-10-07T21:08:11.1365533Z changes and commit them, and you can discard any commits you make in this
2026-10-07T21:08:11.1365794Z state without impacting any branches by switching back to a branch.
2026-10-07T21:08:11.1365948Z 
2026-10-07T21:08:11.1366051Z If you want to create a new branch to retain commits you create, you may
2026-10-07T21:08:11.1366304Z do so (now or later) by using -c with the switch command. Example:
2026-10-07T21:08:11.1366442Z 
2026-10-07T21:08:11.1366508Z   git switch -c <new-branch-name>
2026-10-07T21:08:11.1366606Z 
2026-10-07T21:08:11.1366665Z Or undo this operation with:
2026-10-07T21:08:11.1366819Z 
2026-10-07T21:08:11.1366871Z   git switch -
2026-10-07T21:08:11.1366942Z 
2026-10-07T21:08:11.1367058Z Turn off this advice by setting config variable advice.detachedHead to false
2026-10-07T21:08:11.1367432Z 
2026-10-07T21:08:11.1367618Z HEAD is now at 46ba36f Merge 1cc13152a83c6631590d4df32ca298700a417df7 into 610c343073e7186589cba92c3fefb55a4db68e12
2026-10-07T21:08:11.1544244Z ##[endgroup]
2026-10-07T21:08:11.1590669Z [command]/usr/bin/git log -1 --format=%H
2026-10-07T21:08:11.1621615Z 46ba36f6cd0871ae469cdb4ce9c04f32b479f0f5
2026-10-07T21:08:11.1854600Z ##[group]Run actions/setup-java@v6
2026-10-07T21:08:11.1854763Z with:
2026-10-07T21:08:11.1854882Z   distribution: temurin
2026-10-07T21:08:11.1855009Z   java-version: 17
2026-10-07T21:08:11.1855127Z   java-package: jdk
2026-10-07T21:08:11.1855248Z   check-latest: false
2026-10-07T21:08:11.1855493Z   force-download: false
2026-10-07T21:08:11.1855619Z   set-default: true
2026-10-07T21:08:11.1855738Z   server-id: github
2026-10-07T21:08:11.1855874Z   mvn-repositories-include-central: true
2026-10-07T21:08:11.1856054Z   mvn-repositories-prioritize-central: true
2026-10-07T21:08:11.1856224Z   overwrite-settings: true
2026-10-07T21:08:11.1856360Z   cache-read-only: false
2026-10-07T21:08:11.1856501Z   job-status: success
2026-10-07T21:08:11.1857846Z   token: ***
2026-10-07T21:08:11.1857996Z   show-download-progress: false
2026-10-07T21:08:11.1858145Z   problem-matcher: true
2026-10-07T21:08:11.1858270Z ##[endgroup]
2026-10-07T21:08:11.2389634Z ##[group]Installed distributions
2026-10-07T21:08:11.2444662Z Resolved Java 17.0.20+1 from tool-cache
2026-10-07T21:08:11.2444862Z Setting Java 17.0.20+1 as the default
2026-10-07T21:08:11.2450454Z 
2026-10-07T21:08:11.2450722Z Java configuration:
2026-10-07T21:08:11.2450953Z   Distribution: temurin
2026-10-07T21:08:11.2451168Z   Version: 17.0.20+1
2026-10-07T21:08:11.2451464Z   Path: /opt/hostedtoolcache/Java_Temurin-Hotspot_jdk/17.0.20-1/x64
2026-10-07T21:08:11.2451717Z 
2026-10-07T21:08:11.2451992Z ##[endgroup]
2026-10-07T21:08:11.2482244Z Creating settings.xml with server-id: github
2026-10-07T21:08:11.2482607Z Creating toolchains.xml for JDK version 17 from temurin
2026-10-07T21:08:11.2482919Z Writing to /home/runner/.m2/settings.xml
2026-10-07T21:08:11.2487270Z Writing to /home/runner/.m2/toolchains.xml
2026-10-07T21:08:11.2493330Z Configured MAVEN_ARGS to include -ntp to suppress Maven transfer progress logs. Set 'show-download-progress: true' to keep the download progress output.
2026-10-07T21:08:11.2632395Z ##[group]Run android-actions/setup-android@v4
2026-10-07T21:08:11.2632678Z with:
2026-10-07T21:08:11.2632866Z   packages: platform-tools
2026-10-07T21:08:11.2633096Z   cmdline-tools-version: 15859902
2026-10-07T21:08:11.2633349Z   accept-android-sdk-licenses: true
2026-10-07T21:08:11.2633620Z   log-accepted-android-sdk-licenses: true
2026-10-07T21:08:11.2633872Z env:
2026-10-07T21:08:11.2634138Z   JAVA_HOME: /opt/hostedtoolcache/Java_Temurin-Hotspot_jdk/17.0.20-1/x64
2026-10-07T21:08:11.2634588Z   JAVA_HOME_17_X64: /opt/hostedtoolcache/Java_Temurin-Hotspot_jdk/17.0.20-1/x64
2026-10-07T21:08:11.2634949Z   MAVEN_ARGS: -ntp
2026-10-07T21:08:11.2635136Z ##[endgroup]
2026-10-07T21:08:11.3313598Z Found preinstalled sdkmanager in /usr/local/lib/android/sdk/cmdline-tools/latest with following source.properties:
2026-10-07T21:08:11.3314125Z Pkg.Revision=12.0
2026-10-07T21:08:11.3314333Z Pkg.Path=cmdline-tools;12.0
2026-10-07T21:08:11.3314567Z Pkg.Desc=Android SDK Command-line Tools
2026-10-07T21:08:11.3314832Z 
2026-10-07T21:08:11.3314910Z Wrong version in preinstalled sdkmanager
2026-10-07T21:08:11.3315247Z Downloading commandline tools from https://dl.google.com/android/repository/commandlinetools-linux-15859902_latest.zip
2026-10-07T21:08:12.1003617Z [command]/usr/bin/unzip -o -q /home/runner/work/_temp/f30d5526-1695-493e-a503-1e5267dee690
2026-10-07T21:08:12.6441665Z Accepting Android SDK licenses
2026-10-07T21:08:12.6444456Z [command]/usr/local/lib/android/sdk/cmdline-tools/22.0/bin/sdkmanager --licenses
2026-10-07T21:08:12.7832143Z WARNING: The SDK Manager CLI tool (sdkmanager) is deprecated. Use Android CLI instead.
2026-10-07T21:08:12.7833180Z The 'android' binary can also be found in the cmdline-tools directory, and 'android sdk' is the replacement for 'sdkmanager'.
2026-10-07T21:08:12.7834472Z To learn more about the Android CLI and how to use it, see the documentation (https://d.android.com/tools/agents/android-cli)
2026-10-07T21:08:12.7834958Z 
2026-10-07T21:08:14.2263903Z Loading local repository...                                                     
2026-10-07T21:08:14.2264376Z [=========                              ] 25% Loading local repository...       
2026-10-07T21:08:14.5796669Z [=========                              ] 25% Fetch remote repository...        
2026-10-07T21:08:14.8286736Z [==========                             ] 26% Fetch remote repository...        
2026-10-07T21:08:14.8296305Z [============                           ] 31% Fetch remote repository...        
2026-10-07T21:08:14.8462015Z [============                           ] 32% Fetch remote repository...        
2026-10-07T21:08:14.8463776Z [=============                          ] 33% Fetch remote repository...        
2026-10-07T21:08:14.8750072Z [=============                          ] 35% Fetch remote repository...        
2026-10-07T21:08:14.8754540Z [==============                         ] 36% Fetch remote repository...        
2026-10-07T21:08:14.8911911Z [==============                         ] 37% Fetch remote repository...        
2026-10-07T21:08:14.8927228Z [===============                        ] 38% Fetch remote repository...        
2026-10-07T21:08:14.9011275Z [===============                        ] 39% Fetch remote repository...        
2026-10-07T21:08:14.9012268Z [================                       ] 40% Fetch remote repository...        
2026-10-07T21:08:14.9139208Z [================                       ] 41% Fetch remote repository...        
2026-10-07T21:08:14.9140126Z [================                       ] 42% Fetch remote repository...        
2026-10-07T21:08:14.9280126Z [=================                      ] 44% Fetch remote repository...        
2026-10-07T21:08:14.9281233Z [=================                      ] 45% Fetch remote repository...        
2026-10-07T21:08:14.9433565Z [==================                     ] 46% Fetch remote repository...        
2026-10-07T21:08:14.9434891Z [==================                     ] 47% Fetch remote repository...        
2026-10-07T21:08:14.9592905Z [===================                    ] 48% Fetch remote repository...        
2026-10-07T21:08:14.9607767Z [===================                    ] 49% Fetch remote repository...        
2026-10-07T21:08:14.9851002Z [====================                   ] 50% Fetch remote repository...        
2026-10-07T21:08:14.9856954Z [====================                   ] 51% Fetch remote repository...        
2026-10-07T21:08:14.9989014Z [====================                   ] 53% Fetch remote repository...        
2026-10-07T21:08:14.9993253Z [=====================                  ] 54% Fetch remote repository...        
2026-10-07T21:08:15.0136816Z [=====================                  ] 55% Fetch remote repository...        
2026-10-07T21:08:15.0138923Z [======================                 ] 56% Fetch remote repository...        
2026-10-07T21:08:15.0267556Z [======================                 ] 57% Fetch remote repository...        
2026-10-07T21:08:15.0268410Z [=======================                ] 58% Fetch remote repository...        
2026-10-07T21:08:15.0396474Z [=======================                ] 59% Fetch remote repository...        
2026-10-07T21:08:15.0408261Z [========================               ] 60% Fetch remote repository...        
2026-10-07T21:08:15.0502833Z [========================               ] 61% Fetch remote repository...        
2026-10-07T21:08:15.0503615Z [=========================              ] 63% Fetch remote repository...        
2026-10-07T21:08:15.0601723Z [=========================              ] 64% Fetch remote repository...        
2026-10-07T21:08:15.0602435Z [=========================              ] 65% Fetch remote repository...        
2026-10-07T21:08:15.0824954Z [==========================             ] 66% Fetch remote repository...        
2026-10-07T21:08:15.0825975Z [==========================             ] 67% Fetch remote repository...        
2026-10-07T21:08:15.1037199Z [===========================            ] 68% Fetch remote repository...        
2026-10-07T21:08:15.1039776Z [===========================            ] 69% Fetch remote repository...        
2026-10-07T21:08:15.1553372Z [============================           ] 70% Fetch remote repository...        
2026-10-07T21:08:15.1554419Z [============================           ] 72% Fetch remote repository...        
2026-10-07T21:08:15.1969364Z [=============================          ] 73% Fetch remote repository...        
2026-10-07T21:08:15.1970333Z [=============================          ] 74% Fetch remote repository...        
2026-10-07T21:08:15.2041416Z [=============================          ] 75% Fetch remote repository...        
2026-10-07T21:08:15.2126669Z [=============================          ] 75% Computing updates...              
2026-10-07T21:08:15.2127563Z [=======================================] 100% Computing updates...             
2026-10-07T21:08:15.2372652Z 6 of 7 SDK package licenses not accepted.
2026-10-07T21:08:15.2373113Z Review licenses that have not been accepted (y/N)? 
2026-10-07T21:08:15.2386657Z 1/6: License android-googletv-license:
2026-10-07T21:08:15.2387252Z ---------------------------------------
2026-10-07T21:08:15.2387714Z Terms and Conditions
2026-10-07T21:08:15.2387987Z 
2026-10-07T21:08:15.2392589Z This is the Google TV Add-on for the Android Software Development Kit License Agreement.
2026-10-07T21:08:15.2393149Z 
2026-10-07T21:08:15.2393377Z 1. Introduction
2026-10-07T21:08:15.2393641Z 
2026-10-07T21:08:15.2395058Z 1.1 The Google TV Add-on for the Android Software Development Kit (referred to in this License Agreement as the "Google TV Add-on" and specifically including the Android system files, packaged APIs, and Google APIs add-ons) is licensed to you subject to the terms of this License Agreement. This License Agreement forms a legally binding contract between you and Google in relation to your use of the Google TV Add-on.
2026-10-07T21:08:15.2396876Z 
2026-10-07T21:08:15.2402403Z 1.2 "Google" means Google Inc., a Delaware corporation with principal place of business at 1600 Amphitheatre Parkway, Mountain View, CA 94043, United States.
2026-10-07T21:08:15.2412891Z 
2026-10-07T21:08:15.2413219Z 2. Accepting this License Agreement
2026-10-07T21:08:15.2413568Z 
2026-10-07T21:08:15.2414199Z 2.1 In order to use the Google TV Add-on, you must first agree to this License Agreement. You may not use the Google TV Add-on if you do not accept this License Agreement.
2026-10-07T21:08:15.2422431Z 
2026-10-07T21:08:15.2422778Z 2.2 You can accept this License Agreement by:
2026-10-07T21:08:15.2423138Z 
2026-10-07T21:08:15.2423570Z (A) clicking to accept or agree to this License Agreement, where this option is made available to you; or
2026-10-07T21:08:15.2424103Z 
2026-10-07T21:08:15.2424730Z (B) by actually using the Google TV Add-on. In this case, you agree that use of the Google TV Add-on constitutes acceptance of the License Agreement from that point onwards.
2026-10-07T21:08:15.2425574Z 
2026-10-07T21:08:15.2426586Z 2.3 You may not use the Google TV Add-on and may not accept the Licensing Agreement if you are a person barred from receiving the Google TV Add-on under the laws of the United States or other countries including the country in which you are resident or from which you use the Google TV Add-on.
2026-10-07T21:08:15.2436177Z 
2026-10-07T21:08:15.2437552Z 2.4 If you are agreeing to be bound by this License Agreement on behalf of your employer or other entity, you represent and warrant that you have full legal authority to bind your employer or such entity to this License Agreement. If you do not have the requisite authority, you may not accept the Licensing Agreement or use the Google TV Add-on on behalf of your employer or other entity.
2026-10-07T21:08:15.2439463Z 
2026-10-07T21:08:15.2439724Z 3. Google TV Add-on License from Google
2026-10-07T21:08:15.2440759Z 
2026-10-07T21:08:15.2446741Z 3.1 Subject to the terms of this License Agreement, Google grants you a limited, worldwide, royalty-free, non- assignable and non-exclusive license to use the Google TV Add-on solely to develop applications to run on the Google TV platform.
2026-10-07T21:08:15.2447745Z 
2026-10-07T21:08:15.2449161Z 3.2 You agree that Google or third parties own all legal right, title and interest in and to the Google TV Add-on, including any Intellectual Property Rights that subsist in the Google TV Add-on. "Intellectual Property Rights" means any and all rights under patent law, copyright law, trade secret law, trademark law, and any and all other proprietary rights. Google reserves all rights not expressly granted to you.
2026-10-07T21:08:15.2450668Z 
2026-10-07T21:08:15.2452690Z 3.3 Except to the extent required by applicable third party licenses, you may not copy (except for backup purposes), modify, adapt, redistribute, decompile, reverse engineer, disassemble, or create derivative works of the Google TV Add-on or any part of the Google TV Add-on. Except to the extent required by applicable third party licenses, you may not load any part of the Google TV Add-on onto a mobile handset, television, or any other hardware device except a personal computer, combine any part of the Google TV Add-on with other software, or distribute any software or device incorporating a part of the Google TV Add-on.
2026-10-07T21:08:15.2465792Z 
2026-10-07T21:08:15.2466495Z 3.4 Use, reproduction and distribution of components of the Google TV Add-on licensed under an open source software license are governed solely by the terms of that open source software license and not this License Agreement.
2026-10-07T21:08:15.2467270Z 
2026-10-07T21:08:15.2469009Z 3.5 You agree that the form and nature of the Google TV Add-on that Google provides may change without prior notice to you and that future versions of the Google TV Add-on may be incompatible with applications developed on previous versions of the Google TV Add-on. You agree that Google may stop (permanently or temporarily) providing the Google TV Add-on (or any features within the Google TV Add-on) to you or to users generally at Google's sole discretion, without prior notice to you.
2026-10-07T21:08:15.2470431Z 
2026-10-07T21:08:15.2486322Z 3.6 Nothing in this License Agreement gives you a right to use any of Google's or it’s licensors’ trade names, trademarks, service marks, logos, domain names, or other distinctive brand features.
2026-10-07T21:08:15.2487077Z 
2026-10-07T21:08:15.2487619Z 3.7 You agree that you will not remove, obscure, or alter any proprietary rights notices (including copyright and trademark notices) that may be affixed to or contained within the Google TV Add-on.
2026-10-07T21:08:15.2488255Z 
2026-10-07T21:08:15.2488365Z 4. Use of the Google TV Add-on by You
2026-10-07T21:08:15.2488542Z 
2026-10-07T21:08:15.2489347Z 4.1 Google agrees that it obtains no right, title or interest from you (or your licensors) under this License Agreement in or to any software applications that you develop using the Google TV Add-on, including any intellectual property rights that subsist in those applications.
2026-10-07T21:08:15.2490248Z 
2026-10-07T21:08:15.2491276Z 4.2 You agree to use the Google TV Add-on and write applications only for purposes that are permitted by (a) this License Agreement and (b) any applicable law, regulation or generally accepted practices or guidelines in the relevant jurisdictions (including any laws regarding the export of data or software to and from the United States or other relevant countries).
2026-10-07T21:08:15.2492359Z 
2026-10-07T21:08:15.2498433Z 4.3 You agree that if you use the Google TV Add-on to develop applications for general public users, you will protect the privacy and legal rights of those users. If the users provide you with user names, passwords, or other login information or personal information, your must make the users aware that the information will be available to your application, and you must provide legally adequate privacy notice and protection for those users. If your application stores personal or sensitive information provided by users, it must do so securely. If the user provides your application with Google Account information, your application may only use that information to access the user's Google Account when, and for the limited purposes for which, the user has given you explicit permission to do so.
2026-10-07T21:08:15.2500102Z 
2026-10-07T21:08:15.2500822Z 4.4 You agree that you will not engage in any activity with the Google TV Add-on, including the development or distribution of an application, that interferes with, disrupts, damages, or accesses in an unauthorized manner the servers, networks, or other properties or services of any third party including, but not limited to, Google, Multichannel Video Program Distributors or any mobile communications carrier.
2026-10-07T21:08:15.2501576Z 
2026-10-07T21:08:15.2502236Z 4.5 You agree that you are solely responsible for (and that Google has no responsibility to you or to any third party for) any data, content, or resources that you create, transmit or display through the Google TV platform and/or applications for the Google TV platform, and for the consequences of your actions (including any loss or damage which Google may suffer) by doing so.
2026-10-07T21:08:15.2502908Z 
2026-10-07T21:08:15.2503614Z 4.6 You agree that you are solely responsible for (and that Google has no responsibility to you or to any third party for) any breach of your obligations under this License Agreement, any applicable third party contract or Terms of Service, or any applicable law or regulation, and for the consequences (including any loss or damage which Google or any third party may suffer) of any such breach.
2026-10-07T21:08:15.2504323Z 
2026-10-07T21:08:15.2504390Z 5. Your Developer Credentials
2026-10-07T21:08:15.2504491Z 
2026-10-07T21:08:15.2505070Z 5.1 You agree that you are responsible for maintaining the confidentiality of any developer credentials that may be issued to you by Google or which you may choose yourself and that you will be solely responsible for all applications that are developed under your developer credentials.
2026-10-07T21:08:15.2505811Z 
2026-10-07T21:08:15.2505874Z 6. Privacy and Information
2026-10-07T21:08:15.2505964Z 
2026-10-07T21:08:15.2506846Z 6.1 In order to continually innovate and improve the Google TV Add-on, Google may collect certain usage statistics from the software including but not limited to a unique identifier, associated IP address, version number of the software, and information on which tools and/or services in the Google TV Add-on are being used and how they are being used. Before any of this information is collected, the Google TV Add-on will notify you and seek your consent. If you withhold consent, the information will not be collected.
2026-10-07T21:08:15.2507765Z 
2026-10-07T21:08:15.2508006Z 6.2 The data collected is examined in the aggregate to improve the Google TV Add-on and is maintained in accordance with Google's Privacy Policy.
2026-10-07T21:08:15.2508290Z 
2026-10-07T21:08:15.2508381Z 7. Third Party Applications for the Google TV Platform
2026-10-07T21:08:15.2508514Z 
2026-10-07T21:08:15.2509548Z 7.1 If you use the Google TV Add-on to run applications developed by a third party or that access data, content or resources provided by a third party, you agree that Google is not responsible for those applications, data, content, or resources. You understand that all data, content or resources which you may access through such third party applications are the sole responsibility of the person from which they originated and that Google is not liable for any loss or damage that you may experience as a result of the use or access of any of those third party applications, data, content, or resources.
2026-10-07T21:08:15.2510607Z 
2026-10-07T21:08:15.2511429Z 7.2 You should be aware the data, content, and resources presented to you through such a third party application may be protected by intellectual property rights which are owned by the providers (or by other persons or companies on their behalf). You may not modify, rent, lease, loan, sell, distribute or create derivative works based on these data, content, or resources (either in whole or in part) unless you have been specifically given permission to do so by the relevant owners.
2026-10-07T21:08:15.2512383Z 
2026-10-07T21:08:15.2512843Z 7.3 You acknowledge that your use of such third party applications, data, content, or resources may be subject to separate terms between you and the relevant third party. In that case, this License Agreement does not affect your legal relationship with these third parties.
2026-10-07T21:08:15.2513346Z 
2026-10-07T21:08:15.2513401Z 8. Using Google TV APIs
2026-10-07T21:08:15.2513488Z 
2026-10-07T21:08:15.2515086Z 8.1 If you use any Google TV API to retrieve data from Google, you acknowledge that the data (“Google TV API Content”) may be protected by intellectual property rights which are owned by Google or those parties that provide the data (or by other persons or companies on their behalf). Your use of any such API may be subject to additional Terms of Service. You may not modify, rent, lease, loan, sell, distribute or create derivative works based on this data (either in whole or in part) unless allowed by the relevant Terms of Service. Some portions of the Google TV API Content are licensed to Google by third parties, including but not limited to Tribune Media Services
2026-10-07T21:08:15.2516440Z 
2026-10-07T21:08:15.2516856Z 8.2 If you use any API to retrieve a user's data from Google, you acknowledge and agree that you shall retrieve data only with the user's explicit consent and only when, and for the limited purposes for which, the user has given you permission to do so.
2026-10-07T21:08:15.2517314Z 
2026-10-07T21:08:15.2517473Z 8.3 Except as explicitly permitted in Section 3 (Google TV Add-on License from Google), you must:
2026-10-07T21:08:15.2517688Z 
2026-10-07T21:08:15.2517995Z (a) not modify nor format the Google TV API Content except to the extent reasonably and technically necessary to optimize the display such Google TV API Content in your application;
2026-10-07T21:08:15.2518342Z 
2026-10-07T21:08:15.2518769Z (b) not edit the Google TV API Content in a manner that renders the Google TV API Content inaccurate of alters its inherent meaning (provided that displaying excerpts will not violate the foregoing); or
2026-10-07T21:08:15.2519149Z 
2026-10-07T21:08:15.2519306Z (c) not create any commercial audience measurement tool or service using the Google TV API Content
2026-10-07T21:08:15.2519514Z 
2026-10-07T21:08:15.2519578Z 9. Terminating this License Agreement
2026-10-07T21:08:15.2519690Z 
2026-10-07T21:08:15.2519867Z 9.1 This License Agreement will continue to apply until terminated by either you or Google as set out below.
2026-10-07T21:08:15.2520086Z 
2026-10-07T21:08:15.2520323Z 9.2 If you want to terminate this License Agreement, you may do so by ceasing your use of the Google TV Add-on and any relevant developer credentials.
2026-10-07T21:08:15.2520604Z 
2026-10-07T21:08:15.2520715Z 9.3 Google may at any time, terminate this License Agreement with you if:
2026-10-07T21:08:15.2520877Z 
2026-10-07T21:08:15.2520975Z (A) you have breached any provision of this License Agreement; or
2026-10-07T21:08:15.2521122Z 
2026-10-07T21:08:15.2521185Z (B) Google is required to do so by law; or
2026-10-07T21:08:15.2521295Z 
2026-10-07T21:08:15.2521636Z (C) the partner with whom Google offered certain parts of Google TV Add-on (such as APIs) to you has terminated its relationship with Google or ceased to offer certain parts of the Google TV Add-on to you; or
2026-10-07T21:08:15.2522015Z 
2026-10-07T21:08:15.2522586Z (D) Google decides to no longer providing the Google TV Add-on or certain parts of the Google TV Add-on to users in the country in which you are resident or from which you use the service, or the provision of the Google TV Add-on or certain Google TV Add-on services to you by Google is, in Google's sole discretion, no longer commercially viable.
2026-10-07T21:08:15.2523273Z 
2026-10-07T21:08:15.2524036Z 9.4 When this License Agreement comes to an end, all of the legal rights, obligations and liabilities that you and Google have benefited from, been subject to (or which have accrued over time whilst this License Agreement has been in force) or which are expressed to continue indefinitely, shall be unaffected by this cessation, and the provisions of paragraph 14.7 shall continue to apply to such rights, obligations and liabilities indefinitely.
2026-10-07T21:08:15.2524827Z 
2026-10-07T21:08:15.2524888Z 10. DISCLAIMER OF WARRANTIES
2026-10-07T21:08:15.2524979Z 
2026-10-07T21:08:15.2525520Z 10.1 YOU EXPRESSLY UNDERSTAND AND AGREE THAT YOUR USE OF THE GOOGLE TV ADD-ON IS AT YOUR SOLE RISK AND THAT THE GOOGLE TV ADD-ON IS PROVIDED "AS IS" AND "AS AVAILABLE" WITHOUT WARRANTY OF ANY KIND FROM GOOGLE.
2026-10-07T21:08:15.2525898Z 
2026-10-07T21:08:15.2526381Z 10.2 YOUR USE OF THE GOOGLE TV ADD-ON AND ANY MATERIAL DOWNLOADED OR OTHERWISE OBTAINED THROUGH THE USE OF THE GOOGLE TV ADD-ON IS AT YOUR OWN DISCRETION AND RISK AND YOU ARE SOLELY RESPONSIBLE FOR ANY DAMAGE TO YOUR COMPUTER SYSTEM OR OTHER DEVICE OR LOSS OF DATA THAT RESULTS FROM SUCH USE.
2026-10-07T21:08:15.2526903Z 
2026-10-07T21:08:15.2527340Z 10.3 GOOGLE FURTHER EXPRESSLY DISCLAIMS ALL WARRANTIES AND CONDITIONS OF ANY KIND, WHETHER EXPRESS OR IMPLIED, INCLUDING, BUT NOT LIMITED TO THE IMPLIED WARRANTIES AND CONDITIONS OF MERCHANTABILITY, FITNESS FOR A PARTICULAR PURPOSE AND NON-INFRINGEMENT.
2026-10-07T21:08:15.2527819Z 
2026-10-07T21:08:15.2527880Z 11. LIMITATION OF LIABILITY
2026-10-07T21:08:15.2527968Z 
2026-10-07T21:08:15.2528711Z 11.1 YOU EXPRESSLY UNDERSTAND AND AGREE THAT GOOGLE, ITS SUBSIDIARIES AND AFFILIATES, AND ITS LICENSORS SHALL NOT BE LIABLE TO YOU UNDER ANY THEORY OF LIABILITY FOR ANY DIRECT, INDIRECT, INCIDENTAL, SPECIAL CONSEQUENTIAL OR EXEMPLARY DAMAGES THAT MAY BE INCURRED BY YOU, INCLUDING ANY LOSS OF DATA, WHETHER OR NOT GOOGLE OR ITS REPRESENTATIVES HAVE BEEN ADVISED OF OR SHOULD HAVE BEEN AWARE OF THE POSSIBILITY OF ANY SUCH LOSSES ARISING.
2026-10-07T21:08:15.2529488Z 
2026-10-07T21:08:15.2529540Z 12. Indemnification
2026-10-07T21:08:15.2529705Z 
2026-10-07T21:08:15.2530992Z 12.1 To the maximum extent permitted by law, you agree to defend, indemnify and hold harmless Google, its affiliates and their respective directors, officers, employees and agents from and against any and all claims, actions, suits or proceedings, as well as any and all losses, liabilities, damages, costs and expenses (including reasonable attorneys fees) arising out of or accruing from (a) your use of the Google TV Add-on, (b) any application you develop on the Google TV Add-on that infringes any copyright, trademark, trade secret, trade dress, patent or other intellectual property right of any person or defames any person or violates their rights of publicity or privacy, and (c) any non-compliance by you with this License Agreement.
2026-10-07T21:08:15.2532310Z 
2026-10-07T21:08:15.2532370Z 13. Changes to the License Agreement
2026-10-07T21:08:15.2532475Z 
2026-10-07T21:08:15.2532649Z 13.1 Google may make changes to the License Agreement as it distributes new versions of the Google TV Add-on.
2026-10-07T21:08:15.2532872Z 
2026-10-07T21:08:15.2532927Z 14. General Legal Terms
2026-10-07T21:08:15.2533009Z 
2026-10-07T21:08:15.2533566Z 14.1 This License Agreement constitute the whole legal agreement between you and Google and govern your use of the Google TV Add-on (excluding any services which Google may provide to you under a separate written agreement), and completely replace any prior agreements between you and Google in relation to the Google TV Add-on.
2026-10-07T21:08:15.2534163Z 
2026-10-07T21:08:15.2534689Z 14.2 You agree that if Google does not exercise or enforce any legal right or remedy which is contained in this License Agreement (or which Google has the benefit of under any applicable law), this will not be taken to be a formal waiver of Google's rights and that those rights or remedies will still be available to Google.
2026-10-07T21:08:15.2535584Z 
2026-10-07T21:08:15.2536170Z 14.3 If any court of law, having the jurisdiction to decide on this matter, rules that any provision of this License Agreement is invalid, then that provision will be removed from this License Agreement without affecting the rest of this License Agreement. The remaining provisions of this License Agreement will continue to be valid and enforceable.
2026-10-07T21:08:15.2536794Z 
2026-10-07T21:08:15.2537801Z 14.4 You acknowledge and agree that Google’s API data licensors and each member of the group of companies of which Google is the parent shall be third party beneficiaries to this License Agreement and that such other companies shall be entitled to directly enforce, and rely upon, any provision of this License Agreement that confers a benefit on (or rights in favor of) them. Other than this, no other person or company shall be third party beneficiaries to this License Agreement.
2026-10-07T21:08:15.2538662Z 
2026-10-07T21:08:15.2539273Z 14.5 EXPORT RESTRICTIONS. THE GOOGLE TV ADD-ON IS SUBJECT TO UNITED STATES EXPORT LAWS AND REGULATIONS. YOU MUST COMPLY WITH ALL DOMESTIC AND INTERNATIONAL EXPORT LAWS AND REGULATIONS THAT APPLY TO THE GOOGLE TV ADD-ON. THESE LAWS INCLUDE RESTRICTIONS ON DESTINATIONS, END USERS AND END USE.
2026-10-07T21:08:15.2539809Z 
2026-10-07T21:08:15.2540390Z 14.6 The rights granted in this License Agreement may not be assigned or transferred by either you or Google without the prior written approval of the other party. Neither you nor Google shall be permitted to delegate their responsibilities or obligations under this License Agreement without the prior written approval of the other party.
2026-10-07T21:08:15.2541018Z 
2026-10-07T21:08:15.2542086Z 14.7 This License Agreement, and your relationship with Google under this License Agreement, shall be governed by the laws of the State of California without regard to its conflict of laws provisions. You and Google agree to submit to the exclusive jurisdiction of the courts located within the county of Santa Clara, California to resolve any legal matter arising from this License Agreement. Notwithstanding this, you agree that Google shall still be allowed to apply for injunctive remedies (or an equivalent type of urgent legal relief) in any jurisdiction.
2026-10-07T21:08:15.2543088Z 
2026-10-07T21:08:15.2543091Z 
2026-10-07T21:08:15.2543148Z August 15, 2011
2026-10-07T21:08:15.2543280Z ---------------------------------------
2026-10-07T21:08:15.2543445Z Accept? (y/N): 
2026-10-07T21:08:15.2543585Z 2/6: License android-googlexr-license:
2026-10-07T21:08:15.2543749Z ---------------------------------------
2026-10-07T21:08:15.2544280Z To get started with the Android XR Emulator System Image SDK, you must agree to the following terms and conditions. As described below, please note that this is a preview, emulated version of the Android XR OS, subject to change, that you use at your own risk.
2026-10-07T21:08:15.2544755Z 
2026-10-07T21:08:15.2544858Z This is the Android XR Emulator System Image SDK License Agreement
2026-10-07T21:08:15.2545004Z 
2026-10-07T21:08:15.2545056Z 1. Introduction
2026-10-07T21:08:15.2545124Z 
2026-10-07T21:08:15.2545978Z 1.1 The Android Android XR Emulator System Image SDK (referred to in the License Agreement as the "SDK" and specifically including the Android system files,, packaged APIs, library files (if and when they are made available), and Google applications and APIs add-ons) is licensed to you subject to the terms of the License Agreement. The License Agreement forms a legally binding contract between you and Google in relation to your use of the SDK.
2026-10-07T21:08:15.2546775Z 
2026-10-07T21:08:15.2547140Z 1.2 "Android" means the Android software stack for devices, as made available under the Android Open Source Project, which is located at the following URL: https://source.android.com/, as updated from time to time.
2026-10-07T21:08:15.2547627Z 
2026-10-07T21:08:15.2547986Z 1.3 "Google" means Google LLC, organized under the laws of the State of Delaware, USA, and operating under the laws of the USA with principal place of business at 1600 Amphitheatre Parkway, Mountain View, CA 94043, USA.
2026-10-07T21:08:15.2548385Z 
2026-10-07T21:08:15.2548447Z 2. Accepting this License Agreement
2026-10-07T21:08:15.2548573Z 
2026-10-07T21:08:15.2548797Z 2.1 In order to use the SDK, you must first agree to the License Agreement. You may not use the SDK if you do not accept the License Agreement.
2026-10-07T21:08:15.2549067Z 
2026-10-07T21:08:15.2549228Z 2.2 By clicking to accept and/or using this SDK, you hereby agree to the terms of the License Agreement.
2026-10-07T21:08:15.2549434Z 
2026-10-07T21:08:15.2549842Z 2.3 You may not use the SDK and may not accept the License Agreement if you are a person barred from receiving the SDK under the laws of the United States or other countries, including the country in which you are resident or from which you use the SDK.
2026-10-07T21:08:15.2550301Z 
2026-10-07T21:08:15.2550911Z 2.4 If you are agreeing to be bound by the License Agreement on behalf of your employer or other entity, you represent and warrant that you have full legal authority to bind your employer or such entity to the License Agreement. If you do not have the requisite authority, you may not accept the License Agreement or use the SDK on behalf of your employer or other entity.
2026-10-07T21:08:15.2551564Z 
2026-10-07T21:08:15.2551623Z 3. SDK License from Google
2026-10-07T21:08:15.2551709Z 
2026-10-07T21:08:15.2552103Z 3.1 Subject to the terms of the License Agreement, Google grants you a limited, worldwide, royalty-free, non-assignable, non-exclusive, and non-sublicensable license to use the SDK solely to develop applications for Android XR.
2026-10-07T21:08:15.2552539Z 
2026-10-07T21:08:15.2552902Z 3.2 You may not use this SDK to develop applications for other platforms or to develop another SDK. You are of course free to develop applications for other platforms provided that this SDK is not used for that purpose.
2026-10-07T21:08:15.2553309Z 
2026-10-07T21:08:15.2554124Z 3.3 You agree that Google or third parties own all legal right, title and interest in and to the SDK, including any Intellectual Property Rights that subsist in the SDK. "Intellectual Property Rights" means any and all rights under patent law, copyright law, trade secret law, trademark law, and any and all other proprietary rights. Google reserves all rights not expressly granted to you.
2026-10-07T21:08:15.2554830Z 
2026-10-07T21:08:15.2555896Z 3.4 You may not use the SDK for any purpose not expressly permitted by the License Agreement. Except to the extent required by applicable third party licenses, you may not (a) copy (except for backup purposes), modify, adapt, redistribute, decompile, reverse engineer, disassemble, or create derivative works of the SDK or any part of the SDK; or (b) load any part of the SDK onto a mobile handset or any other hardware device except a personal computer, combine any part of the SDK with other software, or distribute any software or device incorporating a part of the SDK.
2026-10-07T21:08:15.2556918Z 
2026-10-07T21:08:15.2557622Z 3.5 Use, reproduction and distribution of components of the SDK licensed under an open source software license are governed solely by the terms of that open source software license and not the License Agreement. You agree to remain a licensee in good standing in regard to such open source software licenses under all the rights granted and to refrain from any actions that may terminate, suspend, or breach such rights.
2026-10-07T21:08:15.2558364Z 
2026-10-07T21:08:15.2559072Z 3.6 You agree that the form and nature of the SDK that Google provides may change without prior notice to you and that future versions of the SDK may be incompatible with applications developed on previous versions of the SDK. You agree that Google may stop (permanently or temporarily) providing the SDK (or any features within the SDK) to you or to users generally at Google's sole discretion, without prior notice to you.
2026-10-07T21:08:15.2559894Z 
2026-10-07T21:08:15.2560177Z 3.7 Nothing in the License Agreement gives you a right to use any of Google's trade names, trademarks, service marks, logos, domain names, or other distinctive brand features.
2026-10-07T21:08:15.2560506Z 
2026-10-07T21:08:15.2560811Z 3.8 You agree that you will not remove, obscure, or alter any proprietary rights notices (including copyright and trademark notices) that may be affixed to or contained within the SDK.
2026-10-07T21:08:15.2561160Z 
2026-10-07T21:08:15.2561217Z 4. Use of the SDK by You
2026-10-07T21:08:15.2561303Z 
2026-10-07T21:08:15.2561742Z 4.1 Google agrees that it obtains no right, title or interest from you (or your licensors) under the License Agreement in or to any software applications that you develop using the SDK, including any intellectual property rights that subsist in those applications.
2026-10-07T21:08:15.2562226Z 
2026-10-07T21:08:15.2562822Z 4.2 You agree to use the SDK and write applications only for purposes that are permitted by (a) the License Agreement and (b) any applicable law, regulation or generally accepted practices or guidelines in the relevant jurisdictions (including any laws regarding the export of data or software to and from the United States or other relevant countries).
2026-10-07T21:08:15.2563461Z 
2026-10-07T21:08:15.2564808Z 4.3 You agree that if you use the SDK to develop applications for general public users, you will protect the privacy and legal rights of those users. If the users provide you with user names, passwords, or other login information or personal information, you must make the users aware that the information will be available to your application, and you must provide legally adequate privacy notice and protection for those users. If your application stores personal or sensitive information provided by users, it must do so securely. If the user provides your application with Google Account information, your application may only use that information to access the user's Google Account when, and for the limited purposes for which, the user has given you permission to do so.
2026-10-07T21:08:15.2566325Z 
2026-10-07T21:08:15.2567001Z 4.4 You agree that you will not engage in any activity with the SDK, including the development or distribution of an application, that interferes with, disrupts, damages, or accesses in an unauthorized manner the servers, networks, or other properties or services of any third party including, but not limited to, Google or any mobile communications carrier.
2026-10-07T21:08:15.2567640Z 
2026-10-07T21:08:15.2568219Z 4.5 You agree that you are solely responsible for (and that Google has no responsibility to you or to any third party for) any data, content, or resources that you create, transmit or display through Android and/or applications for Android, and for the consequences of your actions (including any loss or damage which Google may suffer) by doing so.
2026-10-07T21:08:15.2568848Z 
2026-10-07T21:08:15.2569506Z 4.6 You agree that you are solely responsible for (and that Google has no responsibility to you or to any third party for) any breach of your obligations under the License Agreement, any applicable third party contract or Terms of Service, or any applicable law or regulation, and for the consequences (including any loss or damage which Google or any third party may suffer) of any such breach.
2026-10-07T21:08:15.2570211Z 
2026-10-07T21:08:15.2570710Z 4.7 The SDK is in development, and your testing and feedback are an important part of the development process. By using the SDK, you acknowledge that implementation of some features are still under development and that you should not rely on the SDK having the full functionality of a stable release.
2026-10-07T21:08:15.2571251Z 
2026-10-07T21:08:15.2571311Z 5. Your Developer Credentials
2026-10-07T21:08:15.2571407Z 
2026-10-07T21:08:15.2571881Z 5.1 You agree that you are responsible for maintaining the confidentiality of any developer credentials that may be issued to you by Google or which you may choose yourself and that you will be solely responsible for all applications that are developed under your developer credentials.
2026-10-07T21:08:15.2572486Z 
2026-10-07T21:08:15.2572547Z 6. Privacy and Information
2026-10-07T21:08:15.2572633Z 
2026-10-07T21:08:15.2573438Z 6.1 In order to continually innovate and improve the SDK, Google may collect certain usage statistics from the software including but not limited to a unique identifier, associated IP address, version number of the software, and information on which tools and/or services in the SDK are being used and how they are being used. Before any of this information is collected, the SDK will notify you and seek your consent. If you withhold consent, the information will not be collected.
2026-10-07T21:08:15.2574281Z 
2026-10-07T21:08:15.2574627Z 6.2 The data collected is examined in the aggregate to improve the SDK and is maintained in accordance with Google's Privacy Policy, which is located at the following URL: https://policies.google.com/privacy
2026-10-07T21:08:15.2575017Z 
2026-10-07T21:08:15.2575176Z 6.3 Anonymized and aggregated sets of the data may be shared with Google partners to improve the SDK.
2026-10-07T21:08:15.2575529Z 
2026-10-07T21:08:15.2575594Z 7. Third Party Applications
2026-10-07T21:08:15.2575682Z 
2026-10-07T21:08:15.2576685Z 7.1 If you use the SDK to run applications developed by a third party or that access data, content or resources provided by a third party, you agree that Google is not responsible for those applications, data, content, or resources. You understand that all data, content or resources which you may access through such third party applications are the sole responsibility of the person from which they originated and that Google is not liable for any loss or damage that you may experience as a result of the use or access of any of those third party applications, data, content, or resources.
2026-10-07T21:08:15.2577719Z 
2026-10-07T21:08:15.2578665Z 7.2 You should be aware that the data, content, and resources presented to you through such a third party application may be protected by intellectual property rights which are owned by the providers (or by other persons or companies on their behalf). You may not modify, rent, lease, loan, sell, distribute or create derivative works based on these data, content, or resources (either in whole or in part) unless you have been specifically given permission to do so by the relevant owners.
2026-10-07T21:08:15.2579528Z 
2026-10-07T21:08:15.2579981Z 7.3 You acknowledge that your use of such third party applications, data, content, or resources may be subject to separate terms between you and the relevant third party. In that case, the License Agreement does not affect your legal relationship with these third parties.
2026-10-07T21:08:15.2580479Z 
2026-10-07T21:08:15.2580530Z 8. Using Android APIs
2026-10-07T21:08:15.2580612Z 
2026-10-07T21:08:15.2580664Z 8.1 Google Data APIs
2026-10-07T21:08:15.2580744Z 
2026-10-07T21:08:15.2581586Z 8.1.1 If you use any API to retrieve data from Google, you acknowledge that the data may be protected by intellectual property rights which are owned by Google or those parties that provide the data (or by other persons or companies on their behalf). Your use of any such API may be subject to additional Terms of Service. You may not modify, rent, lease, loan, sell, distribute or create derivative works based on this data (either in whole or in part) unless allowed by the relevant Terms of Service.
2026-10-07T21:08:15.2582463Z 
2026-10-07T21:08:15.2583911Z 8.1.2 If you use any API to retrieve a user's data from Google, you acknowledge and agree that you shall retrieve data only with the user's explicit consent and only when, and for the limited purposes for which, the user has given you permission to do so. If you use the Android Recognition Service API, documented at the following URL: https://developer.android.com/reference/android/speech/RecognitionService, as updated from time to time, you acknowledge that the use of the API is subject to the Data Processing Addendum for Products where Google is a Data Processor, which is located at the following URL: https://privacy.google.com/businesses/gdprprocessorterms/, as updated from time to time. By clicking to accept, you hereby agree to the terms of the Data Processing Addendum for Products where Google is a Data Processor.
2026-10-07T21:08:15.2585622Z 
2026-10-07T21:08:15.2585686Z 9. Terminating this License Agreement
2026-10-07T21:08:15.2585790Z 
2026-10-07T21:08:15.2585964Z 9.1 The License Agreement will continue to apply until terminated by either you or Google as set out below.
2026-10-07T21:08:15.2586189Z 
2026-10-07T21:08:15.2586393Z 9.2 If you want to terminate the License Agreement, you may do so by ceasing your use of the SDK and any relevant developer credentials.
2026-10-07T21:08:15.2586651Z 
2026-10-07T21:08:15.2587737Z 9.3 Google may at any time, terminate the License Agreement with you if: (A) you have breached any provision of the License Agreement; or (B) Google is required to do so by law; or (C) the partner with whom Google offered certain parts of SDK (such as APIs) to you has terminated its relationship with Google or ceased to offer certain parts of the SDK to you; or (D) Google decides to no longer provide the SDK or certain parts of the SDK to users in the country in which you are resident or from which you use the service, or the provision of the SDK or certain SDK services to you by Google is, in Google's sole discretion, no longer commercially viable.
2026-10-07T21:08:15.2588860Z 
2026-10-07T21:08:15.2589615Z 9.4 When the License Agreement comes to an end, all of the legal rights, obligations and liabilities that you and Google have benefited from, been subject to (or which have accrued over time whilst the License Agreement has been in force) or which are expressed to continue indefinitely, shall be unaffected by this cessation, and the provisions of paragraph 14.7 shall continue to apply to such rights, obligations and liabilities indefinitely.
2026-10-07T21:08:15.2590415Z 
2026-10-07T21:08:15.2590477Z 10. DISCLAIMER OF WARRANTIES
2026-10-07T21:08:15.2590568Z 
2026-10-07T21:08:15.2590936Z 10.1 YOU EXPRESSLY UNDERSTAND AND AGREE THAT YOUR USE OF THE SDK IS AT YOUR SOLE RISK AND THAT THE SDK IS PROVIDED "AS IS" AND "AS AVAILABLE" WITHOUT WARRANTY OF ANY KIND FROM GOOGLE.
2026-10-07T21:08:15.2591263Z 
2026-10-07T21:08:15.2591702Z 10.2 YOUR USE OF THE SDK AND ANY MATERIAL DOWNLOADED OR OTHERWISE OBTAINED THROUGH THE USE OF THE SDK IS AT YOUR OWN DISCRETION AND RISK AND YOU ARE SOLELY RESPONSIBLE FOR ANY DAMAGE TO YOUR COMPUTER SYSTEM OR OTHER DEVICE OR LOSS OF DATA THAT RESULTS FROM SUCH USE.
2026-10-07T21:08:15.2592178Z 
2026-10-07T21:08:15.2592608Z 10.3 GOOGLE FURTHER EXPRESSLY DISCLAIMS ALL WARRANTIES AND CONDITIONS OF ANY KIND, WHETHER EXPRESS OR IMPLIED, INCLUDING, BUT NOT LIMITED TO THE IMPLIED WARRANTIES AND CONDITIONS OF MERCHANTABILITY, FITNESS FOR A PARTICULAR PURPOSE AND NON-INFRINGEMENT.
2026-10-07T21:08:15.2593089Z 
2026-10-07T21:08:15.2593147Z 11. LIMITATION OF LIABILITY
2026-10-07T21:08:15.2593236Z 
2026-10-07T21:08:15.2593976Z 11.1 YOU EXPRESSLY UNDERSTAND AND AGREE THAT GOOGLE, ITS SUBSIDIARIES AND AFFILIATES, AND ITS LICENSORS SHALL NOT BE LIABLE TO YOU UNDER ANY THEORY OF LIABILITY FOR ANY DIRECT, INDIRECT, INCIDENTAL, SPECIAL, CONSEQUENTIAL OR EXEMPLARY DAMAGES THAT MAY BE INCURRED BY YOU, INCLUDING ANY LOSS OF DATA, WHETHER OR NOT GOOGLE OR ITS REPRESENTATIVES HAVE BEEN ADVISED OF OR SHOULD HAVE BEEN AWARE OF THE POSSIBILITY OF ANY SUCH LOSSES ARISING.
2026-10-07T21:08:15.2594755Z 
2026-10-07T21:08:15.2594805Z 12. Indemnification
2026-10-07T21:08:15.2594880Z 
2026-10-07T21:08:15.2596186Z 12.1 To the maximum extent permitted by law, you agree to defend, indemnify and hold harmless Google, its affiliates and their respective directors, officers, employees and agents from and against any and all claims, actions, suits or proceedings, as well as any and all losses, liabilities, damages, costs and expenses (including reasonable attorneys fees) arising out of or accruing from (a) your use of the SDK, (b) any application you develop on the SDK that infringes any copyright, trademark, trade secret, trade dress, patent or other intellectual property right of any person or defames any person or violates their rights of publicity or privacy, and (c) any non-compliance by you with the License Agreement.
2026-10-07T21:08:15.2597531Z 
2026-10-07T21:08:15.2597595Z 13. Changes to the License Agreement
2026-10-07T21:08:15.2597699Z 
2026-10-07T21:08:15.2598089Z 13.1 Google may make changes to the License Agreement as it distributes new versions of the SDK. When these changes are made, Google will make a new version of the License Agreement available on the website where the SDK is made available.
2026-10-07T21:08:15.2598524Z 
2026-10-07T21:08:15.2598576Z 14. General Legal Terms
2026-10-07T21:08:15.2598660Z 
2026-10-07T21:08:15.2599181Z 14.1 The License Agreement constitutes the whole legal agreement between you and Google and governs your use of the SDK (excluding any services which Google may provide to you under a separate written agreement), and completely replaces any prior agreements between you and Google in relation to the SDK.
2026-10-07T21:08:15.2599738Z 
2026-10-07T21:08:15.2600273Z 14.2 You agree that if Google does not exercise or enforce any legal right or remedy which is contained in the License Agreement (or which Google has the benefit of under any applicable law), this will not be taken to be a formal waiver of Google's rights and that those rights or remedies will still be available to Google.
2026-10-07T21:08:15.2600847Z 
2026-10-07T21:08:15.2601432Z 14.3 If any court of law, having the jurisdiction to decide on this matter, rules that any provision of the License Agreement is invalid, then that provision will be removed from the License Agreement without affecting the rest of the License Agreement. The remaining provisions of the License Agreement will continue to be valid and enforceable.
2026-10-07T21:08:15.2602056Z 
2026-10-07T21:08:15.2602916Z 14.4 You acknowledge and agree that each member of the group of companies of which Google is the parent shall be third party beneficiaries to the License Agreement and that such other companies shall be entitled to directly enforce, and rely upon, any provision of the License Agreement that confers a benefit on (or rights in favor of) them. Other than this, no other person or company shall be third party beneficiaries to the License Agreement.
2026-10-07T21:08:15.2603702Z 
2026-10-07T21:08:15.2604140Z 14.5 EXPORT RESTRICTIONS. THE SDK IS SUBJECT TO UNITED STATES EXPORT LAWS AND REGULATIONS. YOU MUST COMPLY WITH ALL DOMESTIC AND INTERNATIONAL EXPORT LAWS AND REGULATIONS THAT APPLY TO THE SDK. THESE LAWS INCLUDE RESTRICTIONS ON DESTINATIONS, END USERS AND END USE.
2026-10-07T21:08:15.2604623Z 
2026-10-07T21:08:15.2605202Z 14.6 The rights granted in the License Agreement may not be assigned or transferred by either you or Google without the prior written approval of the other party. Neither you nor Google shall be permitted to delegate their responsibilities or obligations under the License Agreement without the prior written approval of the other party.
2026-10-07T21:08:15.2605950Z 
2026-10-07T21:08:15.2606901Z 14.7 The License Agreement, and your relationship with Google under the License Agreement, shall be governed by the laws of the State of California without regard to its conflict of laws provisions. You and Google agree to submit to the exclusive jurisdiction of the courts located within the county of Santa Clara, California to resolve any legal matter arising from the License Agreement. Notwithstanding this, you agree that Google shall still be allowed to apply for injunctive remedies (or an equivalent type of urgent legal relief) in any jurisdiction.
2026-10-07T21:08:15.2607945Z ---------------------------------------
2026-10-07T21:08:15.2608102Z Accept? (y/N): 
2026-10-07T21:08:15.2608245Z 3/6: License android-sdk-arm-dbt-license:
2026-10-07T21:08:15.2608412Z ---------------------------------------
2026-10-07T21:08:15.2608644Z Terms and Conditions
2026-10-07T21:08:15.2608724Z 
2026-10-07T21:08:15.2608823Z This is the Android Software Development Kit License Agreement
2026-10-07T21:08:15.2608970Z 
2026-10-07T21:08:15.2609023Z 1. Introduction
2026-10-07T21:08:15.2609094Z 
2026-10-07T21:08:15.2609711Z 1.1 The Android Software Development Kit (referred to in the License Agreement as the "SDK" and specifically including the Android system files, packaged APIs, and Google APIs add-ons) is licensed to you subject to the terms of the License Agreement. The License Agreement forms a legally binding contract between you and Google in relation to your use of the SDK.
2026-10-07T21:08:15.2610423Z 
2026-10-07T21:08:15.2610847Z 1.2 "Android" means the Android software stack for devices, as made available under the Android Open Source Project, which is located at the following URL: http://source.android.com/, as updated from time to time.
2026-10-07T21:08:15.2611803Z 
2026-10-07T21:08:15.2612795Z 1.3 A "compatible implementation" means any Android device that (i) complies with the Android Compatibility Definition document, which can be found at the Android compatibility website (http://source.android.com/compatibility) and which may be updated from time to time; and (ii) successfully passes the Android Compatibility Test Suite (CTS).
2026-10-07T21:08:15.2613812Z 
2026-10-07T21:08:15.2614212Z 1.4 "Google" means Google Inc., a Delaware corporation with principal place of business at 1600 Amphitheatre Parkway, Mountain View, CA 94043, United States.
2026-10-07T21:08:15.2614699Z 
2026-10-07T21:08:15.2614703Z 
2026-10-07T21:08:15.2614798Z 2. Accepting the License Agreement
2026-10-07T21:08:15.2614947Z 
2026-10-07T21:08:15.2615387Z 2.1 In order to use the SDK, you must first agree to the License Agreement. You may not use the SDK if you do not accept the License Agreement.
2026-10-07T21:08:15.2615805Z 
2026-10-07T21:08:15.2615989Z 2.2 By clicking to accept, you hereby agree to the terms of the License Agreement.
2026-10-07T21:08:15.2616260Z 
2026-10-07T21:08:15.2617008Z 2.3 You may not use the SDK and may not accept the License Agreement if you are a person barred from receiving the SDK under the laws of the United States or other countries, including the country in which you are resident or from which you use the SDK.
2026-10-07T21:08:15.2617715Z 
2026-10-07T21:08:15.2618659Z 2.4 If you are agreeing to be bound by the License Agreement on behalf of your employer or other entity, you represent and warrant that you have full legal authority to bind your employer or such entity to the License Agreement. If you do not have the requisite authority, you may not accept the License Agreement or use the SDK on behalf of your employer or other entity.
2026-10-07T21:08:15.2619684Z 
2026-10-07T21:08:15.2619690Z 
2026-10-07T21:08:15.2619778Z 3. SDK License from Google
2026-10-07T21:08:15.2619912Z 
2026-10-07T21:08:15.2620593Z 3.1 Subject to the terms of the License Agreement, Google grants you a limited, worldwide, royalty-free, non-assignable, non-exclusive, and non-sublicensable license to use the SDK solely to develop applications for compatible implementations of Android.
2026-10-07T21:08:15.2621375Z 
2026-10-07T21:08:15.2622294Z 3.2 You may not use this SDK to develop applications for other platforms (including non-compatible implementations of Android) or to develop another SDK. You are of course free to develop applications for other platforms, including non-compatible implementations of Android, provided that this SDK is not used for that purpose.
2026-10-07T21:08:15.2623272Z 
2026-10-07T21:08:15.2624344Z 3.3 You agree that Google or third parties own all legal right, title and interest in and to the SDK, including any Intellectual Property Rights that subsist in the SDK. "Intellectual Property Rights" means any and all rights under patent law, copyright law, trade secret law, trademark law, and any and all other proprietary rights. Google reserves all rights not expressly granted to you.
2026-10-07T21:08:15.2625670Z 
2026-10-07T21:08:15.2626597Z 3.4 You may not use the SDK for any purpose not expressly permitted by the License Agreement. Except to the extent required by applicable third party licenses, you may not copy (except for backup purposes), modify, adapt, redistribute, decompile, reverse engineer, disassemble, or create derivative works of the SDK or any part of the SDK.
2026-10-07T21:08:15.2627622Z 
2026-10-07T21:08:15.2628192Z 3.5 Use, reproduction and distribution of components of the SDK licensed under an open source software license are governed solely by the terms of that open source software license and not the License Agreement.
2026-10-07T21:08:15.2628839Z 
2026-10-07T21:08:15.2630004Z 3.6 You agree that the form and nature of the SDK that Google provides may change without prior notice to you and that future versions of the SDK may be incompatible with applications developed on previous versions of the SDK. You agree that Google may stop (permanently or temporarily) providing the SDK (or any features within the SDK) to you or to users generally at Google's sole discretion, without prior notice to you.
2026-10-07T21:08:15.2631237Z 
2026-10-07T21:08:15.2631695Z 3.7 Nothing in the License Agreement gives you a right to use any of Google's trade names, trademarks, service marks, logos, domain names, or other distinctive brand features.
2026-10-07T21:08:15.2632235Z 
2026-10-07T21:08:15.2632731Z 3.8 You agree that you will not remove, obscure, or alter any proprietary rights notices (including copyright and trademark notices) that may be affixed to or contained within the SDK.
2026-10-07T21:08:15.2633301Z 
2026-10-07T21:08:15.2633305Z 
2026-10-07T21:08:15.2633393Z 4. Use of the SDK by You
2026-10-07T21:08:15.2633524Z 
2026-10-07T21:08:15.2634234Z 4.1 Google agrees that it obtains no right, title or interest from you (or your licensors) under the License Agreement in or to any software applications that you develop using the SDK, including any intellectual property rights that subsist in those applications.
2026-10-07T21:08:15.2635030Z 
2026-10-07T21:08:15.2636336Z 4.2 You agree to use the SDK and write applications only for purposes that are permitted by (a) the License Agreement and (b) any applicable law, regulation or generally accepted practices or guidelines in the relevant jurisdictions (including any laws regarding the export of data or software to and from the United States or other relevant countries).
2026-10-07T21:08:15.2637423Z 
2026-10-07T21:08:15.2639642Z 4.3 You agree that if you use the SDK to develop applications for general public users, you will protect the privacy and legal rights of those users. If the users provide you with user names, passwords, or other login information or personal information, you must make the users aware that the information will be available to your application, and you must provide legally adequate privacy notice and protection for those users. If your application stores personal or sensitive information provided by users, it must do so securely. If the user provides your application with Google Account information, your application may only use that information to access the user's Google Account when, and for the limited purposes for which, the user has given you permission to do so.
2026-10-07T21:08:15.2641916Z 
2026-10-07T21:08:15.2642899Z 4.4 You agree that you will not engage in any activity with the SDK, including the development or distribution of an application, that interferes with, disrupts, damages, or accesses in an unauthorized manner the servers, networks, or other properties or services of any third party including, but not limited to, Google or any mobile communications carrier.
2026-10-07T21:08:15.2643952Z 
2026-10-07T21:08:15.2644899Z 4.5 You agree that you are solely responsible for (and that Google has no responsibility to you or to any third party for) any data, content, or resources that you create, transmit or display through Android and/or applications for Android, and for the consequences of your actions (including any loss or damage which Google may suffer) by doing so.
2026-10-07T21:08:15.2646211Z 
2026-10-07T21:08:15.2647304Z 4.6 You agree that you are solely responsible for (and that Google has no responsibility to you or to any third party for) any breach of your obligations under the License Agreement, any applicable third party contract or Terms of Service, or any applicable law or regulation, and for the consequences (including any loss or damage which Google or any third party may suffer) of any such breach.
2026-10-07T21:08:15.2648469Z 
2026-10-07T21:08:15.2649837Z 4.7 This software enables the execution of intellectual property owned by Arm Limited. You agree that your use of the software, that allows execution of ARM Instruction Set Architecture (“ISA”) compliant executables for application development and debug only on x86 desktop, laptop, customer on-premise servers, and customer-procured cloud-based environments.
2026-10-07T21:08:15.2650946Z 
2026-10-07T21:08:15.2651040Z 5. Your Developer Credentials
2026-10-07T21:08:15.2651190Z 
2026-10-07T21:08:15.2651984Z 5.1 You agree that you are responsible for maintaining the confidentiality of any developer credentials that may be issued to you by Google or which you may choose yourself and that you will be solely responsible for all applications that are developed under your developer credentials.
2026-10-07T21:08:15.2652851Z 
2026-10-07T21:08:15.2652941Z 6. Privacy and Information
2026-10-07T21:08:15.2653075Z 
2026-10-07T21:08:15.2654414Z 6.1 In order to continually innovate and improve the SDK, Google may collect certain usage statistics from the software including but not limited to a unique identifier, associated IP address, version number of the software, and information on which tools and/or services in the SDK are being used and how they are being used. Before any of this information is collected, the SDK will notify you and seek your consent. If you withhold consent, the information will not be collected.
2026-10-07T21:08:15.2655973Z 
2026-10-07T21:08:15.2656292Z 6.2 The data collected is examined in the aggregate to improve the SDK and is maintained in accordance with Google's Privacy Policy.
2026-10-07T21:08:15.2656708Z 
2026-10-07T21:08:15.2656712Z 
2026-10-07T21:08:15.2656804Z 7. Third Party Applications
2026-10-07T21:08:15.2656941Z 
2026-10-07T21:08:15.2658638Z 7.1 If you use the SDK to run applications developed by a third party or that access data, content or resources provided by a third party, you agree that Google is not responsible for those applications, data, content, or resources. You understand that all data, content or resources which you may access through such third party applications are the sole responsibility of the person from which they originated and that Google is not liable for any loss or damage that you may experience as a result of the use or access of any of those third party applications, data, content, or resources.
2026-10-07T21:08:15.2660308Z 
2026-10-07T21:08:15.2661606Z 7.2 You should be aware the data, content, and resources presented to you through such a third party application may be protected by intellectual property rights which are owned by the providers (or by other persons or companies on their behalf). You may not modify, rent, lease, loan, sell, distribute or create derivative works based on these data, content, or resources (either in whole or in part) unless you have been specifically given permission to do so by the relevant owners.
2026-10-07T21:08:15.2663005Z 
2026-10-07T21:08:15.2663728Z 7.3 You acknowledge that your use of such third party applications, data, content, or resources may be subject to separate terms between you and the relevant third party. In that case, the License Agreement does not affect your legal relationship with these third parties.
2026-10-07T21:08:15.2664532Z 
2026-10-07T21:08:15.2664537Z 
2026-10-07T21:08:15.2664621Z 8. Using Android APIs
2026-10-07T21:08:15.2664744Z 
2026-10-07T21:08:15.2664821Z 8.1 Google Data APIs
2026-10-07T21:08:15.2664944Z 
2026-10-07T21:08:15.2666383Z 8.1.1 If you use any API to retrieve data from Google, you acknowledge that the data may be protected by intellectual property rights which are owned by Google or those parties that provide the data (or by other persons or companies on their behalf). Your use of any such API may be subject to additional Terms of Service. You may not modify, rent, lease, loan, sell, distribute or create derivative works based on this data (either in whole or in part) unless allowed by the relevant Terms of Service.
2026-10-07T21:08:15.2667937Z 
2026-10-07T21:08:15.2670328Z 8.1.2 If you use any API to retrieve a user's data from Google, you acknowledge and agree that you shall retrieve data only with the user's explicit consent and only when, and for the limited purposes for which, the user has given you permission to do so. If you use the Android Recognition Service API, documented at the following URL: https://developer.android.com/reference/android/speech/RecognitionService, as updated from time to time, you acknowledge that the use of the API is subject to the Data Processing Addendum for Products where Google is a Data Processor, which is located at the following URL: https://privacy.google.com/businesses/gdprprocessorterms/, as updated from time to time. By clicking to accept, you hereby agree to the terms of the Data Processing Addendum for Products where Google is a Data Processor.
2026-10-07T21:08:15.2672770Z 
2026-10-07T21:08:15.2672776Z 
2026-10-07T21:08:15.2672874Z 9. Terminating the License Agreement
2026-10-07T21:08:15.2673034Z 
2026-10-07T21:08:15.2673313Z 9.1 The License Agreement will continue to apply until terminated by either you or Google as set out below.
2026-10-07T21:08:15.2673668Z 
2026-10-07T21:08:15.2673998Z 9.2 If you want to terminate the License Agreement, you may do so by ceasing your use of the SDK and any relevant developer credentials.
2026-10-07T21:08:15.2674412Z 
2026-10-07T21:08:15.2676372Z 9.3 Google may at any time, terminate the License Agreement with you if: (A) you have breached any provision of the License Agreement; or (B) Google is required to do so by law; or (C) the partner with whom Google offered certain parts of SDK (such as APIs) to you has terminated its relationship with Google or ceased to offer certain parts of the SDK to you; or (D) Google decides to no longer provide the SDK or certain parts of the SDK to users in the country in which you are resident or from which you use the service, or the provision of the SDK or certain SDK services to you by Google is, in Google's sole discretion, no longer commercially viable.
2026-10-07T21:08:15.2678204Z 
2026-10-07T21:08:15.2679426Z 9.4 When the License Agreement comes to an end, all of the legal rights, obligations and liabilities that you and Google have benefited from, been subject to (or which have accrued over time whilst the License Agreement has been in force) or which are expressed to continue indefinitely, shall be unaffected by this cessation, and the provisions of paragraph 14.7 shall continue to apply to such rights, obligations and liabilities indefinitely.
2026-10-07T21:08:15.2680729Z 
2026-10-07T21:08:15.2680734Z 
2026-10-07T21:08:15.2680827Z 10. DISCLAIMER OF WARRANTIES
2026-10-07T21:08:15.2680968Z 
2026-10-07T21:08:15.2681435Z 10.1 YOU EXPRESSLY UNDERSTAND AND AGREE THAT YOUR USE OF THE SDK IS AT YOUR SOLE RISK AND THAT THE SDK IS PROVIDED "AS IS" AND "AS AVAILABLE" WITHOUT WARRANTY OF ANY KIND FROM GOOGLE.
2026-10-07T21:08:15.2681965Z 
2026-10-07T21:08:15.2682675Z 10.2 YOUR USE OF THE SDK AND ANY MATERIAL DOWNLOADED OR OTHERWISE OBTAINED THROUGH THE USE OF THE SDK IS AT YOUR OWN DISCRETION AND RISK AND YOU ARE SOLELY RESPONSIBLE FOR ANY DAMAGE TO YOUR COMPUTER SYSTEM OR OTHER DEVICE OR LOSS OF DATA THAT RESULTS FROM SUCH USE.
2026-10-07T21:08:15.2683454Z 
2026-10-07T21:08:15.2684161Z 10.3 GOOGLE FURTHER EXPRESSLY DISCLAIMS ALL WARRANTIES AND CONDITIONS OF ANY KIND, WHETHER EXPRESS OR IMPLIED, INCLUDING, BUT NOT LIMITED TO THE IMPLIED WARRANTIES AND CONDITIONS OF MERCHANTABILITY, FITNESS FOR A PARTICULAR PURPOSE AND NON-INFRINGEMENT.
2026-10-07T21:08:15.2684959Z 
2026-10-07T21:08:15.2685069Z 
2026-10-07T21:08:15.2685160Z 11. LIMITATION OF LIABILITY
2026-10-07T21:08:15.2685451Z 
2026-10-07T21:08:15.2686672Z 11.1 YOU EXPRESSLY UNDERSTAND AND AGREE THAT GOOGLE, ITS SUBSIDIARIES AND AFFILIATES, AND ITS LICENSORS SHALL NOT BE LIABLE TO YOU UNDER ANY THEORY OF LIABILITY FOR ANY DIRECT, INDIRECT, INCIDENTAL, SPECIAL, CONSEQUENTIAL OR EXEMPLARY DAMAGES THAT MAY BE INCURRED BY YOU, INCLUDING ANY LOSS OF DATA, WHETHER OR NOT GOOGLE OR ITS REPRESENTATIVES HAVE BEEN ADVISED OF OR SHOULD HAVE BEEN AWARE OF THE POSSIBILITY OF ANY SUCH LOSSES ARISING.
2026-10-07T21:08:15.2687964Z 
2026-10-07T21:08:15.2687968Z 
2026-10-07T21:08:15.2688047Z 12. Indemnification
2026-10-07T21:08:15.2688168Z 
2026-10-07T21:08:15.2690171Z 12.1 To the maximum extent permitted by law, you agree to defend, indemnify and hold harmless Google, its affiliates and their respective directors, officers, employees and agents from and against any and all claims, actions, suits or proceedings, as well as any and all losses, liabilities, damages, costs and expenses (including reasonable attorneys fees) arising out of or accruing from (a) your use of the SDK, (b) any application you develop on the SDK that infringes any copyright, trademark, trade secret, trade dress, patent or other intellectual property right of any person or defames any person or violates their rights of publicity or privacy, and (c) any non-compliance by you with the License Agreement.
2026-10-07T21:08:15.2692223Z 
2026-10-07T21:08:15.2692227Z 
2026-10-07T21:08:15.2692318Z 13. Changes to the License Agreement
2026-10-07T21:08:15.2692479Z 
2026-10-07T21:08:15.2693107Z 13.1 Google may make changes to the License Agreement as it distributes new versions of the SDK. When these changes are made, Google will make a new version of the License Agreement available on the website where the SDK is made available.
2026-10-07T21:08:15.2693813Z 
2026-10-07T21:08:15.2693816Z 
2026-10-07T21:08:15.2693901Z 14. General Legal Terms
2026-10-07T21:08:15.2694023Z 
2026-10-07T21:08:15.2694972Z 14.1 The License Agreement constitutes the whole legal agreement between you and Google and governs your use of the SDK (excluding any services which Google may provide to you under a separate written agreement), and completely replaces any prior agreements between you and Google in relation to the SDK.
2026-10-07T21:08:15.2695978Z 
2026-10-07T21:08:15.2696833Z 14.2 You agree that if Google does not exercise or enforce any legal right or remedy which is contained in the License Agreement (or which Google has the benefit of under any applicable law), this will not be taken to be a formal waiver of Google's rights and that those rights or remedies will still be available to Google.
2026-10-07T21:08:15.2697765Z 
2026-10-07T21:08:15.2698701Z 14.3 If any court of law, having the jurisdiction to decide on this matter, rules that any provision of the License Agreement is invalid, then that provision will be removed from the License Agreement without affecting the rest of the License Agreement. The remaining provisions of the License Agreement will continue to be valid and enforceable.
2026-10-07T21:08:15.2699711Z 
2026-10-07T21:08:15.2700931Z 14.4 You acknowledge and agree that each member of the group of companies of which Google is the parent shall be third party beneficiaries to the License Agreement and that such other companies shall be entitled to directly enforce, and rely upon, any provision of the License Agreement that confers a benefit on (or rights in favor of) them. Other than this, no other person or company shall be third party beneficiaries to the License Agreement.
2026-10-07T21:08:15.2702300Z 
2026-10-07T21:08:15.2703029Z 14.5 EXPORT RESTRICTIONS. THE SDK IS SUBJECT TO UNITED STATES EXPORT LAWS AND REGULATIONS. YOU MUST COMPLY WITH ALL DOMESTIC AND INTERNATIONAL EXPORT LAWS AND REGULATIONS THAT APPLY TO THE SDK. THESE LAWS INCLUDE RESTRICTIONS ON DESTINATIONS, END USERS AND END USE.
2026-10-07T21:08:15.2703836Z 
2026-10-07T21:08:15.2704794Z 14.6 The rights granted in the License Agreement may not be assigned or transferred by either you or Google without the prior written approval of the other party. Neither you nor Google shall be permitted to delegate their responsibilities or obligations under the License Agreement without the prior written approval of the other party.
2026-10-07T21:08:15.2706070Z 
2026-10-07T21:08:15.2707680Z 14.7 The License Agreement, and your relationship with Google under the License Agreement, shall be governed by the laws of the State of California without regard to its conflict of laws provisions. You and Google agree to submit to the exclusive jurisdiction of the courts located within the county of Santa Clara, California to resolve any legal matter arising from the License Agreement. Notwithstanding this, you agree that Google shall still be allowed to apply for injunctive remedies (or an equivalent type of urgent legal relief) in any jurisdiction.
2026-10-07T21:08:15.2709332Z 
2026-10-07T21:08:15.2709336Z 
2026-10-07T21:08:15.2709417Z January 16, 2019
2026-10-07T21:08:15.2709625Z ---------------------------------------
2026-10-07T21:08:15.2709861Z Accept? (y/N): 
2026-10-07T21:08:15.2710079Z 4/6: License android-sdk-preview-license:
2026-10-07T21:08:15.2710341Z ---------------------------------------
2026-10-07T21:08:15.2711595Z To get started with the Android SDK Preview, you must agree to the following terms and conditions. As described below, please note that this is a preview version of the Android SDK, subject to change, that you use at your own risk. The Android SDK Preview is not a stable release, and may contain errors and defects that can result in serious damage to your computer systems, devices and data.
2026-10-07T21:08:15.2712755Z 
2026-10-07T21:08:15.2712940Z This is the Android SDK Preview License Agreement (the "License Agreement").
2026-10-07T21:08:15.2713208Z 
2026-10-07T21:08:15.2713286Z 1. Introduction
2026-10-07T21:08:15.2713393Z 
2026-10-07T21:08:15.2714978Z 1.1 The Android SDK Preview (referred to in the License Agreement as the “Preview” and specifically including the Android system files, packaged APIs, and Preview library files, if and when they are made available) is licensed to you subject to the terms of the License Agreement. The License Agreement forms a legally binding contract between you and Google in relation to your use of the Preview.
2026-10-07T21:08:15.2716265Z 
2026-10-07T21:08:15.2716817Z 1.2 "Android" means the Android software stack for devices, as made available under the Android Open Source Project, which is located at the following URL: http://source.android.com/, as updated from time to time.
2026-10-07T21:08:15.2717444Z 
2026-10-07T21:08:15.2717879Z 1.3 "Google" means Google Inc., a Delaware corporation with principal place of business at 1600 Amphitheatre Parkway, Mountain View, CA 94043, United States.
2026-10-07T21:08:15.2718373Z 
2026-10-07T21:08:15.2718472Z 2. Accepting the License Agreement
2026-10-07T21:08:15.2718629Z 
2026-10-07T21:08:15.2718996Z 2.1 In order to use the Preview, you must first agree to the License Agreement. You may not use the Preview if you do not accept the License Agreement.
2026-10-07T21:08:15.2719436Z 
2026-10-07T21:08:15.2719674Z 2.2 By clicking to accept and/or using the Preview, you hereby agree to the terms of the License Agreement.
2026-10-07T21:08:15.2720009Z 
2026-10-07T21:08:15.2720687Z 2.3 You may not use the Preview and may not accept the License Agreement if you are a person barred from receiving the Preview under the laws of the United States or other countries including the country in which you are resident or from which you use the Preview.
2026-10-07T21:08:15.2721441Z 
2026-10-07T21:08:15.2722536Z 2.4 If you will use the Preview internally within your company or organization you agree to be bound by the License Agreement on behalf of your employer or other entity, and you represent and warrant that you have full legal authority to bind your employer or such entity to the License Agreement. If you do not have the requisite authority, you may not accept the License Agreement or use the Preview on behalf of your employer or other entity.
2026-10-07T21:08:15.2723416Z 
2026-10-07T21:08:15.2723478Z 3. Preview License from Google
2026-10-07T21:08:15.2723576Z 
2026-10-07T21:08:15.2724118Z 3.1 Subject to the terms of the License Agreement, Google grants you a royalty-free, non-assignable, non-exclusive, non-sublicensable, limited, revocable license to use the Preview, personally or internally within your company or organization, solely to develop applications to run on the Android platform.
2026-10-07T21:08:15.2724871Z 
2026-10-07T21:08:15.2725707Z 3.2 You agree that Google or third parties owns all legal right, title and interest in and to the Preview, including any Intellectual Property Rights that subsist in the Preview. "Intellectual Property Rights" means any and all rights under patent law, copyright law, trade secret law, trademark law, and any and all other proprietary rights. Google reserves all rights not expressly granted to you.
2026-10-07T21:08:15.2726431Z 
2026-10-07T21:08:15.2727464Z 3.3 You may not use the Preview for any purpose not expressly permitted by the License Agreement. Except to the extent required by applicable third party licenses, you may not: (a) copy (except for backup purposes), modify, adapt, redistribute, decompile, reverse engineer, disassemble, or create derivative works of the Preview or any part of the Preview; or (b) load any part of the Preview onto a mobile handset or any other hardware device except a personal computer, combine any part of the Preview with other software, or distribute any software or device incorporating a part of the Preview.
2026-10-07T21:08:15.2728523Z 
2026-10-07T21:08:15.2728948Z 3.4 You agree that you will not take any actions that may cause or result in the fragmentation of Android, including but not limited to distributing, participating in the creation of, or promoting in any way a software development kit derived from the Preview.
2026-10-07T21:08:15.2729420Z 
2026-10-07T21:08:15.2730214Z 3.5 Use, reproduction and distribution of components of the Preview licensed under an open source software license are governed solely by the terms of that open source software license and not the License Agreement. You agree to remain a licensee in good standing in regard to such open source software licenses under all the rights granted and to refrain from any actions that may terminate, suspend, or breach such rights.
2026-10-07T21:08:15.2730971Z 
2026-10-07T21:08:15.2731775Z 3.6 You agree that the form and nature of the Preview that Google provides may change without prior notice to you and that future versions of the Preview may be incompatible with applications developed on previous versions of the Preview. You agree that Google may stop (permanently or temporarily) providing the Preview (or any features within the Preview) to you or to users generally at Google's sole discretion, without prior notice to you.
2026-10-07T21:08:15.2732707Z 
2026-10-07T21:08:15.2732992Z 3.7 Nothing in the License Agreement gives you a right to use any of Google's trade names, trademarks, service marks, logos, domain names, or other distinctive brand features.
2026-10-07T21:08:15.2733401Z 
2026-10-07T21:08:15.2733900Z 3.8 You agree that you will not remove, obscure, or alter any proprietary rights notices (including copyright and trademark notices) that may be affixed to or contained within the Preview.
2026-10-07T21:08:15.2734447Z 
2026-10-07T21:08:15.2734509Z 4. Use of the Preview by You
2026-10-07T21:08:15.2734605Z 
2026-10-07T21:08:15.2735119Z 4.1 Google agrees that nothing in the License Agreement gives Google any right, title or interest from you (or your licensors) under the License Agreement in or to any software applications that you develop using the Preview, including any intellectual property rights that subsist in those applications.
2026-10-07T21:08:15.2736725Z 
2026-10-07T21:08:15.2737750Z 4.2 You agree to use the Preview and write applications only for purposes that are permitted by (a) the License Agreement, and (b) any applicable law, regulation or generally accepted practices or guidelines in the relevant jurisdictions (including any laws regarding the export of data or software to and from the United States or other relevant countries).
2026-10-07T21:08:15.2738968Z 
2026-10-07T21:08:15.2740983Z 4.3 You agree that if you use the Preview to develop applications, you will protect the privacy and legal rights of users. If users provide you with user names, passwords, or other login information or personal information, you must make the users aware that the information will be available to your application, and you must provide legally adequate privacy notice and protection for those users. If your application stores personal or sensitive information provided by users, it must do so securely. If users provide you with Google Account information, your application may only use that information to access the user's Google Account when, and for the limited purposes for which, each user has given you permission to do so.
2026-10-07T21:08:15.2743075Z 
2026-10-07T21:08:15.2743885Z 4.4 You agree that you will not engage in any activity with the Preview, including the development or distribution of an application, that interferes with, disrupts, damages, or accesses in an unauthorized manner the servers, networks, or other properties or services of Google or any third party.
2026-10-07T21:08:15.2744764Z 
2026-10-07T21:08:15.2745809Z 4.5 You agree that you are solely responsible for (and that Google has no responsibility to you or to any third party for) any data, content, or resources that you create, transmit or display through Android and/or applications for Android, and for the consequences of your actions (including any loss or damage which Google may suffer) by doing so.
2026-10-07T21:08:15.2746796Z 
2026-10-07T21:08:15.2747849Z 4.6 You agree that you are solely responsible for (and that Google has no responsibility to you or to any third party for) any breach of your obligations under the License Agreement, any applicable third party contract or Terms of Service, or any applicable law or regulation, and for the consequences (including any loss or damage which Google or any third party may suffer) of any such breach.
2026-10-07T21:08:15.2748912Z 
2026-10-07T21:08:15.2750342Z 4.7 The Preview is in development, and your testing and feedback are an important part of the development process. By using the Preview, you acknowledge that implementation of some features are still under development and that you should not rely on the Preview having the full functionality of a stable release. You agree not to publicly distribute or ship any application using this Preview as this Preview will no longer be supported after the official Android SDK is released.
2026-10-07T21:08:15.2751970Z 
2026-10-07T21:08:15.2752041Z 5. Your Developer Credentials
2026-10-07T21:08:15.2752139Z 
2026-10-07T21:08:15.2752621Z 5.1 You agree that you are responsible for maintaining the confidentiality of any developer credentials that may be issued to you by Google or which you may choose yourself and that you will be solely responsible for all applications that are developed under your developer credentials.
2026-10-07T21:08:15.2753148Z 
2026-10-07T21:08:15.2753205Z 6. Privacy and Information
2026-10-07T21:08:15.2753295Z 
2026-10-07T21:08:15.2754138Z 6.1 In order to continually innovate and improve the Preview, Google may collect certain usage statistics from the software including but not limited to a unique identifier, associated IP address, version number of the software, and information on which tools and/or services in the Preview are being used and how they are being used. Before any of this information is collected, the Preview will notify you and seek your consent. If you withhold consent, the information will not be collected.
2026-10-07T21:08:15.2755008Z 
2026-10-07T21:08:15.2755488Z 6.2 The data collected is examined in the aggregate to improve the Preview and is maintained in accordance with Google's Privacy Policy located at http://www.google.com/policies/privacy/.
2026-10-07T21:08:15.2755950Z 
2026-10-07T21:08:15.2756007Z 7. Third Party Applications
2026-10-07T21:08:15.2756102Z 
2026-10-07T21:08:15.2757128Z 7.1 If you use the Preview to run applications developed by a third party or that access data, content or resources provided by a third party, you agree that Google is not responsible for those applications, data, content, or resources. You understand that all data, content or resources which you may access through such third party applications are the sole responsibility of the person from which they originated and that Google is not liable for any loss or damage that you may experience as a result of the use or access of any of those third party applications, data, content, or resources.
2026-10-07T21:08:15.2758172Z 
2026-10-07T21:08:15.2758989Z 7.2 You should be aware the data, content, and resources presented to you through such a third party application may be protected by intellectual property rights which are owned by the providers (or by other persons or companies on their behalf). You may not modify, rent, lease, loan, sell, distribute or create derivative works based on these data, content, or resources (either in whole or in part) unless you have been specifically given permission to do so by the relevant owners.
2026-10-07T21:08:15.2759860Z 
2026-10-07T21:08:15.2760141Z 7.3 You acknowledge that your use of such third party applications, data, content, or resources may be subject to separate terms between you and the relevant third party.
2026-10-07T21:08:15.2760462Z 
2026-10-07T21:08:15.2760516Z 8. Using Google APIs
2026-10-07T21:08:15.2760595Z 
2026-10-07T21:08:15.2760646Z 8.1 Google APIs
2026-10-07T21:08:15.2760714Z 
2026-10-07T21:08:15.2761558Z 8.1.1 If you use any API to retrieve data from Google, you acknowledge that the data may be protected by intellectual property rights which are owned by Google or those parties that provide the data (or by other persons or companies on their behalf). Your use of any such API may be subject to additional Terms of Service. You may not modify, rent, lease, loan, sell, distribute or create derivative works based on this data (either in whole or in part) unless allowed by the relevant Terms of Service.
2026-10-07T21:08:15.2762436Z 
2026-10-07T21:08:15.2762936Z 8.1.2 If you use any API to retrieve a user's data from Google, you acknowledge and agree that you shall retrieve data only with the user's explicit consent and only when, and for the limited purposes for which, the user has given you permission to do so.
2026-10-07T21:08:15.2763396Z 
2026-10-07T21:08:15.2763461Z 9. Terminating the License Agreement
2026-10-07T21:08:15.2763565Z 
2026-10-07T21:08:15.2763739Z 9.1 the License Agreement will continue to apply until terminated by either you or Google as set out below.
2026-10-07T21:08:15.2763960Z 
2026-10-07T21:08:15.2764174Z 9.2 If you want to terminate the License Agreement, you may do so by ceasing your use of the Preview and any relevant developer credentials.
2026-10-07T21:08:15.2764439Z 
2026-10-07T21:08:15.2764600Z 9.3 Google may at any time, terminate the License Agreement, with or without cause, upon notice to you.
2026-10-07T21:08:15.2764805Z 
2026-10-07T21:08:15.2765474Z 9.4 The License Agreement will automatically terminate without notice or other action upon the earlier of: (A) when Google ceases to provide the Preview or certain parts of the Preview to users in the country in which you are resident or from which you use the service; and (B) Google issues a final release version of the Android SDK.
2026-10-07T21:08:15.2766073Z 
2026-10-07T21:08:15.2766479Z 9.5 When the License Agreement is terminated, the license granted to you in the License Agreement will terminate, you will immediately cease all use of the Preview, and the provisions of paragraphs 10, 11, 12 and 14 shall survive indefinitely.
2026-10-07T21:08:15.2766928Z 
2026-10-07T21:08:15.2766974Z 10. DISCLAIMERS
2026-10-07T21:08:15.2767046Z 
2026-10-07T21:08:15.2767349Z 10.1 YOU EXPRESSLY UNDERSTAND AND AGREE THAT YOUR USE OF THE PREVIEW IS AT YOUR SOLE RISK AND THAT THE PREVIEW IS PROVIDED "AS IS" AND "AS AVAILABLE" WITHOUT WARRANTY OF ANY KIND FROM GOOGLE.
2026-10-07T21:08:15.2767780Z 
2026-10-07T21:08:15.2768720Z 10.2 YOUR USE OF THE PREVIEW AND ANY MATERIAL DOWNLOADED OR OTHERWISE OBTAINED THROUGH THE USE OF THE PREVIEW IS AT YOUR OWN DISCRETION AND RISK AND YOU ARE SOLELY RESPONSIBLE FOR ANY DAMAGE TO YOUR COMPUTER SYSTEM OR OTHER DEVICE OR LOSS OF DATA THAT RESULTS FROM SUCH USE. WITHOUT LIMITING THE FOREGOING, YOU UNDERSTAND THAT THE PREVIEW IS NOT A STABLE RELEASE AND MAY CONTAIN ERRORS, DEFECTS AND SECURITY VULNERABILITIES THAT CAN RESULT IN SIGNIFICANT DAMAGE, INCLUDING THE COMPLETE, IRRECOVERABLE LOSS OF USE OF YOUR COMPUTER SYSTEM OR OTHER DEVICE.
2026-10-07T21:08:15.2769969Z 
2026-10-07T21:08:15.2770653Z 10.3 GOOGLE FURTHER EXPRESSLY DISCLAIMS ALL WARRANTIES AND CONDITIONS OF ANY KIND, WHETHER EXPRESS OR IMPLIED, INCLUDING, BUT NOT LIMITED TO THE IMPLIED WARRANTIES AND CONDITIONS OF MERCHANTABILITY, FITNESS FOR A PARTICULAR PURPOSE AND NON-INFRINGEMENT.
2026-10-07T21:08:15.2771447Z 
2026-10-07T21:08:15.2771537Z 11. LIMITATION OF LIABILITY
2026-10-07T21:08:15.2771678Z 
2026-10-07T21:08:15.2772913Z 11.1 YOU EXPRESSLY UNDERSTAND AND AGREE THAT GOOGLE, ITS SUBSIDIARIES AND AFFILIATES, AND ITS LICENSORS SHALL NOT BE LIABLE TO YOU UNDER ANY THEORY OF LIABILITY FOR ANY DIRECT, INDIRECT, INCIDENTAL, SPECIAL, CONSEQUENTIAL OR EXEMPLARY DAMAGES THAT MAY BE INCURRED BY YOU, INCLUDING ANY LOSS OF DATA, WHETHER OR NOT GOOGLE OR ITS REPRESENTATIVES HAVE BEEN ADVISED OF OR SHOULD HAVE BEEN AWARE OF THE POSSIBILITY OF ANY SUCH LOSSES ARISING.
2026-10-07T21:08:15.2774164Z 
2026-10-07T21:08:15.2774221Z 12. Indemnification
2026-10-07T21:08:15.2774300Z 
2026-10-07T21:08:15.2776131Z 12.1 To the maximum extent permitted by law, you agree to defend, indemnify and hold harmless Google, its affiliates and their respective directors, officers, employees and agents from and against any and all claims, actions, suits or proceedings, as well as any and all losses, liabilities, damages, costs and expenses (including reasonable attorneys’ fees) arising out of or accruing from (a) your use of the Preview, (b) any application you develop on the Preview that infringes any Intellectual Property Rights of any person or defames any person or violates their rights of publicity or privacy, and (c) any non-compliance by you of the License Agreement.
2026-10-07T21:08:15.2777326Z 
2026-10-07T21:08:15.2777392Z 13. Changes to the License Agreement
2026-10-07T21:08:15.2777496Z 
2026-10-07T21:08:15.2777905Z 13.1 Google may make changes to the License Agreement as it distributes new versions of the Preview. When these changes are made, Google will make a new version of the License Agreement available on the website where the Preview is made available.
2026-10-07T21:08:15.2778356Z 
2026-10-07T21:08:15.2778413Z 14. General Legal Terms
2026-10-07T21:08:15.2778493Z 
2026-10-07T21:08:15.2779027Z 14.1 the License Agreement constitutes the whole legal agreement between you and Google and governs your use of the Preview (excluding any services which Google may provide to you under a separate written agreement), and completely replaces any prior agreements between you and Google in relation to the Preview.
2026-10-07T21:08:15.2779602Z 
2026-10-07T21:08:15.2780141Z 14.2 You agree that if Google does not exercise or enforce any legal right or remedy which is contained in the License Agreement (or which Google has the benefit of under any applicable law), this will not be taken to be a formal waiver of Google's rights and that those rights or remedies will still be available to Google.
2026-10-07T21:08:15.2780715Z 
2026-10-07T21:08:15.2781289Z 14.3 If any court of law, having the jurisdiction to decide on this matter, rules that any provision of the License Agreement is invalid, then that provision will be removed from the License Agreement without affecting the rest of the License Agreement. The remaining provisions of the License Agreement will continue to be valid and enforceable.
2026-10-07T21:08:15.2781915Z 
2026-10-07T21:08:15.2782674Z 14.4 You acknowledge and agree that each member of the group of companies of which Google is the parent shall be third party beneficiaries to the License Agreement and that such other companies shall be entitled to directly enforce, and rely upon, any provision of the License Agreement that confers a benefit on (or rights in favor of) them. Other than this, no other person or company shall be third party beneficiaries to the License Agreement.
2026-10-07T21:08:15.2783548Z 
2026-10-07T21:08:15.2784007Z 14.5 EXPORT RESTRICTIONS. THE PREVIEW IS SUBJECT TO UNITED STATES EXPORT LAWS AND REGULATIONS. YOU MUST COMPLY WITH ALL DOMESTIC AND INTERNATIONAL EXPORT LAWS AND REGULATIONS THAT APPLY TO THE PREVIEW. THESE LAWS INCLUDE RESTRICTIONS ON DESTINATIONS, END USERS AND END USE.
2026-10-07T21:08:15.2784514Z 
2026-10-07T21:08:15.2785130Z 14.6 The License Agreement may not be assigned or transferred by you without the prior written approval of Google, and any attempted assignment without such approval will be void. You shall not delegate your responsibilities or obligations under the License Agreement without the prior written approval of Google.
2026-10-07T21:08:15.2785848Z 
2026-10-07T21:08:15.2786804Z 14.7 The License Agreement, and your relationship with Google under the License Agreement, shall be governed by the laws of the State of California without regard to its conflict of laws provisions. You and Google agree to submit to the exclusive jurisdiction of the courts located within the county of Santa Clara, California to resolve any legal matter arising from the License Agreement. Notwithstanding this, you agree that Google shall still be allowed to apply for injunctive remedies (or an equivalent type of urgent legal relief) in any jurisdiction.
2026-10-07T21:08:15.2787788Z 
2026-10-07T21:08:15.2787837Z June 2014.
2026-10-07T21:08:15.2787959Z ---------------------------------------
2026-10-07T21:08:15.2788116Z Accept? (y/N): 
2026-10-07T21:08:15.2788249Z 5/6: License google-gdk-license:
2026-10-07T21:08:15.2788403Z ---------------------------------------
2026-10-07T21:08:15.2788605Z This is a Developer Preview of the GDK that is subject to change.
2026-10-07T21:08:15.2788752Z 
2026-10-07T21:08:15.2788804Z Terms and Conditions
2026-10-07T21:08:15.2788880Z 
2026-10-07T21:08:15.2789047Z This is the Glass Development Kit License Agreement.
2026-10-07T21:08:15.2789175Z 
2026-10-07T21:08:15.2789226Z 1. Introduction
2026-10-07T21:08:15.2789296Z 
2026-10-07T21:08:15.2789987Z 1.1 The Glass Development Kit (referred to in this License Agreement as the "GDK" and specifically including the Android system files, packaged APIs, and GDK library files, if and when they are made available) is licensed to you subject to the terms of this License Agreement. This License Agreement forms a legally binding contract between you and Google in relation to your use of the GDK.
2026-10-07T21:08:15.2790683Z 
2026-10-07T21:08:15.2790812Z 1.2 "Glass" means Glass devices and the Glass software stack for use on Glass devices.
2026-10-07T21:08:15.2790993Z 
2026-10-07T21:08:15.2790998Z 
2026-10-07T21:08:15.2791362Z 1.3 "Android" means the Android software stack for devices, as made available under the Android Open Source Project, which is located at the following URL: http://source.android.com/, as updated from time to time.
2026-10-07T21:08:15.2791760Z 
2026-10-07T21:08:15.2792020Z 1.4 "Google" means Google Inc., a Delaware corporation with principal place of business at 1600 Amphitheatre Parkway, Mountain View, CA 94043, United States.
2026-10-07T21:08:15.2792326Z 
2026-10-07T21:08:15.2792386Z 2. Accepting this License Agreement
2026-10-07T21:08:15.2792489Z 
2026-10-07T21:08:15.2792713Z 2.1 In order to use the GDK, you must first agree to this License Agreement. You may not use the GDK if you do not accept this License Agreement.
2026-10-07T21:08:15.2792979Z 
2026-10-07T21:08:15.2793106Z 2.2 By clicking to accept, you hereby agree to the terms of this License Agreement.
2026-10-07T21:08:15.2793278Z 
2026-10-07T21:08:15.2793683Z 2.3 You may not use the GDK and may not accept the License Agreement if you are a person barred from receiving the GDK under the laws of the United States or other countries including the country in which you are resident or from which you use the GDK.
2026-10-07T21:08:15.2794220Z 
2026-10-07T21:08:15.2794837Z 2.4 If you are agreeing to be bound by this License Agreement on behalf of your employer or other entity, you represent and warrant that you have full legal authority to bind your employer or such entity to this License Agreement. If you do not have the requisite authority, you may not accept the License Agreement or use the GDK on behalf of your employer or other entity.
2026-10-07T21:08:15.2795822Z 
2026-10-07T21:08:15.2795881Z 3. GDK License from Google
2026-10-07T21:08:15.2795967Z 
2026-10-07T21:08:15.2796380Z 3.1 Subject to the terms of this License Agreement, Google grants you a limited, worldwide, royalty-free, non-assignable and non-exclusive license to use the GDK solely to develop applications to run on the Glass platform for Glass devices.
2026-10-07T21:08:15.2796833Z 
2026-10-07T21:08:15.2797497Z 3.2 You agree that Google or third parties own all legal right, title and interest in and to the GDK, including any Intellectual Property Rights that subsist in the GDK. "Intellectual Property Rights" means any and all rights under patent law, copyright law, trade secret law, trademark law, and any and all other proprietary rights. Google reserves all rights not expressly granted to you.
2026-10-07T21:08:15.2798204Z 
2026-10-07T21:08:15.2799255Z 3.3 You may not use the GDK for any purpose not expressly permitted by this License Agreement. Except to the extent required by applicable third party licenses, you may not: (a) copy (except for backup purposes), modify, adapt, redistribute, decompile, reverse engineer, disassemble, or create derivative works of the GDK or any part of the GDK; or (b) load any part of the GDK onto a mobile handset or wearable computing device or any other hardware device except a Glass device personal computer, combine any part of the GDK with other software, or distribute any software or device incorporating a part of the GDK.
2026-10-07T21:08:15.2800345Z 
2026-10-07T21:08:15.2800849Z 3.4 You agree that you will not take any actions that may cause or result in the fragmentation of Glass, including but not limited to distributing, participating in the creation of, or promoting in any way a software development kit derived from the GDK.
2026-10-07T21:08:15.2801312Z 
2026-10-07T21:08:15.2801661Z 3.5 Use, reproduction and distribution of components of the GDK licensed under an open source software license are governed solely by the terms of that open source software license and not this License Agreement.
2026-10-07T21:08:15.2802048Z 
2026-10-07T21:08:15.2802753Z 3.6 You agree that the form and nature of the GDK that Google provides may change without prior notice to you and that future versions of the GDK may be incompatible with applications developed on previous versions of the GDK. You agree that Google may stop (permanently or temporarily) providing the GDK (or any features within the GDK) to you or to users generally at Google's sole discretion, without prior notice to you.
2026-10-07T21:08:15.2803517Z 
2026-10-07T21:08:15.2803804Z 3.7 Nothing in this License Agreement gives you a right to use any of Google's trade names, trademarks, service marks, logos, domain names, or other distinctive brand features.
2026-10-07T21:08:15.2804136Z 
2026-10-07T21:08:15.2804439Z 3.8 You agree that you will not remove, obscure, or alter any proprietary rights notices (including copyright and trademark notices) that may be affixed to or contained within the GDK.
2026-10-07T21:08:15.2804784Z 
2026-10-07T21:08:15.2804787Z 
2026-10-07T21:08:15.2805514Z 3.9 Your use of any Android system files, packaged APIs, or other components of the GDK which are part of the Android Software Development Kit is subject to the terms of the Android Software Development Kit License Agreement located at http://developer.android.com/sdk/terms.html. These terms are hereby incorporated by reference into this License Agreement.
2026-10-07T21:08:15.2806291Z 
2026-10-07T21:08:15.2806344Z 4. Use of the GDK by You
2026-10-07T21:08:15.2806430Z 
2026-10-07T21:08:15.2806872Z 4.1 Google agrees that it obtains no right, title or interest from you (or your licensors) under this License Agreement in or to any software applications that you develop using the GDK, including any intellectual property rights that subsist in those applications.
2026-10-07T21:08:15.2807363Z 
2026-10-07T21:08:15.2808267Z 4.2 You agree to use the GDK and write applications only for purposes that are permitted by (a) this License Agreement, (b) the Glass Platform Developer Policies (located at https://developers.google.com/glass/policies, and hereby incorporated into this License Agreement by reference), and (c) any applicable law, regulation or generally accepted practices or guidelines in the relevant jurisdictions (including any laws regarding the export of data or software to and from the United States or other relevant countries).
2026-10-07T21:08:15.2809227Z 
2026-10-07T21:08:15.2810580Z 4.3 You agree that if you use the GDK to develop applications for general public users, you will protect the privacy and legal rights of those users. If the users provide you with user names, passwords, or other login information or personal information, you must make the users aware that the information will be available to your application, and you must provide legally adequate privacy notice and protection for those users. If your application stores personal or sensitive information provided by users, it must do so securely. If the user provides your application with Google Account information, your application may only use that information to access the user's Google Account when, and for the limited purposes for which, the user has given you permission to do so.
2026-10-07T21:08:15.2811960Z 
2026-10-07T21:08:15.2812512Z 4.4 You agree that you will not engage in any activity with the GDK, including the development or distribution of an application, that interferes with, disrupts, damages, or accesses in an unauthorized manner the servers, networks, or other properties or services of any third party including, but not limited to, Google.
2026-10-07T21:08:15.2813094Z 
2026-10-07T21:08:15.2813749Z 4.5 You agree that you are solely responsible for (and that Google has no responsibility to you or to any third party for) any data, content, or resources that you create, transmit or display through Glass and/or applications for Glass, and for the consequences of your actions (including any loss or damage which Google may suffer) by doing so.
2026-10-07T21:08:15.2814376Z 
2026-10-07T21:08:15.2815695Z 4.6 You agree that you are solely responsible for (and that Google has no responsibility to you or to any third party for) any breach of your obligations under this License Agreement, any applicable third party contract or Terms of Service, or any applicable law or regulation, and for the consequences (including any loss or damage which Google or any third party may suffer) of any such breach.
2026-10-07T21:08:15.2816578Z 
2026-10-07T21:08:15.2816581Z 
2026-10-07T21:08:15.2817222Z 4.7 The GDK is in development, and your testing and feedback are an important part of the development process. By using the GDK, you acknowledge that implementation of some features are still under development and that you should not rely on the GDK, Glass devices, Glass system software, Google Mirror API, or Glass services having the full functionality of a stable release.
2026-10-07T21:08:15.2817893Z 
2026-10-07T21:08:15.2817956Z 5. Your Developer Credentials
2026-10-07T21:08:15.2818047Z 
2026-10-07T21:08:15.2818522Z 5.1 You agree that you are responsible for maintaining the confidentiality of any developer credentials that may be issued to you by Google or which you may choose yourself and that you will be solely responsible for all applications that are developed under your developer credentials.
2026-10-07T21:08:15.2819039Z 
2026-10-07T21:08:15.2819197Z 6. Privacy and Information
2026-10-07T21:08:15.2819285Z 
2026-10-07T21:08:15.2819288Z 
2026-10-07T21:08:15.2820091Z 6.1 In order to continually innovate and improve the GDK, Google may collect certain usage statistics from the software including but not limited to a unique identifier, associated IP address, version number of the software, and information on which tools and/or services in the GDK are being used and how they are being used. Before any of this information is collected, the GDK will notify you and seek your consent. If you withhold consent, the information will not be collected.
2026-10-07T21:08:15.2821066Z 
2026-10-07T21:08:15.2821377Z 6.2 The data collected is examined in the aggregate to improve the GDK and is maintained in accordance with Google's Privacy Policy.
2026-10-07T21:08:15.2821749Z 
2026-10-07T21:08:15.2821812Z 7. Third Party Applications
2026-10-07T21:08:15.2821904Z 
2026-10-07T21:08:15.2822914Z 7.1 If you use the GDK to run applications developed by a third party or that access data, content or resources provided by a third party, you agree that Google is not responsible for those applications, data, content, or resources. You understand that all data, content or resources which you may access through such third party applications are the sole responsibility of the person from which they originated and that Google is not liable for any loss or damage that you may experience as a result of the use or access of any of those third party applications, data, content, or resources.
2026-10-07T21:08:15.2823961Z 
2026-10-07T21:08:15.2824768Z 7.2 You should be aware the data, content, and resources presented to you through such a third party application may be protected by intellectual property rights which are owned by the providers (or by other persons or companies on their behalf). You may not modify, rent, lease, loan, sell, distribute or create derivative works based on these data, content, or resources (either in whole or in part) unless you have been specifically given permission to do so by the relevant owners.
2026-10-07T21:08:15.2825884Z 
2026-10-07T21:08:15.2826549Z 7.3 You acknowledge that your use of such third party applications, data, content, or resources may be subject to separate terms between you and the relevant third party. In that case, this License Agreement does not affect your legal relationship with these third parties.
2026-10-07T21:08:15.2827371Z 
2026-10-07T21:08:15.2827457Z 8. Using Google APIs
2026-10-07T21:08:15.2827577Z 
2026-10-07T21:08:15.2827660Z 8.1 Google APIs
2026-10-07T21:08:15.2827767Z 
2026-10-07T21:08:15.2828741Z 8.1.1 If you use any API to retrieve data from Google, you acknowledge that the data may be protected by intellectual property rights which are owned by Google or those parties that provide the data (or by other persons or companies on their behalf). Your use of any such API may be subject to additional Terms of Service. You may not modify, rent, lease, loan, sell, distribute or create derivative works based on this data (either in whole or in part) unless allowed by the relevant Terms of Service.
2026-10-07T21:08:15.2829617Z 
2026-10-07T21:08:15.2830032Z 8.1.2 If you use any API to retrieve a user's data from Google, you acknowledge and agree that you shall retrieve data only with the user's explicit consent and only when, and for the limited purposes for which, the user has given you permission to do so.
2026-10-07T21:08:15.2830485Z 
2026-10-07T21:08:15.2830551Z 9. Terminating this License Agreement
2026-10-07T21:08:15.2830656Z 
2026-10-07T21:08:15.2830833Z 9.1 This License Agreement will continue to apply until terminated by either you or Google as set out below.
2026-10-07T21:08:15.2831051Z 
2026-10-07T21:08:15.2831261Z 9.2 If you want to terminate this License Agreement, you may do so by ceasing your use of the GDK and any relevant developer credentials.
2026-10-07T21:08:15.2831515Z 
2026-10-07T21:08:15.2832586Z 9.3 Google may at any time, terminate this License Agreement with you if: (A) you have breached any provision of this License Agreement; or (B) Google is required to do so by law; or (C) the partner with whom Google offered certain parts of GDK (such as APIs) to you has terminated its relationship with Google or ceased to offer certain parts of the GDK to you; or (D) Google decides to no longer provide the GDK or certain parts of the GDK to users in the country in which you are resident or from which you use the service, or the provision of the GDK or certain GDK services to you by Google is, in Google's sole discretion, no longer commercially viable.
2026-10-07T21:08:15.2833881Z 
2026-10-07T21:08:15.2834673Z 9.4 When this License Agreement comes to an end, all of the legal rights, obligations and liabilities that you and Google have benefited from, been subject to (or which have accrued over time whilst this License Agreement has been in force) or which are expressed to continue indefinitely, shall be unaffected by this cessation, and the provisions of paragraph 14.7 shall continue to apply to such rights, obligations and liabilities indefinitely.
2026-10-07T21:08:15.2836045Z 
2026-10-07T21:08:15.2836105Z 10. DISCLAIMER OF WARRANTIES
2026-10-07T21:08:15.2836200Z 
2026-10-07T21:08:15.2836489Z 10.1 YOU EXPRESSLY UNDERSTAND AND AGREE THAT YOUR USE OF THE GDK IS AT YOUR SOLE RISK AND THAT THE GDK IS PROVIDED "AS IS" AND "AS AVAILABLE" WITHOUT WARRANTY OF ANY KIND FROM GOOGLE.
2026-10-07T21:08:15.2836815Z 
2026-10-07T21:08:15.2837244Z 10.2 YOUR USE OF THE GDK AND ANY MATERIAL DOWNLOADED OR OTHERWISE OBTAINED THROUGH THE USE OF THE GDK IS AT YOUR OWN DISCRETION AND RISK AND YOU ARE SOLELY RESPONSIBLE FOR ANY DAMAGE TO YOUR COMPUTER SYSTEM OR OTHER DEVICE OR LOSS OF DATA THAT RESULTS FROM SUCH USE.
2026-10-07T21:08:15.2837812Z 
2026-10-07T21:08:15.2838508Z 10.3 GOOGLE FURTHER EXPRESSLY DISCLAIMS ALL WARRANTIES AND CONDITIONS OF ANY KIND, WHETHER EXPRESS OR IMPLIED, INCLUDING, BUT NOT LIMITED TO THE IMPLIED WARRANTIES AND CONDITIONS OF MERCHANTABILITY, FITNESS FOR A PARTICULAR PURPOSE AND NON-INFRINGEMENT.
2026-10-07T21:08:15.2839273Z 
2026-10-07T21:08:15.2839364Z 11. LIMITATION OF LIABILITY
2026-10-07T21:08:15.2839549Z 
2026-10-07T21:08:15.2841077Z 11.1 YOU EXPRESSLY UNDERSTAND AND AGREE THAT GOOGLE, ITS SUBSIDIARIES AND AFFILIATES, AND ITS LICENSORS SHALL NOT BE LIABLE TO YOU UNDER ANY THEORY OF LIABILITY FOR ANY DIRECT, INDIRECT, INCIDENTAL, SPECIAL, CONSEQUENTIAL OR EXEMPLARY DAMAGES THAT MAY BE INCURRED BY YOU, INCLUDING ANY LOSS OF DATA, WHETHER OR NOT GOOGLE OR ITS REPRESENTATIVES HAVE BEEN ADVISED OF OR SHOULD HAVE BEEN AWARE OF THE POSSIBILITY OF ANY SUCH LOSSES ARISING.
2026-10-07T21:08:15.2842403Z 
2026-10-07T21:08:15.2842488Z 12. Indemnification
2026-10-07T21:08:15.2842605Z 
2026-10-07T21:08:15.2844645Z 12.1 To the maximum extent permitted by law, you agree to defend, indemnify and hold harmless Google, its affiliates and their respective directors, officers, employees and agents from and against any and all claims, actions, suits or proceedings, as well as any and all losses, liabilities, damages, costs and expenses (including reasonable attorneys fees) arising out of or accruing from (a) your use of the GDK, (b) any application you develop on the GDK that infringes any copyright, trademark, trade secret, trade dress, patent or other intellectual property right of any person or defames any person or violates their rights of publicity or privacy, and (c) any non-compliance by you with this License Agreement.
2026-10-07T21:08:15.2847048Z 
2026-10-07T21:08:15.2847150Z 13. Changes to the License Agreement
2026-10-07T21:08:15.2847308Z 
2026-10-07T21:08:15.2847937Z 13.1 Google may make changes to the License Agreement as it distributes new versions of the GDK. When these changes are made, Google will make a new version of the License Agreement available on the website where the GDK is made available.
2026-10-07T21:08:15.2848651Z 
2026-10-07T21:08:15.2848732Z 14. General Legal Terms
2026-10-07T21:08:15.2848860Z 
2026-10-07T21:08:15.2849705Z 14.1 This License Agreement constitutes the whole legal agreement between you and Google and governs your use of the GDK (excluding any services which Google may provide to you under a separate written agreement), and completely replaces any prior agreements between you and Google in relation to the GDK.
2026-10-07T21:08:15.2850747Z 
2026-10-07T21:08:15.2851624Z 14.2 You agree that if Google does not exercise or enforce any legal right or remedy which is contained in this License Agreement (or which Google has the benefit of under any applicable law), this will not be taken to be a formal waiver of Google's rights and that those rights or remedies will still be available to Google.
2026-10-07T21:08:15.2852576Z 
2026-10-07T21:08:15.2853540Z 14.3 If any court of law, having the jurisdiction to decide on this matter, rules that any provision of this License Agreement is invalid, then that provision will be removed from this License Agreement without affecting the rest of this License Agreement. The remaining provisions of this License Agreement will continue to be valid and enforceable.
2026-10-07T21:08:15.2854228Z 
2026-10-07T21:08:15.2854994Z 14.4 You acknowledge and agree that each member of the group of companies of which Google is the parent shall be third party beneficiaries to this License Agreement and that such other companies shall be entitled to directly enforce, and rely upon, any provision of this License Agreement that confers a benefit on (or rights in favor of) them. Other than this, no other person or company shall be third party beneficiaries to this License Agreement.
2026-10-07T21:08:15.2855949Z 
2026-10-07T21:08:15.2856393Z 14.5 EXPORT RESTRICTIONS. THE GDK IS SUBJECT TO UNITED STATES EXPORT LAWS AND REGULATIONS. YOU MUST COMPLY WITH ALL DOMESTIC AND INTERNATIONAL EXPORT LAWS AND REGULATIONS THAT APPLY TO THE GDK. THESE LAWS INCLUDE RESTRICTIONS ON DESTINATIONS, END USERS AND END USE.
2026-10-07T21:08:15.2856878Z 
2026-10-07T21:08:15.2857464Z 14.6 The rights granted in this License Agreement may not be assigned or transferred by either you or Google without the prior written approval of the other party. Neither you nor Google shall be permitted to delegate their responsibilities or obligations under this License Agreement without the prior written approval of the other party.
2026-10-07T21:08:15.2858097Z 
2026-10-07T21:08:15.2859167Z 14.7 This License Agreement, and your relationship with Google under this License Agreement, shall be governed by the laws of the State of California without regard to its conflict of laws provisions. You and Google agree to submit to the exclusive jurisdiction of the courts located within the county of Santa Clara, California to resolve any legal matter arising from this License Agreement. Notwithstanding this, you agree that Google shall still be allowed to apply for injunctive remedies (or an equivalent type of urgent legal relief) in any jurisdiction.
2026-10-07T21:08:15.2860435Z 
2026-10-07T21:08:15.2860487Z November 19, 2013
2026-10-07T21:08:15.2860672Z ---------------------------------------
2026-10-07T21:08:15.2860908Z Accept? (y/N): 
2026-10-07T21:08:15.2861122Z 6/6: License mips-android-sysimage-license:
2026-10-07T21:08:15.2861387Z ---------------------------------------
2026-10-07T21:08:15.2862712Z MIPS Technologies, Inc. (“MIPS”) Internal Evaluation License Agreement for MIPS Android™ System Images for Android Software Development Kit (SDK): This Internal Evaluation License Agreement (this "Agreement") is entered into by and between MIPS and you (as an individual developer or a legal entity -- identified below as “Recipient”). MIPS shall make the Evaluation Software available to Recipient as described in accordance with the terms and conditions set forth below.
2026-10-07T21:08:15.2863561Z 
2026-10-07T21:08:15.2864608Z By clicking on the “Accept” button, downloading, installing, or otherwise using the Evaluation Materials (defined below), you agree to be bound by the terms of this Agreement effective as of the date you click “Accept” (the “Effective Date”), and if doing so on behalf of an entity, you represent that you are authorized to bind the entity to the terms and conditions of this Agreement. If you do not agree to be bound by the terms and conditions of this Agreement, do not download, install, or use the Evaluation Materials.
2026-10-07T21:08:15.2865977Z 
2026-10-07T21:08:15.2866088Z 1. DEFINITIONS. These terms shall have the following meanings:
2026-10-07T21:08:15.2866234Z 
2026-10-07T21:08:15.2866568Z 1.1 “MIPS” shall mean MIPS Technologies, Inc., a Delaware corporation having a principal place of business at: 955 East Arques Ave., Sunnyvale, CA 94085
2026-10-07T21:08:15.2866866Z 
2026-10-07T21:08:15.2867174Z 1.2 “Evaluation Software” shall mean MIPS Android™ emulator system images for Android Software Development Kit (SDK), as made available to Recipient.
2026-10-07T21:08:15.2867470Z 
2026-10-07T21:08:15.2868111Z 1.3 “Evaluation Materials" means, collectively, the Evaluation Software (in source and/or object code form) and documentation (including, without limitation, any design documents, specifications, reference manuals, and other related materials) related to the Evaluation Software as made available to Recipient.
2026-10-07T21:08:15.2868689Z 
2026-10-07T21:08:15.2870739Z 1.4 “Open Source Software” means any software that requires (as a condition of use, modification and/or distribution of such software) that such software or other software incorporated into, derived from or distributed with such software (a) be disclosed or distributed in source code form; or (b) be licensed by the user to third parties for the purpose of making and/or distributing derivative works; or (c) be redistributable at no charge. Open Source Software includes, without limitation, software licensed or distributed under any of the following licenses or distribution models, or licenses or distribution models substantially similar to any of the following: (a) GNU’s General Public License (GPL) or Lesser/Library GPL (LGPL), (b) the Artistic License (e.g., PERL), (c) the Mozilla Public License, (d) the Netscape Public License, (e) the Sun Community Source License (SCSL), (f) the Sun Industry Source License (SISL), (g) the Apache Software license and (h) the Common Public License (CPL).
2026-10-07T21:08:15.2872465Z 
2026-10-07T21:08:15.2873169Z 1.5 “Pre-Release Materials” means “alpha” or “beta” designated pre-release features, which may not be fully functional, which MIPS may substantially modify in producing any production version of the Evaluation Materials, and/or which is still under development by MIPS and/or MIPS’ suppliers.
2026-10-07T21:08:15.2873711Z 
2026-10-07T21:08:15.2874696Z 2. PURPOSE. MIPS desires to make the Evaluation Materials available to Recipient solely for Recipient's internal evaluation of the Evaluation Software to evaluate the desirability of cooperating with MIPS in developing products that are compatible with the Evaluation Software and/or to advise MIPS as to possible modifications to the Evaluation Software. Recipient may not disclose, distribute, modify (except to facilitate the above-mentioned internal evaluation), or make commercial use of the Evaluation Materials or any modifications of the Evaluation Materials.
2026-10-07T21:08:15.2875935Z 
2026-10-07T21:08:15.2876688Z THE EVALUATION MATERIALS ARE PROVIDED FOR EVALUATION PURPOSES ONLY AND MAY NOT BE MODIFIED (EXCEPT TO FACILITATE THE INTERNAL EVALUATION) OR DISTRIBUTED BY RECIPIENT OR INCORPORATED INTO RECIPIENT’S PRODUCTS OR SOFTWARE. PLEASE CONTACT A MIPS SALES REPRESENTATIVE TO LEARN ABOUT THE AVAILABILITY AND COST OF A COMMERCIAL VERSION OF THE EVALUATION SOFTWARE.
2026-10-07T21:08:15.2877344Z 
2026-10-07T21:08:15.2877825Z 3. TITLE. Title to the Evaluation Materials remains with MIPS or its suppliers. Recipient shall not mortgage, pledge or encumber the Evaluation Materials in any way. Recipient shall return all Evaluation Materials, keeping no copies, upon termination or expiration of this Agreement.
2026-10-07T21:08:15.2878352Z 
2026-10-07T21:08:15.2880367Z 4. LICENSE. MIPS grants Recipient a royalty-free, personal, nontransferable, nonexclusive license under its copyrights to use the Evaluation Software only for the purposes described in paragraph 2 above and only for a period beginning on the Effective Date and extending to the first anniversary of the Effective Date (the “Evaluation Period”). Unless otherwise communicated in writing by MIPS to Recipient, to the extent the Evaluation Software is provided in more than one delivery or release (each, a “Release”) the license grant in this Section 4 and the Evaluation Period shall apply to each Release, in which case the Evaluation Period shall begin on the date that the Release is made generally available and continue to the first anniversary of such date. Recipient may not make modifications to the Evaluation Software. Recipient shall not disassemble, reverse-engineer, or decompile any software that is not provided to Recipient in source code form.
2026-10-07T21:08:15.2882167Z 
2026-10-07T21:08:15.2882170Z 
2026-10-07T21:08:15.2882751Z EXCEPT AS PROVIDED HEREIN, NO OTHER LICENSE, EXPRESS OR IMPLIED, BY ESTOPPEL OR OTHERWISE, TO ANY OTHER MIPS INTELLECTUAL PROPERTY RIGHTS IS GRANTED TO THE RECIPIENT. OTHER THAN AS EXPLICITLY SET FORTH IN PARAGRAPH 2 ABOVE, NO RIGHT TO COPY, TO REPRODUCE, TO MODIFY, OR TO CREATE DERIVATIVE WORKS OF, THE EVALUATION MATERIALS IS GRANTED HEREIN.
2026-10-07T21:08:15.2883383Z 
2026-10-07T21:08:15.2883991Z 5. NO OBLIGATION. Recipient shall have no duty to purchase or license any product from MIPS. MIPS and its suppliers shall have no obligation to provide support for, or develop a non-evaluation version of, the Evaluation Software or to license any version of it.
2026-10-07T21:08:15.2884786Z 
2026-10-07T21:08:15.2888911Z 6. MODIFICATIONS. This Agreement does not obligate Recipient to provide MIPS with comments or suggestions regarding Evaluation Materials. However, should Recipient provide MIPS with comments or suggestions for the modification, correction, improvement or enhancement of (a) the Evaluation Materials or (b) MIPS products or processes which may embody the Evaluation Materials, then Recipient agrees to grant and hereby grants to MIPS a non-exclusive, irrevocable, worldwide, fully paid-up, royalty-free license, with the right to sublicense MIPS’ licensees and customers, under Recipient’s Intellectual property rights, to use and disclose such comments and suggestions in any manner MIPS chooses and to display, perform, copy, make, have made, use, sell, offer to sell, import, and otherwise dispose of MIPS’ and its sublicensee’s products embodying such comments and suggestions in any manner and via any media MIPS chooses, without reference to the source.
2026-10-07T21:08:15.2892420Z 
2026-10-07T21:08:15.2894036Z 7. WARRANTY DISCLAIMER. MIPS AND ITS SUPPLIERS MAKE NO WARRANTIES WITH RESPECT TO EVALUATION MATERIALS, EITHER EXPRESS OR IMPLIED, INCLUDING ANY IMPLIED WARRANTIES OF MERCHANTABILITY OR FITNESS FOR A PARTICULAR PURPOSE, OR ANY IMPLIED WARRANTY OF NONINFRINGEMENT WITH RESPECT TO THIRD PARTY INTELLECTUAL PROPERTY. RECIPIENT ACKNOWLEDGES AND AGREES THAT THE EVALUATION MATERIALS ARE PROVIDED “AS IS,” WITHOUT WARRANTY OF ANY KIND.
2026-10-07T21:08:15.2904689Z 
2026-10-07T21:08:15.2906516Z 8. LIMITATION OF LIABILITY. MIPS AND ITS SUPPLIERS SHALL NOT BE LIABLE FOR ANY PROPERTY DAMAGE, PERSONAL INJURY, LOSS OF PROFITS, INTERRUPTION OF BUSINESS OR FOR ANY DIRECT, INDIRECT, SPECIAL, CONSEQUENTIAL OR INCIDENTAL DAMAGES, HOWEVER CAUSED OR ALLEGED, WHETHER FOR BREACH OF WARRANTY, CONTRACT, STRICT LIABILITY OR OTHERWISE, INCLUDING WITHOUT LIMITATION, UNDER TORT OR OTHER LEGAL THEORY. MIPS AND ITS SUPPLIERS DISCLAIM ANY AND ALL LIABILITY, INCLUDING LIABILITY FOR INFRINGEMENT OF ANY INTELLECTUAL PROPERTY RIGHTS OF ANY KIND RELATING TO THE EVALUATION MATERIALS.
2026-10-07T21:08:15.2908442Z 
2026-10-07T21:08:15.2909171Z 9. EXPIRATION. MIPS may terminate this Agreement immediately after a breach by Recipient or otherwise at MIPS’ reasonable discretion and upon five (5) business days’ notice to Recipient.
2026-10-07T21:08:15.2909814Z 
2026-10-07T21:08:15.2909889Z 10. GENERAL.
2026-10-07T21:08:15.2909998Z 
2026-10-07T21:08:15.2913166Z 10.1 Controlling Law. This Agreement shall be governed by California law excluding its choice of law rules. With the exception of MIPS’ rights to enforce its intellectual property rights and any confidentiality obligations under this Agreement or any licenses distributed with the Evaluation Materials, all disputes and any claims arising under or relating to this Agreement shall be subject to the exclusive jurisdiction and venue of the state and federal courts located in Santa Clara County, California. Each party hereby agrees to jurisdiction and venue in the courts set forth in the preceding sentence. The parties agree that the United Nations Convention on Contracts for the International Sale of Goods is specifically excluded from application to this Agreement. The parties consent to the personal jurisdiction of the above courts.
2026-10-07T21:08:15.2916326Z 
2026-10-07T21:08:15.2917846Z 10.2 Remedies. Recipient acknowledges and agrees that any breach of confidentiality obligations under this Agreement or any licenses distributed with the Evaluation Materials, as well as any disclosure, commercialization, or public use of the Evaluation Materials, would cause irreparable injury to MIPS, and therefore Recipient agrees to consent to, and hereby consents to, the grant of an injunction by any court of competent jurisdiction in the event of an actual or threatened breach.
2026-10-07T21:08:15.2919369Z 
2026-10-07T21:08:15.2922043Z 10.3 Assignment. Recipient may not delegate, assign or transfer this Agreement, the license granted or any of Recipient’s rights, obligations, or duties hereunder, expressly, by implication, by operation of law, by way of merger (regardless of whether Recipient is the surviving entity) or acquisition, or otherwise and any attempt to do so, without MIPS’ express prior written consent, shall be ineffective, null and void. MIPS may freely assign this Agreement, and its rights and obligations hereunder, in its sole discretion.
2026-10-07T21:08:15.2923896Z 
2026-10-07T21:08:15.2925539Z 10.4 Entire Agreement. This Agreement constitutes the entire agreement between Recipient and MIPS and supersedes in their entirety any and all oral or written agreements previously existing between Recipient and MIPS with respect to the subject matter hereof. This Agreement may only be amended or supplemented by a writing that refers explicitly to this Agreement and that is signed or otherwise accepted by duly authorized representatives of Recipient and MIPS.
2026-10-07T21:08:15.2927048Z 
2026-10-07T21:08:15.2928459Z 10.5 Severability. In the event that any provision of this Agreement is finally adjudicated to be unenforceable or invalid under any applicable law, such unenforceability or invalidity shall not render this Agreement unenforceable or invalid as a whole, and, in such event, such unenforceable or invalid provision shall be interpreted so as to best accomplish the objectives of such provision within the limits of applicable law or applicable court decisions.
2026-10-07T21:08:15.2929924Z 
2026-10-07T21:08:15.2934307Z 10.6 Export Regulations / Export Control. Recipient shall not export, either directly or indirectly, any product, service or technical data or system incorporating the Evaluation Materials without first obtaining any required license or other necessary approval from the U.S. Department of Commerce or any other governing agency or department of the United States Government. In the event any product is exported from the United States or re-exported from a foreign destination by Recipient, Recipient shall ensure that the distribution and export/re-export or import of the product is in compliance with all applicable laws, regulations, orders, or other restrictions of the U.S. Export Administration Regulations and the appropriate foreign government. Recipient agrees that neither it nor any of its subsidiaries will export/re-export any technical data, process, product, or service, directly or indirectly, to any country for which the United States government or any agency thereof or the foreign government from where it is shipping requires an export license, or other governmental approval, without first obtaining such license or approval. Recipient also agrees to implement measures to ensure that foreign national employees are authorized to receive any information controlled by U.S. export control laws. An export is "deemed" to take place when information is released to a foreign national wherever located.
2026-10-07T21:08:15.2938917Z 
2026-10-07T21:08:15.2942210Z 10.7 Special Terms for Pre-Release Materials. If so indicated in the description of the Evaluation Software, the Evaluation Software may contain Pre-Release Materials. Recipient hereby understands, acknowledges and agrees that: (i) Pre-Release Materials may not be fully tested and may contain bugs or errors; (ii) Pre-Release materials are not suitable for commercial release in their current state; (iii) regulatory approvals for Pre-Release Materials (such as UL or FCC) have not been obtained, and Pre-Release Materials may therefore not be certified for use in certain countries or environments or may not be suitable for certain applications and (iv) MIPS can provide no assurance that it will ever produce or make generally available a production version of the Pre-Release Materials . MIPS is not under any obligation to develop and/or release or offer for sale or license a final product based upon the Pre-Release Materials and may unilaterally elect to abandon the Pre-Release Materials or any such development platform at any time and without any obligation or liability whatsoever to Recipient or any other person.
2026-10-07T21:08:15.2946153Z 
2026-10-07T21:08:15.2946947Z ANY PRE-RELEASE MATERIALS ARE NON-QUALIFIED AND, AS SUCH, ARE PROVIDED “AS IS” AND “AS AVAILABLE”, POSSIBLY WITH FAULTS, AND WITHOUT REPRESENTATION OR WARRANTY OF ANY KIND.
2026-10-07T21:08:15.2947642Z 
2026-10-07T21:08:15.2950177Z 10.8 Open Source Software. In the event Open Source software is included with Evaluation Software, such Open Source software is licensed pursuant to the applicable Open Source software license agreement identified in the Open Source software comments in the applicable source code file(s) and/or file header as indicated in the Evaluation Software. Additional detail may be available (where applicable) in the accompanying on-line documentation. With respect to the Open Source software, nothing in this Agreement limits any rights under, or grants rights that supersede, the terms of any applicable Open Source software license agreement.
2026-10-07T21:08:15.2952173Z ---------------------------------------
2026-10-07T21:08:15.2952451Z Accept? (y/N): All SDK package licenses accepted
2026-10-07T21:08:15.2952644Z 
2026-10-07T21:08:15.2952866Z [command]/usr/local/lib/android/sdk/cmdline-tools/22.0/bin/sdkmanager platform-tools
2026-10-07T21:08:15.3536858Z WARNING: The SDK Manager CLI tool (sdkmanager) is deprecated. Use Android CLI instead.
2026-10-07T21:08:15.3537612Z The 'android' binary can also be found in the cmdline-tools directory, and 'android sdk' is the replacement for 'sdkmanager'.
2026-10-07T21:08:15.3538401Z To learn more about the Android CLI and how to use it, see the documentation (https://d.android.com/tools/agents/android-cli)
2026-10-07T21:08:15.3538835Z 
2026-10-07T21:08:15.8996427Z Loading package information...                                                  
2026-10-07T21:08:15.9674071Z Loading local repository...                                                     
2026-10-07T21:08:15.9674639Z [                                       ] 3% Loading local repository...        
2026-10-07T21:08:15.9746919Z [                                       ] 3% Fetch remote repository...         
2026-10-07T21:08:16.1536874Z [=                                      ] 3% Fetch remote repository...         
2026-10-07T21:08:16.2406393Z [=                                      ] 4% Fetch remote repository...         
2026-10-07T21:08:16.2598343Z [=                                      ] 5% Fetch remote repository...         
2026-10-07T21:08:16.2974053Z [==                                     ] 5% Fetch remote repository...         
2026-10-07T21:08:16.3495057Z [==                                     ] 6% Fetch remote repository...         
2026-10-07T21:08:16.3926746Z [==                                     ] 7% Fetch remote repository...         
2026-10-07T21:08:16.3956605Z [==                                     ] 7% Computing updates...               
2026-10-07T21:08:16.4011099Z [===                                    ] 8% Computing updates...               
2026-10-07T21:08:16.4080451Z [===                                    ] 10% Computing updates...              
2026-10-07T21:08:16.4081135Z [=======================================] 100% Computing updates...             
2026-10-07T21:08:16.4081646Z 
2026-10-07T21:08:16.4425038Z ##[group]Run sdkmanager --install 'platform-tools' 'platforms;android-35' 'build-tools;35.0.1' 'platforms;android-36' 'build-tools;36.1.0'
2026-10-07T21:08:16.4426001Z [36;1msdkmanager --install 'platform-tools' 'platforms;android-35' 'build-tools;35.0.1' 'platforms;android-36' 'build-tools;36.1.0'[0m
2026-10-07T21:08:16.4602304Z shell: /usr/bin/bash -e {0}
2026-10-07T21:08:16.4602504Z env:
2026-10-07T21:08:16.4602703Z   JAVA_HOME: /opt/hostedtoolcache/Java_Temurin-Hotspot_jdk/17.0.20-1/x64
2026-10-07T21:08:16.4602999Z   JAVA_HOME_17_X64: /opt/hostedtoolcache/Java_Temurin-Hotspot_jdk/17.0.20-1/x64
2026-10-07T21:08:16.4603215Z   MAVEN_ARGS: -ntp
2026-10-07T21:08:16.4603355Z   ANDROID_HOME: /usr/local/lib/android/sdk
2026-10-07T21:08:16.4603528Z   ANDROID_SDK_ROOT: /usr/local/lib/android/sdk
2026-10-07T21:08:16.4603695Z ##[endgroup]
2026-10-07T21:08:16.5474014Z WARNING: The SDK Manager CLI tool (sdkmanager) is deprecated. Use Android CLI instead.
2026-10-07T21:08:16.5474997Z The 'android' binary can also be found in the cmdline-tools directory, and 'android sdk' is the replacement for 'sdkmanager'.
2026-10-07T21:08:16.5476260Z To learn more about the Android CLI and how to use it, see the documentation (https://d.android.com/tools/agents/android-cli)
2026-10-07T21:08:16.5476698Z 
2026-10-07T21:08:17.0937444Z Loading package information...                                                  
2026-10-07T21:08:17.1586087Z Loading local repository...                                                     
2026-10-07T21:08:17.1586665Z [                                       ] 3% Loading local repository...        
2026-10-07T21:08:17.1654977Z [                                       ] 3% Fetch remote repository...         
2026-10-07T21:08:17.3366814Z [=                                      ] 3% Fetch remote repository...         
2026-10-07T21:08:17.3851711Z [=                                      ] 4% Fetch remote repository...         
2026-10-07T21:08:17.4047703Z [=                                      ] 5% Fetch remote repository...         
2026-10-07T21:08:17.4613079Z [==                                     ] 5% Fetch remote repository...         
2026-10-07T21:08:17.5093529Z [==                                     ] 6% Fetch remote repository...         
2026-10-07T21:08:17.5617185Z [==                                     ] 7% Fetch remote repository...         
2026-10-07T21:08:17.5646820Z [==                                     ] 7% Computing updates...               
2026-10-07T21:08:17.5696714Z [===                                    ] 8% Computing updates...               
2026-10-07T21:08:17.5751041Z [===                                    ] 10% Computing updates...              
2026-10-07T21:08:17.5752170Z [=======================================] 100% Computing updates...             
2026-10-07T21:08:17.5752931Z 
2026-10-07T21:08:17.6002264Z ##[group]Run mkdir -p "$RUNNER_TEMP/godot" "$HOME/.local/share/godot/export_templates/4.7.2.stable"
2026-10-07T21:08:17.6002686Z [36;1mmkdir -p "$RUNNER_TEMP/godot" "$HOME/.local/share/godot/export_templates/4.7.2.stable"[0m
2026-10-07T21:08:17.6003016Z [36;1mcurl --fail --location --retry 3 --output "$RUNNER_TEMP/godot/godot.zip" \[0m
2026-10-07T21:08:17.6003426Z [36;1m  https://github.com/godotengine/godot-builds/releases/download/4.7.2-stable/Godot_v4.7.2-stable_linux.x86_64.zip[0m
2026-10-07T21:08:17.6003972Z [36;1munzip -q "$RUNNER_TEMP/godot/godot.zip" -d "$RUNNER_TEMP/godot"[0m
2026-10-07T21:08:17.6004290Z [36;1msudo install -m 0755 "$RUNNER_TEMP/godot/Godot_v4.7.2-stable_linux.x86_64" /usr/local/bin/godot[0m
2026-10-07T21:08:17.6004636Z [36;1mcurl --fail --location --retry 3 --output "$RUNNER_TEMP/godot/templates.tpz" \[0m
2026-10-07T21:08:17.6005058Z [36;1m  https://github.com/godotengine/godot-builds/releases/download/4.7.2-stable/Godot_v4.7.2-stable_export_templates.tpz[0m
2026-10-07T21:08:17.6005635Z [36;1munzip -q "$RUNNER_TEMP/godot/templates.tpz" -d "$RUNNER_TEMP/godot/templates"[0m
2026-10-07T21:08:17.6005998Z [36;1mcp "$RUNNER_TEMP/godot/templates/templates/"* "$HOME/.local/share/godot/export_templates/4.7.2.stable/"[0m
2026-10-07T21:08:17.6061215Z shell: /usr/bin/bash -e {0}
2026-10-07T21:08:17.6061447Z env:
2026-10-07T21:08:17.6061884Z   JAVA_HOME: /opt/hostedtoolcache/Java_Temurin-Hotspot_jdk/17.0.20-1/x64
2026-10-07T21:08:17.6062269Z   JAVA_HOME_17_X64: /opt/hostedtoolcache/Java_Temurin-Hotspot_jdk/17.0.20-1/x64
2026-10-07T21:08:17.6062636Z   MAVEN_ARGS: -ntp
2026-10-07T21:08:17.6062909Z   ANDROID_HOME: /usr/local/lib/android/sdk
2026-10-07T21:08:17.6063161Z   ANDROID_SDK_ROOT: /usr/local/lib/android/sdk
2026-10-07T21:08:17.6063427Z ##[endgroup]
2026-10-07T21:08:17.6273699Z   % Total    % Received % Xferd  Average Speed   Time    Time     Time  Current
2026-10-07T21:08:17.6274262Z                                  Dload  Upload   Total   Spent    Left  Speed
2026-10-07T21:08:17.6274488Z 
2026-10-07T21:08:17.7505591Z   0     0    0     0    0     0      0      0 --:--:-- --:--:-- --:--:--     0
2026-10-07T21:08:17.7506069Z   0     0    0     0    0     0      0      0 --:--:-- --:--:-- --:--:--     0
2026-10-07T21:08:18.1145986Z 
2026-10-07T21:08:18.1146703Z 100 74.2M  100 74.2M    0     0   152M      0 --:--:-- --:--:-- --:--:--  152M
2026-10-07T21:08:18.9378759Z   % Total    % Received % Xferd  Average Speed   Time    Time     Time  Current
2026-10-07T21:08:18.9379642Z                                  Dload  Upload   Total   Spent    Left  Speed
2026-10-07T21:08:18.9380435Z 
2026-10-07T21:08:19.0640866Z   0     0    0     0    0     0      0      0 --:--:-- --:--:-- --:--:--     0
2026-10-07T21:08:19.0641265Z   0     0    0     0    0     0      0      0 --:--:-- --:--:-- --:--:--     0
2026-10-07T21:08:19.5630437Z 
2026-10-07T21:08:20.5622008Z   9 1221M    9  120M    0     0   193M      0  0:00:06 --:--:--  0:00:06  193M
2026-10-07T21:08:21.5623838Z  38 1221M   38  466M    0     0   287M      0  0:00:04  0:00:01  0:00:03  345M
2026-10-07T21:08:22.5246542Z  69 1221M   69  854M    0     0   325M      0  0:00:03  0:00:02  0:00:01  366M
2026-10-07T21:08:22.5246915Z 100 1221M  100 1221M    0     0   340M      0  0:00:03  0:00:03 --:--:--  371M
2026-10-07T21:08:40.9534531Z ##[group]Run mkdir -p "$HOME/.config/godot" "$HOME/.android"
2026-10-07T21:08:40.9534813Z [36;1mmkdir -p "$HOME/.config/godot" "$HOME/.android"[0m
2026-10-07T21:08:40.9535118Z [36;1mkeytool -genkeypair -keystore "$RUNNER_TEMP/debug.keystore" -storepass android \[0m
2026-10-07T21:08:40.9535784Z [36;1m  -alias androiddebugkey -keypass android -keyalg RSA -keysize 2048 -validity 10000 \[0m
2026-10-07T21:08:40.9536068Z [36;1m  -dname 'CN=Android Debug,O=Android,C=US'[0m
2026-10-07T21:08:40.9536287Z [36;1mcat > "$HOME/.config/godot/editor_settings-4.7.tres" <<EOF[0m
2026-10-07T21:08:40.9536513Z [36;1m[gd_resource type="EditorSettings" format=3][0m
2026-10-07T21:08:40.9536702Z [36;1m[0m
2026-10-07T21:08:40.9536818Z [36;1m[resource][0m
2026-10-07T21:08:40.9536946Z [36;1m[0m
2026-10-07T21:08:40.9537083Z [36;1mexport/android/java_sdk_path = "$JAVA_HOME"[0m
2026-10-07T21:08:40.9537310Z [36;1mexport/android/android_sdk_path = "$ANDROID_HOME"[0m
2026-10-07T21:08:40.9537534Z [36;1mEOF[0m
2026-10-07T21:08:40.9594452Z shell: /usr/bin/bash -e {0}
2026-10-07T21:08:40.9594615Z env:
2026-10-07T21:08:40.9594794Z   JAVA_HOME: /opt/hostedtoolcache/Java_Temurin-Hotspot_jdk/17.0.20-1/x64
2026-10-07T21:08:40.9595424Z   JAVA_HOME_17_X64: /opt/hostedtoolcache/Java_Temurin-Hotspot_jdk/17.0.20-1/x64
2026-10-07T21:08:40.9595637Z   MAVEN_ARGS: -ntp
2026-10-07T21:08:40.9595775Z   ANDROID_HOME: /usr/local/lib/android/sdk
2026-10-07T21:08:40.9595947Z   ANDROID_SDK_ROOT: /usr/local/lib/android/sdk
2026-10-07T21:08:40.9596107Z ##[endgroup]
2026-10-07T21:08:41.5427092Z Generating 2,048 bit RSA key pair and self-signed certificate (SHA256withRSA) with a validity of 10,000 days
2026-10-07T21:08:41.5453489Z 	for: CN=Android Debug, O=Android, C=US
2026-10-07T21:08:41.7341818Z ##[group]Run godot --headless --path . --editor --import --quit
2026-10-07T21:08:41.7342115Z [36;1mgodot --headless --path . --editor --import --quit[0m
2026-10-07T21:08:41.7342538Z [36;1mXDG_DATA_HOME="$RUNNER_TEMP/emberfall-smoke-data" timeout 300s godot --headless --path . --fixed-fps 60 --script tests/dungeon_smoke.gd[0m
2026-10-07T21:08:41.7343129Z [36;1mXDG_DATA_HOME="$RUNNER_TEMP/emberfall-persistence-data" timeout 120s godot --headless --path . --fixed-fps 60 --script tests/persistence_smoke.gd[0m
2026-10-07T21:08:41.7343722Z [36;1mXDG_DATA_HOME="$RUNNER_TEMP/emberfall-fellowship-ui-data" timeout 120s godot --headless --path . --fixed-fps 60 --script tests/fellowship_ui_smoke.gd[0m
2026-10-07T21:08:41.7398643Z shell: /usr/bin/bash -e {0}
2026-10-07T21:08:41.7398812Z env:
2026-10-07T21:08:41.7398993Z   JAVA_HOME: /opt/hostedtoolcache/Java_Temurin-Hotspot_jdk/17.0.20-1/x64
2026-10-07T21:08:41.7399327Z   JAVA_HOME_17_X64: /opt/hostedtoolcache/Java_Temurin-Hotspot_jdk/17.0.20-1/x64
2026-10-07T21:08:41.7399540Z   MAVEN_ARGS: -ntp
2026-10-07T21:08:41.7399674Z   ANDROID_HOME: /usr/local/lib/android/sdk
2026-10-07T21:08:41.7399844Z   ANDROID_SDK_ROOT: /usr/local/lib/android/sdk
2026-10-07T21:08:41.7400005Z ##[endgroup]
2026-10-07T21:08:41.8289799Z Godot Engine v4.7.2.stable.official.ed1daf0bf - https://godotengine.org
2026-10-07T21:08:41.8646639Z 
2026-10-07T21:08:43.8939667Z [   0% ] [90m[1mfirst_scan_filesystem[22m | Started Project initialization (5 steps)[39m[0m
2026-10-07T21:08:43.8940489Z [   0% ] [90m[1mfirst_scan_filesystem[22m | Scanning file structure...[39m[0m
2026-10-07T21:08:43.8973399Z [  16% ] [90m[1mfirst_scan_filesystem[22m | Loading global class names...[39m[0m
2026-10-07T21:08:43.9190546Z [  33% ] [90m[1mfirst_scan_filesystem[22m | Verifying GDExtensions...[39m[0m
2026-10-07T21:08:43.9191224Z [  50% ] [90m[1mfirst_scan_filesystem[22m | Creating autoload scripts...[39m[0m
2026-10-07T21:08:44.2883102Z [  66% ] [90m[1mfirst_scan_filesystem[22m | Initializing plugins...[39m[0m
2026-10-07T21:08:44.2883717Z [  83% ] [90m[1mfirst_scan_filesystem[22m | Starting file scan...[39m[0m
2026-10-07T21:08:44.2884135Z [92m[ DONE ][39m [1mfirst_scan_filesystem[22m
2026-10-07T21:08:44.2884387Z [0m
2026-10-07T21:08:44.6442214Z [   0% ] [90m[1mupdate_scripts_classes[22m | Started Registering global classes... (204 steps)[39m[0m
2026-10-07T21:08:44.6442888Z [   0% ] [90m[1mupdate_scripts_classes[22m | NakamaAPI[39m[0m
2026-10-07T21:08:44.6443393Z [   0% ] [90m[1mupdate_scripts_classes[22m | NakamaRTAPI[39m[0m
2026-10-07T21:08:44.6443955Z [   0% ] [90m[1mupdate_scripts_classes[22m | NakamaRTMessage[39m[0m
2026-10-07T21:08:44.6444479Z [   1% ] [90m[1mupdate_scripts_classes[22m | NakamaSession[39m[0m
2026-10-07T21:08:44.6445036Z [   1% ] [90m[1mupdate_scripts_classes[22m | NakamaStorageObjectId[39m[0m
2026-10-07T21:08:44.6445764Z [   2% ] [90m[1mupdate_scripts_classes[22m | NakamaWriteStorageObject[39m[0m
2026-10-07T21:08:44.6446345Z [   2% ] [90m[1mupdate_scripts_classes[22m | NakamaClient[39m[0m
2026-10-07T21:08:44.6446878Z [   3% ] [90m[1mupdate_scripts_classes[22m | NakamaHTTPAdapter[39m[0m
2026-10-07T21:08:44.6447447Z [   3% ] [90m[1mupdate_scripts_classes[22m | SatoriAsyncResult[39m[0m
2026-10-07T21:08:44.6448023Z [   4% ] [90m[1mupdate_scripts_classes[22m | SatoriException[39m[0m
2026-10-07T21:08:44.6448547Z [   4% ] [90m[1mupdate_scripts_classes[22m | SatoriLogger[39m[0m
2026-10-07T21:08:44.6449562Z [   5% ] [90m[1mupdate_scripts_classes[22m | SatoriSerializer[39m[0m
2026-10-07T21:08:44.6450083Z [   5% ] [90m[1mupdate_scripts_classes[22m | Event[39m[0m
2026-10-07T21:08:44.6450588Z [   6% ] [90m[1mupdate_scripts_classes[22m | SatoriAPI[39m[0m
2026-10-07T21:08:44.6451103Z [   6% ] [90m[1mupdate_scripts_classes[22m | SatoriClient[39m[0m
2026-10-07T21:08:44.6451647Z [   7% ] [90m[1mupdate_scripts_classes[22m | SatoriHTTPAdapter[39m[0m
2026-10-07T21:08:44.6452516Z [   7% ] [90m[1mupdate_scripts_classes[22m | SatoriSession[39m[0m
2026-10-07T21:08:44.6453037Z [   8% ] [90m[1mupdate_scripts_classes[22m | NakamaSocket[39m[0m
2026-10-07T21:08:44.6453593Z [   8% ] [90m[1mupdate_scripts_classes[22m | NakamaSocketAdapter[39m[0m
2026-10-07T21:08:44.6454159Z [   9% ] [90m[1mupdate_scripts_classes[22m | NakamaAsyncResult[39m[0m
2026-10-07T21:08:44.6454709Z [   9% ] [90m[1mupdate_scripts_classes[22m | NakamaException[39m[0m
2026-10-07T21:08:44.6455206Z [  10% ] [90m[1mupdate_scripts_classes[22m | NakamaLogger[39m[0m
2026-10-07T21:08:44.6455850Z [  10% ] [90m[1mupdate_scripts_classes[22m | NakamaMultiplayerBridge[39m[0m
2026-10-07T21:08:44.6456364Z [  11% ] [90m[1mupdate_scripts_classes[22m | NakamaMultiplayerPeer[39m[0m
2026-10-07T21:08:44.6456948Z [  11% ] [90m[1mupdate_scripts_classes[22m | NakamaSerializer[39m[0m
2026-10-07T21:08:44.6457474Z [  12% ] [90m[1mupdate_scripts_classes[22m | [39m[0m
2026-10-07T21:08:44.6457916Z [  12% ] [90m[1mupdate_scripts_classes[22m | [39m[0m
2026-10-07T21:08:44.6458347Z [  13% ] [90m[1mupdate_scripts_classes[22m | [39m[0m
2026-10-07T21:08:44.6458776Z [  13% ] [90m[1mupdate_scripts_classes[22m | [39m[0m
2026-10-07T21:08:44.6459215Z [  14% ] [90m[1mupdate_scripts_classes[22m | [39m[0m
2026-10-07T21:08:44.6459655Z [  14% ] [90m[1mupdate_scripts_classes[22m | [39m[0m
2026-10-07T21:08:44.6460084Z [  15% ] [90m[1mupdate_scripts_classes[22m | [39m[0m
2026-10-07T21:08:44.6460530Z [  15% ] [90m[1mupdate_scripts_classes[22m | [39m[0m
2026-10-07T21:08:44.6460977Z [  16% ] [90m[1mupdate_scripts_classes[22m | [39m[0m
2026-10-07T21:08:44.6461418Z [  16% ] [90m[1mupdate_scripts_classes[22m | [39m[0m
2026-10-07T21:08:44.6461853Z [  17% ] [90m[1mupdate_scripts_classes[22m | [39m[0m
2026-10-07T21:08:44.6462289Z [  17% ] [90m[1mupdate_scripts_classes[22m | [39m[0m
2026-10-07T21:08:44.6462720Z [  18% ] [90m[1mupdate_scripts_classes[22m | [39m[0m
2026-10-07T21:08:44.6463150Z [  18% ] [90m[1mupdate_scripts_classes[22m | [39m[0m
2026-10-07T21:08:44.6463576Z [  19% ] [90m[1mupdate_scripts_classes[22m | [39m[0m
2026-10-07T21:08:44.6463999Z [  19% ] [90m[1mupdate_scripts_classes[22m | [39m[0m
2026-10-07T21:08:44.6464416Z [  20% ] [90m[1mupdate_scripts_classes[22m | [39m[0m
2026-10-07T21:08:44.6464838Z [  20% ] [90m[1mupdate_scripts_classes[22m | [39m[0m
2026-10-07T21:08:44.6465095Z [  20% ] [90m[1mupdate_scripts_classes[22m | [39m[0m
2026-10-07T21:08:44.6465545Z [  21% ] [90m[1mupdate_scripts_classes[22m | [39m[0m
2026-10-07T21:08:44.6465970Z [  21% ] [90m[1mupdate_scripts_classes[22m | [39m[0m
2026-10-07T21:08:44.6466402Z [  22% ] [90m[1mupdate_scripts_classes[22m | [39m[0m
2026-10-07T21:08:44.6466822Z [  22% ] [90m[1mupdate_scripts_classes[22m | [39m[0m
2026-10-07T21:08:44.6467273Z [  23% ] [90m[1mupdate_scripts_classes[22m | [39m[0m
2026-10-07T21:08:44.6467714Z [  23% ] [90m[1mupdate_scripts_classes[22m | [39m[0m
2026-10-07T21:08:44.6468143Z [  24% ] [90m[1mupdate_scripts_classes[22m | [39m[0m
2026-10-07T21:08:44.6468575Z [  24% ] [90m[1mupdate_scripts_classes[22m | [39m[0m
2026-10-07T21:08:44.6468993Z [  25% ] [90m[1mupdate_scripts_classes[22m | [39m[0m
2026-10-07T21:08:44.6469422Z [  25% ] [90m[1mupdate_scripts_classes[22m | [39m[0m
2026-10-07T21:08:44.6469862Z [  26% ] [90m[1mupdate_scripts_classes[22m | [39m[0m
2026-10-07T21:08:44.6470577Z [  26% ] [90m[1mupdate_scripts_classes[22m | [39m[0m
2026-10-07T21:08:44.6471012Z [  27% ] [90m[1mupdate_scripts_classes[22m | [39m[0m
2026-10-07T21:08:44.6471453Z [  27% ] [90m[1mupdate_scripts_classes[22m | [39m[0m
2026-10-07T21:08:44.6471876Z [  28% ] [90m[1mupdate_scripts_classes[22m | [39m[0m
2026-10-07T21:08:44.6472293Z [  28% ] [90m[1mupdate_scripts_classes[22m | [39m[0m
2026-10-07T21:08:44.6472725Z [  29% ] [90m[1mupdate_scripts_classes[22m | [39m[0m
2026-10-07T21:08:44.6473324Z [  29% ] [90m[1mupdate_scripts_classes[22m | [39m[0m
2026-10-07T21:08:44.6473757Z [  30% ] [90m[1mupdate_scripts_classes[22m | [39m[0m
2026-10-07T21:08:44.6474184Z [  30% ] [90m[1mupdate_scripts_classes[22m | [39m[0m
2026-10-07T21:08:44.6474609Z [  31% ] [90m[1mupdate_scripts_classes[22m | [39m[0m
2026-10-07T21:08:44.6475041Z [  31% ] [90m[1mupdate_scripts_classes[22m | [39m[0m
2026-10-07T21:08:44.6475588Z [  32% ] [90m[1mupdate_scripts_classes[22m | [39m[0m
2026-10-07T21:08:44.6476018Z [  32% ] [90m[1mupdate_scripts_classes[22m | [39m[0m
2026-10-07T21:08:44.6476429Z [  33% ] [90m[1mupdate_scripts_classes[22m | [39m[0m
2026-10-07T21:08:44.6476852Z [  33% ] [90m[1mupdate_scripts_classes[22m | [39m[0m
2026-10-07T21:08:44.6477259Z [  34% ] [90m[1mupdate_scripts_classes[22m | [39m[0m
2026-10-07T21:08:44.6477509Z [  34% ] [90m[1mupdate_scripts_classes[22m | [39m[0m
2026-10-07T21:08:44.6477764Z [  35% ] [90m[1mupdate_scripts_classes[22m | [39m[0m
2026-10-07T21:08:44.6478012Z [  35% ] [90m[1mupdate_scripts_classes[22m | [39m[0m
2026-10-07T21:08:44.6478257Z [  36% ] [90m[1mupdate_scripts_classes[22m | [39m[0m
2026-10-07T21:08:44.6478503Z [  36% ] [90m[1mupdate_scripts_classes[22m | [39m[0m
2026-10-07T21:08:44.6478748Z [  37% ] [90m[1mupdate_scripts_classes[22m | [39m[0m
2026-10-07T21:08:44.6478998Z [  37% ] [90m[1mupdate_scripts_classes[22m | [39m[0m
2026-10-07T21:08:44.6479247Z [  38% ] [90m[1mupdate_scripts_classes[22m | [39m[0m
2026-10-07T21:08:44.6479497Z [  38% ] [90m[1mupdate_scripts_classes[22m | [39m[0m
2026-10-07T21:08:44.6479742Z [  39% ] [90m[1mupdate_scripts_classes[22m | [39m[0m
2026-10-07T21:08:44.6479988Z [  39% ] [90m[1mupdate_scripts_classes[22m | [39m[0m
2026-10-07T21:08:44.6480234Z [  40% ] [90m[1mupdate_scripts_classes[22m | [39m[0m
2026-10-07T21:08:44.6480479Z [  40% ] [90m[1mupdate_scripts_classes[22m | [39m[0m
2026-10-07T21:08:44.6480727Z [  40% ] [90m[1mupdate_scripts_classes[22m | [39m[0m
2026-10-07T21:08:44.6480974Z [  41% ] [90m[1mupdate_scripts_classes[22m | [39m[0m
2026-10-07T21:08:44.6481218Z [  41% ] [90m[1mupdate_scripts_classes[22m | [39m[0m
2026-10-07T21:08:44.6481462Z [  42% ] [90m[1mupdate_scripts_classes[22m | [39m[0m
2026-10-07T21:08:44.6481708Z [  42% ] [90m[1mupdate_scripts_classes[22m | [39m[0m
2026-10-07T21:08:44.6481951Z [  43% ] [90m[1mupdate_scripts_classes[22m | [39m[0m
2026-10-07T21:08:44.6482197Z [  43% ] [90m[1mupdate_scripts_classes[22m | [39m[0m
2026-10-07T21:08:44.6482445Z [  44% ] [90m[1mupdate_scripts_classes[22m | [39m[0m
2026-10-07T21:08:44.6482690Z [  44% ] [90m[1mupdate_scripts_classes[22m | [39m[0m
2026-10-07T21:08:44.6482933Z [  45% ] [90m[1mupdate_scripts_classes[22m | [39m[0m
2026-10-07T21:08:44.6483178Z [  45% ] [90m[1mupdate_scripts_classes[22m | [39m[0m
2026-10-07T21:08:44.6483423Z [  46% ] [90m[1mupdate_scripts_classes[22m | [39m[0m
2026-10-07T21:08:44.6483666Z [  46% ] [90m[1mupdate_scripts_classes[22m | [39m[0m
2026-10-07T21:08:44.6483911Z [  47% ] [90m[1mupdate_scripts_classes[22m | [39m[0m
2026-10-07T21:08:44.6484159Z [  47% ] [90m[1mupdate_scripts_classes[22m | [39m[0m
2026-10-07T21:08:44.6484401Z [  48% ] [90m[1mupdate_scripts_classes[22m | [39m[0m
2026-10-07T21:08:44.6484647Z [  48% ] [90m[1mupdate_scripts_classes[22m | [39m[0m
2026-10-07T21:08:44.6484893Z [  49% ] [90m[1mupdate_scripts_classes[22m | [39m[0m
2026-10-07T21:08:44.6485419Z [  49% ] [90m[1mupdate_scripts_classes[22m | [39m[0m
2026-10-07T21:08:44.6485711Z [  50% ] [90m[1mupdate_scripts_classes[22m | [39m[0m
2026-10-07T21:08:44.6485956Z [  50% ] [90m[1mupdate_scripts_classes[22m | [39m[0m
2026-10-07T21:08:44.6486203Z [  51% ] [90m[1mupdate_scripts_classes[22m | [39m[0m
2026-10-07T21:08:44.6486452Z [  51% ] [90m[1mupdate_scripts_classes[22m | [39m[0m
2026-10-07T21:08:44.6486696Z [  52% ] [90m[1mupdate_scripts_classes[22m | [39m[0m
2026-10-07T21:08:44.6487028Z [  52% ] [90m[1mupdate_scripts_classes[22m | [39m[0m
2026-10-07T21:08:44.6487275Z [  53% ] [90m[1mupdate_scripts_classes[22m | [39m[0m
2026-10-07T21:08:44.6487521Z [  53% ] [90m[1mupdate_scripts_classes[22m | [39m[0m
2026-10-07T21:08:44.6487766Z [  54% ] [90m[1mupdate_scripts_classes[22m | [39m[0m
2026-10-07T21:08:44.6488016Z [  54% ] [90m[1mupdate_scripts_classes[22m | [39m[0m
2026-10-07T21:08:44.6488262Z [  55% ] [90m[1mupdate_scripts_classes[22m | [39m[0m
2026-10-07T21:08:44.6488511Z [  55% ] [90m[1mupdate_scripts_classes[22m | [39m[0m
2026-10-07T21:08:44.6488757Z [  56% ] [90m[1mupdate_scripts_classes[22m | [39m[0m
2026-10-07T21:08:44.6489003Z [  56% ] [90m[1mupdate_scripts_classes[22m | [39m[0m
2026-10-07T21:08:44.6489249Z [  57% ] [90m[1mupdate_scripts_classes[22m | [39m[0m
2026-10-07T21:08:44.6489494Z [  57% ] [90m[1mupdate_scripts_classes[22m | [39m[0m
2026-10-07T21:08:44.6489742Z [  58% ] [90m[1mupdate_scripts_classes[22m | [39m[0m
2026-10-07T21:08:44.6489991Z [  58% ] [90m[1mupdate_scripts_classes[22m | [39m[0m
2026-10-07T21:08:44.6490237Z [  59% ] [90m[1mupdate_scripts_classes[22m | [39m[0m
2026-10-07T21:08:44.6490483Z [  59% ] [90m[1mupdate_scripts_classes[22m | [39m[0m
2026-10-07T21:08:44.6490728Z [  60% ] [90m[1mupdate_scripts_classes[22m | [39m[0m
2026-10-07T21:08:44.6490973Z [  60% ] [90m[1mupdate_scripts_classes[22m | [39m[0m
2026-10-07T21:08:44.6491218Z [  60% ] [90m[1mupdate_scripts_classes[22m | [39m[0m
2026-10-07T21:08:44.6491469Z [  61% ] [90m[1mupdate_scripts_classes[22m | [39m[0m
2026-10-07T21:08:44.6491713Z [  61% ] [90m[1mupdate_scripts_classes[22m | [39m[0m
2026-10-07T21:08:44.6491958Z [  62% ] [90m[1mupdate_scripts_classes[22m | [39m[0m
2026-10-07T21:08:44.6492205Z [  62% ] [90m[1mupdate_scripts_classes[22m | [39m[0m
2026-10-07T21:08:44.6492449Z [  63% ] [90m[1mupdate_scripts_classes[22m | [39m[0m
2026-10-07T21:08:44.6492694Z [  63% ] [90m[1mupdate_scripts_classes[22m | [39m[0m
2026-10-07T21:08:44.6492941Z [  64% ] [90m[1mupdate_scripts_classes[22m | [39m[0m
2026-10-07T21:08:44.6493192Z [  64% ] [90m[1mupdate_scripts_classes[22m | [39m[0m
2026-10-07T21:08:44.6493437Z [  65% ] [90m[1mupdate_scripts_classes[22m | [39m[0m
2026-10-07T21:08:44.6493681Z [  65% ] [90m[1mupdate_scripts_classes[22m | [39m[0m
2026-10-07T21:08:44.6493927Z [  66% ] [90m[1mupdate_scripts_classes[22m | [39m[0m
2026-10-07T21:08:44.6494175Z [  66% ] [90m[1mupdate_scripts_classes[22m | [39m[0m
2026-10-07T21:08:44.6494420Z [  67% ] [90m[1mupdate_scripts_classes[22m | [39m[0m
2026-10-07T21:08:44.6494665Z [  67% ] [90m[1mupdate_scripts_classes[22m | [39m[0m
2026-10-07T21:08:44.6494912Z [  68% ] [90m[1mupdate_scripts_classes[22m | [39m[0m
2026-10-07T21:08:44.6495157Z [  68% ] [90m[1mupdate_scripts_classes[22m | [39m[0m
2026-10-07T21:08:44.6495484Z [  69% ] [90m[1mupdate_scripts_classes[22m | [39m[0m
2026-10-07T21:08:44.6495731Z [  69% ] [90m[1mupdate_scripts_classes[22m | [39m[0m
2026-10-07T21:08:44.6495979Z [  70% ] [90m[1mupdate_scripts_classes[22m | [39m[0m
2026-10-07T21:08:44.6496224Z [  70% ] [90m[1mupdate_scripts_classes[22m | [39m[0m
2026-10-07T21:08:44.6496469Z [  71% ] [90m[1mupdate_scripts_classes[22m | [39m[0m
2026-10-07T21:08:44.6496716Z [  71% ] [90m[1mupdate_scripts_classes[22m | [39m[0m
2026-10-07T21:08:44.6496962Z [  72% ] [90m[1mupdate_scripts_classes[22m | [39m[0m
2026-10-07T21:08:44.6497314Z [  72% ] [90m[1mupdate_scripts_classes[22m | [39m[0m
2026-10-07T21:08:44.6497562Z [  73% ] [90m[1mupdate_scripts_classes[22m | [39m[0m
2026-10-07T21:08:44.6497811Z [  73% ] [90m[1mupdate_scripts_classes[22m | [39m[0m
2026-10-07T21:08:44.6498059Z [  74% ] [90m[1mupdate_scripts_classes[22m | [39m[0m
2026-10-07T21:08:44.6498305Z [  74% ] [90m[1mupdate_scripts_classes[22m | [39m[0m
2026-10-07T21:08:44.6498558Z [  75% ] [90m[1mupdate_scripts_classes[22m | [39m[0m
2026-10-07T21:08:44.6498889Z [  75% ] [90m[1mupdate_scripts_classes[22m | [39m[0m
2026-10-07T21:08:44.6499137Z [  76% ] [90m[1mupdate_scripts_classes[22m | [39m[0m
2026-10-07T21:08:44.6499382Z [  76% ] [90m[1mupdate_scripts_classes[22m | [39m[0m
2026-10-07T21:08:44.6499629Z [  77% ] [90m[1mupdate_scripts_classes[22m | [39m[0m
2026-10-07T21:08:44.6499875Z [  77% ] [90m[1mupdate_scripts_classes[22m | [39m[0m
2026-10-07T21:08:44.6500122Z [  78% ] [90m[1mupdate_scripts_classes[22m | [39m[0m
2026-10-07T21:08:44.6500370Z [  78% ] [90m[1mupdate_scripts_classes[22m | [39m[0m
2026-10-07T21:08:44.6500616Z [  79% ] [90m[1mupdate_scripts_classes[22m | [39m[0m
2026-10-07T21:08:44.6500861Z [  79% ] [90m[1mupdate_scripts_classes[22m | [39m[0m
2026-10-07T21:08:44.6501107Z [  80% ] [90m[1mupdate_scripts_classes[22m | [39m[0m
2026-10-07T21:08:44.6501352Z [  80% ] [90m[1mupdate_scripts_classes[22m | [39m[0m
2026-10-07T21:08:44.6501597Z [  80% ] [90m[1mupdate_scripts_classes[22m | [39m[0m
2026-10-07T21:08:44.6501845Z [  81% ] [90m[1mupdate_scripts_classes[22m | [39m[0m
2026-10-07T21:08:44.6502095Z [  81% ] [90m[1mupdate_scripts_classes[22m | [39m[0m
2026-10-07T21:08:44.6502339Z [  82% ] [90m[1mupdate_scripts_classes[22m | [39m[0m
2026-10-07T21:08:44.6502583Z [  82% ] [90m[1mupdate_scripts_classes[22m | [39m[0m
2026-10-07T21:08:44.6502827Z [  83% ] [90m[1mupdate_scripts_classes[22m | [39m[0m
2026-10-07T21:08:44.6503071Z [  83% ] [90m[1mupdate_scripts_classes[22m | [39m[0m
2026-10-07T21:08:44.6503316Z [  84% ] [90m[1mupdate_scripts_classes[22m | [39m[0m
2026-10-07T21:08:44.6503561Z [  84% ] [90m[1mupdate_scripts_classes[22m | [39m[0m
2026-10-07T21:08:44.6503807Z [  85% ] [90m[1mupdate_scripts_classes[22m | [39m[0m
2026-10-07T21:08:44.6504050Z [  85% ] [90m[1mupdate_scripts_classes[22m | [39m[0m
2026-10-07T21:08:44.6504304Z [  86% ] [90m[1mupdate_scripts_classes[22m | [39m[0m
2026-10-07T21:08:44.6504548Z [  86% ] [90m[1mupdate_scripts_classes[22m | [39m[0m
2026-10-07T21:08:44.6504792Z [  87% ] [90m[1mupdate_scripts_classes[22m | [39m[0m
2026-10-07T21:08:44.6505037Z [  87% ] [90m[1mupdate_scripts_classes[22m | [39m[0m
2026-10-07T21:08:44.6505359Z [  88% ] [90m[1mupdate_scripts_classes[22m | [39m[0m
2026-10-07T21:08:44.6505605Z [  88% ] [90m[1mupdate_scripts_classes[22m | [39m[0m
2026-10-07T21:08:44.6505850Z [  89% ] [90m[1mupdate_scripts_classes[22m | [39m[0m
2026-10-07T21:08:44.6506097Z [  89% ] [90m[1mupdate_scripts_classes[22m | [39m[0m
2026-10-07T21:08:44.6506344Z [  90% ] [90m[1mupdate_scripts_classes[22m | [39m[0m
2026-10-07T21:08:44.6506589Z [  90% ] [90m[1mupdate_scripts_classes[22m | [39m[0m
2026-10-07T21:08:44.6506834Z [  91% ] [90m[1mupdate_scripts_classes[22m | [39m[0m
2026-10-07T21:08:44.6507081Z [  91% ] [90m[1mupdate_scripts_classes[22m | [39m[0m
2026-10-07T21:08:44.6507328Z [  92% ] [90m[1mupdate_scripts_classes[22m | [39m[0m
2026-10-07T21:08:44.6507573Z [  92% ] [90m[1mupdate_scripts_classes[22m | [39m[0m
2026-10-07T21:08:44.6507820Z [  93% ] [90m[1mupdate_scripts_classes[22m | [39m[0m
2026-10-07T21:08:44.6508066Z [  93% ] [90m[1mupdate_scripts_classes[22m | [39m[0m
2026-10-07T21:08:44.6508310Z [  94% ] [90m[1mupdate_scripts_classes[22m | [39m[0m
2026-10-07T21:08:44.6508557Z [  94% ] [90m[1mupdate_scripts_classes[22m | [39m[0m
2026-10-07T21:08:44.6508807Z [  95% ] [90m[1mupdate_scripts_classes[22m | [39m[0m
2026-10-07T21:08:44.6509155Z [  95% ] [90m[1mupdate_scripts_classes[22m | [39m[0m
2026-10-07T21:08:44.6509403Z [  96% ] [90m[1mupdate_scripts_classes[22m | [39m[0m
2026-10-07T21:08:44.6509648Z [  96% ] [90m[1mupdate_scripts_classes[22m | [39m[0m
2026-10-07T21:08:44.6509893Z [  97% ] [90m[1mupdate_scripts_classes[22m | [39m[0m
2026-10-07T21:08:44.6510139Z [  97% ] [90m[1mupdate_scripts_classes[22m | [39m[0m
2026-10-07T21:08:44.6510385Z [  98% ] [90m[1mupdate_scripts_classes[22m | [39m[0m
2026-10-07T21:08:44.6510715Z [  98% ] [90m[1mupdate_scripts_classes[22m | [39m[0m
2026-10-07T21:08:44.6510961Z [  99% ] [90m[1mupdate_scripts_classes[22m | [39m[0m
2026-10-07T21:08:44.6511220Z [92m[ DONE ][39m [1mupdate_scripts_classes[22m
2026-10-07T21:08:44.6511396Z [0m
2026-10-07T21:08:44.7431079Z [   0% ] [90m[1m_update_scan_actions[22m | Started Scanning actions... (115 steps)[39m[0m
2026-10-07T21:08:44.7432456Z [   0% ] [90m[1m_update_scan_actions[22m | arcanist.png[39m[0m
2026-10-07T21:08:44.7433843Z [   0% ] [90m[1m_update_scan_actions[22m | bulwark.png[39m[0m
2026-10-07T21:08:44.7435399Z [   1% ] [90m[1m_update_scan_actions[22m | elite.png[39m[0m
2026-10-07T21:08:44.7436942Z [   2% ] [90m[1m_update_scan_actions[22m | guardian_0.png[39m[0m
2026-10-07T21:08:44.7438254Z [   3% ] [90m[1m_update_scan_actions[22m | guardian_1.png[39m[0m
2026-10-07T21:08:44.7439483Z [   4% ] [90m[1m_update_scan_actions[22m | guardian_2.png[39m[0m
2026-10-07T21:08:44.7440791Z [   5% ] [90m[1m_update_scan_actions[22m | guardian_3.png[39m[0m
2026-10-07T21:08:44.7442010Z [   6% ] [90m[1m_update_scan_actions[22m | hexer.png[39m[0m
2026-10-07T21:08:44.7443357Z [   6% ] [90m[1m_update_scan_actions[22m | raider.png[39m[0m
2026-10-07T21:08:44.7444619Z [   7% ] [90m[1m_update_scan_actions[22m | ranger.png[39m[0m
2026-10-07T21:08:44.7445949Z [   8% ] [90m[1m_update_scan_actions[22m | vowkeeper.png[39m[0m
2026-10-07T21:08:44.7447125Z [   9% ] [90m[1m_update_scan_actions[22m | arcanist.png[39m[0m
2026-10-07T21:08:44.7448295Z [  10% ] [90m[1m_update_scan_actions[22m | guardian_0.png[39m[0m
2026-10-07T21:08:44.7449506Z [  11% ] [90m[1m_update_scan_actions[22m | guardian_1.png[39m[0m
2026-10-07T21:08:44.7451255Z [  12% ] [90m[1m_update_scan_actions[22m | guardian_2.png[39m[0m
2026-10-07T21:08:44.7451968Z [  12% ] [90m[1m_update_scan_actions[22m | guardian_3.png[39m[0m
2026-10-07T21:08:44.7453145Z [  13% ] [90m[1m_update_scan_actions[22m | hostiles.png[39m[0m
2026-10-07T21:08:44.7454368Z [  14% ] [90m[1m_update_scan_actions[22m | ranger.png[39m[0m
2026-10-07T21:08:44.7455669Z [  15% ] [90m[1m_update_scan_actions[22m | vowkeeper.png[39m[0m
2026-10-07T21:08:44.7456924Z [  16% ] [90m[1m_update_scan_actions[22m | Cinzel.ttf[39m[0m
2026-10-07T21:08:44.7458075Z [  17% ] [90m[1m_update_scan_actions[22m | Lora.ttf[39m[0m
2026-10-07T21:08:44.7459484Z [  18% ] [90m[1m_update_scan_actions[22m | material-atlas.png[39m[0m
2026-10-07T21:08:44.7461036Z [  18% ] [90m[1m_update_scan_actions[22m | Bricks096_1K-PNG_Color.png[39m[0m
2026-10-07T21:08:44.7462478Z [  19% ] [90m[1m_update_scan_actions[22m | Bricks096_1K-PNG_NormalGL.png[39m[0m
2026-10-07T21:08:44.7463890Z [  20% ] [90m[1m_update_scan_actions[22m | Bricks096_1K-PNG_Roughness.png[39m[0m
2026-10-07T21:08:44.7465194Z [  21% ] [90m[1m_update_scan_actions[22m | Metal063_1K-JPG_Color.jpg[39m[0m
2026-10-07T21:08:44.7466593Z [  22% ] [90m[1m_update_scan_actions[22m | Metal063_1K-JPG_Roughness.jpg[39m[0m
2026-10-07T21:08:44.7467876Z [  23% ] [90m[1m_update_scan_actions[22m | nyra-face-albedo.png[39m[0m
2026-10-07T21:08:44.7469110Z [  24% ] [90m[1m_update_scan_actions[22m | ruin-floor-albedo.png[39m[0m
2026-10-07T21:08:44.7470547Z [  25% ] [90m[1m_update_scan_actions[22m | Rock030_1K-JPG_Color.jpg[39m[0m
2026-10-07T21:08:44.7471921Z [  25% ] [90m[1m_update_scan_actions[22m | Rock030_1K-JPG_NormalGL.jpg[39m[0m
2026-10-07T21:08:44.7473304Z [  26% ] [90m[1m_update_scan_actions[22m | Rock030_1K-JPG_Roughness.jpg[39m[0m
2026-10-07T21:08:44.7474542Z [  27% ] [90m[1m_update_scan_actions[22m | ranger-native65.glb[39m[0m
2026-10-07T21:08:44.7475907Z [  28% ] [90m[1m_update_scan_actions[22m | archive_bay.glb[39m[0m
2026-10-07T21:08:44.7477140Z [  29% ] [90m[1m_update_scan_actions[22m | archive_bay_broken.glb[39m[0m
2026-10-07T21:08:44.7478328Z [  30% ] [90m[1m_update_scan_actions[22m | archive_end.glb[39m[0m
2026-10-07T21:08:44.7479525Z [  31% ] [90m[1m_update_scan_actions[22m | archive_return.glb[39m[0m
2026-10-07T21:08:44.7480985Z [  31% ] [90m[1m_update_scan_actions[22m | archive_solid.glb[39m[0m
2026-10-07T21:08:44.7481975Z [  32% ] [90m[1m_update_scan_actions[22m | citadel_bay.glb[39m[0m
2026-10-07T21:08:44.7483252Z [  33% ] [90m[1m_update_scan_actions[22m | citadel_bay_broken.glb[39m[0m
2026-10-07T21:08:44.7484460Z [  34% ] [90m[1m_update_scan_actions[22m | citadel_end.glb[39m[0m
2026-10-07T21:08:44.7485755Z [  35% ] [90m[1m_update_scan_actions[22m | citadel_return.glb[39m[0m
2026-10-07T21:08:44.7487000Z [  36% ] [90m[1m_update_scan_actions[22m | citadel_solid.glb[39m[0m
2026-10-07T21:08:44.7488202Z [  37% ] [90m[1m_update_scan_actions[22m | ossuary_bay.glb[39m[0m
2026-10-07T21:08:44.7489433Z [  37% ] [90m[1m_update_scan_actions[22m | ossuary_bay_broken.glb[39m[0m
2026-10-07T21:08:44.7490581Z [  38% ] [90m[1m_update_scan_actions[22m | ossuary_end.glb[39m[0m
2026-10-07T21:08:44.7491793Z [  39% ] [90m[1m_update_scan_actions[22m | ossuary_return.glb[39m[0m
2026-10-07T21:08:44.7492994Z [  40% ] [90m[1m_update_scan_actions[22m | ossuary_solid.glb[39m[0m
2026-10-07T21:08:44.7494194Z [  41% ] [90m[1m_update_scan_actions[22m | spire_bay.glb[39m[0m
2026-10-07T21:08:44.7495609Z [  42% ] [90m[1m_update_scan_actions[22m | spire_bay_broken.glb[39m[0m
2026-10-07T21:08:44.7496779Z [  43% ] [90m[1m_update_scan_actions[22m | spire_end.glb[39m[0m
2026-10-07T21:08:44.7498038Z [  43% ] [90m[1m_update_scan_actions[22m | spire_return.glb[39m[0m
2026-10-07T21:08:44.7499254Z [  44% ] [90m[1m_update_scan_actions[22m | spire_solid.glb[39m[0m
2026-10-07T21:08:44.7500513Z [  45% ] [90m[1m_update_scan_actions[22m | bulwark-fitted.glb[39m[0m
2026-10-07T21:08:44.7501689Z [  46% ] [90m[1m_update_scan_actions[22m | elite-fitted.glb[39m[0m
2026-10-07T21:08:44.7502948Z [  47% ] [90m[1m_update_scan_actions[22m | guardian_0-fitted.glb[39m[0m
2026-10-07T21:08:44.7504162Z [  48% ] [90m[1m_update_scan_actions[22m | guardian_1-fitted.glb[39m[0m
2026-10-07T21:08:44.7505491Z [  49% ] [90m[1m_update_scan_actions[22m | guardian_2-fitted.glb[39m[0m
2026-10-07T21:08:44.7506777Z [  50% ] [90m[1m_update_scan_actions[22m | guardian_3-fitted.glb[39m[0m
2026-10-07T21:08:44.7507959Z [  50% ] [90m[1m_update_scan_actions[22m | hexer-fitted.glb[39m[0m
2026-10-07T21:08:44.7509218Z [  51% ] [90m[1m_update_scan_actions[22m | male-clothing-native65.glb[39m[0m
2026-10-07T21:08:44.7510390Z [  52% ] [90m[1m_update_scan_actions[22m | arcanist.glb[39m[0m
2026-10-07T21:08:44.7511615Z [  53% ] [90m[1m_update_scan_actions[22m | staff-grip053.glb[39m[0m
2026-10-07T21:08:44.7512851Z [  54% ] [90m[1m_update_scan_actions[22m | nyra-attire054.glb[39m[0m
2026-10-07T21:08:44.7514099Z [  55% ] [90m[1m_update_scan_actions[22m | archive_reliquary.glb[39m[0m
2026-10-07T21:08:44.7515409Z [  56% ] [90m[1m_update_scan_actions[22m | citadel_reliquary.glb[39m[0m
2026-10-07T21:08:44.7516672Z [  56% ] [90m[1m_update_scan_actions[22m | ossuary_reliquary.glb[39m[0m
2026-10-07T21:08:44.7517862Z [  57% ] [90m[1m_update_scan_actions[22m | spire_reliquary.glb[39m[0m
2026-10-07T21:08:44.7519050Z [  58% ] [90m[1m_update_scan_actions[22m | axe-fitted.glb[39m[0m
2026-10-07T21:08:44.7520252Z [  59% ] [90m[1m_update_scan_actions[22m | axe-original.glb[39m[0m
2026-10-07T21:08:44.7521476Z [  60% ] [90m[1m_update_scan_actions[22m | raider-native65.glb[39m[0m
2026-10-07T21:08:44.7522595Z [  61% ] [90m[1m_update_scan_actions[22m | arcanist.glb[39m[0m
2026-10-07T21:08:44.7523721Z [  62% ] [90m[1m_update_scan_actions[22m | bone_arch.glb[39m[0m
2026-10-07T21:08:44.7524856Z [  62% ] [90m[1m_update_scan_actions[22m | broken_pillar.glb[39m[0m
2026-10-07T21:08:44.7526139Z [  63% ] [90m[1m_update_scan_actions[22m | bulwark.glb[39m[0m
2026-10-07T21:08:44.7527298Z [  64% ] [90m[1m_update_scan_actions[22m | carved_tomb.glb[39m[0m
2026-10-07T21:08:44.7528479Z [  65% ] [90m[1m_update_scan_actions[22m | ceremonial_brazier.glb[39m[0m
2026-10-07T21:08:44.7529745Z [  66% ] [90m[1m_update_scan_actions[22m | drowned_library.glb[39m[0m
2026-10-07T21:08:44.7530712Z [  67% ] [90m[1m_update_scan_actions[22m | elite.glb[39m[0m
2026-10-07T21:08:44.7531900Z [  68% ] [90m[1m_update_scan_actions[22m | expedition_table.glb[39m[0m
2026-10-07T21:08:44.7533024Z [  68% ] [90m[1m_update_scan_actions[22m | field_forge.glb[39m[0m
2026-10-07T21:08:44.7534176Z [  69% ] [90m[1m_update_scan_actions[22m | furnace.glb[39m[0m
2026-10-07T21:08:44.7535445Z [  70% ] [90m[1m_update_scan_actions[22m | furnace_throne.glb[39m[0m
2026-10-07T21:08:44.7536619Z [  71% ] [90m[1m_update_scan_actions[22m | gothic_arch.glb[39m[0m
2026-10-07T21:08:44.7537752Z [  72% ] [90m[1m_update_scan_actions[22m | guardian_0.glb[39m[0m
2026-10-07T21:08:44.7538897Z [  73% ] [90m[1m_update_scan_actions[22m | guardian_1.glb[39m[0m
2026-10-07T21:08:44.7539998Z [  74% ] [90m[1m_update_scan_actions[22m | guardian_2.glb[39m[0m
2026-10-07T21:08:44.7541141Z [  75% ] [90m[1m_update_scan_actions[22m | guardian_3.glb[39m[0m
2026-10-07T21:08:44.7542271Z [  75% ] [90m[1m_update_scan_actions[22m | hanging_bell.glb[39m[0m
2026-10-07T21:08:44.7543374Z [  76% ] [90m[1m_update_scan_actions[22m | hexer.glb[39m[0m
2026-10-07T21:08:44.7544558Z [  77% ] [90m[1m_update_scan_actions[22m | leaded_lancet.glb[39m[0m
2026-10-07T21:08:44.7545798Z [  78% ] [90m[1m_update_scan_actions[22m | pilgrim_well.glb[39m[0m
2026-10-07T21:08:44.7546902Z [  79% ] [90m[1m_update_scan_actions[22m | pillar.glb[39m[0m
2026-10-07T21:08:44.7548059Z [  80% ] [90m[1m_update_scan_actions[22m | raider.glb[39m[0m
2026-10-07T21:08:44.7549183Z [  81% ] [90m[1m_update_scan_actions[22m | ranger.glb[39m[0m
2026-10-07T21:08:44.7550368Z [  81% ] [90m[1m_update_scan_actions[22m | reliquary_altar.glb[39m[0m
2026-10-07T21:08:44.7551753Z [  82% ] [90m[1m_update_scan_actions[22m | ruined_vault.glb[39m[0m
2026-10-07T21:08:44.7552972Z [  83% ] [90m[1m_update_scan_actions[22m | sanctuary_intarsia.glb[39m[0m
2026-10-07T21:08:44.7554060Z [  84% ] [90m[1m_update_scan_actions[22m | seal_shrine.glb[39m[0m
2026-10-07T21:08:44.7555169Z [  85% ] [90m[1m_update_scan_actions[22m | vowkeeper.glb[39m[0m
2026-10-07T21:08:44.7556571Z [  86% ] [90m[1m_update_scan_actions[22m | archive.png[39m[0m
2026-10-07T21:08:44.7557761Z [  87% ] [90m[1m_update_scan_actions[22m | camp.png[39m[0m
2026-10-07T21:08:44.7559018Z [  87% ] [90m[1m_update_scan_actions[22m | citadel.png[39m[0m
2026-10-07T21:08:44.7560257Z [  88% ] [90m[1m_update_scan_actions[22m | ossuary.png[39m[0m
2026-10-07T21:08:44.7561480Z [  89% ] [90m[1m_update_scan_actions[22m | spire.png[39m[0m
2026-10-07T21:08:44.7562692Z [  90% ] [90m[1m_update_scan_actions[22m | camp-matte.png[39m[0m
2026-10-07T21:08:44.7563903Z [  91% ] [90m[1m_update_scan_actions[22m | camp-stations.png[39m[0m
2026-10-07T21:08:44.7565090Z [  92% ] [90m[1m_update_scan_actions[22m | painted-stone.png[39m[0m
2026-10-07T21:08:44.7566373Z [  93% ] [90m[1m_update_scan_actions[22m | region-atlas.png[39m[0m
2026-10-07T21:08:44.7567527Z [  93% ] [90m[1m_update_scan_actions[22m | app_icon.png[39m[0m
2026-10-07T21:08:44.7568658Z [  94% ] [90m[1m_update_scan_actions[22m | app_icon.svg[39m[0m
2026-10-07T21:08:44.7569806Z [  95% ] [90m[1m_update_scan_actions[22m | cinder_knight.webp[39m[0m
2026-10-07T21:08:44.7570962Z [  96% ] [90m[1m_update_scan_actions[22m | hollow_spire_corridor.webp[39m[0m
2026-10-07T21:08:44.7572026Z [  97% ] [90m[1m_update_scan_actions[22m | nyra_portrait.webp[39m[0m
2026-10-07T21:08:44.7573126Z [  98% ] [90m[1m_update_scan_actions[22m | nyra_runner.webp[39m[0m
2026-10-07T21:08:44.7573609Z [92m[ DONE ][39m [1m_update_scan_actions[22m
2026-10-07T21:08:44.7573916Z [0m
2026-10-07T21:08:44.7574763Z [   0% ] [90m[1mreimport[22m | Started (Re)Importing Assets (115 steps)[39m[0m
2026-10-07T21:08:44.7575633Z [   0% ] [90m[1mreimport[22m | Preparing files to reimport...[39m[0m
2026-10-07T21:08:44.7576292Z [   0% ] [90m[1mreimport[22m | Preparing files to reimport...[39m[0m
2026-10-07T21:08:44.7577258Z [   1% ] [90m[1mreimport[22m | Preparing files to reimport...[39m[0m
2026-10-07T21:08:44.7578265Z [   2% ] [90m[1mreimport[22m | Preparing files to reimport...[39m[0m
2026-10-07T21:08:44.7579257Z [   3% ] [90m[1mreimport[22m | Preparing files to reimport...[39m[0m
2026-10-07T21:08:44.7580258Z [   4% ] [90m[1mreimport[22m | Preparing files to reimport...[39m[0m
2026-10-07T21:08:44.7581276Z [   5% ] [90m[1mreimport[22m | Preparing files to reimport...[39m[0m
2026-10-07T21:08:44.7582258Z [   6% ] [90m[1mreimport[22m | Preparing files to reimport...[39m[0m
2026-10-07T21:08:44.7583272Z [   6% ] [90m[1mreimport[22m | Preparing files to reimport...[39m[0m
2026-10-07T21:08:44.7584266Z [   7% ] [90m[1mreimport[22m | Preparing files to reimport...[39m[0m
2026-10-07T21:08:44.7585246Z [   8% ] [90m[1mreimport[22m | Preparing files to reimport...[39m[0m
2026-10-07T21:08:44.7586356Z [   9% ] [90m[1mreimport[22m | Preparing files to reimport...[39m[0m
2026-10-07T21:08:44.7587321Z [  10% ] [90m[1mreimport[22m | Preparing files to reimport...[39m[0m
2026-10-07T21:08:44.7588237Z [  11% ] [90m[1mreimport[22m | Preparing files to reimport...[39m[0m
2026-10-07T21:08:44.7589152Z [  12% ] [90m[1mreimport[22m | Preparing files to reimport...[39m[0m
2026-10-07T21:08:44.7590073Z [  12% ] [90m[1mreimport[22m | Preparing files to reimport...[39m[0m
2026-10-07T21:08:44.7590974Z [  13% ] [90m[1mreimport[22m | Preparing files to reimport...[39m[0m
2026-10-07T21:08:44.7591903Z [  14% ] [90m[1mreimport[22m | Preparing files to reimport...[39m[0m
2026-10-07T21:08:44.7592829Z [  15% ] [90m[1mreimport[22m | Preparing files to reimport...[39m[0m
2026-10-07T21:08:44.7593761Z [  16% ] [90m[1mreimport[22m | Preparing files to reimport...[39m[0m
2026-10-07T21:08:44.7594716Z [  17% ] [90m[1mreimport[22m | Preparing files to reimport...[39m[0m
2026-10-07T21:08:44.7595632Z [  18% ] [90m[1mreimport[22m | Preparing files to reimport...[39m[0m
2026-10-07T21:08:44.7596725Z [  18% ] [90m[1mreimport[22m | Preparing files to reimport...[39m[0m
2026-10-07T21:08:44.7597872Z [  19% ] [90m[1mreimport[22m | Preparing files to reimport...[39m[0m
2026-10-07T21:08:44.7599011Z [  20% ] [90m[1mreimport[22m | Preparing files to reimport...[39m[0m
2026-10-07T21:08:44.7600097Z [  21% ] [90m[1mreimport[22m | Preparing files to reimport...[39m[0m
2026-10-07T21:08:44.7601123Z [  22% ] [90m[1mreimport[22m | Preparing files to reimport...[39m[0m
2026-10-07T21:08:44.7602127Z [  23% ] [90m[1mreimport[22m | Preparing files to reimport...[39m[0m
2026-10-07T21:08:44.7603148Z [  24% ] [90m[1mreimport[22m | Preparing files to reimport...[39m[0m
2026-10-07T21:08:44.7604175Z [  25% ] [90m[1mreimport[22m | Preparing files to reimport...[39m[0m
2026-10-07T21:08:44.7605376Z [  25% ] [90m[1mreimport[22m | Preparing files to reimport...[39m[0m
2026-10-07T21:08:44.7606497Z [  26% ] [90m[1mreimport[22m | Preparing files to reimport...[39m[0m
2026-10-07T21:08:44.7607552Z [  27% ] [90m[1mreimport[22m | Preparing files to reimport...[39m[0m
2026-10-07T21:08:44.7608599Z [  28% ] [90m[1mreimport[22m | Preparing files to reimport...[39m[0m
2026-10-07T21:08:44.7609574Z [  29% ] [90m[1mreimport[22m | Preparing files to reimport...[39m[0m
2026-10-07T21:08:44.7610566Z [  30% ] [90m[1mreimport[22m | Preparing files to reimport...[39m[0m
2026-10-07T21:08:44.7611562Z [  31% ] [90m[1mreimport[22m | Preparing files to reimport...[39m[0m
2026-10-07T21:08:44.7612551Z [  31% ] [90m[1mreimport[22m | Preparing files to reimport...[39m[0m
2026-10-07T21:08:44.7613527Z [  32% ] [90m[1mreimport[22m | Preparing files to reimport...[39m[0m
2026-10-07T21:08:44.7614502Z [  33% ] [90m[1mreimport[22m | Preparing files to reimport...[39m[0m
2026-10-07T21:08:44.7615737Z [  34% ] [90m[1mreimport[22m | Preparing files to reimport...[39m[0m
2026-10-07T21:08:44.7616622Z [  35% ] [90m[1mreimport[22m | Preparing files to reimport...[39m[0m
2026-10-07T21:08:44.7617634Z [  36% ] [90m[1mreimport[22m | Preparing files to reimport...[39m[0m
2026-10-07T21:08:44.7633777Z [  37% ] [90m[1mreimport[22m | Preparing files to reimport...[39m[0m
2026-10-07T21:08:44.7634630Z [  37% ] [90m[1mreimport[22m | Preparing files to reimport...[39m[0m
2026-10-07T21:08:44.7635176Z [  38% ] [90m[1mreimport[22m | Preparing files to reimport...[39m[0m
2026-10-07T21:08:44.7642237Z [  39% ] [90m[1mreimport[22m | Preparing files to reimport...[39m[0m
2026-10-07T21:08:44.7642587Z [  40% ] [90m[1mreimport[22m | Preparing files to reimport...[39m[0m
2026-10-07T21:08:44.7643030Z [  41% ] [90m[1mreimport[22m | Preparing files to reimport...[39m[0m
2026-10-07T21:08:44.7643418Z [  42% ] [90m[1mreimport[22m | Preparing files to reimport...[39m[0m
2026-10-07T21:08:44.7643746Z [  43% ] [90m[1mreimport[22m | Preparing files to reimport...[39m[0m
2026-10-07T21:08:44.7644249Z [  43% ] [90m[1mreimport[22m | Preparing files to reimport...[39m[0m
2026-10-07T21:08:44.7644560Z [  44% ] [90m[1mreimport[22m | Preparing files to reimport...[39m[0m
2026-10-07T21:08:44.7644962Z [  45% ] [90m[1mreimport[22m | Preparing files to reimport...[39m[0m
2026-10-07T21:08:44.7645518Z [  46% ] [90m[1mreimport[22m | Preparing files to reimport...[39m[0m
2026-10-07T21:08:44.7645870Z [  47% ] [90m[1mreimport[22m | Preparing files to reimport...[39m[0m
2026-10-07T21:08:44.7646339Z [  48% ] [90m[1mreimport[22m | Preparing files to reimport...[39m[0m
2026-10-07T21:08:44.7646649Z [  49% ] [90m[1mreimport[22m | Preparing files to reimport...[39m[0m
2026-10-07T21:08:44.7647125Z [  50% ] [90m[1mreimport[22m | Preparing files to reimport...[39m[0m
2026-10-07T21:08:44.7647469Z [  50% ] [90m[1mreimport[22m | Preparing files to reimport...[39m[0m
2026-10-07T21:08:44.7647819Z [  51% ] [90m[1mreimport[22m | Preparing files to reimport...[39m[0m
2026-10-07T21:08:44.7648268Z [  52% ] [90m[1mreimport[22m | Preparing files to reimport...[39m[0m
2026-10-07T21:08:44.7648579Z [  53% ] [90m[1mreimport[22m | Preparing files to reimport...[39m[0m
2026-10-07T21:08:44.7649066Z [  54% ] [90m[1mreimport[22m | Preparing files to reimport...[39m[0m
2026-10-07T21:08:44.7649383Z [  55% ] [90m[1mreimport[22m | Preparing files to reimport...[39m[0m
2026-10-07T21:08:44.7649798Z [  56% ] [90m[1mreimport[22m | Preparing files to reimport...[39m[0m
2026-10-07T21:08:44.7650195Z [  56% ] [90m[1mreimport[22m | Preparing files to reimport...[39m[0m
2026-10-07T21:08:44.7650516Z [  57% ] [90m[1mreimport[22m | Preparing files to reimport...[39m[0m
2026-10-07T21:08:44.7651028Z [  58% ] [90m[1mreimport[22m | Preparing files to reimport...[39m[0m
2026-10-07T21:08:44.7651341Z [  59% ] [90m[1mreimport[22m | Preparing files to reimport...[39m[0m
2026-10-07T21:08:44.7651763Z [  60% ] [90m[1mreimport[22m | Preparing files to reimport...[39m[0m
2026-10-07T21:08:44.7652134Z [  61% ] [90m[1mreimport[22m | Preparing files to reimport...[39m[0m
2026-10-07T21:08:44.7652441Z [  62% ] [90m[1mreimport[22m | Preparing files to reimport...[39m[0m
2026-10-07T21:08:44.7652941Z [  62% ] [90m[1mreimport[22m | Preparing files to reimport...[39m[0m
2026-10-07T21:08:44.7653252Z [  63% ] [90m[1mreimport[22m | Preparing files to reimport...[39m[0m
2026-10-07T21:08:44.7653952Z [  64% ] [90m[1mreimport[22m | Preparing files to reimport...[39m[0m
2026-10-07T21:08:44.7654260Z [  65% ] [90m[1mreimport[22m | Preparing files to reimport...[39m[0m
2026-10-07T21:08:44.7654715Z [  66% ] [90m[1mreimport[22m | Preparing files to reimport...[39m[0m
2026-10-07T21:08:44.7655069Z [  67% ] [90m[1mreimport[22m | Preparing files to reimport...[39m[0m
2026-10-07T21:08:44.7655519Z [  68% ] [90m[1mreimport[22m | Preparing files to reimport...[39m[0m
2026-10-07T21:08:44.7656078Z [  68% ] [90m[1mreimport[22m | Preparing files to reimport...[39m[0m
2026-10-07T21:08:44.7656388Z [  69% ] [90m[1mreimport[22m | Preparing files to reimport...[39m[0m
2026-10-07T21:08:44.7656867Z [  70% ] [90m[1mreimport[22m | Preparing files to reimport...[39m[0m
2026-10-07T21:08:44.7657172Z [  71% ] [90m[1mreimport[22m | Preparing files to reimport...[39m[0m
2026-10-07T21:08:44.7657633Z [  72% ] [90m[1mreimport[22m | Preparing files to reimport...[39m[0m
2026-10-07T21:08:44.7658538Z [  73% ] [90m[1mreimport[22m | Preparing files to reimport...[39m[0m
2026-10-07T21:08:44.7659447Z [  74% ] [90m[1mreimport[22m | Preparing files to reimport...[39m[0m
2026-10-07T21:08:44.7660354Z [  75% ] [90m[1mreimport[22m | Preparing files to reimport...[39m[0m
2026-10-07T21:08:44.7661238Z [  75% ] [90m[1mreimport[22m | Preparing files to reimport...[39m[0m
2026-10-07T21:08:44.7662148Z [  76% ] [90m[1mreimport[22m | Preparing files to reimport...[39m[0m
2026-10-07T21:08:44.7663060Z [  77% ] [90m[1mreimport[22m | Preparing files to reimport...[39m[0m
2026-10-07T21:08:44.7663977Z [  78% ] [90m[1mreimport[22m | Preparing files to reimport...[39m[0m
2026-10-07T21:08:44.7664869Z [  79% ] [90m[1mreimport[22m | Preparing files to reimport...[39m[0m
2026-10-07T21:08:44.7665875Z [  80% ] [90m[1mreimport[22m | Preparing files to reimport...[39m[0m
2026-10-07T21:08:44.7666943Z [  81% ] [90m[1mreimport[22m | Preparing files to reimport...[39m[0m
2026-10-07T21:08:44.7667709Z [  81% ] [90m[1mreimport[22m | Preparing files to reimport...[39m[0m
2026-10-07T21:08:44.7668625Z [  82% ] [90m[1mreimport[22m | Preparing files to reimport...[39m[0m
2026-10-07T21:08:44.7669494Z [  83% ] [90m[1mreimport[22m | Preparing files to reimport...[39m[0m
2026-10-07T21:08:44.7670419Z [  84% ] [90m[1mreimport[22m | Preparing files to reimport...[39m[0m
2026-10-07T21:08:44.7671296Z [  85% ] [90m[1mreimport[22m | Preparing files to reimport...[39m[0m
2026-10-07T21:08:44.7672191Z [  86% ] [90m[1mreimport[22m | Preparing files to reimport...[39m[0m
2026-10-07T21:08:44.7673311Z [  87% ] [90m[1mreimport[22m | Preparing files to reimport...[39m[0m
2026-10-07T21:08:44.7674154Z [  87% ] [90m[1mreimport[22m | Preparing files to reimport...[39m[0m
2026-10-07T21:08:44.7675210Z [  88% ] [90m[1mreimport[22m | Preparing files to reimport...[39m[0m
2026-10-07T21:08:44.7676119Z [  89% ] [90m[1mreimport[22m | Preparing files to reimport...[39m[0m
2026-10-07T21:08:44.7677158Z [  90% ] [90m[1mreimport[22m | Preparing files to reimport...[39m[0m
2026-10-07T21:08:44.7677992Z [  91% ] [90m[1mreimport[22m | Preparing files to reimport...[39m[0m
2026-10-07T21:08:44.7678936Z [  92% ] [90m[1mreimport[22m | Preparing files to reimport...[39m[0m
2026-10-07T21:08:44.7679847Z [  93% ] [90m[1mreimport[22m | Preparing files to reimport...[39m[0m
2026-10-07T21:08:44.7680750Z [  93% ] [90m[1mreimport[22m | Preparing files to reimport...[39m[0m
2026-10-07T21:08:44.7681603Z [  94% ] [90m[1mreimport[22m | Preparing files to reimport...[39m[0m
2026-10-07T21:08:44.7682464Z [  95% ] [90m[1mreimport[22m | Preparing files to reimport...[39m[0m
2026-10-07T21:08:44.7683324Z [  96% ] [90m[1mreimport[22m | Preparing files to reimport...[39m[0m
2026-10-07T21:08:44.7684180Z [  97% ] [90m[1mreimport[22m | Preparing files to reimport...[39m[0m
2026-10-07T21:08:44.7685026Z [  98% ] [90m[1mreimport[22m | Preparing files to reimport...[39m[0m
2026-10-07T21:08:44.7686231Z [   0% ] [90m[1mreimport[22m | Executing pre-reimport operations...[39m[0m
2026-10-07T21:08:44.7695228Z [   0% ] [90m[1mpreload_reimporting_scene[22m | Started Preparing scenes for reload (1 steps)[39m[0m
2026-10-07T21:08:44.7695934Z [   0% ] [90m[1mpreload_reimporting_scene[22m | Analyzing scene [empty][39m[0m
2026-10-07T21:08:44.7696493Z [  50% ] [90m[1mpreload_reimporting_scene[22m | Preparation done.[39m[0m
2026-10-07T21:08:44.7697161Z [92m[ DONE ][39m [1mpreload_reimporting_scene[22m
2026-10-07T21:08:44.7697442Z [0m
2026-10-07T21:08:44.7697760Z [   0% ] [90m[1mreimport[22m | Lora.ttf[39m[0m
2026-10-07T21:08:44.8643725Z [   0% ] [90m[1mreimport[22m | Cinzel.ttf[39m[0m
2026-10-07T21:08:44.8645932Z [   1% ] [90m[1mreimport[22m | Lora.ttf[39m[0m
2026-10-07T21:08:44.9877653Z [   2% ] [90m[1mreimport[22m | Cinzel.ttf[39m[0m
2026-10-07T21:08:45.1087060Z [   3% ] [90m[1mreimport[22m | Metal063_1K-JPG_Color.jpg[39m[0m
2026-10-07T21:08:45.2317049Z [   4% ] [90m[1mreimport[22m | Metal063_1K-JPG_Roughness.jpg[39m[0m
2026-10-07T21:08:45.2346066Z [   5% ] [90m[1mreimport[22m | nyra-face-albedo.png[39m[0m
2026-10-07T21:08:45.3486511Z [   6% ] [90m[1mreimport[22m | ruin-floor-albedo.png[39m[0m
2026-10-07T21:08:45.3516981Z [   6% ] [90m[1mreimport[22m | Rock030_1K-JPG_Color.jpg[39m[0m
2026-10-07T21:08:45.4636858Z [   7% ] [90m[1mreimport[22m | Rock030_1K-JPG_NormalGL.jpg[39m[0m
2026-10-07T21:08:45.7016982Z [   8% ] [90m[1mreimport[22m | Rock030_1K-JPG_Roughness.jpg[39m[0m
2026-10-07T21:08:45.8227019Z [   9% ] [90m[1mreimport[22m | archive.png[39m[0m
2026-10-07T21:08:45.8286025Z [  10% ] [90m[1mreimport[22m | camp.png[39m[0m
2026-10-07T21:08:46.0626808Z [  11% ] [90m[1mreimport[22m | citadel.png[39m[0m
2026-10-07T21:08:46.1806889Z [  12% ] [90m[1mreimport[22m | ossuary.png[39m[0m
2026-10-07T21:08:46.3056449Z [  12% ] [90m[1mreimport[22m | spire.png[39m[0m
2026-10-07T21:08:46.4722568Z [  13% ] [90m[1mreimport[22m | camp-matte.png[39m[0m
2026-10-07T21:08:46.5226918Z [  14% ] [90m[1mreimport[22m | camp-stations.png[39m[0m
2026-10-07T21:08:46.5272757Z [  15% ] [90m[1mreimport[22m | painted-stone.png[39m[0m
2026-10-07T21:08:46.5816619Z [  16% ] [90m[1mreimport[22m | region-atlas.png[39m[0m
2026-10-07T21:08:46.6466857Z [  17% ] [90m[1mreimport[22m | app_icon.png[39m[0m
2026-10-07T21:08:46.7097606Z [  18% ] [90m[1mreimport[22m | app_icon.svg[39m[0m
2026-10-07T21:08:46.7936894Z [  18% ] [90m[1mreimport[22m | cinder_knight.webp[39m[0m
2026-10-07T21:08:46.8206928Z [  19% ] [90m[1mreimport[22m | hollow_spire_corridor.webp[39m[0m
2026-10-07T21:08:46.8356746Z [  20% ] [90m[1mreimport[22m | nyra_portrait.webp[39m[0m
2026-10-07T21:08:47.2139656Z [  21% ] [90m[1mreimport[22m | nyra_runner.webp[39m[0m
2026-10-07T21:08:47.2636442Z [  22% ] [90m[1mreimport[22m | arcanist.png[39m[0m
2026-10-07T21:08:47.2848790Z [  23% ] [90m[1mreimport[22m | bulwark.png[39m[0m
2026-10-07T21:08:47.7346792Z [  24% ] [90m[1mreimport[22m | elite.png[39m[0m
2026-10-07T21:08:47.7816582Z [  25% ] [90m[1mreimport[22m | guardian_0.png[39m[0m
2026-10-07T21:08:47.8419649Z [  25% ] [90m[1mreimport[22m | guardian_1.png[39m[0m
2026-10-07T21:08:48.2334701Z [  26% ] [90m[1mreimport[22m | guardian_2.png[39m[0m
2026-10-07T21:08:48.2556923Z [  27% ] [90m[1mreimport[22m | guardian_3.png[39m[0m
2026-10-07T21:08:48.3430019Z [  28% ] [90m[1mreimport[22m | hexer.png[39m[0m
2026-10-07T21:08:48.6597174Z [  29% ] [90m[1mreimport[22m | raider.png[39m[0m
2026-10-07T21:08:48.6646335Z [  30% ] [90m[1mreimport[22m | ranger.png[39m[0m
2026-10-07T21:08:48.8026948Z [  31% ] [90m[1mreimport[22m | vowkeeper.png[39m[0m
2026-10-07T21:08:49.2946908Z [  31% ] [90m[1mreimport[22m | arcanist.png[39m[0m
2026-10-07T21:08:49.3006678Z [  32% ] [90m[1mreimport[22m | guardian_0.png[39m[0m
2026-10-07T21:08:49.3216217Z [  33% ] [90m[1mreimport[22m | guardian_1.png[39m[0m
2026-10-07T21:08:49.3526488Z [  34% ] [90m[1mreimport[22m | guardian_2.png[39m[0m
2026-10-07T21:08:49.3636904Z [  35% ] [90m[1mreimport[22m | Bricks096_1K-PNG_Roughness.png[39m[0m
2026-10-07T21:08:49.4457685Z [  36% ] [90m[1mreimport[22m | Bricks096_1K-PNG_NormalGL.png[39m[0m
2026-10-07T21:08:49.6616856Z [  37% ] [90m[1mreimport[22m | Bricks096_1K-PNG_Color.png[39m[0m
2026-10-07T21:08:49.7726983Z [  37% ] [90m[1mreimport[22m | material-atlas.png[39m[0m
2026-10-07T21:08:49.9037475Z [  38% ] [90m[1mreimport[22m | vowkeeper.png[39m[0m
2026-10-07T21:08:50.0917075Z [  39% ] [90m[1mreimport[22m | ranger.png[39m[0m
2026-10-07T21:08:50.3148072Z [  40% ] [90m[1mreimport[22m | pilgrim_well.glb[39m[0m
2026-10-07T21:08:50.3153137Z [   0% ] [90m[1mimport[22m | Started Import Scene (104 steps)[39m[0m
2026-10-07T21:08:50.3153622Z [   0% ] [90m[1mimport[22m | Importing Scene...[39m[0m
2026-10-07T21:08:50.3236189Z [   1% ] [90m[1mimport[22m | Running Custom Script...[39m[0m
2026-10-07T21:08:50.3236689Z [  99% ] [90m[1mimport[22m | Saving...[39m[0m
2026-10-07T21:08:50.3256161Z [92m[ DONE ][39m [1mimport[22m
2026-10-07T21:08:50.3256356Z [0m
2026-10-07T21:08:50.3267959Z [  41% ] [90m[1mreimport[22m | leaded_lancet.glb[39m[0m
2026-10-07T21:08:50.3270293Z [   0% ] [90m[1mimport[22m | Started Import Scene (104 steps)[39m[0m
2026-10-07T21:08:50.3270759Z [   0% ] [90m[1mimport[22m | Importing Scene...[39m[0m
2026-10-07T21:08:50.3464993Z [   1% ] [90m[1mimport[22m | Running Custom Script...[39m[0m
2026-10-07T21:08:50.3465523Z [  99% ] [90m[1mimport[22m | Saving...[39m[0m
2026-10-07T21:08:50.3520110Z [92m[ DONE ][39m [1mimport[22m
2026-10-07T21:08:50.3520390Z [0m
2026-10-07T21:08:50.3544232Z [  42% ] [90m[1mreimport[22m | hexer.glb[39m[0m
2026-10-07T21:08:50.3547872Z [   0% ] [90m[1mimport[22m | Started Import Scene (104 steps)[39m[0m
2026-10-07T21:08:50.3548395Z [   0% ] [90m[1mimport[22m | Importing Scene...[39m[0m
2026-10-07T21:08:50.4193367Z [   1% ] [90m[1mimport[22m | Running Custom Script...[39m[0m
2026-10-07T21:08:50.4193860Z [  99% ] [90m[1mimport[22m | Saving...[39m[0m
2026-10-07T21:08:50.4309353Z [92m[ DONE ][39m [1mimport[22m
2026-10-07T21:08:50.4311811Z [0m
2026-10-07T21:08:50.4344203Z [  43% ] [90m[1mreimport[22m | hanging_bell.glb[39m[0m
2026-10-07T21:08:50.4346734Z [   0% ] [90m[1mimport[22m | Started Import Scene (104 steps)[39m[0m
2026-10-07T21:08:50.4347241Z [   0% ] [90m[1mimport[22m | Importing Scene...[39m[0m
2026-10-07T21:08:50.4442321Z [   1% ] [90m[1mimport[22m | Running Custom Script...[39m[0m
2026-10-07T21:08:50.4442719Z [  99% ] [90m[1mimport[22m | Saving...[39m[0m
2026-10-07T21:08:50.4468399Z [92m[ DONE ][39m [1mimport[22m
2026-10-07T21:08:50.4468629Z [0m
2026-10-07T21:08:50.4481681Z [  43% ] [90m[1mreimport[22m | guardian_3.glb[39m[0m
2026-10-07T21:08:50.4483877Z [   0% ] [90m[1mimport[22m | Started Import Scene (104 steps)[39m[0m
2026-10-07T21:08:50.4484339Z [   0% ] [90m[1mimport[22m | Importing Scene...[39m[0m
2026-10-07T21:08:50.4880392Z [   1% ] [90m[1mimport[22m | Running Custom Script...[39m[0m
2026-10-07T21:08:50.4880775Z [  99% ] [90m[1mimport[22m | Saving...[39m[0m
2026-10-07T21:08:50.4965183Z [92m[ DONE ][39m [1mimport[22m
2026-10-07T21:08:50.4965609Z [0m
2026-10-07T21:08:50.4991592Z [  44% ] [90m[1mreimport[22m | guardian_2.glb[39m[0m
2026-10-07T21:08:50.4993584Z [   0% ] [90m[1mimport[22m | Started Import Scene (104 steps)[39m[0m
2026-10-07T21:08:50.4994062Z [   0% ] [90m[1mimport[22m | Importing Scene...[39m[0m
2026-10-07T21:08:50.5611150Z [   1% ] [90m[1mimport[22m | Running Custom Script...[39m[0m
2026-10-07T21:08:50.5611478Z [  99% ] [90m[1mimport[22m | Saving...[39m[0m
2026-10-07T21:08:50.5719331Z [92m[ DONE ][39m [1mimport[22m
2026-10-07T21:08:50.5719624Z [0m
2026-10-07T21:08:50.5752463Z [  45% ] [90m[1mreimport[22m | guardian_1.glb[39m[0m
2026-10-07T21:08:50.5754647Z [   0% ] [90m[1mimport[22m | Started Import Scene (104 steps)[39m[0m
2026-10-07T21:08:50.5755133Z [   0% ] [90m[1mimport[22m | Importing Scene...[39m[0m
2026-10-07T21:08:50.6378422Z [   1% ] [90m[1mimport[22m | Running Custom Script...[39m[0m
2026-10-07T21:08:50.6378803Z [  99% ] [90m[1mimport[22m | Saving...[39m[0m
2026-10-07T21:08:50.6490885Z [92m[ DONE ][39m [1mimport[22m
2026-10-07T21:08:50.6491191Z [0m
2026-10-07T21:08:50.6523302Z [  46% ] [90m[1mreimport[22m | guardian_0.glb[39m[0m
2026-10-07T21:08:50.6525837Z [   0% ] [90m[1mimport[22m | Started Import Scene (104 steps)[39m[0m
2026-10-07T21:08:50.6526320Z [   0% ] [90m[1mimport[22m | Importing Scene...[39m[0m
2026-10-07T21:08:50.7042332Z [   1% ] [90m[1mimport[22m | Running Custom Script...[39m[0m
2026-10-07T21:08:50.7042831Z [  99% ] [90m[1mimport[22m | Saving...[39m[0m
2026-10-07T21:08:50.7146173Z [92m[ DONE ][39m [1mimport[22m
2026-10-07T21:08:50.7146482Z [0m
2026-10-07T21:08:50.7177493Z [  47% ] [90m[1mreimport[22m | gothic_arch.glb[39m[0m
2026-10-07T21:08:50.7179392Z [   0% ] [90m[1mimport[22m | Started Import Scene (104 steps)[39m[0m
2026-10-07T21:08:50.7179857Z [   0% ] [90m[1mimport[22m | Importing Scene...[39m[0m
2026-10-07T21:08:50.7304657Z [   1% ] [90m[1mimport[22m | Running Custom Script...[39m[0m
2026-10-07T21:08:50.7305098Z [  99% ] [90m[1mimport[22m | Saving...[39m[0m
2026-10-07T21:08:50.7331724Z [92m[ DONE ][39m [1mimport[22m
2026-10-07T21:08:50.7331972Z [0m
2026-10-07T21:08:50.7346684Z [  48% ] [90m[1mreimport[22m | furnace_throne.glb[39m[0m
2026-10-07T21:08:50.7348723Z [   0% ] [90m[1mimport[22m | Started Import Scene (104 steps)[39m[0m
2026-10-07T21:08:50.7349190Z [   0% ] [90m[1mimport[22m | Importing Scene...[39m[0m
2026-10-07T21:08:50.7405154Z [   1% ] [90m[1mimport[22m | Running Custom Script...[39m[0m
2026-10-07T21:08:50.7405699Z [  99% ] [90m[1mimport[22m | Saving...[39m[0m
2026-10-07T21:08:50.7425975Z [92m[ DONE ][39m [1mimport[22m
2026-10-07T21:08:50.7426235Z [0m
2026-10-07T21:08:50.7437162Z [  49% ] [90m[1mreimport[22m | furnace.glb[39m[0m
2026-10-07T21:08:50.7439179Z [   0% ] [90m[1mimport[22m | Started Import Scene (104 steps)[39m[0m
2026-10-07T21:08:50.7439633Z [   0% ] [90m[1mimport[22m | Importing Scene...[39m[0m
2026-10-07T21:08:50.7526991Z [   1% ] [90m[1mimport[22m | Running Custom Script...[39m[0m
2026-10-07T21:08:50.7527428Z [  99% ] [90m[1mimport[22m | Saving...[39m[0m
2026-10-07T21:08:50.7551219Z [92m[ DONE ][39m [1mimport[22m
2026-10-07T21:08:50.7551473Z [0m
2026-10-07T21:08:50.7563526Z [  50% ] [90m[1mreimport[22m | field_forge.glb[39m[0m
2026-10-07T21:08:50.7565632Z [   0% ] [90m[1mimport[22m | Started Import Scene (104 steps)[39m[0m
2026-10-07T21:08:50.7566084Z [   0% ] [90m[1mimport[22m | Importing Scene...[39m[0m
2026-10-07T21:08:50.7714504Z [   1% ] [90m[1mimport[22m | Running Custom Script...[39m[0m
2026-10-07T21:08:50.7714889Z [  99% ] [90m[1mimport[22m | Saving...[39m[0m
2026-10-07T21:08:50.7756332Z [92m[ DONE ][39m [1mimport[22m
2026-10-07T21:08:50.7756583Z [0m
2026-10-07T21:08:50.7792670Z [  50% ] [90m[1mreimport[22m | expedition_table.glb[39m[0m
2026-10-07T21:08:50.7794565Z [   0% ] [90m[1mimport[22m | Started Import Scene (104 steps)[39m[0m
2026-10-07T21:08:50.7795059Z [   0% ] [90m[1mimport[22m | Importing Scene...[39m[0m
2026-10-07T21:08:50.7895107Z [   1% ] [90m[1mimport[22m | Running Custom Script...[39m[0m
2026-10-07T21:08:50.7895697Z [  99% ] [90m[1mimport[22m | Saving...[39m[0m
2026-10-07T21:08:50.7926942Z [92m[ DONE ][39m [1mimport[22m
2026-10-07T21:08:50.7927196Z [0m
2026-10-07T21:08:50.7941199Z [  51% ] [90m[1mreimport[22m | elite.glb[39m[0m
2026-10-07T21:08:50.7943189Z [   0% ] [90m[1mimport[22m | Started Import Scene (104 steps)[39m[0m
2026-10-07T21:08:50.7943656Z [   0% ] [90m[1mimport[22m | Importing Scene...[39m[0m
2026-10-07T21:08:50.8315640Z [   1% ] [90m[1mimport[22m | Running Custom Script...[39m[0m
2026-10-07T21:08:50.8316008Z [  99% ] [90m[1mimport[22m | Saving...[39m[0m
2026-10-07T21:08:50.8395665Z [92m[ DONE ][39m [1mimport[22m
2026-10-07T21:08:50.8395954Z [0m
2026-10-07T21:08:50.8419267Z [  52% ] [90m[1mreimport[22m | drowned_library.glb[39m[0m
2026-10-07T21:08:50.8421137Z [   0% ] [90m[1mimport[22m | Started Import Scene (104 steps)[39m[0m
2026-10-07T21:08:50.8421607Z [   0% ] [90m[1mimport[22m | Importing Scene...[39m[0m
2026-10-07T21:08:50.8788749Z [   1% ] [90m[1mimport[22m | Running Custom Script...[39m[0m
2026-10-07T21:08:50.8789236Z [  99% ] [90m[1mimport[22m | Saving...[39m[0m
2026-10-07T21:08:50.8867274Z [92m[ DONE ][39m [1mimport[22m
2026-10-07T21:08:50.8867570Z [0m
2026-10-07T21:08:50.8903934Z [  53% ] [90m[1mreimport[22m | pillar.glb[39m[0m
2026-10-07T21:08:50.8906108Z [   0% ] [90m[1mimport[22m | Started Import Scene (104 steps)[39m[0m
2026-10-07T21:08:50.8906594Z [   0% ] [90m[1mimport[22m | Importing Scene...[39m[0m
2026-10-07T21:08:50.8960090Z [   1% ] [90m[1mimport[22m | Running Custom Script...[39m[0m
2026-10-07T21:08:50.8960521Z [  99% ] [90m[1mimport[22m | Saving...[39m[0m
2026-10-07T21:08:50.8975436Z [92m[ DONE ][39m [1mimport[22m
2026-10-07T21:08:50.8975690Z [0m
2026-10-07T21:08:50.8985170Z [  54% ] [90m[1mreimport[22m | raider.glb[39m[0m
2026-10-07T21:08:50.8987174Z [   0% ] [90m[1mimport[22m | Started Import Scene (104 steps)[39m[0m
2026-10-07T21:08:50.8987653Z [   0% ] [90m[1mimport[22m | Importing Scene...[39m[0m
2026-10-07T21:08:50.9295544Z [   1% ] [90m[1mimport[22m | Running Custom Script...[39m[0m
2026-10-07T21:08:50.9296020Z [  99% ] [90m[1mimport[22m | Saving...[39m[0m
2026-10-07T21:08:50.9354518Z [92m[ DONE ][39m [1mimport[22m
2026-10-07T21:08:50.9354787Z [0m
2026-10-07T21:08:50.9380634Z [  55% ] [90m[1mreimport[22m | ranger.glb[39m[0m
2026-10-07T21:08:50.9384596Z [   0% ] [90m[1mimport[22m | Started Import Scene (104 steps)[39m[0m
2026-10-07T21:08:50.9385064Z [   0% ] [90m[1mimport[22m | Importing Scene...[39m[0m
2026-10-07T21:08:50.9996879Z [   1% ] [90m[1mimport[22m | Running Custom Script...[39m[0m
2026-10-07T21:08:50.9997373Z [  99% ] [90m[1mimport[22m | Saving...[39m[0m
2026-10-07T21:08:51.0122371Z [92m[ DONE ][39m [1mimport[22m
2026-10-07T21:08:51.0122665Z [0m
2026-10-07T21:08:51.0153579Z [  56% ] [90m[1mreimport[22m | reliquary_altar.glb[39m[0m
2026-10-07T21:08:51.0155746Z [   0% ] [90m[1mimport[22m | Started Import Scene (104 steps)[39m[0m
2026-10-07T21:08:51.0156238Z [   0% ] [90m[1mimport[22m | Importing Scene...[39m[0m
2026-10-07T21:08:51.0270708Z [   1% ] [90m[1mimport[22m | Running Custom Script...[39m[0m
2026-10-07T21:08:51.0271153Z [  99% ] [90m[1mimport[22m | Saving...[39m[0m
2026-10-07T21:08:51.0300833Z [92m[ DONE ][39m [1mimport[22m
2026-10-07T21:08:51.0301105Z [0m
2026-10-07T21:08:51.0314682Z [  56% ] [90m[1mreimport[22m | ruined_vault.glb[39m[0m
2026-10-07T21:08:51.0316779Z [   0% ] [90m[1mimport[22m | Started Import Scene (104 steps)[39m[0m
2026-10-07T21:08:51.0317268Z [   0% ] [90m[1mimport[22m | Importing Scene...[39m[0m
2026-10-07T21:08:51.0393402Z [   1% ] [90m[1mimport[22m | Running Custom Script...[39m[0m
2026-10-07T21:08:51.0393832Z [  99% ] [90m[1mimport[22m | Saving...[39m[0m
2026-10-07T21:08:51.0414506Z [92m[ DONE ][39m [1mimport[22m
2026-10-07T21:08:51.0414740Z [0m
2026-10-07T21:08:51.0426832Z [  57% ] [90m[1mreimport[22m | sanctuary_intarsia.glb[39m[0m
2026-10-07T21:08:51.0428827Z [   0% ] [90m[1mimport[22m | Started Import Scene (104 steps)[39m[0m
2026-10-07T21:08:51.0429285Z [   0% ] [90m[1mimport[22m | Importing Scene...[39m[0m
2026-10-07T21:08:51.0541718Z [   1% ] [90m[1mimport[22m | Running Custom Script...[39m[0m
2026-10-07T21:08:51.0542178Z [  99% ] [90m[1mimport[22m | Saving...[39m[0m
2026-10-07T21:08:51.0569400Z [92m[ DONE ][39m [1mimport[22m
2026-10-07T21:08:51.0569919Z [0m
2026-10-07T21:08:51.0583570Z [  58% ] [90m[1mreimport[22m | seal_shrine.glb[39m[0m
2026-10-07T21:08:51.0585631Z [   0% ] [90m[1mimport[22m | Started Import Scene (104 steps)[39m[0m
2026-10-07T21:08:51.0586086Z [   0% ] [90m[1mimport[22m | Importing Scene...[39m[0m
2026-10-07T21:08:51.0635957Z [   1% ] [90m[1mimport[22m | Running Custom Script...[39m[0m
2026-10-07T21:08:51.0636382Z [  99% ] [90m[1mimport[22m | Saving...[39m[0m
2026-10-07T21:08:51.0655538Z [92m[ DONE ][39m [1mimport[22m
2026-10-07T21:08:51.0655790Z [0m
2026-10-07T21:08:51.0667798Z [  59% ] [90m[1mreimport[22m | vowkeeper.glb[39m[0m
2026-10-07T21:08:51.0669696Z [   0% ] [90m[1mimport[22m | Started Import Scene (104 steps)[39m[0m
2026-10-07T21:08:51.0670157Z [   0% ] [90m[1mimport[22m | Importing Scene...[39m[0m
2026-10-07T21:08:51.1308658Z [   1% ] [90m[1mimport[22m | Running Custom Script...[39m[0m
2026-10-07T21:08:51.1309044Z [  99% ] [90m[1mimport[22m | Saving...[39m[0m
2026-10-07T21:08:51.1433052Z [92m[ DONE ][39m [1mimport[22m
2026-10-07T21:08:51.1433347Z [0m
2026-10-07T21:08:51.1465414Z [  60% ] [90m[1mreimport[22m | citadel_bay.glb[39m[0m
2026-10-07T21:08:51.1467624Z [   0% ] [90m[1mimport[22m | Started Import Scene (104 steps)[39m[0m
2026-10-07T21:08:51.1468119Z [   0% ] [90m[1mimport[22m | Importing Scene...[39m[0m
2026-10-07T21:08:51.1557560Z [   1% ] [90m[1mimport[22m | Running Custom Script...[39m[0m
2026-10-07T21:08:51.1558002Z [  99% ] [90m[1mimport[22m | Saving...[39m[0m
2026-10-07T21:08:51.1591360Z [92m[ DONE ][39m [1mimport[22m
2026-10-07T21:08:51.1591618Z [0m
2026-10-07T21:08:51.1611738Z [  61% ] [90m[1mreimport[22m | archive_solid.glb[39m[0m
2026-10-07T21:08:51.1613691Z [   0% ] [90m[1mimport[22m | Started Import Scene (104 steps)[39m[0m
2026-10-07T21:08:51.1614160Z [   0% ] [90m[1mimport[22m | Importing Scene...[39m[0m
2026-10-07T21:08:51.1630706Z [   1% ] [90m[1mimport[22m | Running Custom Script...[39m[0m
2026-10-07T21:08:51.1631121Z [  99% ] [90m[1mimport[22m | Saving...[39m[0m
2026-10-07T21:08:51.1641936Z [92m[ DONE ][39m [1mimport[22m
2026-10-07T21:08:51.1642173Z [0m
2026-10-07T21:08:51.1650769Z [  62% ] [90m[1mreimport[22m | archive_return.glb[39m[0m
2026-10-07T21:08:51.1652499Z [   0% ] [90m[1mimport[22m | Started Import Scene (104 steps)[39m[0m
2026-10-07T21:08:51.1652952Z [   0% ] [90m[1mimport[22m | Importing Scene...[39m[0m
2026-10-07T21:08:51.1684221Z [   1% ] [90m[1mimport[22m | Running Custom Script...[39m[0m
2026-10-07T21:08:51.1684632Z [  99% ] [90m[1mimport[22m | Saving...[39m[0m
2026-10-07T21:08:51.1699843Z [92m[ DONE ][39m [1mimport[22m
2026-10-07T21:08:51.1700074Z [0m
2026-10-07T21:08:51.1711030Z [  62% ] [90m[1mreimport[22m | archive_end.glb[39m[0m
2026-10-07T21:08:51.1712737Z [   0% ] [90m[1mimport[22m | Started Import Scene (104 steps)[39m[0m
2026-10-07T21:08:51.1713180Z [   0% ] [90m[1mimport[22m | Importing Scene...[39m[0m
2026-10-07T21:08:51.1736663Z [   1% ] [90m[1mimport[22m | Running Custom Script...[39m[0m
2026-10-07T21:08:51.1737067Z [  99% ] [90m[1mimport[22m | Saving...[39m[0m
2026-10-07T21:08:51.1749651Z [92m[ DONE ][39m [1mimport[22m
2026-10-07T21:08:51.1749879Z [0m
2026-10-07T21:08:51.1759695Z [  63% ] [90m[1mreimport[22m | archive_bay_broken.glb[39m[0m
2026-10-07T21:08:51.1761357Z [   0% ] [90m[1mimport[22m | Started Import Scene (104 steps)[39m[0m
2026-10-07T21:08:51.1761803Z [   0% ] [90m[1mimport[22m | Importing Scene...[39m[0m
2026-10-07T21:08:51.1840141Z [   1% ] [90m[1mimport[22m | Running Custom Script...[39m[0m
2026-10-07T21:08:51.1840536Z [  99% ] [90m[1mimport[22m | Saving...[39m[0m
2026-10-07T21:08:51.1871916Z [92m[ DONE ][39m [1mimport[22m
2026-10-07T21:08:51.1891270Z [0m
2026-10-07T21:08:51.1891584Z [  64% ] [90m[1mreimport[22m | archive_bay.glb[39m[0m
2026-10-07T21:08:51.1893401Z [   0% ] [90m[1mimport[22m | Started Import Scene (104 steps)[39m[0m
2026-10-07T21:08:51.1894044Z [   0% ] [90m[1mimport[22m | Importing Scene...[39m[0m
2026-10-07T21:08:51.1974029Z [   1% ] [90m[1mimport[22m | Running Custom Script...[39m[0m
2026-10-07T21:08:51.1974455Z [  99% ] [90m[1mimport[22m | Saving...[39m[0m
2026-10-07T21:08:51.2005498Z [92m[ DONE ][39m [1mimport[22m
2026-10-07T21:08:51.2005751Z [0m
2026-10-07T21:08:51.2024668Z [  65% ] [90m[1mreimport[22m | ranger-native65.glb[39m[0m
2026-10-07T21:08:51.2026633Z [   0% ] [90m[1mimport[22m | Started Import Scene (104 steps)[39m[0m
2026-10-07T21:08:51.2027287Z [   0% ] [90m[1mimport[22m | Importing Scene...[39m[0m
2026-10-07T21:08:53.0521798Z [   1% ] [90m[1mimport[22m | Running Custom Script...[39m[0m
2026-10-07T21:08:53.0522299Z [  99% ] [90m[1mimport[22m | Saving...[39m[0m
2026-10-07T21:08:53.0684158Z [92m[ DONE ][39m [1mimport[22m
2026-10-07T21:08:53.0684441Z [0m
2026-10-07T21:08:53.1964169Z [  66% ] [90m[1mreimport[22m | guardian_2-fitted.glb[39m[0m
2026-10-07T21:08:53.1965658Z [   0% ] [90m[1mimport[22m | Started Import Scene (104 steps)[39m[0m
2026-10-07T21:08:53.1966202Z [   0% ] [90m[1mimport[22m | Importing Scene...[39m[0m
2026-10-07T21:08:53.2103129Z [   1% ] [90m[1mimport[22m | Running Custom Script...[39m[0m
2026-10-07T21:08:53.2103630Z [  99% ] [90m[1mimport[22m | Saving...[39m[0m
2026-10-07T21:08:53.2132489Z [92m[ DONE ][39m [1mimport[22m
2026-10-07T21:08:53.2132955Z [0m
2026-10-07T21:08:53.2953722Z [  67% ] [90m[1mreimport[22m | guardian_1-fitted.glb[39m[0m
2026-10-07T21:08:53.2956380Z [   0% ] [90m[1mimport[22m | Started Import Scene (104 steps)[39m[0m
2026-10-07T21:08:53.2956873Z [   0% ] [90m[1mimport[22m | Importing Scene...[39m[0m
2026-10-07T21:08:53.3110153Z [   1% ] [90m[1mimport[22m | Running Custom Script...[39m[0m
2026-10-07T21:08:53.3110611Z [  99% ] [90m[1mimport[22m | Saving...[39m[0m
2026-10-07T21:08:53.3140092Z [92m[ DONE ][39m [1mimport[22m
2026-10-07T21:08:53.3140373Z [0m
2026-10-07T21:08:53.4156984Z [  68% ] [90m[1mreimport[22m | guardian_0-fitted.glb[39m[0m
2026-10-07T21:08:53.4185980Z [   0% ] [90m[1mimport[22m | Started Import Scene (104 steps)[39m[0m
2026-10-07T21:08:53.4195995Z [   0% ] [90m[1mimport[22m | Importing Scene...[39m[0m
2026-10-07T21:08:53.4225520Z [   1% ] [90m[1mimport[22m | Running Custom Script...[39m[0m
2026-10-07T21:08:53.4226159Z [  99% ] [90m[1mimport[22m | Saving...[39m[0m
2026-10-07T21:08:53.4242620Z [92m[ DONE ][39m [1mimport[22m
2026-10-07T21:08:53.4242879Z [0m
2026-10-07T21:08:53.5350064Z [  68% ] [90m[1mreimport[22m | elite-fitted.glb[39m[0m
2026-10-07T21:08:53.5350673Z [   0% ] [90m[1mimport[22m | Started Import Scene (104 steps)[39m[0m
2026-10-07T21:08:53.5351161Z [   0% ] [90m[1mimport[22m | Importing Scene...[39m[0m
2026-10-07T21:08:53.5391666Z [   1% ] [90m[1mimport[22m | Running Custom Script...[39m[0m
2026-10-07T21:08:53.5392128Z [  99% ] [90m[1mimport[22m | Saving...[39m[0m
2026-10-07T21:08:53.5407868Z [92m[ DONE ][39m [1mimport[22m
2026-10-07T21:08:53.5408146Z [0m
2026-10-07T21:08:53.6466955Z [  69% ] [90m[1mreimport[22m | bulwark-fitted.glb[39m[0m
2026-10-07T21:08:53.6467848Z [   0% ] [90m[1mimport[22m | Started Import Scene (104 steps)[39m[0m
2026-10-07T21:08:53.6496039Z [   0% ] [90m[1mimport[22m | Importing Scene...[39m[0m
2026-10-07T21:08:53.6516033Z [   1% ] [90m[1mimport[22m | Running Custom Script...[39m[0m
2026-10-07T21:08:53.6516602Z [  99% ] [90m[1mimport[22m | Saving...[39m[0m
2026-10-07T21:08:53.6524158Z [92m[ DONE ][39m [1mimport[22m
2026-10-07T21:08:53.6524454Z [0m
2026-10-07T21:08:53.7647132Z [  70% ] [90m[1mreimport[22m | spire_solid.glb[39m[0m
2026-10-07T21:08:53.7649203Z [   0% ] [90m[1mimport[22m | Started Import Scene (104 steps)[39m[0m
2026-10-07T21:08:53.7649690Z [   0% ] [90m[1mimport[22m | Importing Scene...[39m[0m
2026-10-07T21:08:53.7675388Z [   1% ] [90m[1mimport[22m | Running Custom Script...[39m[0m
2026-10-07T21:08:53.7676163Z [  99% ] [90m[1mimport[22m | Saving...[39m[0m
2026-10-07T21:08:53.7687997Z [92m[ DONE ][39m [1mimport[22m
2026-10-07T21:08:53.7688287Z [0m
2026-10-07T21:08:53.8748142Z [  71% ] [90m[1mreimport[22m | spire_return.glb[39m[0m
2026-10-07T21:08:53.8766420Z [   0% ] [90m[1mimport[22m | Started Import Scene (104 steps)[39m[0m
2026-10-07T21:08:53.8776035Z [   0% ] [90m[1mimport[22m | Importing Scene...[39m[0m
2026-10-07T21:08:53.8796109Z [   1% ] [90m[1mimport[22m | Running Custom Script...[39m[0m
2026-10-07T21:08:53.8796827Z [  99% ] [90m[1mimport[22m | Saving...[39m[0m
2026-10-07T21:08:53.8807393Z [92m[ DONE ][39m [1mimport[22m
2026-10-07T21:08:53.8807702Z [0m
2026-10-07T21:08:53.9948399Z [  72% ] [90m[1mreimport[22m | spire_end.glb[39m[0m
2026-10-07T21:08:53.9950005Z [   0% ] [90m[1mimport[22m | Started Import Scene (104 steps)[39m[0m
2026-10-07T21:08:53.9950536Z [   0% ] [90m[1mimport[22m | Importing Scene...[39m[0m
2026-10-07T21:08:53.9983656Z [   1% ] [90m[1mimport[22m | Running Custom Script...[39m[0m
2026-10-07T21:08:53.9984220Z [  99% ] [90m[1mimport[22m | Saving...[39m[0m
2026-10-07T21:08:53.9998758Z [92m[ DONE ][39m [1mimport[22m
2026-10-07T21:08:53.9999052Z [0m
2026-10-07T21:08:54.1298378Z [  73% ] [90m[1mreimport[22m | spire_bay_broken.glb[39m[0m
2026-10-07T21:08:54.1299859Z [   0% ] [90m[1mimport[22m | Started Import Scene (104 steps)[39m[0m
2026-10-07T21:08:54.1300424Z [   0% ] [90m[1mimport[22m | Importing Scene...[39m[0m
2026-10-07T21:08:54.1387398Z [   1% ] [90m[1mimport[22m | Running Custom Script...[39m[0m
2026-10-07T21:08:54.1387863Z [  99% ] [90m[1mimport[22m | Saving...[39m[0m
2026-10-07T21:08:54.1419632Z [92m[ DONE ][39m [1mimport[22m
2026-10-07T21:08:54.1419905Z [0m
2026-10-07T21:08:54.2354763Z [  74% ] [90m[1mreimport[22m | spire_bay.glb[39m[0m
2026-10-07T21:08:54.2356649Z [   0% ] [90m[1mimport[22m | Started Import Scene (104 steps)[39m[0m
2026-10-07T21:08:54.2357159Z [   0% ] [90m[1mimport[22m | Importing Scene...[39m[0m
2026-10-07T21:08:54.2453139Z [   1% ] [90m[1mimport[22m | Running Custom Script...[39m[0m
2026-10-07T21:08:54.2453567Z [  99% ] [90m[1mimport[22m | Saving...[39m[0m
2026-10-07T21:08:54.2488871Z [92m[ DONE ][39m [1mimport[22m
2026-10-07T21:08:54.2489147Z [0m
2026-10-07T21:08:54.3457251Z [  75% ] [90m[1mreimport[22m | ossuary_solid.glb[39m[0m
2026-10-07T21:08:54.3459195Z [   0% ] [90m[1mimport[22m | Started Import Scene (104 steps)[39m[0m
2026-10-07T21:08:54.3459708Z [   0% ] [90m[1mimport[22m | Importing Scene...[39m[0m
2026-10-07T21:08:54.3482846Z [   1% ] [90m[1mimport[22m | Running Custom Script...[39m[0m
2026-10-07T21:08:54.3483255Z [  99% ] [90m[1mimport[22m | Saving...[39m[0m
2026-10-07T21:08:54.3495838Z [92m[ DONE ][39m [1mimport[22m
2026-10-07T21:08:54.3496105Z [0m
2026-10-07T21:08:54.4545957Z [  75% ] [90m[1mreimport[22m | ossuary_return.glb[39m[0m
2026-10-07T21:08:54.4547776Z [   0% ] [90m[1mimport[22m | Started Import Scene (104 steps)[39m[0m
2026-10-07T21:08:54.4548280Z [   0% ] [90m[1mimport[22m | Importing Scene...[39m[0m
2026-10-07T21:08:54.4584541Z [   1% ] [90m[1mimport[22m | Running Custom Script...[39m[0m
2026-10-07T21:08:54.4584973Z [  99% ] [90m[1mimport[22m | Saving...[39m[0m
2026-10-07T21:08:54.4600068Z [92m[ DONE ][39m [1mimport[22m
2026-10-07T21:08:54.4600322Z [0m
2026-10-07T21:08:54.5749745Z [  76% ] [90m[1mreimport[22m | ossuary_end.glb[39m[0m
2026-10-07T21:08:54.5751977Z [   0% ] [90m[1mimport[22m | Started Import Scene (104 steps)[39m[0m
2026-10-07T21:08:54.5752573Z [   0% ] [90m[1mimport[22m | Importing Scene...[39m[0m
2026-10-07T21:08:54.5784182Z [   1% ] [90m[1mimport[22m | Running Custom Script...[39m[0m
2026-10-07T21:08:54.5784536Z [  99% ] [90m[1mimport[22m | Saving...[39m[0m
2026-10-07T21:08:54.5799037Z [92m[ DONE ][39m [1mimport[22m
2026-10-07T21:08:54.5799276Z [0m
2026-10-07T21:08:54.6972174Z [  77% ] [90m[1mreimport[22m | ossuary_bay_broken.glb[39m[0m
2026-10-07T21:08:54.6973932Z [   0% ] [90m[1mimport[22m | Started Import Scene (104 steps)[39m[0m
2026-10-07T21:08:54.6974423Z [   0% ] [90m[1mimport[22m | Importing Scene...[39m[0m
2026-10-07T21:08:54.7076173Z [   1% ] [90m[1mimport[22m | Running Custom Script...[39m[0m
2026-10-07T21:08:54.7076506Z [  99% ] [90m[1mimport[22m | Saving...[39m[0m
2026-10-07T21:08:54.7113537Z [92m[ DONE ][39m [1mimport[22m
2026-10-07T21:08:54.7113740Z [0m
2026-10-07T21:08:54.8158179Z [  78% ] [90m[1mreimport[22m | ossuary_bay.glb[39m[0m
2026-10-07T21:08:54.8159949Z [   0% ] [90m[1mimport[22m | Started Import Scene (104 steps)[39m[0m
2026-10-07T21:08:54.8160465Z [   0% ] [90m[1mimport[22m | Importing Scene...[39m[0m
2026-10-07T21:08:54.8264096Z [   1% ] [90m[1mimport[22m | Running Custom Script...[39m[0m
2026-10-07T21:08:54.8264531Z [  99% ] [90m[1mimport[22m | Saving...[39m[0m
2026-10-07T21:08:54.8300968Z [92m[ DONE ][39m [1mimport[22m
2026-10-07T21:08:54.8301179Z [0m
2026-10-07T21:08:54.9355387Z [  79% ] [90m[1mreimport[22m | citadel_solid.glb[39m[0m
2026-10-07T21:08:54.9357576Z [   0% ] [90m[1mimport[22m | Started Import Scene (104 steps)[39m[0m
2026-10-07T21:08:54.9358096Z [   0% ] [90m[1mimport[22m | Importing Scene...[39m[0m
2026-10-07T21:08:54.9380343Z [   1% ] [90m[1mimport[22m | Running Custom Script...[39m[0m
2026-10-07T21:08:54.9380764Z [  99% ] [90m[1mimport[22m | Saving...[39m[0m
2026-10-07T21:08:54.9392938Z [92m[ DONE ][39m [1mimport[22m
2026-10-07T21:08:54.9393198Z [0m
2026-10-07T21:08:55.0543750Z [  80% ] [90m[1mreimport[22m | citadel_return.glb[39m[0m
2026-10-07T21:08:55.0556020Z [   0% ] [90m[1mimport[22m | Started Import Scene (104 steps)[39m[0m
2026-10-07T21:08:55.0565810Z [   0% ] [90m[1mimport[22m | Importing Scene...[39m[0m
2026-10-07T21:08:55.0590167Z [   1% ] [90m[1mimport[22m | Running Custom Script...[39m[0m
2026-10-07T21:08:55.0590527Z [  99% ] [90m[1mimport[22m | Saving...[39m[0m
2026-10-07T21:08:55.0608891Z [92m[ DONE ][39m [1mimport[22m
2026-10-07T21:08:55.0609129Z [0m
2026-10-07T21:08:55.1748758Z [  81% ] [90m[1mreimport[22m | citadel_end.glb[39m[0m
2026-10-07T21:08:55.1750789Z [   0% ] [90m[1mimport[22m | Started Import Scene (104 steps)[39m[0m
2026-10-07T21:08:55.1751254Z [   0% ] [90m[1mimport[22m | Importing Scene...[39m[0m
2026-10-07T21:08:55.1782257Z [   1% ] [90m[1mimport[22m | Running Custom Script...[39m[0m
2026-10-07T21:08:55.1782544Z [  99% ] [90m[1mimport[22m | Saving...[39m[0m
2026-10-07T21:08:55.1797425Z [92m[ DONE ][39m [1mimport[22m
2026-10-07T21:08:55.1797656Z [0m
2026-10-07T21:08:55.2949192Z [  81% ] [90m[1mreimport[22m | citadel_bay_broken.glb[39m[0m
2026-10-07T21:08:55.2951208Z [   0% ] [90m[1mimport[22m | Started Import Scene (104 steps)[39m[0m
2026-10-07T21:08:55.2951746Z [   0% ] [90m[1mimport[22m | Importing Scene...[39m[0m
2026-10-07T21:08:55.3052049Z [   1% ] [90m[1mimport[22m | Running Custom Script...[39m[0m
2026-10-07T21:08:55.3052525Z [  99% ] [90m[1mimport[22m | Saving...[39m[0m
2026-10-07T21:08:55.3084832Z [92m[ DONE ][39m [1mimport[22m
2026-10-07T21:08:55.3085109Z [0m
2026-10-07T21:08:55.4154823Z [  82% ] [90m[1mreimport[22m | ceremonial_brazier.glb[39m[0m
2026-10-07T21:08:55.4156746Z [   0% ] [90m[1mimport[22m | Started Import Scene (104 steps)[39m[0m
2026-10-07T21:08:55.4157216Z [   0% ] [90m[1mimport[22m | Importing Scene...[39m[0m
2026-10-07T21:08:55.4240567Z [   1% ] [90m[1mimport[22m | Running Custom Script...[39m[0m
2026-10-07T21:08:55.4241102Z [  99% ] [90m[1mimport[22m | Saving...[39m[0m
2026-10-07T21:08:55.4262397Z [92m[ DONE ][39m [1mimport[22m
2026-10-07T21:08:55.4262587Z [0m
2026-10-07T21:08:55.5351015Z [  83% ] [90m[1mreimport[22m | carved_tomb.glb[39m[0m
2026-10-07T21:08:55.5352750Z [   0% ] [90m[1mimport[22m | Started Import Scene (104 steps)[39m[0m
2026-10-07T21:08:55.5353201Z [   0% ] [90m[1mimport[22m | Importing Scene...[39m[0m
2026-10-07T21:08:55.5477073Z [   1% ] [90m[1mimport[22m | Running Custom Script...[39m[0m
2026-10-07T21:08:55.5477497Z [  99% ] [90m[1mimport[22m | Saving...[39m[0m
2026-10-07T21:08:55.5503050Z [92m[ DONE ][39m [1mimport[22m
2026-10-07T21:08:55.5503307Z [0m
2026-10-07T21:08:55.6453043Z [  84% ] [90m[1mreimport[22m | bulwark.glb[39m[0m
2026-10-07T21:08:55.6454900Z [   0% ] [90m[1mimport[22m | Started Import Scene (104 steps)[39m[0m
2026-10-07T21:08:55.6455486Z [   0% ] [90m[1mimport[22m | Importing Scene...[39m[0m
2026-10-07T21:08:55.6855661Z [   1% ] [90m[1mimport[22m | Running Custom Script...[39m[0m
2026-10-07T21:08:55.6855987Z [  99% ] [90m[1mimport[22m | Saving...[39m[0m
2026-10-07T21:08:55.6939316Z [92m[ DONE ][39m [1mimport[22m
2026-10-07T21:08:55.6939532Z [0m
2026-10-07T21:08:55.7708556Z [  85% ] [90m[1mreimport[22m | broken_pillar.glb[39m[0m
2026-10-07T21:08:55.7710557Z [   0% ] [90m[1mimport[22m | Started Import Scene (104 steps)[39m[0m
2026-10-07T21:08:55.7710916Z [   0% ] [90m[1mimport[22m | Importing Scene...[39m[0m
2026-10-07T21:08:55.7743615Z [   1% ] [90m[1mimport[22m | Running Custom Script...[39m[0m
2026-10-07T21:08:55.7744007Z [  99% ] [90m[1mimport[22m | Saving...[39m[0m
2026-10-07T21:08:55.7756942Z [92m[ DONE ][39m [1mimport[22m
2026-10-07T21:08:55.7757178Z [0m
2026-10-07T21:08:55.8846493Z [  86% ] [90m[1mreimport[22m | bone_arch.glb[39m[0m
2026-10-07T21:08:55.8848572Z [   0% ] [90m[1mimport[22m | Started Import Scene (104 steps)[39m[0m
2026-10-07T21:08:55.8849067Z [   0% ] [90m[1mimport[22m | Importing Scene...[39m[0m
2026-10-07T21:08:55.8936038Z [   1% ] [90m[1mimport[22m | Running Custom Script...[39m[0m
2026-10-07T21:08:55.8936374Z [  99% ] [90m[1mimport[22m | Saving...[39m[0m
2026-10-07T21:08:55.8958384Z [92m[ DONE ][39m [1mimport[22m
2026-10-07T21:08:55.8958767Z [0m
2026-10-07T21:08:56.0052433Z [  87% ] [90m[1mreimport[22m | arcanist.glb[39m[0m
2026-10-07T21:08:56.0054133Z [   0% ] [90m[1mimport[22m | Started Import Scene (104 steps)[39m[0m
2026-10-07T21:08:56.0054611Z [   0% ] [90m[1mimport[22m | Importing Scene...[39m[0m
2026-10-07T21:08:56.0653652Z [   1% ] [90m[1mimport[22m | Running Custom Script...[39m[0m
2026-10-07T21:08:56.0653957Z [  99% ] [90m[1mimport[22m | Saving...[39m[0m
2026-10-07T21:08:56.0779265Z [92m[ DONE ][39m [1mimport[22m
2026-10-07T21:08:56.0779471Z [0m
2026-10-07T21:08:56.1263722Z [  87% ] [90m[1mreimport[22m | raider-native65.glb[39m[0m
2026-10-07T21:08:56.1265878Z [   0% ] [90m[1mimport[22m | Started Import Scene (104 steps)[39m[0m
2026-10-07T21:08:56.1275836Z [   0% ] [90m[1mimport[22m | Importing Scene...[39m[0m
2026-10-07T21:08:59.1651403Z [   1% ] [90m[1mimport[22m | Running Custom Script...[39m[0m
2026-10-07T21:08:59.1651746Z [  99% ] [90m[1mimport[22m | Saving...[39m[0m
2026-10-07T21:08:59.1812042Z [92m[ DONE ][39m [1mimport[22m
2026-10-07T21:08:59.1812342Z [0m
2026-10-07T21:08:59.1977468Z [  88% ] [90m[1mreimport[22m | axe-original.glb[39m[0m
2026-10-07T21:08:59.1979078Z [   0% ] [90m[1mimport[22m | Started Import Scene (104 steps)[39m[0m
2026-10-07T21:08:59.1979525Z [   0% ] [90m[1mimport[22m | Importing Scene...[39m[0m
2026-10-07T21:08:59.2010858Z [   1% ] [90m[1mimport[22m | Running Custom Script...[39m[0m
2026-10-07T21:08:59.2011292Z [  99% ] [90m[1mimport[22m | Saving...[39m[0m
2026-10-07T21:08:59.2026205Z [92m[ DONE ][39m [1mimport[22m
2026-10-07T21:08:59.2026455Z [0m
2026-10-07T21:08:59.2036959Z [  89% ] [90m[1mreimport[22m | axe-fitted.glb[39m[0m
2026-10-07T21:08:59.2038974Z [   0% ] [90m[1mimport[22m | Started Import Scene (104 steps)[39m[0m
2026-10-07T21:08:59.2039441Z [   0% ] [90m[1mimport[22m | Importing Scene...[39m[0m
2026-10-07T21:08:59.2072727Z [   1% ] [90m[1mimport[22m | Running Custom Script...[39m[0m
2026-10-07T21:08:59.2073128Z [  99% ] [90m[1mimport[22m | Saving...[39m[0m
2026-10-07T21:08:59.2088432Z [92m[ DONE ][39m [1mimport[22m
2026-10-07T21:08:59.2088658Z [0m
2026-10-07T21:08:59.2098744Z [  90% ] [90m[1mreimport[22m | spire_reliquary.glb[39m[0m
2026-10-07T21:08:59.2100795Z [   0% ] [90m[1mimport[22m | Started Import Scene (104 steps)[39m[0m
2026-10-07T21:08:59.2101242Z [   0% ] [90m[1mimport[22m | Importing Scene...[39m[0m
2026-10-07T21:08:59.2168184Z [   1% ] [90m[1mimport[22m | Running Custom Script...[39m[0m
2026-10-07T21:08:59.2168565Z [  99% ] [90m[1mimport[22m | Saving...[39m[0m
2026-10-07T21:08:59.2194039Z [92m[ DONE ][39m [1mimport[22m
2026-10-07T21:08:59.2194272Z [0m
2026-10-07T21:08:59.2211107Z [  91% ] [90m[1mreimport[22m | ossuary_reliquary.glb[39m[0m
2026-10-07T21:08:59.2213324Z [   0% ] [90m[1mimport[22m | Started Import Scene (104 steps)[39m[0m
2026-10-07T21:08:59.2213749Z [   0% ] [90m[1mimport[22m | Importing Scene...[39m[0m
2026-10-07T21:08:59.2259871Z [   1% ] [90m[1mimport[22m | Running Custom Script...[39m[0m
2026-10-07T21:08:59.2260283Z [  99% ] [90m[1mimport[22m | Saving...[39m[0m
2026-10-07T21:08:59.2279491Z [92m[ DONE ][39m [1mimport[22m
2026-10-07T21:08:59.2279725Z [0m
2026-10-07T21:08:59.2293421Z [  92% ] [90m[1mreimport[22m | citadel_reliquary.glb[39m[0m
2026-10-07T21:08:59.2295627Z [   0% ] [90m[1mimport[22m | Started Import Scene (104 steps)[39m[0m
2026-10-07T21:08:59.2296072Z [   0% ] [90m[1mimport[22m | Importing Scene...[39m[0m
2026-10-07T21:08:59.2349163Z [   1% ] [90m[1mimport[22m | Running Custom Script...[39m[0m
2026-10-07T21:08:59.2349567Z [  99% ] [90m[1mimport[22m | Saving...[39m[0m
2026-10-07T21:08:59.2370445Z [92m[ DONE ][39m [1mimport[22m
2026-10-07T21:08:59.2370690Z [0m
2026-10-07T21:08:59.2386024Z [  93% ] [90m[1mreimport[22m | archive_reliquary.glb[39m[0m
2026-10-07T21:08:59.2388174Z [   0% ] [90m[1mimport[22m | Started Import Scene (104 steps)[39m[0m
2026-10-07T21:08:59.2388606Z [   0% ] [90m[1mimport[22m | Importing Scene...[39m[0m
2026-10-07T21:08:59.2461351Z [   1% ] [90m[1mimport[22m | Running Custom Script...[39m[0m
2026-10-07T21:08:59.2461787Z [  99% ] [90m[1mimport[22m | Saving...[39m[0m
2026-10-07T21:08:59.2488155Z [92m[ DONE ][39m [1mimport[22m
2026-10-07T21:08:59.2488400Z [0m
2026-10-07T21:08:59.2505423Z [  93% ] [90m[1mreimport[22m | nyra-attire054.glb[39m[0m
2026-10-07T21:08:59.2507654Z [   0% ] [90m[1mimport[22m | Started Import Scene (104 steps)[39m[0m
2026-10-07T21:08:59.2508105Z [   0% ] [90m[1mimport[22m | Importing Scene...[39m[0m
2026-10-07T21:08:59.2651178Z [   1% ] [90m[1mimport[22m | Running Custom Script...[39m[0m
2026-10-07T21:08:59.2651561Z [  99% ] [90m[1mimport[22m | Saving...[39m[0m
2026-10-07T21:08:59.2696545Z [92m[ DONE ][39m [1mimport[22m
2026-10-07T21:08:59.2696810Z [0m
2026-10-07T21:08:59.2712710Z [  94% ] [90m[1mreimport[22m | staff-grip053.glb[39m[0m
2026-10-07T21:08:59.2714786Z [   0% ] [90m[1mimport[22m | Started Import Scene (104 steps)[39m[0m
2026-10-07T21:08:59.2715243Z [   0% ] [90m[1mimport[22m | Importing Scene...[39m[0m
2026-10-07T21:08:59.2792250Z [   1% ] [90m[1mimport[22m | Running Custom Script...[39m[0m
2026-10-07T21:08:59.2792631Z [  99% ] [90m[1mimport[22m | Saving...[39m[0m
2026-10-07T21:08:59.2811892Z [92m[ DONE ][39m [1mimport[22m
2026-10-07T21:08:59.2812112Z [0m
2026-10-07T21:08:59.2831825Z [  95% ] [90m[1mreimport[22m | arcanist.glb[39m[0m
2026-10-07T21:08:59.2833960Z [   0% ] [90m[1mimport[22m | Started Import Scene (104 steps)[39m[0m
2026-10-07T21:08:59.2834406Z [   0% ] [90m[1mimport[22m | Importing Scene...[39m[0m
2026-10-07T21:09:10.1683351Z [   1% ] [90m[1mimport[22m | Running Custom Script...[39m[0m
2026-10-07T21:09:10.1683845Z [  99% ] [90m[1mimport[22m | Saving...[39m[0m
2026-10-07T21:09:10.1860960Z [92m[ DONE ][39m [1mimport[22m
2026-10-07T21:09:10.1861292Z [0m
2026-10-07T21:09:10.2229601Z [  96% ] [90m[1mreimport[22m | male-clothing-native65.glb[39m[0m
2026-10-07T21:09:10.2231425Z [   0% ] [90m[1mimport[22m | Started Import Scene (104 steps)[39m[0m
2026-10-07T21:09:10.2232396Z [   0% ] [90m[1mimport[22m | Importing Scene...[39m[0m
2026-10-07T21:09:10.5384643Z [   1% ] [90m[1mimport[22m | Running Custom Script...[39m[0m
2026-10-07T21:09:10.5385148Z [  99% ] [90m[1mimport[22m | Saving...[39m[0m
2026-10-07T21:09:10.5477105Z [92m[ DONE ][39m [1mimport[22m
2026-10-07T21:09:10.5477407Z [0m
2026-10-07T21:09:10.5527013Z [  97% ] [90m[1mreimport[22m | hexer-fitted.glb[39m[0m
2026-10-07T21:09:10.5529521Z [   0% ] [90m[1mimport[22m | Started Import Scene (104 steps)[39m[0m
2026-10-07T21:09:10.5530017Z [   0% ] [90m[1mimport[22m | Importing Scene...[39m[0m
2026-10-07T21:09:10.5660066Z [   1% ] [90m[1mimport[22m | Running Custom Script...[39m[0m
2026-10-07T21:09:10.5667387Z [  99% ] [90m[1mimport[22m | Saving...[39m[0m
2026-10-07T21:09:10.5688689Z [92m[ DONE ][39m [1mimport[22m
2026-10-07T21:09:10.5688938Z [0m
2026-10-07T21:09:10.5702817Z [  98% ] [90m[1mreimport[22m | guardian_3-fitted.glb[39m[0m
2026-10-07T21:09:10.5705034Z [   0% ] [90m[1mimport[22m | Started Import Scene (104 steps)[39m[0m
2026-10-07T21:09:10.5705515Z [   0% ] [90m[1mimport[22m | Importing Scene...[39m[0m
2026-10-07T21:09:10.5736651Z [   1% ] [90m[1mimport[22m | Running Custom Script...[39m[0m
2026-10-07T21:09:10.5737046Z [  99% ] [90m[1mimport[22m | Saving...[39m[0m
2026-10-07T21:09:10.5748851Z [92m[ DONE ][39m [1mimport[22m
2026-10-07T21:09:10.5749113Z [0m
2026-10-07T21:09:10.5757813Z [  99% ] [90m[1mreimport[22m | Finalizing Asset Import...[39m[0m
2026-10-07T21:09:10.5770555Z [92m[ DONE ][39m [1mreimport[22m
2026-10-07T21:09:10.5770793Z [0m
2026-10-07T21:09:10.5771208Z [   0% ] [90m[1mreimport[22m | Started (Re)Importing Assets (115 steps)[39m[0m
2026-10-07T21:09:10.5771762Z [   0% ] [90m[1mreimport[22m | Executing post-reimport operations...[39m[0m
2026-10-07T21:09:10.5772024Z [92m[ DONE ][39m [1mreimport[22m
2026-10-07T21:09:10.5772178Z [0m
2026-10-07T21:09:10.5846634Z [   0% ] [90m[1mloading_editor_layout[22m | Started Loading editor (5 steps)[39m[0m
2026-10-07T21:09:10.5847213Z [   0% ] [90m[1mloading_editor_layout[22m | Loading editor layout...[39m[0m
2026-10-07T21:09:10.5847724Z [  16% ] [90m[1mloading_editor_layout[22m | Loading docks...[39m[0m
2026-10-07T21:09:10.5847993Z [92m[ DONE ][39m [1mloading_editor_layout[22m
2026-10-07T21:09:10.5848159Z [0m
2026-10-07T21:09:13.2298158Z cannot connect to daemon at tcp:5037: Connection refused
2026-10-07T21:09:13.8728373Z Godot Engine v4.7.2.stable.official.ed1daf0bf - https://godotengine.org
2026-10-07T21:09:13.8926823Z 
2026-10-07T21:09:17.2247684Z PASS: Vowkeeper: frame rate and skipping produce identical combat
2026-10-07T21:09:17.2248228Z PASS: Vowkeeper: defeats six varied packs and boss
2026-10-07T21:09:17.2251125Z PASS: Vowkeeper: uses abilities and reacts when actually threatened
2026-10-07T21:09:17.5814051Z PASS: Vowkeeper: first floor starts in a live encounter
2026-10-07T21:09:17.5814607Z PASS: Vowkeeper: signature lands during the first second
2026-10-07T21:09:17.5970287Z PASS: Vowkeeper: pause freezes simulation and world
2026-10-07T21:10:01.3648828Z PASS: Vowkeeper: live run reaches victory and loot
2026-10-07T21:10:01.3649144Z PASS: Vowkeeper: live and skipped result exactly match
2026-10-07T21:10:01.3649377Z PASS: Vowkeeper: unlock and gear awarded once
2026-10-07T21:10:02.3134095Z PASS: Arcanist: frame rate and skipping produce identical combat
2026-10-07T21:10:02.3134636Z PASS: Arcanist: defeats six varied packs and boss
2026-10-07T21:10:02.3138497Z PASS: Arcanist: uses abilities and reacts when actually threatened
2026-10-07T21:10:02.6646510Z PASS: Arcanist: first floor starts in a live encounter
2026-10-07T21:10:02.6647002Z PASS: Arcanist: signature lands during the first second
2026-10-07T21:10:02.6779498Z PASS: Arcanist: pause freezes simulation and world
2026-10-07T21:10:35.0223220Z PASS: Arcanist: live run reaches victory and loot
2026-10-07T21:10:35.0223926Z PASS: Arcanist: live and skipped result exactly match
2026-10-07T21:10:35.0224284Z PASS: Arcanist: unlock and gear awarded once
2026-10-07T21:10:36.1469279Z PASS: Ranger: frame rate and skipping produce identical combat
2026-10-07T21:10:36.1469782Z PASS: Ranger: defeats six varied packs and boss
2026-10-07T21:10:36.1473075Z PASS: Ranger: uses abilities and reacts when actually threatened
2026-10-07T21:10:36.4677035Z PASS: Ranger: first floor starts in a live encounter
2026-10-07T21:10:36.4677520Z PASS: Ranger: signature lands during the first second
2026-10-07T21:10:36.4814813Z PASS: Ranger: pause freezes simulation and world
2026-10-07T21:11:12.1387700Z PASS: Ranger: live run reaches victory and loot
2026-10-07T21:11:12.1389345Z PASS: Ranger: live and skipped result exactly match
2026-10-07T21:11:12.1389721Z PASS: Ranger: unlock and gear awarded once
2026-10-07T21:11:13.2040259Z PASS: Ranger prioritizes the enemy caster when the pack contains one
2026-10-07T21:11:13.2097721Z PASS: Vowkeeper: similar targets vary across run seeds
2026-10-07T21:11:13.2156641Z PASS: Arcanist: similar targets vary across run seeds
2026-10-07T21:11:13.2215484Z PASS: Ranger: similar targets vary across run seeds
2026-10-07T21:11:13.2215883Z PASS: the same seed replays the same target choice and RNG state
2026-10-07T21:11:13.2216302Z PASS: the hero keeps its selected target throughout attack cooldown
2026-10-07T21:11:13.2222489Z PASS: Arcanist Nova damages multiple members of a pack
2026-10-07T21:11:13.2225346Z PASS: Vowkeeper Guard reduces actual incoming damage
2026-10-07T21:11:13.2247793Z PASS: insufficient gear cannot randomly clear an impossible floor
2026-10-07T21:11:13.2504064Z PASS: offline pattern cache is equivalent to a full simulation
2026-10-07T21:11:13.2504512Z PASS: repeated combat patterns retain independent loot seeds
2026-10-07T21:11:13.2720577Z PASS: abilities cannot be cast without sufficient mana
2026-10-07T21:11:13.3066439Z PASS: stronger weapon clears faster with more remaining health
2026-10-07T21:11:14.8887577Z PASS: skip also works while paused
2026-10-07T21:11:14.8887992Z PASS: completed run cannot award rewards twice
2026-10-07T21:11:17.3852367Z PASS: auto repeat starts the same farm floor after collecting loot
2026-10-07T21:11:17.4212384Z PASS: auto repeat stops on defeat
2026-10-07T21:11:22.9557111Z PASS: short interruption preserves the live world
2026-10-07T21:11:22.9557657Z PASS: short background time advances the same expedition exactly once
2026-10-07T21:11:22.9560866Z PASS: current expedition checkpoint can be restored
2026-10-07T21:11:23.1442323Z PASS: completed offline expeditions return to the report
2026-10-07T21:11:23.1442781Z PASS: AFK counts use actual simulated durations
2026-10-07T21:11:23.1443157Z PASS: AFK leaves the exact unused time remainder
2026-10-07T21:11:23.1443590Z PASS: AFK repeats the selected floor without runaway progression
2026-10-07T21:11:23.1444022Z PASS: duplicate resume cannot duplicate AFK rewards
2026-10-07T21:11:23.3032298Z PASS: farm selector cannot access uncleared higher floors
2026-10-07T21:11:26.9946059Z 24H AFK benchmark ms=3691
2026-10-07T21:11:26.9946488Z PASS: long AFK sessions respect bag limit and sell overflow
2026-10-07T21:11:26.9965800Z PASS: farm cursor and pending rewards survive save/load
2026-10-07T21:11:27.0402449Z DUNGEON SMOKE: 55 checks, 0 failures
2026-10-07T21:11:27.1589027Z Godot Engine v4.7.2.stable.official.ed1daf0bf - https://godotengine.org
2026-10-07T21:11:27.1847228Z 
2026-10-07T21:11:29.7491715Z PASS: new profiles receive an in-range personal dungeon seed
2026-10-07T21:11:29.7492104Z PASS: personal dungeon seed produces a stable sequence of distinct runs
2026-10-07T21:11:30.0445752Z PASS: profile seed and run sequence survive a cold launch
2026-10-07T21:11:30.3437359Z PASS: separate new profiles start on independent dungeon sequences
2026-10-07T21:11:30.3552810Z PASS: pre-seed profile fixture is stored
2026-10-07T21:11:30.6365458Z PASS: older saves get one persisted dungeon seed when loaded
2026-10-07T21:11:30.9313412Z PASS: new expeditions share their route with the 256-pattern AFK cache
2026-10-07T21:11:30.9314407Z PASS: new expeditions use seed-bound exploration routes with optional side passages
2026-10-07T21:11:30.9316848Z PASS: active version-2 checkpoints keep their original S-bend route
2026-10-07T21:11:30.9320297Z PASS: active version-1 checkpoints keep their original passage shape
2026-10-07T21:11:30.9331326Z PASS: older active checkpoints retain their full-seed passage route
2026-10-07T21:11:30.9349305Z PASS: Vowkeeper 1.37s: serialized checkpoint is bit-exact
2026-10-07T21:11:30.9612130Z PASS: Vowkeeper 1.37s: restart preserves outcome and RNG
2026-10-07T21:11:30.9631848Z PASS: Vowkeeper 3.10s: serialized checkpoint is bit-exact
2026-10-07T21:11:30.9893854Z PASS: Vowkeeper 3.10s: restart preserves outcome and RNG
2026-10-07T21:11:30.9921979Z PASS: Vowkeeper 12.25s: serialized checkpoint is bit-exact
2026-10-07T21:11:31.0176745Z PASS: Vowkeeper 12.25s: restart preserves outcome and RNG
2026-10-07T21:11:31.0222897Z PASS: Vowkeeper 29.05s: serialized checkpoint is bit-exact
2026-10-07T21:11:31.0437419Z PASS: Vowkeeper 29.05s: restart preserves outcome and RNG
2026-10-07T21:11:31.0516434Z PASS: Vowkeeper 48.15s: serialized checkpoint is bit-exact
2026-10-07T21:11:31.0663910Z PASS: Vowkeeper 48.15s: restart preserves outcome and RNG
2026-10-07T21:11:31.0752426Z PASS: Vowkeeper 60.03s: serialized checkpoint is bit-exact
2026-10-07T21:11:31.0875423Z PASS: Vowkeeper 60.03s: restart preserves outcome and RNG
2026-10-07T21:11:31.0891141Z PASS: Arcanist 1.37s: serialized checkpoint is bit-exact
2026-10-07T21:11:31.1202621Z PASS: Arcanist 1.37s: restart preserves outcome and RNG
2026-10-07T21:11:31.1219852Z PASS: Arcanist 3.10s: serialized checkpoint is bit-exact
2026-10-07T21:11:31.1521071Z PASS: Arcanist 3.10s: restart preserves outcome and RNG
2026-10-07T21:11:31.1546702Z PASS: Arcanist 12.25s: serialized checkpoint is bit-exact
2026-10-07T21:11:31.1829477Z PASS: Arcanist 12.25s: restart preserves outcome and RNG
2026-10-07T21:11:31.1875525Z PASS: Arcanist 29.05s: serialized checkpoint is bit-exact
2026-10-07T21:11:31.2114848Z PASS: Arcanist 29.05s: restart preserves outcome and RNG
2026-10-07T21:11:31.2192330Z PASS: Arcanist 48.15s: serialized checkpoint is bit-exact
2026-10-07T21:11:31.2369055Z PASS: Arcanist 48.15s: restart preserves outcome and RNG
2026-10-07T21:11:31.2466681Z PASS: Arcanist 60.03s: serialized checkpoint is bit-exact
2026-10-07T21:11:31.2604348Z PASS: Arcanist 60.03s: restart preserves outcome and RNG
2026-10-07T21:11:31.2621209Z PASS: Ranger 1.37s: serialized checkpoint is bit-exact
2026-10-07T21:11:31.2847630Z PASS: Ranger 1.37s: restart preserves outcome and RNG
2026-10-07T21:11:31.2865545Z PASS: Ranger 3.10s: serialized checkpoint is bit-exact
2026-10-07T21:11:31.3086144Z PASS: Ranger 3.10s: restart preserves outcome and RNG
2026-10-07T21:11:31.3113751Z PASS: Ranger 12.25s: serialized checkpoint is bit-exact
2026-10-07T21:11:31.3310118Z PASS: Ranger 12.25s: restart preserves outcome and RNG
2026-10-07T21:11:31.3353416Z PASS: Ranger 29.05s: serialized checkpoint is bit-exact
2026-10-07T21:11:31.3519158Z PASS: Ranger 29.05s: restart preserves outcome and RNG
2026-10-07T21:11:31.3592354Z PASS: Ranger 48.15s: serialized checkpoint is bit-exact
2026-10-07T21:11:31.3703478Z PASS: Ranger 48.15s: restart preserves outcome and RNG
2026-10-07T21:11:31.3784406Z PASS: Ranger 60.03s: serialized checkpoint is bit-exact
2026-10-07T21:11:31.3876957Z PASS: Ranger 60.03s: restart preserves outcome and RNG
2026-10-07T21:11:31.3894495Z PASS: snapshot owns a deep copy
2026-10-07T21:11:31.3898626Z PASS: valid state restores
2026-10-07T21:11:31.3901370Z PASS: missing enemy health rejected without changing live state
2026-10-07T21:11:31.3902075Z PASS: invalid room rejected
2026-10-07T21:11:31.3903224Z PASS: non-finite position rejected
2026-10-07T21:11:31.3903928Z PASS: future checkpoint version rejected
2026-10-07T21:11:31.3904309Z PASS: unset target cannot select an enemy through a negative index
2026-10-07T21:11:32.5368613Z PASS: backup code exports the personal dungeon sequence with the hero and resumable expedition
2026-10-07T21:11:32.5375962Z PASS: older backup codes remain valid without the personal dungeon seed
2026-10-07T21:11:32.5379091Z PASS: backup checksum rejects an altered code
2026-10-07T21:11:32.6828020Z PASS: valid backup restores into the local store
2026-10-07T21:11:32.6828461Z PASS: restoring preserves the previous local save as a recovery copy
2026-10-07T21:11:32.6842079Z PASS: imported backup restores hero data and the exact paused expedition
2026-10-07T21:11:32.6842787Z PASS: invalid backup leaves current progress unchanged
2026-10-07T21:11:32.6858712Z PASS: undo restores the previous on-device save
2026-10-07T21:11:32.6861947Z PASS: undo recovers the previous hero state
2026-10-07T21:11:32.7095699Z PASS: new player has no recovery error
2026-10-07T21:11:32.7101019Z PASS: first generation saves
2026-10-07T21:11:32.7102823Z PASS: second generation saves
2026-10-07T21:11:32.7105916Z PASS: third generation replaces only the older slot
2026-10-07T21:11:32.7107322Z PASS: newest valid generation loads
2026-10-07T21:11:32.7108756Z PASS: interrupted temporary write is ignored
2026-10-07T21:11:32.7112602Z PASS: checksum failure recovers previous generation with visible notice
2026-10-07T21:11:32.7117353Z PASS: recovery repairs damaged slot while retaining backup
2026-10-07T21:11:32.7120449Z ERROR: ConfigFile parse error at <string>:0: Unexpected EOF while parsing simple tag.
2026-10-07T21:11:32.7120964Z    at: _parse (core/io/config_file.cpp:293)
2026-10-07T21:11:32.7121321Z    GDScript backtrace (most recent call first):
2026-10-07T21:11:32.7121680Z        [0] _read_slot (res://scripts/save_store.gd:137)
2026-10-07T21:11:32.7122037Z        [1] load_save (res://scripts/save_store.gd:158)
2026-10-07T21:11:32.7122414Z        [2] run_checks (res://tests/persistence_smoke.gd:176)
2026-10-07T21:11:32.7122908Z ERROR: ConfigFile parse error at <string>:0: Unexpected EOF while parsing simple tag.
2026-10-07T21:11:32.7123339Z    at: _parse (core/io/config_file.cpp:293)
2026-10-07T21:11:32.7123665Z    GDScript backtrace (most recent call first):
2026-10-07T21:11:32.7124015Z        [0] _read_slot (res://scripts/save_store.gd:137)
2026-10-07T21:11:32.7124364Z        [1] load_save (res://scripts/save_store.gd:158)
2026-10-07T21:11:32.7124731Z        [2] run_checks (res://tests/persistence_smoke.gd:176)
2026-10-07T21:11:32.7125148Z PASS: two corrupt generations are preserved, never overwritten
2026-10-07T21:11:32.7125745Z PASS: future-format save prevents accidental downgrade writes
2026-10-07T21:11:32.7126128Z PASS: downgrade cannot overwrite future save
2026-10-07T21:11:32.7127952Z PASS: legacy player migrates into validated slots
2026-10-07T21:11:32.7128309Z PASS: migration preserves original legacy file
2026-10-07T21:11:32.7128627Z PASS: unwritable destination reports failure
2026-10-07T21:11:34.5139133Z PASS: cold launch restores paused and repeat controls
2026-10-07T21:11:34.5139671Z PASS: cold launch restores exact fight state
2026-10-07T21:11:34.5140103Z PASS: restored camera world starts at the hero's saved position
2026-10-07T21:11:34.5140785Z PASS: paused hero earns no parallel offline expeditions
2026-10-07T21:11:34.5190492Z PASS: background catch-up advances the current run without duplicate farming
2026-10-07T21:11:35.2561529Z PASS: active run survives process death with repeat state
2026-10-07T21:11:35.9928093Z PASS: one real second between save and launch is accounted exactly
2026-10-07T21:11:36.0156579Z PASS: long absence settles current run and remaining AFK time
2026-10-07T21:11:36.3453926Z PASS: restart cannot settle the completed run twice
2026-10-07T21:11:36.4823068Z PASS: claim transfers pending gold once
2026-10-07T21:11:36.9076655Z PASS: claimed offline rewards cannot be claimed again after restart
2026-10-07T21:11:36.9223321Z PASS: clock rollback does not move the accounting watermark backwards
2026-10-07T21:11:36.9663965Z PERSISTENCE SMOKE: 89 checks, 0 failures
2026-10-07T21:11:37.0861365Z Godot Engine v4.7.2.stable.official.ed1daf0bf - https://godotengine.org
2026-10-07T21:11:37.1071113Z 
2026-10-07T21:11:39.8650759Z PASS: online options render the active fellowship status
2026-10-07T21:11:39.8651330Z PASS: online options render the separate server-owned test profile and AFK report
2026-10-07T21:11:39.8651936Z PASS: server profile exposes bounded farm controls and explains its separation from local gameplay
2026-10-07T21:11:39.8652544Z PASS: server profile exposes validated class, attribute, temper, equip and sell actions
2026-10-07T21:11:39.8653454Z PASS: fellowship roster renders server member names
2026-10-07T21:11:39.8653898Z PASS: chat, send, and leave controls are present with the message limit
2026-10-07T21:11:39.8654374Z PASS: persistent chat has a bounded, scrollable landscape panel
2026-10-07T21:11:39.8654801Z PASS: recent group messages render in the chat history
2026-10-07T21:11:39.8676813Z PASS: live chat updates status and message list without rebuilding the panel
2026-10-07T21:11:39.8677364Z PASS: server progression status updates live without rebuilding options
2026-10-07T21:11:39.8826634Z PASS: unaffiliated players can create, search, and join open fellowships
2026-10-07T21:11:39.8904344Z FELLOWSHIP UI SMOKE: 11 checks, 0 failures
2026-10-07T21:11:40.0218613Z ##[group]Run XDG_DATA_HOME="$RUNNER_TEMP/emberfall-combat-movement-data" timeout 120s godot --headless --path . --fixed-fps 60 --script tests/combat_movement_smoke.gd
2026-10-07T21:11:40.0219243Z [36;1mXDG_DATA_HOME="$RUNNER_TEMP/emberfall-combat-movement-data" timeout 120s godot --headless --path . --fixed-fps 60 --script tests/combat_movement_smoke.gd[0m
2026-10-07T21:11:40.0272137Z shell: /usr/bin/bash -e {0}
2026-10-07T21:11:40.0272278Z env:
2026-10-07T21:11:40.0272449Z   JAVA_HOME: /opt/hostedtoolcache/Java_Temurin-Hotspot_jdk/17.0.20-1/x64
2026-10-07T21:11:40.0272719Z   JAVA_HOME_17_X64: /opt/hostedtoolcache/Java_Temurin-Hotspot_jdk/17.0.20-1/x64
2026-10-07T21:11:40.0272925Z   MAVEN_ARGS: -ntp
2026-10-07T21:11:40.0273054Z   ANDROID_HOME: /usr/local/lib/android/sdk
2026-10-07T21:11:40.0273236Z   ANDROID_SDK_ROOT: /usr/local/lib/android/sdk
2026-10-07T21:11:40.0273391Z ##[endgroup]
2026-10-07T21:11:40.0483907Z Godot Engine v4.7.2.stable.official.ed1daf0bf - https://godotengine.org
2026-10-07T21:11:40.0686753Z 
2026-10-07T21:11:42.3079313Z PASS: Vowkeeper takes seed-varied steps while staying in melee range
2026-10-07T21:11:42.3079867Z PASS: Arcanist shifts firing positions across run seeds
2026-10-07T21:11:42.3080294Z PASS: Ranger shifts firing positions across run seeds
2026-10-07T21:11:42.3080747Z PASS: every step in the reposition path stays inside the chamber
2026-10-07T21:11:42.3081255Z PASS: repositioning preserves melee and ranged attack distances
2026-10-07T21:11:42.3081764Z PASS: the same class and run seed reproduce the same step and RNG state
2026-10-07T21:11:42.3082289Z PASS: saved movement resumes with the same destination and combat state
2026-10-07T21:11:42.3090357Z PASS: a ready basic attack fires without waiting for a pending reposition
2026-10-07T21:11:42.3090815Z COMBAT MOVEMENT SMOKE: 8 checks, 0 failures
2026-10-07T21:11:42.4220640Z ##[group]Run XDG_DATA_HOME="$RUNNER_TEMP/emberfall-beta-flow-data" timeout 300s godot --headless --path . --fixed-fps 60 --script tests/beta_flow_smoke.gd
2026-10-07T21:11:42.4221385Z [36;1mXDG_DATA_HOME="$RUNNER_TEMP/emberfall-beta-flow-data" timeout 300s godot --headless --path . --fixed-fps 60 --script tests/beta_flow_smoke.gd[0m
2026-10-07T21:11:42.4274122Z shell: /usr/bin/bash -e {0}
2026-10-07T21:11:42.4274259Z env:
2026-10-07T21:11:42.4274426Z   JAVA_HOME: /opt/hostedtoolcache/Java_Temurin-Hotspot_jdk/17.0.20-1/x64
2026-10-07T21:11:42.4274692Z   JAVA_HOME_17_X64: /opt/hostedtoolcache/Java_Temurin-Hotspot_jdk/17.0.20-1/x64
2026-10-07T21:11:42.4274896Z   MAVEN_ARGS: -ntp
2026-10-07T21:11:42.4275027Z   ANDROID_HOME: /usr/local/lib/android/sdk
2026-10-07T21:11:42.4275196Z   ANDROID_SDK_ROOT: /usr/local/lib/android/sdk
2026-10-07T21:11:42.4275466Z ##[endgroup]
2026-10-07T21:11:42.4484150Z Godot Engine v4.7.2.stable.official.ed1daf0bf - https://godotengine.org
2026-10-07T21:11:42.4682861Z 
2026-10-07T21:12:04.7606084Z BETA FLOW SMOKE: 46 checks, 0 failures
2026-10-07T21:12:04.8091706Z ##[group]Run XDG_DATA_HOME="$RUNNER_TEMP/emberfall-combat-stances-data" timeout 120s godot --headless --path . --fixed-fps 60 --script tests/combat_stances_smoke.gd
2026-10-07T21:12:04.8092371Z [36;1mXDG_DATA_HOME="$RUNNER_TEMP/emberfall-combat-stances-data" timeout 120s godot --headless --path . --fixed-fps 60 --script tests/combat_stances_smoke.gd[0m
2026-10-07T21:12:04.8145895Z shell: /usr/bin/bash -e {0}
2026-10-07T21:12:04.8146036Z env:
2026-10-07T21:12:04.8146207Z   JAVA_HOME: /opt/hostedtoolcache/Java_Temurin-Hotspot_jdk/17.0.20-1/x64
2026-10-07T21:12:04.8146478Z   JAVA_HOME_17_X64: /opt/hostedtoolcache/Java_Temurin-Hotspot_jdk/17.0.20-1/x64
2026-10-07T21:12:04.8146686Z   MAVEN_ARGS: -ntp
2026-10-07T21:12:04.8146820Z   ANDROID_HOME: /usr/local/lib/android/sdk
2026-10-07T21:12:04.8146988Z   ANDROID_SDK_ROOT: /usr/local/lib/android/sdk
2026-10-07T21:12:04.8147160Z ##[endgroup]
2026-10-07T21:12:04.8361493Z Godot Engine v4.7.2.stable.official.ed1daf0bf - https://godotengine.org
2026-10-07T21:12:04.8563305Z 
2026-10-07T21:12:08.2206612Z COMBAT STANCES SMOKE: 140 checks, 0 failures
2026-10-07T21:12:08.3262903Z ##[group]Run XDG_DATA_HOME="$RUNNER_TEMP/emberfall-recovery-data" timeout 120s godot --headless --path . --script tests/recovery_smoke.gd
2026-10-07T21:12:08.3263747Z [36;1mXDG_DATA_HOME="$RUNNER_TEMP/emberfall-recovery-data" timeout 120s godot --headless --path . --script tests/recovery_smoke.gd[0m
2026-10-07T21:12:08.3323826Z shell: /usr/bin/bash -e {0}
2026-10-07T21:12:08.3323980Z env:
2026-10-07T21:12:08.3324157Z   JAVA_HOME: /opt/hostedtoolcache/Java_Temurin-Hotspot_jdk/17.0.20-1/x64
2026-10-07T21:12:08.3324432Z   JAVA_HOME_17_X64: /opt/hostedtoolcache/Java_Temurin-Hotspot_jdk/17.0.20-1/x64
2026-10-07T21:12:08.3324642Z   MAVEN_ARGS: -ntp
2026-10-07T21:12:08.3324777Z   ANDROID_HOME: /usr/local/lib/android/sdk
2026-10-07T21:12:08.3324959Z   ANDROID_SDK_ROOT: /usr/local/lib/android/sdk
2026-10-07T21:12:08.3325120Z ##[endgroup]
2026-10-07T21:12:08.3533848Z Godot Engine v4.7.2.stable.official.ed1daf0bf - https://godotengine.org
2026-10-07T21:12:08.3755008Z 
2026-10-07T21:12:10.5801169Z RECOVERY SMOKE: 48 checks, 0 failures
2026-10-07T21:12:10.6372950Z ##[group]Run node --check server/modules/emberfall.js
2026-10-07T21:12:10.6373200Z [36;1mnode --check server/modules/emberfall.js[0m
2026-10-07T21:12:10.6373396Z [36;1mnode tests/progression_runtime_test.js[0m
2026-10-07T21:12:10.6427341Z shell: /usr/bin/bash -e {0}
2026-10-07T21:12:10.6427489Z env:
2026-10-07T21:12:10.6427663Z   JAVA_HOME: /opt/hostedtoolcache/Java_Temurin-Hotspot_jdk/17.0.20-1/x64
2026-10-07T21:12:10.6427934Z   JAVA_HOME_17_X64: /opt/hostedtoolcache/Java_Temurin-Hotspot_jdk/17.0.20-1/x64
2026-10-07T21:12:10.6428146Z   MAVEN_ARGS: -ntp
2026-10-07T21:12:10.6428275Z   ANDROID_HOME: /usr/local/lib/android/sdk
2026-10-07T21:12:10.6428443Z   ANDROID_SDK_ROOT: /usr/local/lib/android/sdk
2026-10-07T21:12:10.6428615Z ##[endgroup]
2026-10-07T21:12:10.8974047Z PROGRESSION RUNTIME: server-owned profile, bounded AFK settlement, allowlists, inventory and replay protection passed.
2026-10-07T21:12:10.9078891Z ##[group]Run python3 scripts/check_play_release.py
2026-10-07T21:12:10.9079276Z [36;1mpython3 scripts/check_play_release.py[0m
2026-10-07T21:12:10.9079646Z [36;1mpython3 -m unittest discover -s tests -p 'test_android*.py' -v[0m
2026-10-07T21:12:10.9151251Z shell: /usr/bin/bash -e {0}
2026-10-07T21:12:10.9151498Z env:
2026-10-07T21:12:10.9151779Z   JAVA_HOME: /opt/hostedtoolcache/Java_Temurin-Hotspot_jdk/17.0.20-1/x64
2026-10-07T21:12:10.9152237Z   JAVA_HOME_17_X64: /opt/hostedtoolcache/Java_Temurin-Hotspot_jdk/17.0.20-1/x64
2026-10-07T21:12:10.9152580Z   MAVEN_ARGS: -ntp
2026-10-07T21:12:10.9152789Z   ANDROID_HOME: /usr/local/lib/android/sdk
2026-10-07T21:12:10.9153056Z   ANDROID_SDK_ROOT: /usr/local/lib/android/sdk
2026-10-07T21:12:10.9153305Z ##[endgroup]
2026-10-07T21:12:10.9451435Z PLAY SOURCE / LISTING VERIFIED; publication gates are checked separately with --strict
2026-10-07T21:12:11.1309019Z test_complete_profile_is_measurement_with_touch_pending_and_no_release_pass (test_android_device_probe.ObserverLifecycle.test_complete_profile_is_measurement_with_touch_pending_and_no_release_pass) ... ok
2026-10-07T21:12:11.1643905Z test_live_failure_never_becomes_a_profile_pass (test_android_device_probe.ObserverLifecycle.test_live_failure_never_becomes_a_profile_pass) ... ok
2026-10-07T21:12:11.1645048Z test_all_known_emulator_signals_are_refused (test_android_device_probe.ProbeContracts.test_all_known_emulator_signals_are_refused) ... ok
2026-10-07T21:12:11.1647940Z test_android_service_parsers_preserve_units_and_missing_data (test_android_device_probe.ProbeContracts.test_android_service_parsers_preserve_units_and_missing_data) ... ok
2026-10-07T21:12:11.1653609Z test_fixture_requires_all_distinct_cases_matching_apk_and_real_time (test_android_device_probe.ProbeContracts.test_fixture_requires_all_distinct_cases_matching_apk_and_real_time) ... ok
2026-10-07T21:12:11.1654832Z test_identity_is_bounded_and_does_not_store_raw_serial (test_android_device_probe.ProbeContracts.test_identity_is_bounded_and_does_not_store_raw_serial) ... ok
2026-10-07T21:12:11.1670856Z test_manifest_gate_refuses_shipping_or_online_or_nondebuggable_apks (test_android_device_probe.ProbeContracts.test_manifest_gate_refuses_shipping_or_online_or_nondebuggable_apks) ... ok
2026-10-07T21:12:11.1677643Z test_missing_adb_is_explicit_unavailable_not_a_measurement (test_android_device_probe.ProbeContracts.test_missing_adb_is_explicit_unavailable_not_a_measurement) ... ok
2026-10-07T21:12:11.1678905Z test_process_cpu_stat_accepts_names_with_spaces_and_parentheses (test_android_device_probe.ProbeContracts.test_process_cpu_stat_accepts_names_with_spaces_and_parentheses) ... ok
2026-10-07T21:12:11.1680237Z test_subprocess_target_is_selected_without_a_host_shell (test_android_device_probe.ProbeContracts.test_subprocess_target_is_selected_without_a_host_shell) ... ok
2026-10-07T21:12:11.1681496Z test_target_selection_never_implicitly_chooses_among_multiple_devices (test_android_device_probe.ProbeContracts.test_target_selection_never_implicitly_chooses_among_multiple_devices) ... ok
2026-10-07T21:12:11.1684966Z test_unavailable_optional_services_do_not_hide_other_samples (test_android_device_probe.ProbeContracts.test_unavailable_optional_services_do_not_hide_other_samples) ... ok
2026-10-07T21:12:11.1686417Z test_usb_charging_or_missing_power_state_never_claims_battery_drain (test_android_device_probe.ProbeContracts.test_usb_charging_or_missing_power_state_never_claims_battery_drain) ... ok
2026-10-07T21:12:11.1687678Z test_complete_bound_native_scene_receipt_passes (test_android_release.AndroidNativeArtReportChecks.test_complete_bound_native_scene_receipt_passes) ... ok
2026-10-07T21:12:11.1688914Z test_duplicate_or_missing_scenarios_are_rejected (test_android_release.AndroidNativeArtReportChecks.test_duplicate_or_missing_scenarios_are_rejected) ... ok
2026-10-07T21:12:11.1690611Z test_missing_native_clip_binding_anatomy_or_visible_geometry_fails (test_android_release.AndroidNativeArtReportChecks.test_missing_native_clip_binding_anatomy_or_visible_geometry_fails) ... ok
2026-10-07T21:12:11.1691436Z test_old_hidden_proxy_receipt_cannot_pass (test_android_release.AndroidNativeArtReportChecks.test_old_hidden_proxy_receipt_cannot_pass) ... ok
2026-10-07T21:12:11.1692624Z test_original_motion_sampling_and_progress_thresholds_are_required (test_android_release.AndroidNativeArtReportChecks.test_original_motion_sampling_and_progress_thresholds_are_required) ... ok
2026-10-07T21:12:11.1719086Z test_activity_error_with_zero_adb_exit_fails_before_waiting (test_android_release.AndroidRuntimeChecks.test_activity_error_with_zero_adb_exit_fails_before_waiting) ... ok
2026-10-07T21:12:11.1748028Z test_evidence_write_errors_do_not_replace_original_process_failure (test_android_release.AndroidRuntimeChecks.test_evidence_write_errors_do_not_replace_original_process_failure) ... ok
2026-10-07T21:12:11.1792419Z test_live_process_start_grace_and_both_markers_pass (test_android_release.AndroidRuntimeChecks.test_live_process_start_grace_and_both_markers_pass) ... ok
2026-10-07T21:12:11.1826845Z test_live_process_without_marker_still_times_out_at_original_deadline (test_android_release.AndroidRuntimeChecks.test_live_process_without_marker_still_times_out_at_original_deadline) ... ok
2026-10-07T21:12:11.1848006Z test_missing_device_preserves_original_failure_and_other_diagnostics (test_android_release.AndroidRuntimeChecks.test_missing_device_preserves_original_failure_and_other_diagnostics) ... ok
2026-10-07T21:12:11.1881020Z test_observed_process_loss_fails_even_if_a_marker_was_buffered (test_android_release.AndroidRuntimeChecks.test_observed_process_loss_fails_even_if_a_marker_was_buffered) ... ok
2026-10-07T21:12:11.1952699Z test_pidof_absence_during_grace_is_not_a_transport_error (test_android_release.AndroidRuntimeChecks.test_pidof_absence_during_grace_is_not_a_transport_error) ... ok
2026-10-07T21:12:11.1980459Z test_runtime_error_precedes_marker_success (test_android_release.AndroidRuntimeChecks.test_runtime_error_precedes_marker_success) ... ok
2026-10-07T21:12:11.2016771Z test_unrequested_process_restart_does_not_pass_from_old_marker (test_android_release.AndroidRuntimeChecks.test_unrequested_process_restart_does_not_pass_from_old_marker) ... ok
2026-10-07T21:12:11.2091128Z test_all_four_packages_share_one_import_and_use_their_actual_scene_architecture (test_android_release.QaExportChecks.test_all_four_packages_share_one_import_and_use_their_actual_scene_architecture) ... ok
2026-10-07T21:12:11.2216794Z test_crash_and_zero_exit_import_errors_stop_before_export_without_retry (test_android_release.QaExportChecks.test_crash_and_zero_exit_import_errors_stop_before_export_without_retry) ... ok
2026-10-07T21:12:11.2254549Z test_existing_editor_section_keeps_other_settings (test_android_release.QaExportChecks.test_existing_editor_section_keeps_other_settings) ... ok
2026-10-07T21:12:11.2300840Z test_export_error_stops_remaining_packages (test_android_release.QaExportChecks.test_export_error_stops_remaining_packages) ... ok
2026-10-07T21:12:11.2348179Z test_export_success_without_artifact_fails (test_android_release.QaExportChecks.test_export_success_without_artifact_fails) ... ok
2026-10-07T21:12:11.2391606Z test_qa_preserves_runtime_json_licences_and_offline_filter (test_android_release.QaExportChecks.test_qa_preserves_runtime_json_licences_and_offline_filter) ... ok
2026-10-07T21:12:11.2445895Z test_serial_import_isolated_from_shipping_settings_and_assets (test_android_release.QaExportChecks.test_serial_import_isolated_from_shipping_settings_and_assets) ... ok
2026-10-07T21:12:11.2446837Z test_16kb_segment_passes (test_android_release.ReleaseChecks.test_16kb_segment_passes) ... ok
2026-10-07T21:12:11.2447628Z test_4kb_and_misaligned_segments_fail (test_android_release.ReleaseChecks.test_4kb_and_misaligned_segments_fail) ... ok
2026-10-07T21:12:11.2455396Z test_current_release_identity_and_store_limits (test_android_release.ReleaseChecks.test_current_release_identity_and_store_limits) ... ok
2026-10-07T21:12:11.2460599Z test_missing_arm64_library_fails (test_android_release.ReleaseChecks.test_missing_arm64_library_fails) ... ok
2026-10-07T21:12:11.2484808Z test_missing_publication_details_never_report_ready (test_android_release.ReleaseChecks.test_missing_publication_details_never_report_ready) ... ok
2026-10-07T21:12:11.2485484Z 
2026-10-07T21:12:11.2485711Z ----------------------------------------------------------------------
2026-10-07T21:12:11.2486049Z Ran 39 tests in 0.121s
2026-10-07T21:12:11.2486171Z 
2026-10-07T21:12:11.2486247Z OK
2026-10-07T21:12:11.2486969Z {"status": "measured_touch_pending", "report": "/tmp/tmp6rnwgmyx/output/device-profile.json", "reason": null, "physical_device_measured": true}
2026-10-07T21:12:11.2488144Z {"status": "failed", "report": "/tmp/tmpkaej7hpo/output/device-profile.json", "reason": "Activity start reported an error: Error type 3\nError: Activity does not exist", "physical_device_measured": false}
2026-10-07T21:12:11.2489661Z {"status": "failed", "report": "/tmp/tmps0igodze/output/device-profile.json", "reason": "The QA process disappeared or failed to start", "physical_device_measured": false}
2026-10-07T21:12:11.2490791Z {"status": "failed", "report": "/tmp/tmp828ze0na/output/device-profile.json", "reason": "The QA process restarted before finishing the profile", "physical_device_measured": false}
2026-10-07T21:12:11.2491887Z {"status": "failed", "report": "/tmp/tmpclgjz6bj/output/device-profile.json", "reason": "The fixture failed: missing combat", "physical_device_measured": false}
2026-10-07T21:12:11.2493074Z {"status": "failed", "report": "/tmp/tmpri2acm0c/output/device-profile.json", "reason": "The QA process reported a script/runtime/shader error; see qa-logcat.txt", "physical_device_measured": false}
2026-10-07T21:12:11.2494304Z {"status": "failed", "report": "/tmp/tmp74hy4ypz/output/device-profile.json", "reason": "Timed out without all six real-time class/quality measurements", "physical_device_measured": false}
2026-10-07T21:12:11.2495649Z {"status": "unavailable", "report": "/tmp/tmpscd298zm/device-profile.json", "reason": "adb is unavailable; no physical Android device could be inspected", "physical_device_measured": false}
2026-10-07T21:12:11.2650861Z ##[group]Run XDG_DATA_HOME="$RUNNER_TEMP/emberfall-phased-data" timeout 300s godot --headless --path . --script tests/combined_oaths_phases_smoke.gd
2026-10-07T21:12:11.2651774Z [36;1mXDG_DATA_HOME="$RUNNER_TEMP/emberfall-phased-data" timeout 300s godot --headless --path . --script tests/combined_oaths_phases_smoke.gd[0m
2026-10-07T21:12:11.2710042Z shell: /usr/bin/bash -e {0}
2026-10-07T21:12:11.2710266Z env:
2026-10-07T21:12:11.2710537Z   JAVA_HOME: /opt/hostedtoolcache/Java_Temurin-Hotspot_jdk/17.0.20-1/x64
2026-10-07T21:12:11.2710986Z   JAVA_HOME_17_X64: /opt/hostedtoolcache/Java_Temurin-Hotspot_jdk/17.0.20-1/x64
2026-10-07T21:12:11.2711324Z   MAVEN_ARGS: -ntp
2026-10-07T21:12:11.2711547Z   ANDROID_HOME: /usr/local/lib/android/sdk
2026-10-07T21:12:11.2711809Z   ANDROID_SDK_ROOT: /usr/local/lib/android/sdk
2026-10-07T21:12:11.2712054Z ##[endgroup]
2026-10-07T21:12:11.2929770Z Godot Engine v4.7.2.stable.official.ed1daf0bf - https://godotengine.org
2026-10-07T21:12:11.3132210Z 
2026-10-07T21:12:11.7066061Z PASS: original oath constructors retain exact version-one shape
2026-10-07T21:12:11.7066524Z PASS: combined oaths have one canonical order
2026-10-07T21:12:11.7066888Z PASS: combined rules expose both risks to gameplay
2026-10-07T21:12:11.7067264Z PASS: combined title and descriptions explain both oaths
2026-10-07T21:12:11.7067695Z PASS: invalid selection rejected without silently dropping keys: []
2026-10-07T21:12:11.7068184Z PASS: invalid selection rejected without silently dropping keys: ["fake"]
2026-10-07T21:12:11.7068731Z PASS: invalid selection rejected without silently dropping keys: ["unmended", "unmended"]
2026-10-07T21:12:11.7069174Z PASS: invalid selection rejected without silently dropping keys: ["unmended", "cinder", "hollow"]
2026-10-07T21:12:11.7069565Z PASS: invalid selection rejected without silently dropping keys: [1]
2026-10-07T21:12:11.7069925Z PASS: invalid selection rejected without silently dropping keys: ["unmended", <null>]
2026-10-07T21:12:11.7070322Z PASS: forged or mixed contract rejected: { "version": 2, "mode": "oath", "oaths": [] }
2026-10-07T21:12:11.7070729Z PASS: forged or mixed contract rejected: { "version": 2, "mode": "oath", "oaths": ["unmended", "unmended"] }
2026-10-07T21:12:11.7071165Z PASS: forged or mixed contract rejected: { "version": 2, "mode": "oath", "oaths": ["unmended", "cinder", "hollow"] }
2026-10-07T21:12:11.7071625Z PASS: forged or mixed contract rejected: { "version": 2, "mode": "oath", "oaths": ["cinder", "unmended"] }
2026-10-07T21:12:11.7072047Z PASS: forged or mixed contract rejected: { "version": 2, "mode": "oath", "oaths": ["unknown"] }
2026-10-07T21:12:11.7072420Z PASS: forged or mixed contract rejected: { "version": 2, "mode": "oath", "oaths": [1] }
2026-10-07T21:12:11.7073362Z PASS: forged or mixed contract rejected: { "version": 2, "mode": "oath", "oaths": ["cinder"], "bonus": 999 }
2026-10-07T21:12:11.7073942Z PASS: forged or mixed contract rejected: { "version": 1, "mode": "oath", "oath": "hollow" }
2026-10-07T21:12:11.7074341Z PASS: forged or mixed contract rejected: { "version": 2, "mode": "hunt", "oaths": ["cinder"] }
2026-10-07T21:12:11.7074794Z PASS: forged or mixed contract rejected: { "version": 2, "mode": "trial", "oaths": ["cinder"] }
2026-10-07T21:12:11.7075480Z PASS: forged or mixed contract rejected: { "version": 2.0, "mode": "oath", "oaths": ["cinder"] }
2026-10-07T21:12:11.7076025Z PASS: combined currency bonuses add and each loot benefit occurs once
2026-10-07T21:12:11.7076448Z PASS: separate trial floor and hunt slot rules retain their validation
2026-10-07T21:12:11.7076733Z PASS: Unmended Guard increases actual basic attack damage
2026-10-07T21:12:11.7076984Z PASS: Unmended damage bonus requires active Guard
2026-10-07T21:12:11.7077258Z PASS: Unmended charges Bellwarden's Memory faster with the original cap
2026-10-07T21:12:11.7092430Z PASS: Unmended blocks signature healing and discharges its real relic once
2026-10-07T21:12:11.7092840Z PASS: combined Unmended consumes the well without healing
2026-10-07T21:12:11.7093342Z PASS: Cinder's enemy damage risk remains an actual raw-damage rule
2026-10-07T21:12:11.7093659Z PASS: Cinder buffs signature damage and Vowkeeper stored release separately
2026-10-07T21:12:11.7094085Z PASS: Cinder buffs both real Arcanist relic jumps beyond Nova
2026-10-07T21:12:11.7094401Z PASS: Cinder buffs Ranger's single real return strike
2026-10-07T21:12:11.7094634Z PASS: Cinder increases equipped technique damage
2026-10-07T21:12:11.7094943Z PASS: Cinder's Mourning Thread synergy applies the disclosed extra critical chance
2026-10-07T21:12:11.7095405Z PASS: Hollow spends increased signature Mana and starts a genuinely shorter cooldown
2026-10-07T21:12:11.7095762Z PASS: Hollow modifies actual equipped technique cost and cooldown
2026-10-07T21:12:11.7096038Z PASS: Drowned Script mitigates Hollow technique Mana costs
2026-10-07T21:12:11.7096296Z PASS: Cinder Crown shortens Hollow technique cooldowns further
2026-10-07T21:12:11.7096579Z PASS: a new profile's optional flag cannot alter a version-one oath
2026-10-07T21:12:11.7096951Z PASS: region 0 phase 0 variant 0: real geometry validates and fits mobile zone budget
2026-10-07T21:12:11.7097426Z PASS: region 0 phase 0 variant 0: a zone contains its real damage probe
2026-10-07T21:12:11.7099154Z PASS: region 0 phase 0 variant 0: auto avoidance finds reachable walkable safe ground
2026-10-07T21:12:11.7101836Z PASS: region 0 phase 0 variant 0: automatic escape prevents actual damage at impact
2026-10-07T21:12:11.7103732Z PASS: region 0 phase 0 variant 0: committed geometry resolves one real hit
2026-10-07T21:12:11.7105866Z PASS: region 0 phase 0 variant 1: real geometry validates and fits mobile zone budget
2026-10-07T21:12:11.7108916Z PASS: region 0 phase 0 variant 1: a zone contains its real damage probe
2026-10-07T21:12:11.7111496Z PASS: region 0 phase 0 variant 1: auto avoidance finds reachable walkable safe ground
2026-10-07T21:12:11.7114888Z PASS: region 0 phase 0 variant 1: automatic escape prevents actual damage at impact
2026-10-07T21:12:11.7116849Z PASS: region 0 phase 0 variant 1: committed geometry resolves one real hit
2026-10-07T21:12:11.7117427Z PASS: region 0 phase 0: variants change threatened arena cells
2026-10-07T21:12:11.7119474Z PASS: region 0 phase 1 variant 0: real geometry validates and fits mobile zone budget
2026-10-07T21:12:11.7123936Z PASS: region 0 phase 1 variant 0: a zone contains its real damage probe
2026-10-07T21:12:11.7125570Z PASS: region 0 phase 1 variant 0: auto avoidance finds reachable walkable safe ground
2026-10-07T21:12:11.7128212Z PASS: region 0 phase 1 variant 0: automatic escape prevents actual damage at impact
2026-10-07T21:12:11.7130048Z PASS: region 0 phase 1 variant 0: committed geometry resolves one real hit
2026-10-07T21:12:11.7132213Z PASS: region 0 phase 1 variant 1: real geometry validates and fits mobile zone budget
2026-10-07T21:12:11.7135696Z PASS: region 0 phase 1 variant 1: a zone contains its real damage probe
2026-10-07T21:12:11.7137553Z PASS: region 0 phase 1 variant 1: auto avoidance finds reachable walkable safe ground
2026-10-07T21:12:11.7141230Z PASS: region 0 phase 1 variant 1: automatic escape prevents actual damage at impact
2026-10-07T21:12:11.7146245Z PASS: region 0 phase 1 variant 1: committed geometry resolves one real hit
2026-10-07T21:12:11.7146843Z PASS: region 0 phase 1: variants change threatened arena cells
2026-10-07T21:12:11.7147388Z PASS: region 0 phase 2 variant 0: real geometry validates and fits mobile zone budget
2026-10-07T21:12:11.7151004Z PASS: region 0 phase 2 variant 0: a zone contains its real damage probe
2026-10-07T21:12:11.7152341Z PASS: region 0 phase 2 variant 0: auto avoidance finds reachable walkable safe ground
2026-10-07T21:12:11.7154725Z PASS: region 0 phase 2 variant 0: automatic escape prevents actual damage at impact
2026-10-07T21:12:11.7156515Z PASS: region 0 phase 2 variant 0: committed geometry resolves one real hit
2026-10-07T21:12:11.7158429Z PASS: region 0 phase 2 variant 1: real geometry validates and fits mobile zone budget
2026-10-07T21:12:11.7162839Z PASS: region 0 phase 2 variant 1: a zone contains its real damage probe
2026-10-07T21:12:11.7163778Z PASS: region 0 phase 2 variant 1: auto avoidance finds reachable walkable safe ground
2026-10-07T21:12:11.7166173Z PASS: region 0 phase 2 variant 1: automatic escape prevents actual damage at impact
2026-10-07T21:12:11.7168208Z PASS: region 0 phase 2 variant 1: committed geometry resolves one real hit
2026-10-07T21:12:11.7168801Z PASS: region 0 phase 2: variants change threatened arena cells
2026-10-07T21:12:11.7169339Z PASS: region 0: all three health phases change actual threatened ground
2026-10-07T21:12:11.7170264Z PASS: region 0: first threshold emits one structural transition and ends old cast
2026-10-07T21:12:11.7170809Z PASS: region 0: next real attack uses phase-one geometry
2026-10-07T21:12:11.7171336Z PASS: region 0: final threshold emits a distinct transition and altered attack
2026-10-07T21:12:11.7171841Z PASS: region 0: a reached phase never announces twice
2026-10-07T21:12:11.7177915Z PASS: region 0: phase-two committed warning restores exactly
2026-10-07T21:12:11.7179829Z PASS: region 0: one large surviving hit records both crossed thresholds once
2026-10-07T21:12:11.7181771Z PASS: region 1 phase 0 variant 0: real geometry validates and fits mobile zone budget
2026-10-07T21:12:11.7184761Z PASS: region 1 phase 0 variant 0: a zone contains its real damage probe
2026-10-07T21:12:11.7186333Z PASS: region 1 phase 0 variant 0: auto avoidance finds reachable walkable safe ground
2026-10-07T21:12:11.7188893Z PASS: region 1 phase 0 variant 0: automatic escape prevents actual damage at impact
2026-10-07T21:12:11.7190679Z PASS: region 1 phase 0 variant 0: committed geometry resolves one real hit
2026-10-07T21:12:11.7192649Z PASS: region 1 phase 0 variant 1: real geometry validates and fits mobile zone budget
2026-10-07T21:12:11.7195744Z PASS: region 1 phase 0 variant 1: a zone contains its real damage probe
2026-10-07T21:12:11.7196938Z PASS: region 1 phase 0 variant 1: auto avoidance finds reachable walkable safe ground
2026-10-07T21:12:11.7199294Z PASS: region 1 phase 0 variant 1: automatic escape prevents actual damage at impact
2026-10-07T21:12:11.7201154Z PASS: region 1 phase 0 variant 1: committed geometry resolves one real hit
2026-10-07T21:12:11.7201645Z PASS: region 1 phase 0: variants change threatened arena cells
2026-10-07T21:12:11.7203595Z PASS: region 1 phase 1 variant 0: real geometry validates and fits mobile zone budget
2026-10-07T21:12:11.7207932Z PASS: region 1 phase 1 variant 0: a zone contains its real damage probe
2026-10-07T21:12:11.7209430Z PASS: region 1 phase 1 variant 0: auto avoidance finds reachable walkable safe ground
2026-10-07T21:12:11.7211909Z PASS: region 1 phase 1 variant 0: automatic escape prevents actual damage at impact
2026-10-07T21:12:11.7213780Z PASS: region 1 phase 1 variant 0: committed geometry resolves one real hit
2026-10-07T21:12:11.7215938Z PASS: region 1 phase 1 variant 1: real geometry validates and fits mobile zone budget
2026-10-07T21:12:11.7220153Z PASS: region 1 phase 1 variant 1: a zone contains its real damage probe
2026-10-07T21:12:11.7221350Z PASS: region 1 phase 1 variant 1: auto avoidance finds reachable walkable safe ground
2026-10-07T21:12:11.7223783Z PASS: region 1 phase 1 variant 1: automatic escape prevents actual damage at impact
2026-10-07T21:12:11.7225729Z PASS: region 1 phase 1 variant 1: committed geometry resolves one real hit
2026-10-07T21:12:11.7226228Z PASS: region 1 phase 1: variants change threatened arena cells
2026-10-07T21:12:11.7228307Z PASS: region 1 phase 2 variant 0: real geometry validates and fits mobile zone budget
2026-10-07T21:12:11.7232004Z PASS: region 1 phase 2 variant 0: a zone contains its real damage probe
2026-10-07T21:12:11.7233641Z PASS: region 1 phase 2 variant 0: auto avoidance finds reachable walkable safe ground
2026-10-07T21:12:11.7236253Z PASS: region 1 phase 2 variant 0: automatic escape prevents actual damage at impact
2026-10-07T21:12:11.7238270Z PASS: region 1 phase 2 variant 0: committed geometry resolves one real hit
2026-10-07T21:12:11.7240258Z PASS: region 1 phase 2 variant 1: real geometry validates and fits mobile zone budget
2026-10-07T21:12:11.7243984Z PASS: region 1 phase 2 variant 1: a zone contains its real damage probe
2026-10-07T21:12:11.7245806Z PASS: region 1 phase 2 variant 1: auto avoidance finds reachable walkable safe ground
2026-10-07T21:12:11.7248443Z PASS: region 1 phase 2 variant 1: automatic escape prevents actual damage at impact
2026-10-07T21:12:11.7250401Z PASS: region 1 phase 2 variant 1: committed geometry resolves one real hit
2026-10-07T21:12:11.7250888Z PASS: region 1 phase 2: variants change threatened arena cells
2026-10-07T21:12:11.7251374Z PASS: region 1: all three health phases change actual threatened ground
2026-10-07T21:12:11.7252790Z PASS: region 1: first threshold emits one structural transition and ends old cast
2026-10-07T21:12:11.7253279Z PASS: region 1: next real attack uses phase-one geometry
2026-10-07T21:12:11.7253767Z PASS: region 1: final threshold emits a distinct transition and altered attack
2026-10-07T21:12:11.7254223Z PASS: region 1: a reached phase never announces twice
2026-10-07T21:12:11.7259647Z PASS: region 1: phase-two committed warning restores exactly
2026-10-07T21:12:11.7261602Z PASS: region 1: one large surviving hit records both crossed thresholds once
2026-10-07T21:12:11.7263617Z PASS: region 2 phase 0 variant 0: real geometry validates and fits mobile zone budget
2026-10-07T21:12:11.7268033Z PASS: region 2 phase 0 variant 0: a zone contains its real damage probe
2026-10-07T21:12:11.7269621Z PASS: region 2 phase 0 variant 0: auto avoidance finds reachable walkable safe ground
2026-10-07T21:12:11.7272165Z PASS: region 2 phase 0 variant 0: automatic escape prevents actual damage at impact
2026-10-07T21:12:11.7273947Z PASS: region 2 phase 0 variant 0: committed geometry resolves one real hit
2026-10-07T21:12:11.7276014Z PASS: region 2 phase 0 variant 1: real geometry validates and fits mobile zone budget
2026-10-07T21:12:11.7280398Z PASS: region 2 phase 0 variant 1: a zone contains its real damage probe
2026-10-07T21:12:11.7281973Z PASS: region 2 phase 0 variant 1: auto avoidance finds reachable walkable safe ground
2026-10-07T21:12:11.7284303Z PASS: region 2 phase 0 variant 1: automatic escape prevents actual damage at impact
2026-10-07T21:12:11.7286279Z PASS: region 2 phase 0 variant 1: committed geometry resolves one real hit
2026-10-07T21:12:11.7286784Z PASS: region 2 phase 0: variants change threatened arena cells
2026-10-07T21:12:11.7288833Z PASS: region 2 phase 1 variant 0: real geometry validates and fits mobile zone budget
2026-10-07T21:12:11.7293126Z PASS: region 2 phase 1 variant 0: a zone contains its real damage probe
2026-10-07T21:12:11.7294561Z PASS: region 2 phase 1 variant 0: auto avoidance finds reachable walkable safe ground
2026-10-07T21:12:11.7297223Z PASS: region 2 phase 1 variant 0: automatic escape prevents actual damage at impact
2026-10-07T21:12:11.7299075Z PASS: region 2 phase 1 variant 0: committed geometry resolves one real hit
2026-10-07T21:12:11.7301150Z PASS: region 2 phase 1 variant 1: real geometry validates and fits mobile zone budget
2026-10-07T21:12:11.7305548Z PASS: region 2 phase 1 variant 1: a zone contains its real damage probe
2026-10-07T21:12:11.7307133Z PASS: region 2 phase 1 variant 1: auto avoidance finds reachable walkable safe ground
2026-10-07T21:12:11.7309660Z PASS: region 2 phase 1 variant 1: automatic escape prevents actual damage at impact
2026-10-07T21:12:11.7311569Z PASS: region 2 phase 1 variant 1: committed geometry resolves one real hit
2026-10-07T21:12:11.7312061Z PASS: region 2 phase 1: variants change threatened arena cells
2026-10-07T21:12:11.7313996Z PASS: region 2 phase 2 variant 0: real geometry validates and fits mobile zone budget
2026-10-07T21:12:11.7317423Z PASS: region 2 phase 2 variant 0: a zone contains its real damage probe
2026-10-07T21:12:11.7319047Z PASS: region 2 phase 2 variant 0: auto avoidance finds reachable walkable safe ground
2026-10-07T21:12:11.7321679Z PASS: region 2 phase 2 variant 0: automatic escape prevents actual damage at impact
2026-10-07T21:12:11.7323449Z PASS: region 2 phase 2 variant 0: committed geometry resolves one real hit
2026-10-07T21:12:11.7325615Z PASS: region 2 phase 2 variant 1: real geometry validates and fits mobile zone budget
2026-10-07T21:12:11.7328929Z PASS: region 2 phase 2 variant 1: a zone contains its real damage probe
2026-10-07T21:12:11.7330562Z PASS: region 2 phase 2 variant 1: auto avoidance finds reachable walkable safe ground
2026-10-07T21:12:11.7333028Z PASS: region 2 phase 2 variant 1: automatic escape prevents actual damage at impact
2026-10-07T21:12:11.7334952Z PASS: region 2 phase 2 variant 1: committed geometry resolves one real hit
2026-10-07T21:12:11.7335546Z PASS: region 2 phase 2: variants change threatened arena cells
2026-10-07T21:12:11.7336031Z PASS: region 2: all three health phases change actual threatened ground
2026-10-07T21:12:11.7337325Z PASS: region 2: first threshold emits one structural transition and ends old cast
2026-10-07T21:12:11.7337819Z PASS: region 2: next real attack uses phase-one geometry
2026-10-07T21:12:11.7338296Z PASS: region 2: final threshold emits a distinct transition and altered attack
2026-10-07T21:12:11.7338756Z PASS: region 2: a reached phase never announces twice
2026-10-07T21:12:11.7344160Z PASS: region 2: phase-two committed warning restores exactly
2026-10-07T21:12:11.7346230Z PASS: region 2: one large surviving hit records both crossed thresholds once
2026-10-07T21:12:11.7348291Z PASS: region 3 phase 0 variant 0: real geometry validates and fits mobile zone budget
2026-10-07T21:12:11.7352638Z PASS: region 3 phase 0 variant 0: a zone contains its real damage probe
2026-10-07T21:12:11.7354429Z PASS: region 3 phase 0 variant 0: auto avoidance finds reachable walkable safe ground
2026-10-07T21:12:11.7357182Z PASS: region 3 phase 0 variant 0: automatic escape prevents actual damage at impact
2026-10-07T21:12:11.7359001Z PASS: region 3 phase 0 variant 0: committed geometry resolves one real hit
2026-10-07T21:12:11.7361020Z PASS: region 3 phase 0 variant 1: real geometry validates and fits mobile zone budget
2026-10-07T21:12:11.7365233Z PASS: region 3 phase 0 variant 1: a zone contains its real damage probe
2026-10-07T21:12:11.7367030Z PASS: region 3 phase 0 variant 1: auto avoidance finds reachable walkable safe ground
2026-10-07T21:12:11.7369662Z PASS: region 3 phase 0 variant 1: automatic escape prevents actual damage at impact
2026-10-07T21:12:11.7371536Z PASS: region 3 phase 0 variant 1: committed geometry resolves one real hit
2026-10-07T21:12:11.7372029Z PASS: region 3 phase 0: variants change threatened arena cells
2026-10-07T21:12:11.7374023Z PASS: region 3 phase 1 variant 0: real geometry validates and fits mobile zone budget
2026-10-07T21:12:11.7379080Z PASS: region 3 phase 1 variant 0: a zone contains its real damage probe
2026-10-07T21:12:11.7380819Z PASS: region 3 phase 1 variant 0: auto avoidance finds reachable walkable safe ground
2026-10-07T21:12:11.7383556Z PASS: region 3 phase 1 variant 0: automatic escape prevents actual damage at impact
2026-10-07T21:12:11.7385501Z PASS: region 3 phase 1 variant 0: committed geometry resolves one real hit
2026-10-07T21:12:11.7387639Z PASS: region 3 phase 1 variant 1: real geometry validates and fits mobile zone budget
2026-10-07T21:12:11.7392667Z PASS: region 3 phase 1 variant 1: a zone contains its real damage probe
2026-10-07T21:12:11.7394464Z PASS: region 3 phase 1 variant 1: auto avoidance finds reachable walkable safe ground
2026-10-07T21:12:11.7397198Z PASS: region 3 phase 1 variant 1: automatic escape prevents actual damage at impact
2026-10-07T21:12:11.7399153Z PASS: region 3 phase 1 variant 1: committed geometry resolves one real hit
2026-10-07T21:12:11.7399650Z PASS: region 3 phase 1: variants change threatened arena cells
2026-10-07T21:12:11.7401645Z PASS: region 3 phase 2 variant 0: real geometry validates and fits mobile zone budget
2026-10-07T21:12:11.7405989Z PASS: region 3 phase 2 variant 0: a zone contains its real damage probe
2026-10-07T21:12:11.7407803Z PASS: region 3 phase 2 variant 0: auto avoidance finds reachable walkable safe ground
2026-10-07T21:12:11.7410187Z PASS: region 3 phase 2 variant 0: automatic escape prevents actual damage at impact
2026-10-07T21:12:11.7412054Z PASS: region 3 phase 2 variant 0: committed geometry resolves one real hit
2026-10-07T21:12:11.7414207Z PASS: region 3 phase 2 variant 1: real geometry validates and fits mobile zone budget
2026-10-07T21:12:11.7418589Z PASS: region 3 phase 2 variant 1: a zone contains its real damage probe
2026-10-07T21:12:11.7420293Z PASS: region 3 phase 2 variant 1: auto avoidance finds reachable walkable safe ground
2026-10-07T21:12:11.7422708Z PASS: region 3 phase 2 variant 1: automatic escape prevents actual damage at impact
2026-10-07T21:12:11.7424700Z PASS: region 3 phase 2 variant 1: committed geometry resolves one real hit
2026-10-07T21:12:11.7425198Z PASS: region 3 phase 2: variants change threatened arena cells
2026-10-07T21:12:11.7425775Z PASS: region 3: all three health phases change actual threatened ground
2026-10-07T21:12:11.7427058Z PASS: region 3: first threshold emits one structural transition and ends old cast
2026-10-07T21:12:11.7427546Z PASS: region 3: next real attack uses phase-one geometry
2026-10-07T21:12:11.7428031Z PASS: region 3: final threshold emits a distinct transition and altered attack
2026-10-07T21:12:11.7428490Z PASS: region 3: a reached phase never announces twice
2026-10-07T21:12:11.7433871Z PASS: region 3: phase-two committed warning restores exactly
2026-10-07T21:12:11.7435948Z PASS: region 3: one large surviving hit records both crossed thresholds once
2026-10-07T21:12:11.7439877Z PASS: an actual basic hit commits its crossed phase before a checkpoint can be written
2026-10-07T21:12:11.7443602Z PASS: an actual equipped-technique hit commits its structural transition immediately
2026-10-07T21:12:11.7447364Z PASS: an actual class-relic return hit commits the final phase immediately
2026-10-07T21:12:11.7452698Z PASS: malformed phase checkpoint rejected atomically: missing_flag
2026-10-07T21:12:11.7454796Z PASS: malformed phase checkpoint rejected atomically: flag_zero
2026-10-07T21:12:11.7456072Z PASS: malformed phase checkpoint rejected atomically: flag_bool
2026-10-07T21:12:11.7469729Z PASS: malformed phase checkpoint rejected atomically: missing_pattern_flag
2026-10-07T21:12:11.7470321Z PASS: malformed phase checkpoint rejected atomically: missing_phase
2026-10-07T21:12:11.7471089Z PASS: malformed phase checkpoint rejected atomically: phase_float
2026-10-07T21:12:11.7471572Z PASS: malformed phase checkpoint rejected atomically: phase_range
2026-10-07T21:12:11.7472080Z PASS: malformed phase checkpoint rejected atomically: health_mismatch
2026-10-07T21:12:11.7472767Z PASS: malformed phase checkpoint rejected atomically: awakened_mismatch
2026-10-07T21:12:11.7473257Z PASS: malformed phase checkpoint rejected atomically: wrong_role
2026-10-07T21:12:11.7473886Z PASS: malformed phase checkpoint rejected atomically: warning_phase
2026-10-07T21:12:11.7495990Z PASS: malformed phase checkpoint rejected atomically: warning_region
2026-10-07T21:12:11.7496379Z PASS: malformed phase checkpoint rejected atomically: warning_geometry
2026-10-07T21:12:11.7496688Z PASS: malformed phase checkpoint rejected atomically: warning_origin
2026-10-07T21:12:11.7496985Z PASS: malformed phase checkpoint rejected atomically: warning_bonus
2026-10-07T21:12:11.7497413Z PASS: phased warning cannot disagree with its frozen alternate-pattern history
2026-10-07T21:12:11.7497791Z PASS: combined contract requires exact frozen integer opt-in: <null>
2026-10-07T21:12:11.7498073Z PASS: combined contract requires exact frozen integer opt-in: 0
2026-10-07T21:12:11.7498355Z PASS: combined contract requires exact frozen integer opt-in: true
2026-10-07T21:12:11.7498636Z PASS: combined contract requires exact frozen integer opt-in: 2
2026-10-07T21:12:11.7498955Z PASS: forged combined contract cannot restore
2026-10-07T21:12:11.7499233Z PASS: forged combined contract cannot restore
2026-10-07T21:12:11.7499648Z PASS: an original circular warning still restores with no phase opt-in
2026-10-07T21:12:11.7499973Z PASS: orphaned phase metadata cannot enable new rules in a legacy warning: phase
2026-10-07T21:12:11.7506076Z PASS: orphaned phase metadata cannot enable new rules in a legacy warning: phase_name
2026-10-07T21:12:11.7506915Z PASS: orphaned phase metadata cannot enable new rules in a legacy warning: origin
2026-10-07T21:12:11.7507675Z PASS: orphaned phase metadata cannot enable new rules in a legacy warning: aim_target
2026-10-07T21:12:11.8359762Z PASS: region 0 Vowkeeper ["unmended"]: three seeds match for watched, Skip and binary restart
2026-10-07T21:12:11.9207560Z PASS: region 0 Vowkeeper ["cinder"]: three seeds match for watched, Skip and binary restart
2026-10-07T21:12:12.0177602Z PASS: region 0 Vowkeeper ["hollow"]: three seeds match for watched, Skip and binary restart
2026-10-07T21:12:12.1048511Z PASS: region 0 Vowkeeper ["unmended", "cinder"]: three seeds match for watched, Skip and binary restart
2026-10-07T21:12:12.1907501Z PASS: region 0 Vowkeeper ["unmended", "hollow"]: three seeds match for watched, Skip and binary restart
2026-10-07T21:12:12.2760521Z PASS: region 0 Vowkeeper ["cinder", "hollow"]: three seeds match for watched, Skip and binary restart
2026-10-07T21:12:12.3904400Z PASS: region 1 Vowkeeper ["unmended"]: three seeds match for watched, Skip and binary restart
2026-10-07T21:12:12.5070792Z PASS: region 1 Vowkeeper ["cinder"]: three seeds match for watched, Skip and binary restart
2026-10-07T21:12:12.6242623Z PASS: region 1 Vowkeeper ["hollow"]: three seeds match for watched, Skip and binary restart
2026-10-07T21:12:12.7324280Z PASS: region 1 Vowkeeper ["unmended", "cinder"]: three seeds match for watched, Skip and binary restart
2026-10-07T21:12:12.8568470Z PASS: region 1 Vowkeeper ["unmended", "hollow"]: three seeds match for watched, Skip and binary restart
2026-10-07T21:12:12.9744749Z PASS: region 1 Vowkeeper ["cinder", "hollow"]: three seeds match for watched, Skip and binary restart
2026-10-07T21:12:13.0861806Z PASS: region 2 Vowkeeper ["unmended"]: three seeds match for watched, Skip and binary restart
2026-10-07T21:12:13.2092192Z PASS: region 2 Vowkeeper ["cinder"]: three seeds match for watched, Skip and binary restart
2026-10-07T21:12:13.3296827Z PASS: region 2 Vowkeeper ["hollow"]: three seeds match for watched, Skip and binary restart
2026-10-07T21:12:13.4400800Z PASS: region 2 Vowkeeper ["unmended", "cinder"]: three seeds match for watched, Skip and binary restart
2026-10-07T21:12:13.5508034Z PASS: region 2 Vowkeeper ["unmended", "hollow"]: three seeds match for watched, Skip and binary restart
2026-10-07T21:12:13.6626850Z PASS: region 2 Vowkeeper ["cinder", "hollow"]: three seeds match for watched, Skip and binary restart
2026-10-07T21:12:13.8260555Z PASS: region 3 Vowkeeper ["unmended"]: three seeds match for watched, Skip and binary restart
2026-10-07T21:12:13.9904806Z PASS: region 3 Vowkeeper ["cinder"]: three seeds match for watched, Skip and binary restart
2026-10-07T21:12:14.1670412Z PASS: region 3 Vowkeeper ["hollow"]: three seeds match for watched, Skip and binary restart
2026-10-07T21:12:14.3272998Z PASS: region 3 Vowkeeper ["unmended", "cinder"]: three seeds match for watched, Skip and binary restart
2026-10-07T21:12:14.4849534Z PASS: region 3 Vowkeeper ["unmended", "hollow"]: three seeds match for watched, Skip and binary restart
2026-10-07T21:12:14.6455865Z PASS: region 3 Vowkeeper ["cinder", "hollow"]: three seeds match for watched, Skip and binary restart
2026-10-07T21:12:14.7948324Z PASS: region 0 Vowkeeper: AFK ledger exactly matches explicit phased combined-oath simulations
2026-10-07T21:12:14.9563129Z PASS: region 1 Vowkeeper: AFK ledger exactly matches explicit phased combined-oath simulations
2026-10-07T21:12:15.1367323Z PASS: region 2 Vowkeeper: AFK ledger exactly matches explicit phased combined-oath simulations
2026-10-07T21:12:15.3473777Z PASS: region 3 Vowkeeper: AFK ledger exactly matches explicit phased combined-oath simulations
2026-10-07T21:12:15.4190295Z PASS: region 0 Arcanist ["unmended"]: three seeds match for watched, Skip and binary restart
2026-10-07T21:12:15.4915043Z PASS: region 0 Arcanist ["cinder"]: three seeds match for watched, Skip and binary restart
2026-10-07T21:12:15.5715969Z PASS: region 0 Arcanist ["hollow"]: three seeds match for watched, Skip and binary restart
2026-10-07T21:12:15.6453082Z PASS: region 0 Arcanist ["unmended", "cinder"]: three seeds match for watched, Skip and binary restart
2026-10-07T21:12:15.7185232Z PASS: region 0 Arcanist ["unmended", "hollow"]: three seeds match for watched, Skip and binary restart
2026-10-07T21:12:15.7920505Z PASS: region 0 Arcanist ["cinder", "hollow"]: three seeds match for watched, Skip and binary restart
2026-10-07T21:12:15.8890151Z PASS: region 1 Arcanist ["unmended"]: three seeds match for watched, Skip and binary restart
2026-10-07T21:12:15.9859393Z PASS: region 1 Arcanist ["cinder"]: three seeds match for watched, Skip and binary restart
2026-10-07T21:12:16.0841052Z PASS: region 1 Arcanist ["hollow"]: three seeds match for watched, Skip and binary restart
2026-10-07T21:12:16.1811654Z PASS: region 1 Arcanist ["unmended", "cinder"]: three seeds match for watched, Skip and binary restart
2026-10-07T21:12:16.2781584Z PASS: region 1 Arcanist ["unmended", "hollow"]: three seeds match for watched, Skip and binary restart
2026-10-07T21:12:16.3750771Z PASS: region 1 Arcanist ["cinder", "hollow"]: three seeds match for watched, Skip and binary restart
2026-10-07T21:12:16.5036132Z PASS: region 2 Arcanist ["unmended"]: three seeds match for watched, Skip and binary restart
2026-10-07T21:12:16.6252162Z PASS: region 2 Arcanist ["cinder"]: three seeds match for watched, Skip and binary restart
2026-10-07T21:12:16.7494019Z PASS: region 2 Arcanist ["hollow"]: three seeds match for watched, Skip and binary restart
2026-10-07T21:12:16.8718391Z PASS: region 2 Arcanist ["unmended", "cinder"]: three seeds match for watched, Skip and binary restart
2026-10-07T21:12:16.9963000Z PASS: region 2 Arcanist ["unmended", "hollow"]: three seeds match for watched, Skip and binary restart
2026-10-07T21:12:17.1198742Z PASS: region 2 Arcanist ["cinder", "hollow"]: three seeds match for watched, Skip and binary restart
2026-10-07T21:12:17.3494966Z PASS: region 3 Arcanist ["unmended"]: three seeds match for watched, Skip and binary restart
2026-10-07T21:12:17.5509913Z PASS: region 3 Arcanist ["cinder"]: three seeds match for watched, Skip and binary restart
2026-10-07T21:12:17.7504617Z PASS: region 3 Arcanist ["hollow"]: three seeds match for watched, Skip and binary restart
2026-10-07T21:12:17.9606222Z PASS: region 3 Arcanist ["unmended", "cinder"]: three seeds match for watched, Skip and binary restart
2026-10-07T21:12:18.1685755Z PASS: region 3 Arcanist ["unmended", "hollow"]: three seeds match for watched, Skip and binary restart
2026-10-07T21:12:18.3690080Z PASS: region 3 Arcanist ["cinder", "hollow"]: three seeds match for watched, Skip and binary restart
2026-10-07T21:12:18.5370480Z PASS: region 0 Arcanist: AFK ledger exactly matches explicit phased combined-oath simulations
2026-10-07T21:12:18.6972334Z PASS: region 1 Arcanist: AFK ledger exactly matches explicit phased combined-oath simulations
2026-10-07T21:12:18.9141690Z PASS: region 2 Arcanist: AFK ledger exactly matches explicit phased combined-oath simulations
2026-10-07T21:12:19.2062343Z PASS: region 3 Arcanist: AFK ledger exactly matches explicit phased combined-oath simulations
2026-10-07T21:12:19.2803849Z PASS: region 0 Ranger ["unmended"]: three seeds match for watched, Skip and binary restart
2026-10-07T21:12:19.3531776Z PASS: region 0 Ranger ["cinder"]: three seeds match for watched, Skip and binary restart
2026-10-07T21:12:19.4253273Z PASS: region 0 Ranger ["hollow"]: three seeds match for watched, Skip and binary restart
2026-10-07T21:12:19.4921583Z PASS: region 0 Ranger ["unmended", "cinder"]: three seeds match for watched, Skip and binary restart
2026-10-07T21:12:19.5643430Z PASS: region 0 Ranger ["unmended", "hollow"]: three seeds match for watched, Skip and binary restart
2026-10-07T21:12:19.6371705Z PASS: region 0 Ranger ["cinder", "hollow"]: three seeds match for watched, Skip and binary restart
2026-10-07T21:12:19.7175604Z PASS: region 1 Ranger ["unmended"]: three seeds match for watched, Skip and binary restart
2026-10-07T21:12:19.7933278Z PASS: region 1 Ranger ["cinder"]: three seeds match for watched, Skip and binary restart
2026-10-07T21:12:19.8746031Z PASS: region 1 Ranger ["hollow"]: three seeds match for watched, Skip and binary restart
2026-10-07T21:12:19.9520483Z PASS: region 1 Ranger ["unmended", "cinder"]: three seeds match for watched, Skip and binary restart
2026-10-07T21:12:20.0324408Z PASS: region 1 Ranger ["unmended", "hollow"]: three seeds match for watched, Skip and binary restart
2026-10-07T21:12:20.1092540Z PASS: region 1 Ranger ["cinder", "hollow"]: three seeds match for watched, Skip and binary restart
2026-10-07T21:12:20.2043768Z PASS: region 2 Ranger ["unmended"]: three seeds match for watched, Skip and binary restart
2026-10-07T21:12:20.2974531Z PASS: region 2 Ranger ["cinder"]: three seeds match for watched, Skip and binary restart
2026-10-07T21:12:20.3884258Z PASS: region 2 Ranger ["hollow"]: three seeds match for watched, Skip and binary restart
2026-10-07T21:12:20.4821799Z PASS: region 2 Ranger ["unmended", "cinder"]: three seeds match for watched, Skip and binary restart
2026-10-07T21:12:20.5718032Z PASS: region 2 Ranger ["unmended", "hollow"]: three seeds match for watched, Skip and binary restart
2026-10-07T21:12:20.6587662Z PASS: region 2 Ranger ["cinder", "hollow"]: three seeds match for watched, Skip and binary restart
2026-10-07T21:12:20.7720115Z PASS: region 3 Ranger ["unmended"]: three seeds match for watched, Skip and binary restart
2026-10-07T21:12:20.8829072Z PASS: region 3 Ranger ["cinder"]: three seeds match for watched, Skip and binary restart
2026-10-07T21:12:20.9995813Z PASS: region 3 Ranger ["hollow"]: three seeds match for watched, Skip and binary restart
2026-10-07T21:12:21.1143355Z PASS: region 3 Ranger ["unmended", "cinder"]: three seeds match for watched, Skip and binary restart
2026-10-07T21:12:21.2333166Z PASS: region 3 Ranger ["unmended", "hollow"]: three seeds match for watched, Skip and binary restart
2026-10-07T21:12:21.3428287Z PASS: region 3 Ranger ["cinder", "hollow"]: three seeds match for watched, Skip and binary restart
2026-10-07T21:12:21.4939450Z PASS: region 0 Ranger: AFK ledger exactly matches explicit phased combined-oath simulations
2026-10-07T21:12:21.6336679Z PASS: region 1 Ranger: AFK ledger exactly matches explicit phased combined-oath simulations
2026-10-07T21:12:21.7961027Z PASS: region 2 Ranger: AFK ledger exactly matches explicit phased combined-oath simulations
2026-10-07T21:12:21.9810941Z PASS: region 3 Ranger: AFK ledger exactly matches explicit phased combined-oath simulations
2026-10-07T21:12:21.9814894Z PASS: new boss flag retains trial deadline and hunt difficulty rules
2026-10-07T21:12:21.9926406Z PASS: immutable version-one checkpoint and outcome: Vowkeeper region 0 unmended
2026-10-07T21:12:22.0013919Z PASS: immutable version-one checkpoint and outcome: Vowkeeper region 0 cinder
2026-10-07T21:12:22.0106059Z PASS: immutable version-one checkpoint and outcome: Vowkeeper region 1 unmended
2026-10-07T21:12:22.0197853Z PASS: immutable version-one checkpoint and outcome: Vowkeeper region 1 cinder
2026-10-07T21:12:22.0303553Z PASS: immutable version-one checkpoint and outcome: Vowkeeper region 2 unmended
2026-10-07T21:12:22.0408743Z PASS: immutable version-one checkpoint and outcome: Vowkeeper region 2 cinder
2026-10-07T21:12:22.0555572Z PASS: immutable version-one checkpoint and outcome: Vowkeeper region 3 unmended
2026-10-07T21:12:22.0704331Z PASS: immutable version-one checkpoint and outcome: Vowkeeper region 3 cinder
2026-10-07T21:12:22.0781020Z PASS: immutable version-one checkpoint and outcome: Arcanist region 0 unmended
2026-10-07T21:12:22.0856760Z PASS: immutable version-one checkpoint and outcome: Arcanist region 0 cinder
2026-10-07T21:12:22.0948185Z PASS: immutable version-one checkpoint and outcome: Arcanist region 1 unmended
2026-10-07T21:12:22.1037398Z PASS: immutable version-one checkpoint and outcome: Arcanist region 1 cinder
2026-10-07T21:12:22.1147343Z PASS: immutable version-one checkpoint and outcome: Arcanist region 2 unmended
2026-10-07T21:12:22.1257599Z PASS: immutable version-one checkpoint and outcome: Arcanist region 2 cinder
2026-10-07T21:12:22.1497246Z PASS: immutable version-one checkpoint and outcome: Arcanist region 3 unmended
2026-10-07T21:12:22.1737274Z PASS: immutable version-one checkpoint and outcome: Arcanist region 3 cinder
2026-10-07T21:12:22.1801158Z PASS: immutable version-one checkpoint and outcome: Ranger region 0 unmended
2026-10-07T21:12:22.1863533Z PASS: immutable version-one checkpoint and outcome: Ranger region 0 cinder
2026-10-07T21:12:22.1929401Z PASS: immutable version-one checkpoint and outcome: Ranger region 1 unmended
2026-10-07T21:12:22.1995610Z PASS: immutable version-one checkpoint and outcome: Ranger region 1 cinder
2026-10-07T21:12:22.2078201Z PASS: immutable version-one checkpoint and outcome: Ranger region 2 unmended
2026-10-07T21:12:22.2161049Z PASS: immutable version-one checkpoint and outcome: Ranger region 2 cinder
2026-10-07T21:12:22.2270027Z PASS: immutable version-one checkpoint and outcome: Ranger region 3 unmended
2026-10-07T21:12:22.2379441Z PASS: immutable version-one checkpoint and outcome: Ranger region 3 cinder
2026-10-07T21:12:22.2379950Z COMBINED OATHS / PHASES SMOKE: 338 checks, 0 failures
2026-10-07T21:12:22.3099934Z ##[group]Run godot --headless --path . --script tests/character_equipment_smoke.gd
2026-10-07T21:12:22.3100438Z [36;1mgodot --headless --path . --script tests/character_equipment_smoke.gd[0m
2026-10-07T21:12:22.3168373Z shell: /usr/bin/bash -e {0}
2026-10-07T21:12:22.3168596Z env:
2026-10-07T21:12:22.3168862Z   JAVA_HOME: /opt/hostedtoolcache/Java_Temurin-Hotspot_jdk/17.0.20-1/x64
2026-10-07T21:12:22.3169272Z   JAVA_HOME_17_X64: /opt/hostedtoolcache/Java_Temurin-Hotspot_jdk/17.0.20-1/x64
2026-10-07T21:12:22.3169588Z   MAVEN_ARGS: -ntp
2026-10-07T21:12:22.3169785Z   ANDROID_HOME: /usr/local/lib/android/sdk
2026-10-07T21:12:22.3170045Z   ANDROID_SDK_ROOT: /usr/local/lib/android/sdk
2026-10-07T21:12:22.3170292Z ##[endgroup]
2026-10-07T21:12:22.3390532Z Godot Engine v4.7.2.stable.official.ed1daf0bf - https://godotengine.org
2026-10-07T21:12:22.3598987Z 
2026-10-07T21:12:26.6948597Z CHARACTER EQUIPMENT SMOKE: 48 checks, 0 failures
2026-10-07T21:12:26.8585113Z ##[group]Run timeout 120s godot --headless --path . --script tests/character_3d_smoke.gd
2026-10-07T21:12:26.8585618Z [36;1mtimeout 120s godot --headless --path . --script tests/character_3d_smoke.gd[0m
2026-10-07T21:12:26.8640216Z shell: /usr/bin/bash -e {0}
2026-10-07T21:12:26.8640531Z env:
2026-10-07T21:12:26.8640724Z   JAVA_HOME: /opt/hostedtoolcache/Java_Temurin-Hotspot_jdk/17.0.20-1/x64
2026-10-07T21:12:26.8641019Z   JAVA_HOME_17_X64: /opt/hostedtoolcache/Java_Temurin-Hotspot_jdk/17.0.20-1/x64
2026-10-07T21:12:26.8641245Z   MAVEN_ARGS: -ntp
2026-10-07T21:12:26.8641395Z   ANDROID_HOME: /usr/local/lib/android/sdk
2026-10-07T21:12:26.8641586Z   ANDROID_SDK_ROOT: /usr/local/lib/android/sdk
2026-10-07T21:12:26.8641756Z ##[endgroup]
2026-10-07T21:12:26.8860503Z Godot Engine v4.7.2.stable.official.ed1daf0bf - https://godotengine.org
2026-10-07T21:12:26.9070469Z 
2026-10-07T21:12:29.7138850Z NATIVE_WALK_METRIC Vowkeeper boot_probes=714 stable_samples=94 max_world_stance_drift=0.00009933530237 min_world_boot_y=0.00348651409149 min_world_loaded_y=0.00348651409149 max_world_loaded_y=0.01989086717367 min_world_free_y=0.00649557821453 max_world_free_lift=0.13943199813366
2026-10-07T21:12:29.7150940Z NATIVE_WALK_WORST Vowkeeper {"frame":37,"gait_phase":6.26133384960332,"loaded_side":0,"min_free_world_y":0.00770075665786862,"min_loaded_world_y":0.0034865140914917,"motion_y":0.00986234564334154,"plant_active":[true,false],"source_named_poses":{"ball_l":{"basis_x":[-0.999985814094543,-0.00514980452135205,0.00126059097237885],"basis_y":[-0.0011170613579452,0.437095522880554,0.899415969848633],"basis_z":[-0.00518280267715454,0.899400293827057,-0.437094241380692],"origin":[0.110654719173908,0.0907187312841415,0.385734915733337]},"ball_r":{"basis_x":[-0.998036682605743,-0.0620144829154015,0.0087676364928484],"basis_y":[0.00877329148352146,0.000181972980499268,0.999963045120239],"basis_z":[-0.0620136819779873,0.998075366020203,0.000361740589141846],"origin":[-0.115078285336494,0.0202566236257553,-0.292568683624268]},"calf_l":{"basis_x":[0.999007523059845,0.00621481519192457,-0.0441059917211533],"basis_y":[0.0146299917250872,-0.981063306331635,0.193133413791656],"basis_z":[-0.0420705378055573,-0.193588137626648,-0.980181574821472],"origin":[0.103681117296219,0.537818729877472,0.146892830729485]},"calf_r":{"basis_x":[0.999519169330597,0.0216516610234976,-0.0221944749355316],"basis_y":[0.00695494376122952,-0.854124963283539,-0.520021677017212],"basis_z":[-0.0302162431180477,0.519617259502411,-0.853866219520569],"origin":[-0.124085165560246,0.511397182941437,-0.166648358106613]},"foot_l":{"basis_x":[0.9999840259552,0.00546047650277615,-0.00141165778040886],"basis_y":[0.00103607028722763,0.0682034492492676,0.997671961784363],"basis_z":[0.00554399145767093,-0.997656643390656,0.0681954696774483],"origin":[0.110500156879425,0.0805448293685913,0.236912369728088]},"foot_r":{"basis_x":[0.998187661170959,0.0601617395877838,-0.00135431077796966],"basis_y":[0.0386484786868095,-0.623669445514679,0.780733823776245],"basis_z":[0.0461255349218845,-0.779369950294495,-0.624864518642426],"origin":[-0.120843455195427,0.113289266824722,-0.409030616283417]},"pelvis":{"basis_x":[0.998508632183075,-0.0423703528940678,-0.0344281867146492],"basis_y":[0.0494206175208092,0.96945720911026,0.240229606628418],"basis_z":[0.0231980495154858,-0.241572737693787,0.970105350017548],"origin":[-0.0191295817494392,0.886561870574951,-0.0454033724963665]},"thigh_l":{"basis_x":[0.998838067054749,0.00433856854215264,-0.0479971468448639],"basis_y":[0.0274876467883587,-0.869341731071472,0.49344602227211],"basis_z":[-0.0395851358771324,-0.494192749261856,-0.868452131748199],"origin":[0.0924149230122566,0.894130766391754,-0.0553530193865299]},"thigh_r":{"basis_x":[0.999383926391602,0.0231965929269791,-0.0263363793492317],"basis_y":[0.0145600251853466,-0.956838071346283,-0.290256977081299],"basis_z":[-0.0319326817989349,0.289695054292679,-0.956587672233582],"origin":[-0.130052804946899,0.903570830821991,-0.0476824194192886]}}}
2026-10-07T21:12:29.7555992Z NATIVE_RIGID_PROP_METRIC Vowkeeper surfaces=4 max_world_length_error=0.00000083446503
2026-10-07T21:12:30.0294044Z NATIVE_COLLAPSE_TRACE Vowkeeper [{"drop_from_original_guard":-0.207346439361572,"time":0.0,"world_head_y":1.77190566062927},{"drop_from_original_guard":0.072771430015564,"time":0.22,"world_head_y":1.49178779125214},{"drop_from_original_guard":0.253458499908447,"time":0.3,"world_head_y":1.31110072135925},{"drop_from_original_guard":1.29831638932228,"time":0.45,"world_head_y":0.266242831945419},{"drop_from_original_guard":1.26804625988007,"time":0.6,"world_head_y":0.296512961387634},{"drop_from_original_guard":1.27455964684486,"time":0.68,"world_head_y":0.289999574422836},{"drop_from_original_guard":1.27470254898071,"time":0.75,"world_head_y":0.289856672286987},{"drop_from_original_guard":1.27520310878754,"time":0.9,"world_head_y":0.289356112480164}]
2026-10-07T21:12:30.8239974Z NATIVE_WALK_METRIC Arcanist boot_probes=356 stable_samples=94 max_world_stance_drift=0.00009933530237 min_world_boot_y=0.00348626682535 min_world_loaded_y=0.00348626682535 max_world_loaded_y=0.01670606806874 min_world_free_y=0.00553876208141 max_world_free_lift=0.13630841672421
2026-10-07T21:12:30.8248307Z NATIVE_WALK_WORST Arcanist {"frame":95,"gait_phase":13.4205753317846,"loaded_side":1,"min_free_world_y":0.0135111529380083,"min_loaded_world_y":0.00348626682534814,"motion_y":0.00899999961256981,"plant_active":[false,true],"source_named_poses":{"ball_l":{"basis_x":[-0.999991118907928,-0.00303576211445034,0.00295791868120432],"basis_y":[0.00295823463238776,-0.0000739097595214844,0.999996781349182],"basis_z":[-0.00303548155352473,0.999995946884155,0.0000841617584228516],"origin":[0.109998054802418,0.0249836556613445,0.185134574770927]},"ball_r":{"basis_x":[-0.998502910137177,-0.0546758696436882,0.00157566205598414],"basis_y":[0.00912445411086082,-0.138092458248138,0.990378856658936],"basis_z":[-0.0539321377873421,0.988909482955933,0.138383328914642],"origin":[-0.115055754780769,0.0242257937788963,-0.452008694410324]},"calf_l":{"basis_x":[0.99943870306015,-0.0201178621500731,-0.0267878379672766],"basis_y":[-0.0280807800590992,-0.939145624637604,-0.342372626066208],"basis_z":[-0.0182699039578438,0.342931240797043,-0.939183235168457],"origin":[0.122488379478455,0.518629550933838,0.206420004367828]},"calf_r":{"basis_x":[0.999719500541687,-0.0102507844567299,-0.0213471539318562],"basis_y":[-0.0209840666502714,-0.801252603530884,-0.597958385944366],"basis_z":[-0.0109749548137188,0.598239362239838,-0.801244258880615],"origin":[-0.110265411436558,0.502111077308655,-0.279709756374359]},"foot_l":{"basis_x":[0.999989926815033,0.00338119128718972,-0.0029579745605588],"basis_y":[0.00400970876216888,-0.374806672334671,0.927094876766205],"basis_z":[0.00202594115398824,-0.92709743976593,-0.374817788600922],"origin":[0.109399914741516,0.080893486738205,0.0468400120735168]},"foot_r":{"basis_x":[0.998611688613892,0.0524673908948898,0.00465450435876846],"basis_y":[0.033454142510891,-0.700015783309937,0.71334570646286],"basis_z":[0.0406855195760727,-0.712198257446289,-0.700798630714417],"origin":[-0.120046086609364,0.128646999597549,-0.558418333530426]},"pelvis":{"basis_x":[0.999336898326874,-0.0266924127936363,-0.0247643850743771],"basis_y":[0.0318823754787445,0.969983041286469,0.241074204444885],"basis_z":[0.0175861828029156,-0.241703867912292,0.970190823078156],"origin":[0.0091901607811451,0.825445115566254,-0.0455644391477108]},"thigh_l":{"basis_x":[0.999475061893463,-0.0170543678104877,-0.0275468453764915],"basis_y":[0.00437949411571026,-0.771322846412659,0.636429071426392],"basis_z":[-0.0321014523506165,-0.636216521263123,-0.770844340324402],"origin":[0.120693385601044,0.834767162799835,-0.0544294640421867]},"thigh_r":{"basis_x":[0.999649107456207,-0.00713575165718794,-0.025509113445878],"basis_y":[-0.0202665943652391,-0.826134979724884,-0.563108026981354],"basis_z":[-0.0170557945966721,0.563428163528442,-0.825990915298462],"origin":[-0.101958870887756,0.8407142162323,-0.0489119589328766]}}}
2026-10-07T21:12:30.8581378Z NATIVE_RIGID_PROP_METRIC Arcanist surfaces=5 max_world_length_error=0.00000083446503
2026-10-07T21:12:30.9063068Z NATIVE_COLLAPSE_TRACE Arcanist [{"drop_from_original_guard":0.00235724449157715,"time":0.0,"world_head_y":1.77553737163544},{"drop_from_original_guard":0.296566247940063,"time":0.22,"world_head_y":1.48132836818695},{"drop_from_original_guard":0.463419556617737,"time":0.3,"world_head_y":1.31447505950928},{"drop_from_original_guard":1.51165178418159,"time":0.45,"world_head_y":0.266242831945419},{"drop_from_original_guard":1.51022839546204,"time":0.6,"world_head_y":0.267666220664978},{"drop_from_original_guard":1.51676398515701,"time":0.68,"world_head_y":0.261130630970001},{"drop_from_original_guard":1.51690971851349,"time":0.75,"world_head_y":0.260984897613525},{"drop_from_original_guard":1.51741635799408,"time":0.9,"world_head_y":0.260478258132935}]
2026-10-07T21:12:31.6829871Z NATIVE_WALK_METRIC Ranger boot_probes=714 stable_samples=94 max_world_stance_drift=0.00028985398239 min_world_boot_y=0.00348652503453 min_world_loaded_y=0.00348652503453 max_world_loaded_y=0.019890492782 min_world_free_y=0.00637882808223 max_world_free_lift=0.13940225541592
2026-10-07T21:12:31.6837694Z NATIVE_WALK_WORST Ranger {"frame":88,"gait_phase":12.5565289460041,"loaded_side":0,"min_free_world_y":0.00814064964652061,"min_loaded_world_y":0.00348652503453195,"motion_y":0.0102897733449936,"plant_active":[true,false],"source_named_poses":{"ball_l":{"basis_x":[-0.999985814094543,-0.00515115726739168,0.00132166245020926],"basis_y":[-0.00107411248609424,0.439059197902679,0.898459315299988],"basis_z":[-0.00520838005468249,0.898443520069122,-0.439057618379593],"origin":[0.11064749956131,0.0904005318880081,0.386312425136566]},"ball_r":{"basis_x":[-0.998033583164215,-0.0620587728917599,0.00882763974368572],"basis_y":[0.00883332453668118,0.000183194875717163,0.999962329864502],"basis_z":[-0.0620579943060875,0.998072504997253,0.000364482402801514],"origin":[-0.115086875855923,0.020211435854435,-0.295060306787491]},"calf_l":{"basis_x":[0.998944222927094,0.00526244938373566,-0.0456366948783398],"basis_y":[0.0133470315486193,-0.983811557292938,0.178708881139755],"basis_z":[-0.043957494199276,-0.179130405187607,-0.982844114303589],"origin":[0.104264512658119,0.538456439971924,0.154216215014458]},"calf_r":{"basis_x":[0.999385297298431,0.022963885217905,-0.0264881029725075],"basis_y":[0.00549956224858761,-0.848926663398743,-0.528481841087341],"basis_z":[-0.034622497856617,0.528011322021484,-0.848532617092133],"origin":[-0.123426929116249,0.508947432041168,-0.165181383490562]},"foot_l":{"basis_x":[0.9999840259552,0.0054614981636405,-0.00147340819239616],"basis_y":[0.00108547508716583,0.0703825578093529,0.997520744800568],"basis_z":[0.00555161014199257,-0.99750542640686,0.0703742876648903],"origin":[0.110485561192036,0.0799015760421753,0.237512469291687]},"foot_r":{"basis_x":[0.998185098171234,0.0602035336196423,-0.0014102254062891],"basis_y":[0.0387257188558578,-0.623792588710785,0.780631482601166],"basis_z":[0.0461170040071011,-0.779267847537994,-0.624991953372955],"origin":[-0.120863571763039,0.113262444734573,-0.411506950855255]},"pelvis":{"basis_x":[0.999003648757935,-0.0424184389412403,0.0138682518154383],"basis_y":[0.037799634039402,0.969455301761627,0.242337942123413],"basis_z":[-0.0237242467701435,-0.241572260856628,0.970092833042145],"origin":[-0.0188294611871243,0.886110484600067,-0.0454025827348232]},"thigh_l":{"basis_x":[0.998944222927094,0.00526244752109051,-0.0456366986036301],"basis_y":[0.0273227076977491,-0.866671204566956,0.498130977153778],"basis_z":[-0.0369306728243828,-0.498852699995041,-0.865901231765747],"origin":[0.0930659174919128,0.893673956394196,-0.0499498397111893]},"thigh_r":{"basis_x":[0.999385297298431,0.0229638796299696,-0.0264880955219269],"basis_y":[0.0148467868566513,-0.961726784706116,-0.273606956005096],"basis_z":[-0.0317574366927147,0.273045897483826,-0.961477994918823],"origin":[-0.129512101411819,0.903124809265137,-0.053039688616991]}}}
2026-10-07T21:12:31.7168531Z NATIVE_RIGID_PROP_METRIC Ranger surfaces=2 max_world_length_error=0.00000023841858
2026-10-07T21:12:31.9258513Z NATIVE_COLLAPSE_TRACE Ranger [{"drop_from_original_guard":0.00226390361785889,"time":0.0,"world_head_y":1.77190566062927},{"drop_from_original_guard":0.282381772994995,"time":0.22,"world_head_y":1.49178779125214},{"drop_from_original_guard":0.463068842887878,"time":0.3,"world_head_y":1.31110072135925},{"drop_from_original_guard":1.53684788942337,"time":0.45,"world_head_y":0.237321674823761},{"drop_from_original_guard":1.4776566028595,"time":0.6,"world_head_y":0.296512961387634},{"drop_from_original_guard":1.4841699898243,"time":0.68,"world_head_y":0.289999574422836},{"drop_from_original_guard":1.48431289196014,"time":0.75,"world_head_y":0.289856672286987},{"drop_from_original_guard":1.48481345176697,"time":0.9,"world_head_y":0.289356112480164}]
2026-10-07T21:12:32.4530915Z NATIVE_WALK_METRIC raider boot_probes=346 stable_samples=94 max_world_stance_drift=0.0003041283635 min_world_boot_y=0.00356323737651 min_world_loaded_y=0.00356323737651 max_world_loaded_y=0.01373574696481 min_world_free_y=0.00526489084587 max_world_free_lift=0.12961004674435
2026-10-07T21:12:32.4537674Z NATIVE_WALK_WORST raider {"frame":97,"gait_phase":13.4063975767447,"loaded_side":1,"min_free_world_y":0.0121024642139673,"min_loaded_world_y":0.0035632373765111,"motion_y":0.00899999961256981,"plant_active":[false,true],"source_named_poses":{"ball_l":{"basis_x":[-0.999994516372681,-0.00265257875435054,0.00202975445427001],"basis_y":[0.00203004479408264,-0.0000602900981903076,1.0],"basis_z":[-0.00265238853171468,0.999997138977051,0.0000671446323394775],"origin":[0.0899650007486343,0.0203268080949783,0.192058861255646]},"ball_r":{"basis_x":[-0.99932599067688,-0.0348512046039104,-0.0115377744659781],"basis_y":[0.00447217561304569,-0.427511006593704,0.904001533985138],"basis_z":[-0.03643798828125,0.903338849544525,0.427377611398697],"origin":[-0.0923679620027542,0.0462905466556549,-0.435662508010864]},"calf_l":{"basis_x":[0.999527394771576,-0.0154041489586234,-0.026605386286974],"basis_y":[-0.0204487536102533,-0.979335844516754,-0.201209127902985],"basis_z":[-0.0229562036693096,0.201656401157379,-0.979188740253448],"origin":[0.0988688543438911,0.540943026542664,0.142176359891891]},"calf_r":{"basis_x":[0.99976372718811,-0.00646243384107947,-0.0207530818879604],"basis_y":[-0.016893420368433,-0.831808865070343,-0.554805278778076],"basis_z":[-0.0136772580444813,0.555025577545166,-0.831723272800446],"origin":[-0.0880116075277328,0.568198382854462,-0.256047695875168]},"foot_l":{"basis_x":[0.999994516372681,0.0026525417342782,-0.00202983990311623],"basis_y":[0.00300361588597298,-0.448272109031677,0.893893241882324],"basis_z":[0.00146105559542775,-0.893893957138062,-0.448279440402985],"origin":[0.0894872024655342,0.0916351079940796,0.0498639419674873]},"foot_r":{"basis_x":[0.999363720417023,0.0322807691991329,0.015168528072536],"basis_y":[0.0213369838893414,-0.881877899169922,0.470997840166092],"basis_z":[0.0285808593034744,-0.47037261724472,-0.88200569152832],"origin":[-0.0957621112465858,0.186574131250381,-0.510585904121399]},"pelvis":{"basis_x":[0.999316990375519,-0.0260960571467876,-0.0261638853698969],"basis_y":[0.0324058830738068,0.959138512611389,0.281075119972229],"basis_z":[0.0177598409354687,-0.281731009483337,0.959329128265381],"origin":[0.00872084312140942,0.910207271575928,-0.0428605042397976]},"thigh_l":{"basis_x":[0.999468505382538,-0.0161022339016199,-0.0283465478569269],"basis_y":[-0.00268152356147766,-0.907165110111237,0.420766890048981],"basis_z":[-0.0324903465807438,-0.420468002557755,-0.90672779083252],"origin":[0.100018702447414,0.929935455322266,-0.0382485017180443]},"thigh_r":{"basis_x":[0.99967223405838,-0.00357534317299724,-0.025350745767355],"basis_y":[-0.016217527911067,-0.854630649089813,-0.518983364105225],"basis_z":[-0.0198100209236145,0.519225239753723,-0.854410171508789],"origin":[-0.0810575410723686,0.934664011001587,-0.0335076041519642]}}}
2026-10-07T21:12:32.4633792Z NATIVE_RIGID_PROP_METRIC raider surfaces=4 max_world_length_error=0.0000005364418
2026-10-07T21:12:32.4684600Z NATIVE_COLLAPSE_TRACE raider [{"drop_from_original_guard":-0.00268018245697021,"time":0.0,"world_head_y":1.66229581832886},{"drop_from_original_guard":0.070813775062561,"time":0.22,"world_head_y":1.58880186080933},{"drop_from_original_guard":0.260308980941772,"time":0.3,"world_head_y":1.39930665493011},{"drop_from_original_guard":1.44932249188423,"time":0.45,"world_head_y":0.210293143987656},{"drop_from_original_guard":1.36644172668457,"time":0.6,"world_head_y":0.293173909187317},{"drop_from_original_guard":1.3739897608757,"time":0.68,"world_head_y":0.285625874996185},{"drop_from_original_guard":1.37410515546799,"time":0.75,"world_head_y":0.2855104804039},{"drop_from_original_guard":1.37463575601578,"time":0.9,"world_head_y":0.28497987985611}]
2026-10-07T21:12:32.8473412Z NATIVE_WALK_METRIC bulwark boot_probes=346 stable_samples=96 max_world_stance_drift=0.00012374170183 min_world_boot_y=0.00381187163293 min_world_loaded_y=0.00381187163293 max_world_loaded_y=0.0172093398869 min_world_free_y=0.00585152348503 max_world_free_lift=0.14411748945713
2026-10-07T21:12:32.8479981Z NATIVE_WALK_WORST bulwark {"frame":103,"gait_phase":13.3119040307441,"loaded_side":1,"min_free_world_y":0.0177526008337736,"min_loaded_world_y":0.00381187163293362,"motion_y":0.0122082540765405,"plant_active":[false,true],"source_named_poses":{"ball_l":{"basis_x":[-0.999993979930878,-0.00283145089633763,0.00201351172290742],"basis_y":[0.00197958759963512,0.0119777917861938,0.999928057193756],"basis_z":[-0.00285528786480427,0.999924898147583,-0.0119704306125641],"origin":[0.0901507064700127,0.0222161710262299,0.213793486356735]},"ball_r":{"basis_x":[-0.999108791351318,-0.0411375425755978,-0.00944536365568638],"basis_y":[0.00493978150188923,-0.336207926273346,0.941777110099792],"basis_z":[-0.0419179201126099,0.940889596939087,0.336110174655914],"origin":[-0.0924573987722397,0.0342963039875031,-0.419553607702255]},"calf_l":{"basis_x":[0.999493479728699,-0.0128852967172861,-0.0290989279747009],"basis_y":[-0.0188140533864498,-0.976712882518768,-0.213728696107864],"basis_z":[-0.0256673879921436,0.214166164398193,-0.976461052894592],"origin":[0.0982972905039787,0.539912045001984,0.168806791305542]},"calf_r":{"basis_x":[0.999768793582916,-0.00315851485356688,-0.0212695673108101],"basis_y":[-0.0143059501424432,-0.836176097393036,-0.54827469587326],"basis_z":[-0.0160534214228392,0.548453092575073,-0.836029589176178],"origin":[-0.0898935422301292,0.552350640296936,-0.252970695495605]},"foot_l":{"basis_x":[0.999993979930878,0.00283141573891044,-0.00201359577476978],"basis_y":[0.00304945558309555,-0.437478631734848,0.89922434091568],"basis_z":[0.00166505109518766,-0.899225056171417,-0.437486469745636],"origin":[0.0896656215190887,0.0918075144290924,0.0707505419850349]},"foot_r":{"basis_x":[0.999163687229156,0.0384753160178661,0.0138408103957772],"basis_y":[0.0251427348703146,-0.845057606697083,0.534086763858795],"basis_z":[0.0322453305125237,-0.533290266990662,-0.845318138599396],"origin":[-0.0964569449424744,0.168722748756409,-0.504512786865234]},"pelvis":{"basis_x":[0.999184548854828,-0.0289597362279892,-0.0281355157494545],"basis_y":[0.0357075557112694,0.959062457084656,0.280934691429138],"basis_z":[0.0188479200005531,-0.281710267066956,0.959314465522766],"origin":[0.00557047408074141,0.895853102207184,-0.0428345166146755]},"thigh_l":{"basis_x":[0.999402284622192,-0.0138520319014788,-0.0316743031144142],"basis_y":[0.00318078603595495,-0.875485002994537,0.483235061168671],"basis_z":[-0.0344242304563522,-0.483047902584076,-0.874919176101685],"origin":[0.0969333797693253,0.915320038795471,-0.0384044051170349]},"thigh_r":{"basis_x":[0.999641299247742,0.000299581326544285,-0.0267814360558987],"basis_y":[-0.013467094860971,-0.858714759349823,-0.512277126312256],"basis_z":[-0.023151122033596,0.512454986572266,-0.858404278755188],"origin":[-0.0841188579797745,0.920567572116852,-0.033306248486042]}}}
2026-10-07T21:12:32.8597586Z NATIVE_RIGID_PROP_METRIC bulwark surfaces=4 max_world_length_error=0.00000051409006
2026-10-07T21:12:32.8627208Z NATIVE_COLLAPSE_TRACE bulwark [{"drop_from_original_guard":-0.00286710262298584,"time":0.0,"world_head_y":1.77826642990112},{"drop_from_original_guard":0.0757541656494141,"time":0.22,"world_head_y":1.69964516162872},{"drop_from_original_guard":0.278469443321228,"time":0.3,"world_head_y":1.49692988395691},{"drop_from_original_guard":1.50900167226791,"time":0.45,"world_head_y":0.266397655010223},{"drop_from_original_guard":1.42916077375412,"time":0.6,"world_head_y":0.346238553524017},{"drop_from_original_guard":1.43706169724464,"time":0.68,"world_head_y":0.338337630033493},{"drop_from_original_guard":1.4371851682663,"time":0.75,"world_head_y":0.338214159011841},{"drop_from_original_guard":1.43775281310081,"time":0.9,"world_head_y":0.337646514177322}]
2026-10-07T21:12:33.1768243Z NATIVE_WALK_METRIC hexer boot_probes=346 stable_samples=94 max_world_stance_drift=0.00035606886377 min_world_boot_y=0.00356319081038 min_world_loaded_y=0.00356319081038 max_world_loaded_y=0.01373549737036 min_world_free_y=0.00526532437652 max_world_free_lift=0.12960088253021
2026-10-07T21:12:33.1774656Z NATIVE_WALK_WORST hexer {"frame":97,"gait_phase":13.4064201457981,"loaded_side":1,"min_free_world_y":0.0121025172993541,"min_loaded_world_y":0.00356319081038237,"motion_y":0.00899999961256981,"plant_active":[false,true],"source_named_poses":{"ball_l":{"basis_x":[-0.999994456768036,-0.00265252427197993,0.0020297693554312],"basis_y":[0.00203005666844547,-0.0000600814819335938,0.999999761581421],"basis_z":[-0.00265233078971505,0.999997079372406,0.0000671446323394775],"origin":[0.0899649411439896,0.0203268676996231,0.192053869366646]},"ball_r":{"basis_x":[-0.99932587146759,-0.0348491929471493,-0.0115378443151712],"basis_y":[0.00447249785065651,-0.427541881799698,0.903986930847168],"basis_z":[-0.0364360362291336,0.903324365615845,0.427408218383789],"origin":[-0.0923679620027542,0.0462934672832489,-0.435666918754578]},"calf_l":{"basis_x":[0.999527335166931,-0.0154047235846519,-0.0266047772020102],"basis_y":[-0.0204490181058645,-0.979337334632874,-0.201201766729355],"basis_z":[-0.02295564673841,0.201648861169815,-0.979190111160278],"origin":[0.0988689213991165,0.540943741798401,0.142168030142784]},"calf_r":{"basis_x":[0.99976372718811,-0.00646322080865502,-0.0207530055195093],"basis_y":[-0.0168940499424934,-0.831808269023895,-0.554806292057037],"basis_z":[-0.0136767365038395,0.555026710033417,-0.831722497940063],"origin":[-0.0880111679434776,0.568202972412109,-0.256048023700714]},"foot_l":{"basis_x":[0.999994456768036,0.00265248725190759,-0.00202985480427742],"basis_y":[0.00300360098481178,-0.448271900415421,0.893893003463745],"basis_z":[0.0014609987847507,-0.893893957138062,-0.448279321193695],"origin":[0.08948715031147,0.091635137796402,0.0498589873313904]},"foot_r":{"basis_x":[0.999363839626312,0.0322787947952747,0.0151683501899242],"basis_y":[0.0213360451161861,-0.881889998912811,0.470975428819656],"basis_z":[0.0285792201757431,-0.470350384712219,-0.882017612457275],"origin":[-0.0957619622349739,0.186578989028931,-0.510586738586426]},"pelvis":{"basis_x":[0.999317049980164,-0.02609533816576,-0.0261633899062872],"basis_y":[0.0324050523340702,0.959138631820679,0.281075119972229],"basis_z":[0.0177595689892769,-0.281730890274048,0.959329128265381],"origin":[0.00872159004211426,0.910211741924286,-0.0428605116903782]},"thigh_l":{"basis_x":[0.999468505382538,-0.0161027871072292,-0.0283457357436419],"basis_y":[-0.0026830593124032,-0.907173991203308,0.420747399330139],"basis_z":[-0.0324897840619087,-0.420448660850525,-0.906736671924591],"origin":[0.100019425153732,0.929939985275269,-0.0382484644651413]},"thigh_r":{"basis_x":[0.99967223405838,-0.0035763275809586,-0.0253503620624542],"basis_y":[-0.0162181872874498,-0.854630291461945,-0.518984079360962],"basis_z":[-0.0198091678321362,0.51922607421875,-0.854409694671631],"origin":[-0.0810568183660507,0.9346684217453,-0.0335076563060284]}}}
2026-10-07T21:12:33.1914631Z NATIVE_RIGID_PROP_METRIC hexer surfaces=5 max_world_length_error=0.00000068545341
2026-10-07T21:12:33.1976204Z NATIVE_COLLAPSE_TRACE hexer [{"drop_from_original_guard":0.00331974029541016,"time":0.0,"world_head_y":1.87335062026978},{"drop_from_original_guard":0.287871479988098,"time":0.22,"world_head_y":1.58879888057709},{"drop_from_original_guard":0.477366209030151,"time":0.3,"world_head_y":1.39930415153503},{"drop_from_original_guard":1.57422959804535,"time":0.45,"world_head_y":0.302440762519836},{"drop_from_original_guard":1.55301257967949,"time":0.6,"world_head_y":0.323657780885696},{"drop_from_original_guard":1.56039822101593,"time":0.68,"world_head_y":0.316272139549255},{"drop_from_original_guard":1.56051361560822,"time":0.75,"world_head_y":0.31615674495697},{"drop_from_original_guard":1.56104424595833,"time":0.9,"world_head_y":0.315626114606857}]
2026-10-07T21:12:33.5402204Z NATIVE_WALK_METRIC elite boot_probes=346 stable_samples=96 max_world_stance_drift=0.00012374170183 min_world_boot_y=0.00381187163293 min_world_loaded_y=0.00381187163293 max_world_loaded_y=0.0172093398869 min_world_free_y=0.00585152348503 max_world_free_lift=0.14411748945713
2026-10-07T21:12:33.5408938Z NATIVE_WALK_WORST elite {"frame":103,"gait_phase":13.3119040307441,"loaded_side":1,"min_free_world_y":0.0177526008337736,"min_loaded_world_y":0.00381187163293362,"motion_y":0.0122082540765405,"plant_active":[false,true],"source_named_poses":{"ball_l":{"basis_x":[-0.999993979930878,-0.00283145089633763,0.00201351172290742],"basis_y":[0.00197958759963512,0.0119777917861938,0.999928057193756],"basis_z":[-0.00285528786480427,0.999924898147583,-0.0119704306125641],"origin":[0.0901507064700127,0.0222161710262299,0.213793486356735]},"ball_r":{"basis_x":[-0.999108791351318,-0.0411375425755978,-0.00944536365568638],"basis_y":[0.00493978150188923,-0.336207926273346,0.941777110099792],"basis_z":[-0.0419179201126099,0.940889596939087,0.336110174655914],"origin":[-0.0924573987722397,0.0342963039875031,-0.419553607702255]},"calf_l":{"basis_x":[0.999493479728699,-0.0128852967172861,-0.0290989279747009],"basis_y":[-0.0188140533864498,-0.976712882518768,-0.213728696107864],"basis_z":[-0.0256673879921436,0.214166164398193,-0.976461052894592],"origin":[0.0982972905039787,0.539912045001984,0.168806791305542]},"calf_r":{"basis_x":[0.999768793582916,-0.00315851485356688,-0.0212695673108101],"basis_y":[-0.0143059501424432,-0.836176097393036,-0.54827469587326],"basis_z":[-0.0160534214228392,0.548453092575073,-0.836029589176178],"origin":[-0.0898935422301292,0.552350640296936,-0.252970695495605]},"foot_l":{"basis_x":[0.999993979930878,0.00283141573891044,-0.00201359577476978],"basis_y":[0.00304945558309555,-0.437478631734848,0.89922434091568],"basis_z":[0.00166505109518766,-0.899225056171417,-0.437486469745636],"origin":[0.0896656215190887,0.0918075144290924,0.0707505419850349]},"foot_r":{"basis_x":[0.999163687229156,0.0384753160178661,0.0138408103957772],"basis_y":[0.0251427348703146,-0.845057606697083,0.534086763858795],"basis_z":[0.0322453305125237,-0.533290266990662,-0.845318138599396],"origin":[-0.0964569449424744,0.168722748756409,-0.504512786865234]},"pelvis":{"basis_x":[0.999184548854828,-0.0289597362279892,-0.0281355157494545],"basis_y":[0.0357075557112694,0.959062457084656,0.280934691429138],"basis_z":[0.0188479200005531,-0.281710267066956,0.959314465522766],"origin":[0.00557047408074141,0.895853102207184,-0.0428345166146755]},"thigh_l":{"basis_x":[0.999402284622192,-0.0138520319014788,-0.0316743031144142],"basis_y":[0.00318078603595495,-0.875485002994537,0.483235061168671],"basis_z":[-0.0344242304563522,-0.483047902584076,-0.874919176101685],"origin":[0.0969333797693253,0.915320038795471,-0.0384044051170349]},"thigh_r":{"basis_x":[0.999641299247742,0.000299581326544285,-0.0267814360558987],"basis_y":[-0.013467094860971,-0.858714759349823,-0.512277126312256],"basis_z":[-0.023151122033596,0.512454986572266,-0.858404278755188],"origin":[-0.0841188579797745,0.920567572116852,-0.033306248486042]}}}
2026-10-07T21:12:33.5526184Z NATIVE_RIGID_PROP_METRIC elite surfaces=4 max_world_length_error=0.00000029802322
2026-10-07T21:12:33.5554266Z NATIVE_COLLAPSE_TRACE elite [{"drop_from_original_guard":-0.00286710262298584,"time":0.0,"world_head_y":1.77826642990112},{"drop_from_original_guard":0.0757541656494141,"time":0.22,"world_head_y":1.69964516162872},{"drop_from_original_guard":0.278469443321228,"time":0.3,"world_head_y":1.49692988395691},{"drop_from_original_guard":1.50900167226791,"time":0.45,"world_head_y":0.266397655010223},{"drop_from_original_guard":1.42916077375412,"time":0.6,"world_head_y":0.346238553524017},{"drop_from_original_guard":1.43706169724464,"time":0.68,"world_head_y":0.338337630033493},{"drop_from_original_guard":1.4371851682663,"time":0.75,"world_head_y":0.338214159011841},{"drop_from_original_guard":1.43775281310081,"time":0.9,"world_head_y":0.337646514177322}]
2026-10-07T21:12:33.8706799Z NATIVE_WALK_METRIC guardian_0 boot_probes=346 stable_samples=101 max_world_stance_drift=0.001614766079 min_world_boot_y=0.00762339541689 min_world_loaded_y=0.00762339541689 max_world_loaded_y=0.03495693206787 min_world_free_y=0.01170304697007 max_world_free_lift=0.28530570864677
2026-10-07T21:12:33.8718218Z NATIVE_WALK_WORST guardian_0 {"frame":22,"gait_phase":2.86909189021236,"loaded_side":0,"min_free_world_y":0.0617729015648365,"min_loaded_world_y":0.00762339541688561,"motion_y":0.00899999961256981,"plant_active":[true,false],"source_named_poses":{"ball_l":{"basis_x":[-0.994429111480713,0.00819072406738997,-0.10508831590414],"basis_y":[-0.105135664343834,-0.00558716058731079,0.994444489479065],"basis_z":[0.00755808129906654,0.999950885772705,0.00641685724258423],"origin":[0.197150006890297,0.0133585557341576,-0.0690937638282776]},"ball_r":{"basis_x":[-0.999994814395905,0.00318786315619946,0.000203242903808132],"basis_y":[0.0013271631905809,0.356792122125626,0.934185206890106],"basis_z":[0.00290551315993071,0.934178948402405,-0.356793224811554],"origin":[-0.0924164056777954,0.0971277505159378,0.378730833530426]},"calf_l":{"basis_x":[0.976678967475891,0.177855283021927,0.120273754000664],"basis_y":[0.206646740436554,-0.930716872215271,-0.301767647266388],"basis_z":[0.0582698360085487,0.319583982229233,-0.945766627788544],"origin":[0.117792800068855,0.512932479381561,-0.0713557675480843]},"calf_r":{"basis_x":[0.998856008052826,-0.0284396540373564,0.0384416244924068],"basis_y":[-0.0308973584324121,-0.997411847114563,0.0649293065071106],"basis_z":[0.0364955849945545,-0.066044420003891,-0.997150599956512],"origin":[-0.0782226249575615,0.570599913597107,0.1906618475914]},"foot_l":{"basis_x":[0.994441986083984,-0.00818672031164169,0.104967847466469],"basis_y":[-0.0971243232488632,-0.456215083599091,0.884555280208588],"basis_z":[0.0406462550163269,-0.889832079410553,-0.454475104808807],"origin":[0.21259993314743,0.0859303772449493,-0.209803253412247]},"foot_r":{"basis_x":[0.999994814395905,-0.00318788946606219,-0.00020330399274826],"basis_y":[-0.000115867704153061,-0.0997725650668144,0.995011568069458],"basis_z":[-0.00319219892844558,-0.995005667209625,-0.0997741967439651],"origin":[-0.0923979729413986,0.112998932600021,0.220450654625893]},"pelvis":{"basis_x":[0.998752295970917,0.0409678071737289,0.0285570695996284],"basis_y":[-0.0473463088274002,0.958655118942261,0.280604362487793],"basis_z":[-0.0158806350082159,-0.281606316566467,0.959398627281189],"origin":[0.0326195880770683,0.914218902587891,-0.0427707731723785]},"thigh_l":{"basis_x":[0.999529540538788,-0.0123570170253515,0.0280715543776751],"basis_y":[-0.00981494318693876,-0.995987474918365,-0.0889548361301422],"basis_z":[0.0290581844747066,0.0886375904083252,-0.995642006397247],"origin":[0.122001454234123,0.940011918544769,-0.0332119278609753]},"thigh_r":{"basis_x":[0.998615205287933,-0.0232421681284904,0.0471957847476006],"basis_y":[-0.0448931157588959,-0.844189882278442,0.534161150455475],"basis_z":[0.0274271946400404,-0.535541176795959,-0.844065964221954],"origin":[-0.0589724630117416,0.932588517665863,-0.0383864678442478]}}}
2026-10-07T21:12:33.8838114Z NATIVE_RIGID_PROP_METRIC guardian_0 surfaces=2 max_world_length_error=0.00000143051147
2026-10-07T21:12:33.8877765Z NATIVE_COLLAPSE_TRACE guardian_0 [{"drop_from_original_guard":-0.00573420524597168,"time":0.0,"world_head_y":3.55653285980225},{"drop_from_original_guard":0.151508331298828,"time":0.22,"world_head_y":3.39929032325745},{"drop_from_original_guard":0.556938886642456,"time":0.3,"world_head_y":2.99385976791382},{"drop_from_original_guard":3.01800334453583,"time":0.45,"world_head_y":0.532795310020447},{"drop_from_original_guard":2.85832154750824,"time":0.6,"world_head_y":0.692477107048035},{"drop_from_original_guard":2.87412339448929,"time":0.68,"world_head_y":0.676675260066986},{"drop_from_original_guard":2.87437033653259,"time":0.75,"world_head_y":0.676428318023682},{"drop_from_original_guard":2.87550562620163,"time":0.9,"world_head_y":0.675293028354645}]
2026-10-07T21:12:34.1987156Z NATIVE_WALK_METRIC guardian_1 boot_probes=346 stable_samples=101 max_world_stance_drift=0.001614766079 min_world_boot_y=0.00762336840853 min_world_loaded_y=0.00762336840853 max_world_loaded_y=0.03495693206787 min_world_free_y=0.01170304697007 max_world_free_lift=0.28530570864677
2026-10-07T21:12:34.1998530Z NATIVE_WALK_WORST guardian_1 {"frame":15,"gait_phase":2.47395845786791,"loaded_side":0,"min_free_world_y":0.282169610261917,"min_loaded_world_y":0.00762336840853095,"motion_y":0.00899999961256981,"plant_active":[true,false],"source_named_poses":{"ball_l":{"basis_x":[-0.999423623085022,-0.0139556583017111,-0.0309436358511448],"basis_y":[-0.0303443744778633,-0.0412851572036743,0.998688757419586],"basis_z":[-0.0152148306369781,0.999050259590149,0.0408371984958649],"origin":[0.151436612010002,0.0148061886429787,-0.147057935595512]},"ball_r":{"basis_x":[-0.999995827674866,0.00174772460013628,0.00228691007941961],"basis_y":[0.00216476968489587,-0.0669367611408234,0.997755944728851],"basis_z":[0.00189684238284826,0.997756481170654,0.0669347643852234],"origin":[-0.0923762619495392,0.12404678016901,0.284079611301422]},"calf_l":{"basis_x":[0.999329507350922,0.029471255838871,0.0217238925397396],"basis_y":[0.0345975533127785,-0.954265713691711,-0.296951830387115],"basis_z":[0.0119788879528642,0.297504663467407,-0.954647421836853],"origin":[0.138163760304451,0.538707375526428,-0.144556224346161]},"calf_r":{"basis_x":[0.998567283153534,-0.0458261594176292,0.0276258457452059],"basis_y":[-0.0369424298405647,-0.963917136192322,-0.263631671667099],"basis_z":[0.0387101992964745,0.262231439352036,-0.964228749275208],"origin":[-0.0756000950932503,0.646939158439636,0.267922639846802]},"foot_l":{"basis_x":[0.999489426612854,0.0142420651391149,0.0286007300019264],"basis_y":[-0.01634531468153,-0.541228055953979,0.840719223022461],"basis_z":[0.0274530742317438,-0.840755641460419,-0.540719151496887],"origin":[0.154036715626717,0.100901335477829,-0.280794262886047]},"foot_r":{"basis_x":[0.999995827674866,-0.00174771621823311,-0.00228695571422577],"basis_y":[0.00108497962355614,-0.507050335407257,0.861915767192841],"basis_z":[-0.00266593974083662,-0.861915588378906,-0.507048189640045],"origin":[-0.0925488546490669,0.204705148935318,0.146971479058266]},"pelvis":{"basis_x":[0.999259829521179,0.0331327095627785,0.0195458605885506],"basis_y":[-0.0372952967882156,0.958934962749481,0.281163334846497],"basis_z":[-0.00942750740796328,-0.281684160232544,0.959460914134979],"origin":[0.0382613465189934,0.927825927734375,-0.0428747236728668]},"thigh_l":{"basis_x":[0.999468445777893,0.0173453204333782,0.0276035740971565],"basis_y":[0.0238770265132189,-0.965970456600189,-0.257548779249191],"basis_z":[0.0221970118582249,0.258071392774582,-0.965873003005981],"origin":[0.127925291657448,0.952915549278259,-0.0341193079948425]},"thigh_r":{"basis_x":[0.998569190502167,-0.0289887674152851,0.0449354648590088],"basis_y":[-0.0523776113986969,-0.699563145637512,0.712648391723633],"basis_z":[0.0107764173299074,-0.713983714580536,-0.700082004070282],"origin":[-0.0531405806541443,0.946911871433258,-0.0376610159873962]}}}
2026-10-07T21:12:34.2128689Z NATIVE_RIGID_PROP_METRIC guardian_1 surfaces=5 max_world_length_error=0.00000166893005
2026-10-07T21:12:34.2187660Z NATIVE_COLLAPSE_TRACE guardian_1 [{"drop_from_original_guard":0.00710248947143555,"time":0.0,"world_head_y":4.00809860229492},{"drop_from_original_guard":0.615910768508911,"time":0.22,"world_head_y":3.39929032325745},{"drop_from_original_guard":1.02134132385254,"time":0.3,"world_head_y":2.99385976791382},{"drop_from_original_guard":3.36811858415604,"time":0.45,"world_head_y":0.647082507610321},{"drop_from_original_guard":3.32272398471832,"time":0.6,"world_head_y":0.692477107048035},{"drop_from_original_guard":3.33852583169937,"time":0.68,"world_head_y":0.676675260066986},{"drop_from_original_guard":3.33877277374268,"time":0.75,"world_head_y":0.676428318023682},{"drop_from_original_guard":3.33990806341171,"time":0.9,"world_head_y":0.675293028354645}]
2026-10-07T21:12:34.5333501Z NATIVE_WALK_METRIC guardian_2 boot_probes=346 stable_samples=101 max_world_stance_drift=0.001614766079 min_world_boot_y=0.00762336840853 min_world_loaded_y=0.00762336840853 max_world_loaded_y=0.03495693206787 min_world_free_y=0.01170304697007 max_world_free_lift=0.28530570864677
2026-10-07T21:12:34.5344851Z NATIVE_WALK_WORST guardian_2 {"frame":15,"gait_phase":2.47395845786791,"loaded_side":0,"min_free_world_y":0.282169610261917,"min_loaded_world_y":0.00762336840853095,"motion_y":0.00899999961256981,"plant_active":[true,false],"source_named_poses":{"ball_l":{"basis_x":[-0.999423623085022,-0.0139556583017111,-0.0309436358511448],"basis_y":[-0.0303443744778633,-0.0412851572036743,0.998688757419586],"basis_z":[-0.0152148306369781,0.999050259590149,0.0408371984958649],"origin":[0.151436612010002,0.0148061886429787,-0.147057935595512]},"ball_r":{"basis_x":[-0.999995827674866,0.00174772460013628,0.00228691007941961],"basis_y":[0.00216476968489587,-0.0669367611408234,0.997755944728851],"basis_z":[0.00189684238284826,0.997756481170654,0.0669347643852234],"origin":[-0.0923762619495392,0.12404678016901,0.284079611301422]},"calf_l":{"basis_x":[0.999329507350922,0.029471255838871,0.0217238925397396],"basis_y":[0.0345975533127785,-0.954265713691711,-0.296951830387115],"basis_z":[0.0119788879528642,0.297504663467407,-0.954647421836853],"origin":[0.138163760304451,0.538707375526428,-0.144556224346161]},"calf_r":{"basis_x":[0.998567283153534,-0.0458261594176292,0.0276258457452059],"basis_y":[-0.0369424298405647,-0.963917136192322,-0.263631671667099],"basis_z":[0.0387101992964745,0.262231439352036,-0.964228749275208],"origin":[-0.0756000950932503,0.646939158439636,0.267922639846802]},"foot_l":{"basis_x":[0.999489426612854,0.0142420651391149,0.0286007300019264],"basis_y":[-0.01634531468153,-0.541228055953979,0.840719223022461],"basis_z":[0.0274530742317438,-0.840755641460419,-0.540719151496887],"origin":[0.154036715626717,0.100901335477829,-0.280794262886047]},"foot_r":{"basis_x":[0.999995827674866,-0.00174771621823311,-0.00228695571422577],"basis_y":[0.00108497962355614,-0.507050335407257,0.861915767192841],"basis_z":[-0.00266593974083662,-0.861915588378906,-0.507048189640045],"origin":[-0.0925488546490669,0.204705148935318,0.146971479058266]},"pelvis":{"basis_x":[0.999259829521179,0.0331327095627785,0.0195458605885506],"basis_y":[-0.0372952967882156,0.958934962749481,0.281163334846497],"basis_z":[-0.00942750740796328,-0.281684160232544,0.959460914134979],"origin":[0.0382613465189934,0.927825927734375,-0.0428747236728668]},"thigh_l":{"basis_x":[0.999468445777893,0.0173453204333782,0.0276035740971565],"basis_y":[0.0238770265132189,-0.965970456600189,-0.257548779249191],"basis_z":[0.0221970118582249,0.258071392774582,-0.965873003005981],"origin":[0.127925291657448,0.952915549278259,-0.0341193079948425]},"thigh_r":{"basis_x":[0.998569190502167,-0.0289887674152851,0.0449354648590088],"basis_y":[-0.0523776113986969,-0.699563145637512,0.712648391723633],"basis_z":[0.0107764173299074,-0.713983714580536,-0.700082004070282],"origin":[-0.0531405806541443,0.946911871433258,-0.0376610159873962]}}}
2026-10-07T21:12:34.5473275Z NATIVE_RIGID_PROP_METRIC guardian_2 surfaces=5 max_world_length_error=0.00000092387199
2026-10-07T21:12:34.5530007Z NATIVE_COLLAPSE_TRACE guardian_2 [{"drop_from_original_guard":0.00710248947143555,"time":0.0,"world_head_y":4.00809860229492},{"drop_from_original_guard":0.615910768508911,"time":0.22,"world_head_y":3.39929032325745},{"drop_from_original_guard":1.02134132385254,"time":0.3,"world_head_y":2.99385976791382},{"drop_from_original_guard":3.36811858415604,"time":0.45,"world_head_y":0.647082507610321},{"drop_from_original_guard":3.32272398471832,"time":0.6,"world_head_y":0.692477107048035},{"drop_from_original_guard":3.33852583169937,"time":0.68,"world_head_y":0.676675260066986},{"drop_from_original_guard":3.33877277374268,"time":0.75,"world_head_y":0.676428318023682},{"drop_from_original_guard":3.33990806341171,"time":0.9,"world_head_y":0.675293028354645}]
2026-10-07T21:12:34.8800156Z NATIVE_WALK_METRIC guardian_3 boot_probes=346 stable_samples=101 max_world_stance_drift=0.001614766079 min_world_boot_y=0.00762339541689 min_world_loaded_y=0.00762339541689 max_world_loaded_y=0.03495693206787 min_world_free_y=0.01170304697007 max_world_free_lift=0.28530570864677
2026-10-07T21:12:34.8812026Z NATIVE_WALK_WORST guardian_3 {"frame":22,"gait_phase":2.86909189021236,"loaded_side":0,"min_free_world_y":0.0617729015648365,"min_loaded_world_y":0.00762339541688561,"motion_y":0.00899999961256981,"plant_active":[true,false],"source_named_poses":{"ball_l":{"basis_x":[-0.994429111480713,0.00819072406738997,-0.10508831590414],"basis_y":[-0.105135664343834,-0.00558716058731079,0.994444489479065],"basis_z":[0.00755808129906654,0.999950885772705,0.00641685724258423],"origin":[0.197150006890297,0.0133585557341576,-0.0690937638282776]},"ball_r":{"basis_x":[-0.999994814395905,0.00318786315619946,0.000203242903808132],"basis_y":[0.0013271631905809,0.356792122125626,0.934185206890106],"basis_z":[0.00290551315993071,0.934178948402405,-0.356793224811554],"origin":[-0.0924164056777954,0.0971277505159378,0.378730833530426]},"calf_l":{"basis_x":[0.976678967475891,0.177855283021927,0.120273754000664],"basis_y":[0.206646740436554,-0.930716872215271,-0.301767647266388],"basis_z":[0.0582698360085487,0.319583982229233,-0.945766627788544],"origin":[0.117792800068855,0.512932479381561,-0.0713557675480843]},"calf_r":{"basis_x":[0.998856008052826,-0.0284396540373564,0.0384416244924068],"basis_y":[-0.0308973584324121,-0.997411847114563,0.0649293065071106],"basis_z":[0.0364955849945545,-0.066044420003891,-0.997150599956512],"origin":[-0.0782226249575615,0.570599913597107,0.1906618475914]},"foot_l":{"basis_x":[0.994441986083984,-0.00818672031164169,0.104967847466469],"basis_y":[-0.0971243232488632,-0.456215083599091,0.884555280208588],"basis_z":[0.0406462550163269,-0.889832079410553,-0.454475104808807],"origin":[0.21259993314743,0.0859303772449493,-0.209803253412247]},"foot_r":{"basis_x":[0.999994814395905,-0.00318788946606219,-0.00020330399274826],"basis_y":[-0.000115867704153061,-0.0997725650668144,0.995011568069458],"basis_z":[-0.00319219892844558,-0.995005667209625,-0.0997741967439651],"origin":[-0.0923979729413986,0.112998932600021,0.220450654625893]},"pelvis":{"basis_x":[0.998752295970917,0.0409678071737289,0.0285570695996284],"basis_y":[-0.0473463088274002,0.958655118942261,0.280604362487793],"basis_z":[-0.0158806350082159,-0.281606316566467,0.959398627281189],"origin":[0.0326195880770683,0.914218902587891,-0.0427707731723785]},"thigh_l":{"basis_x":[0.999529540538788,-0.0123570170253515,0.0280715543776751],"basis_y":[-0.00981494318693876,-0.995987474918365,-0.0889548361301422],"basis_z":[0.0290581844747066,0.0886375904083252,-0.995642006397247],"origin":[0.122001454234123,0.940011918544769,-0.0332119278609753]},"thigh_r":{"basis_x":[0.998615205287933,-0.0232421681284904,0.0471957847476006],"basis_y":[-0.0448931157588959,-0.844189882278442,0.534161150455475],"basis_z":[0.0274271946400404,-0.535541176795959,-0.844065964221954],"origin":[-0.0589724630117416,0.932588517665863,-0.0383864678442478]}}}
2026-10-07T21:12:34.8930240Z NATIVE_RIGID_PROP_METRIC guardian_3 surfaces=3 max_world_length_error=0.00000059604645
2026-10-07T21:12:34.8960211Z NATIVE_COLLAPSE_TRACE guardian_3 [{"drop_from_original_guard":-0.00573420524597168,"time":0.0,"world_head_y":3.55653285980225},{"drop_from_original_guard":0.151508331298828,"time":0.22,"world_head_y":3.39929032325745},{"drop_from_original_guard":0.556938886642456,"time":0.3,"world_head_y":2.99385976791382},{"drop_from_original_guard":3.01800334453583,"time":0.45,"world_head_y":0.532795310020447},{"drop_from_original_guard":2.85832154750824,"time":0.6,"world_head_y":0.692477107048035},{"drop_from_original_guard":2.87412339448929,"time":0.68,"world_head_y":0.676675260066986},{"drop_from_original_guard":2.87437033653259,"time":0.75,"world_head_y":0.676428318023682},{"drop_from_original_guard":2.87550562620163,"time":0.9,"world_head_y":0.675293028354645}]
2026-10-07T21:12:41.0113216Z NATIVE_BOW_RELEASE_METRIC line_distance=0.0; nock_join=0.0; bow_grip_distance=0.0; draw_hand_outward=0.11488597840071; arrow_visible=false
2026-10-07T21:12:43.9944918Z CHARACTER THREE D SMOKE: 168 checks, 0 failures
2026-10-07T21:12:44.1409756Z ##[group]Run timeout 120s godot --headless --path . --script tests/native_motion_transition_smoke.gd
2026-10-07T21:12:44.1410135Z [36;1mtimeout 120s godot --headless --path . --script tests/native_motion_transition_smoke.gd[0m
2026-10-07T21:12:44.1410459Z [36;1mtimeout 120s godot --headless --path . --script tests/avatar_attire_quality_smoke.gd[0m
2026-10-07T21:12:44.1410766Z [36;1mtimeout 120s godot --headless --path . --script tests/native_hostile_smoke.gd[0m
2026-10-07T21:12:44.1411058Z [36;1mtimeout 120s godot --headless --path . --script tests/render_budget_smoke.gd[0m
2026-10-07T21:12:44.1463082Z shell: /usr/bin/bash -e {0}
2026-10-07T21:12:44.1463220Z env:
2026-10-07T21:12:44.1463386Z   JAVA_HOME: /opt/hostedtoolcache/Java_Temurin-Hotspot_jdk/17.0.20-1/x64
2026-10-07T21:12:44.1463648Z   JAVA_HOME_17_X64: /opt/hostedtoolcache/Java_Temurin-Hotspot_jdk/17.0.20-1/x64
2026-10-07T21:12:44.1463853Z   MAVEN_ARGS: -ntp
2026-10-07T21:12:44.1464004Z   ANDROID_HOME: /usr/local/lib/android/sdk
2026-10-07T21:12:44.1464170Z   ANDROID_SDK_ROOT: /usr/local/lib/android/sdk
2026-10-07T21:12:44.1464322Z ##[endgroup]
2026-10-07T21:12:44.1670133Z Godot Engine v4.7.2.stable.official.ed1daf0bf - https://godotengine.org
2026-10-07T21:12:44.1862249Z 
2026-10-07T21:12:49.1244358Z NATIVE MOTION TRANSITION METRICS {"Arcanist":{"actual_release_maximum_quaternion_component_jump":0.0,"actual_release_native65_continuous":true,"cancel_cases":[{"chest_entry_jump_m":0.000000238418579101562,"maximum_cancel_ankle_world_jump_m":0.000000337257091587162,"maximum_escape_weapon_frame_step_m":0.126084253191948,"normalized_cancel_phase":0.32,"weapon_entry_jump_m":0.000000476837158203125},{"chest_entry_jump_m":0.000000357627868652344,"maximum_cancel_ankle_world_jump_m":0.000000448274874997878,"maximum_escape_weapon_frame_step_m":0.138659849762917,"normalized_cancel_phase":0.67,"weapon_entry_jump_m":0.000000238418579101562},{"chest_entry_jump_m":0.000000357627868652344,"maximum_cancel_ankle_world_jump_m":0.000000155572692506212,"maximum_escape_weapon_frame_step_m":0.168211817741394,"normalized_cancel_phase":0.93,"weapon_entry_jump_m":0.000000320980831247653}],"ordinary_walk_cast_entire_sampled_phrase_maximum_weapon_step_m":0.0526629909873009,"ordinary_walk_cast_first9frames_maximum_weapon_step_m":0.0526629909873009,"ordinary_walk_cast_maximum_chest_step_m":0.0526633933186531,"ranger_full_draw_hook_to_native_head_height_m":0.0},"Ranger":{"actual_release_maximum_quaternion_component_jump":0.0,"actual_release_native65_continuous":true,"cancel_cases":[{"chest_entry_jump_m":0.000000357687270025053,"maximum_cancel_ankle_world_jump_m":0.000000290859048845959,"maximum_escape_weapon_frame_step_m":0.262491643428802,"normalized_cancel_phase":0.32,"weapon_entry_jump_m":0.000000478928029679082},{"chest_entry_jump_m":0.000000357627868652344,"maximum_cancel_ankle_world_jump_m":0.000000133280039449346,"maximum_escape_weapon_frame_step_m":0.265446722507477,"normalized_cancel_phase":0.67,"weapon_entry_jump_m":0.000000238418579101562},{"chest_entry_jump_m":0.000000119209289550781,"maximum_cancel_ankle_world_jump_m":0.000000139983697522439,"maximum_escape_weapon_frame_step_m":0.264018565416336,"normalized_cancel_phase":0.93,"weapon_entry_jump_m":0.000000238418579101562}],"ordinary_walk_cast_entire_sampled_phrase_maximum_weapon_step_m":0.131485998630524,"ordinary_walk_cast_first9frames_maximum_weapon_step_m":0.131485998630524,"ordinary_walk_cast_maximum_chest_step_m":0.0379648096859455,"ranger_full_draw_hook_to_native_head_height_m":0.0415750741958618},"Vowkeeper":{"actual_release_maximum_quaternion_component_jump":0.0000000596046447753906,"actual_release_native65_continuous":true,"cancel_cases":[{"chest_entry_jump_m":0.000000238418579101562,"maximum_cancel_ankle_world_jump_m":0.000000133488128994941,"maximum_escape_weapon_frame_step_m":0.131111770868301,"normalized_cancel_phase":0.32,"weapon_entry_jump_m":0.000000565459288282},{"chest_entry_jump_m":0.0,"maximum_cancel_ankle_world_jump_m":0.000000195568873095908,"maximum_escape_weapon_frame_step_m":0.282388806343079,"normalized_cancel_phase":0.67,"weapon_entry_jump_m":0.000000292001942625575},{"chest_entry_jump_m":0.000000119209289550781,"maximum_cancel_ankle_world_jump_m":0.000000520954927196726,"maximum_escape_weapon_frame_step_m":0.2191561460495,"normalized_cancel_phase":0.93,"weapon_entry_jump_m":0.00000038165595128703}],"ordinary_walk_cast_entire_sampled_phrase_maximum_weapon_step_m":0.478004842996597,"ordinary_walk_cast_first9frames_maximum_weapon_step_m":0.20180569589138,"ordinary_walk_cast_maximum_chest_step_m":0.0470102950930595,"ranger_full_draw_hook_to_native_head_height_m":0.0}}
2026-10-07T21:12:49.1254248Z NATIVE MOTION TRANSITION SMOKE: 706 checks, 0 failures
2026-10-07T21:12:49.2512167Z Godot Engine v4.7.2.stable.official.ed1daf0bf - https://godotengine.org
2026-10-07T21:12:49.2702889Z 
2026-10-07T21:12:50.8683088Z ATTIRE VERIFICATION SCOPE: headless CPU upload/bounds oracle; Dummy vertex updates are no-op
2026-10-07T21:12:51.2969213Z ATTIRE BUFFER Vowkeeper Vowkeeper/idle/0.4: max offset=0.00033984123729 m; actual min_y=0.7471216917038
2026-10-07T21:12:51.3158075Z ATTIRE BUFFER Vowkeeper Vowkeeper/walk/0.125: max offset=0.00364988227375 m; actual min_y=0.88605117797852
2026-10-07T21:12:51.3347944Z ATTIRE BUFFER Vowkeeper Vowkeeper/walk/0.375: max offset=0.00446715345606 m; actual min_y=0.92506915330887
2026-10-07T21:12:51.3545642Z ATTIRE BUFFER Vowkeeper Vowkeeper/windup_basic/0.7: max offset=0.00348788453266 m; actual min_y=0.83591800928116
2026-10-07T21:12:51.3743329Z ATTIRE BUFFER Vowkeeper Vowkeeper/windup_skill/1.0: max offset=0.00483714742586 m; actual min_y=0.84342926740646
2026-10-07T21:12:51.3938276Z ATTIRE BUFFER Vowkeeper Vowkeeper/windup_heavy/0.8: max offset=0.00535047706217 m; actual min_y=0.8034325838089
2026-10-07T21:12:51.4131451Z ATTIRE BUFFER Vowkeeper Vowkeeper/recover_heavy/0.1: max offset=0.00247320369817 m; actual min_y=0.86338406801224
2026-10-07T21:12:51.4324938Z ATTIRE BUFFER Vowkeeper Vowkeeper/recover_heavy/0.34: max offset=0.0 m; actual min_y=0.7185355424881
2026-10-07T21:12:51.4520081Z ATTIRE BUFFER Vowkeeper Vowkeeper/evade/0.5: max offset=0.00656469352543 m; actual min_y=0.71027225255966
2026-10-07T21:12:51.5009973Z ATTIRE BUFFER Vowkeeper Vowkeeper/death/0.36: max offset=0.0 m; actual min_y=0.00299999862909
2026-10-07T21:12:51.5497140Z ATTIRE BUFFER Vowkeeper Vowkeeper/death/0.9: max offset=0.0 m; actual min_y=0.00299999862909
2026-10-07T21:12:51.6201145Z ATTIRE BUDGET Vowkeeper: records=2; movable vertices=1284; dirty vertex upload bytes=75432
2026-10-07T21:12:51.8240906Z ATTIRE BUFFER Arcanist Arcanist/idle/0.4: max offset=0.00074241874972 m; actual min_y=0.5192214846611
2026-10-07T21:12:51.8331936Z ATTIRE BUFFER Arcanist Arcanist/walk/0.125: max offset=0.00796588510275 m; actual min_y=0.52811801433563
2026-10-07T21:12:51.8422087Z ATTIRE BUFFER Arcanist Arcanist/walk/0.375: max offset=0.00968917552382 m; actual min_y=0.57691890001297
2026-10-07T21:12:51.8512625Z ATTIRE BUFFER Arcanist Arcanist/windup_basic/0.7: max offset=0.00760031258687 m; actual min_y=0.50459420681
2026-10-07T21:12:51.8603399Z ATTIRE BUFFER Arcanist Arcanist/windup_skill/1.0: max offset=0.01050000172108 m; actual min_y=0.50774890184402
2026-10-07T21:12:51.8694920Z ATTIRE BUFFER Arcanist Arcanist/windup_heavy/0.8: max offset=0.01163112744689 m; actual min_y=0.46747642755508
2026-10-07T21:12:51.8785864Z ATTIRE BUFFER Arcanist Arcanist/recover_heavy/0.1: max offset=0.00536461686715 m; actual min_y=0.47079142928123
2026-10-07T21:12:51.8876575Z ATTIRE BUFFER Arcanist Arcanist/recover_heavy/0.34: max offset=0.0 m; actual min_y=0.5264378786087
2026-10-07T21:12:51.8967519Z ATTIRE BUFFER Arcanist Arcanist/evade/0.5: max offset=0.01425000280142 m; actual min_y=0.52463173866272
2026-10-07T21:12:51.9109819Z ATTIRE BUFFER Arcanist Arcanist/death/0.36: max offset=0.0 m; actual min_y=0.01183157972991
2026-10-07T21:12:51.9244233Z ATTIRE BUFFER Arcanist Arcanist/death/0.9: max offset=0.0 m; actual min_y=0.00621072947979
2026-10-07T21:12:51.9395766Z ATTIRE BUDGET Arcanist: records=5; movable vertices=1661; dirty vertex upload bytes=50004
2026-10-07T21:12:52.3967108Z ATTIRE BUFFER Ranger Ranger/idle/0.4: max offset=0.00033984123729 m; actual min_y=0.88814461231232
2026-10-07T21:12:52.4164327Z ATTIRE BUFFER Ranger Ranger/walk/0.125: max offset=0.00364988227375 m; actual min_y=0.88736593723297
2026-10-07T21:12:52.4355828Z ATTIRE BUFFER Ranger Ranger/walk/0.375: max offset=0.00446715345606 m; actual min_y=0.92373645305634
2026-10-07T21:12:52.4542097Z ATTIRE BUFFER Ranger Ranger/windup_basic/0.7: max offset=0.00348788453266 m; actual min_y=0.8792427778244
2026-10-07T21:12:52.4749414Z ATTIRE BUFFER Ranger Ranger/windup_skill/1.0: max offset=0.00483714742586 m; actual min_y=0.89289802312851
2026-10-07T21:12:52.4936207Z ATTIRE BUFFER Ranger Ranger/windup_heavy/0.8: max offset=0.00535047706217 m; actual min_y=0.88143402338028
2026-10-07T21:12:52.5126350Z ATTIRE BUFFER Ranger Ranger/recover_heavy/0.1: max offset=0.00247320369817 m; actual min_y=0.89289802312851
2026-10-07T21:12:52.5308654Z ATTIRE BUFFER Ranger Ranger/recover_heavy/0.34: max offset=0.0 m; actual min_y=0.89047420024872
2026-10-07T21:12:52.5491498Z ATTIRE BUFFER Ranger Ranger/evade/0.5: max offset=0.00656469352543 m; actual min_y=0.89047420024872
2026-10-07T21:12:52.6084209Z ATTIRE BUFFER Ranger Ranger/death/0.36: max offset=0.0 m; actual min_y=0.00299999862909
2026-10-07T21:12:52.6625805Z ATTIRE BUFFER Ranger Ranger/death/0.9: max offset=0.0 m; actual min_y=0.00299999862909
2026-10-07T21:12:52.7200290Z ATTIRE BUDGET Ranger: records=2; movable vertices=662; dirty vertex upload bytes=48300
2026-10-07T21:12:52.7267303Z AVATAR ATTIRE QUALITY POSES: 33
2026-10-07T21:12:52.7268549Z AVATAR ATTIRE GPU READBACK POSES: 0
2026-10-07T21:12:52.7268857Z AVATAR ATTIRE QUALITY SMOKE: 306 checks, 0 failures
2026-10-07T21:12:52.8481187Z Godot Engine v4.7.2.stable.official.ed1daf0bf - https://godotengine.org
2026-10-07T21:12:52.8679934Z 
2026-10-07T21:13:02.0091230Z NATIVE_HOSTILE_METRICS {"bulwark":{"armor_surfaces":4,"triangles":22162,"visible_skin_surfaces":14,"weapon_surfaces":4},"elite":{"armor_surfaces":3,"triangles":22114,"visible_skin_surfaces":13,"weapon_surfaces":4},"guardian_0":{"armor_surfaces":3,"triangles":24494,"visible_skin_surfaces":13,"weapon_surfaces":2},"guardian_1":{"armor_surfaces":1,"triangles":29392,"visible_skin_surfaces":12,"weapon_surfaces":5},"guardian_2":{"armor_surfaces":1,"triangles":29070,"visible_skin_surfaces":12,"weapon_surfaces":5},"guardian_3":{"armor_surfaces":3,"triangles":22138,"visible_skin_surfaces":13,"weapon_surfaces":3},"hexer":{"armor_surfaces":0,"triangles":28506,"visible_skin_surfaces":11,"weapon_surfaces":5}}
2026-10-07T21:13:02.0092756Z NATIVE_HOSTILE_CONTACT poses=49 max_finger_gap_m=0.00187370111234 max_penetration_m=0.00076865296066 max_actual_thumb_gap_m=0.00239018956199
2026-10-07T21:13:02.0093207Z NATIVE_HOSTILE_BREASTPLATE min_actual_weighted_tunic_and_belt_clearance_m=0.0045993843685
2026-10-07T21:13:02.0093492Z NATIVE HOSTILE SMOKE: 3775 checks, 0 failures
2026-10-07T21:13:02.1136788Z Godot Engine v4.7.2.stable.official.ed1daf0bf - https://godotengine.org
2026-10-07T21:13:02.1331481Z 
2026-10-07T21:13:07.7806206Z RENDER_BUDGET_RECEIPT {"attire_lod_retention":[{"class":"Arcanist","dynamic_meshes":[{"available_lod_levels":3,"dynamic_shadow":"updated_main_vertex_buffer","mode":"hair","name":"Nyra_Hair_Buns","slot":0},{"available_lod_levels":3,"dynamic_shadow":"updated_main_vertex_buffer","mode":"tail","name":"Nyra054_Left_Split_Tail","slot":0},{"available_lod_levels":2,"dynamic_shadow":"updated_main_vertex_buffer","mode":"tail","name":"Nyra054_Left_Tail_Binding","slot":0},{"available_lod_levels":3,"dynamic_shadow":"updated_main_vertex_buffer","mode":"tail","name":"Nyra054_Right_Split_Tail","slot":0},{"available_lod_levels":2,"dynamic_shadow":"updated_main_vertex_buffer","mode":"tail","name":"Nyra054_Right_Tail_Binding","slot":0}],"normal_only_cache_derivations":[{"lods_retained":true,"retained_same_shadow_resource":true,"surfaces":1},{"lods_retained":true,"retained_same_shadow_resource":true,"surfaces":1}]},{"class":"Vowkeeper","dynamic_meshes":[{"available_lod_levels":3,"dynamic_shadow":"updated_main_vertex_buffer","mode":"tunic","name":"Female_Ranger_Body","slot":0},{"available_lod_levels":3,"dynamic_shadow":"updated_main_vertex_buffer","mode":"hair","name":"Nyra_Hair_Buns","slot":0}],"normal_only_cache_derivations":[{"lods_retained":true,"retained_same_shadow_resource":true,"surfaces":1},{"lods_retained":true,"retained_same_shadow_resource":true,"surfaces":1},{"lods_retained":true,"retained_same_shadow_resource":true,"surfaces":1},{"lods_retained":true,"retained_same_shadow_resource":true,"surfaces":1},{"lods_retained":true,"retained_same_shadow_resource":true,"surfaces":1}]},{"class":"Ranger","dynamic_meshes":[{"available_lod_levels":3,"dynamic_shadow":"updated_main_vertex_buffer","mode":"tunic","name":"Female_Ranger_Body","slot":0},{"available_lod_levels":6,"dynamic_shadow":"updated_main_vertex_buffer","mode":"hood","name":"Female_Ranger_Head_Hood","slot":0}],"normal_only_cache_derivations":[{"lods_retained":true,"retained_same_shadow_resource":true,"surfaces":1},{"lods_retained":true,"retained_same_shadow_resource":true,"surfaces":1},{"lods_retained":true,"retained_same_shadow_resource":true,"surfaces":1},{"lods_retained":true,"retained_same_shadow_resource":true,"surfaces":1},{"lods_retained":true,"retained_same_shadow_resource":true,"surfaces":1},{"lods_retained":true,"retained_same_shadow_resource":true,"surfaces":1}]}],"checks":287,"classes":[{"active_frames":[{"current":{"bone_or_prop_transforms":67,"camera_inversions":1,"depth_boxes":106,"depth_corner_projections":0,"enabled":true,"live_replay_meshes":24,"materials_created":1,"meshes_created":24,"transform_writes":0,"unallocated_hidden_props":0,"uniform_writes":1,"visibility_writes":0},"left":0.3,"legacy":{"boxes":106,"legacy_corner_transforms":848,"near":16.8801822662354},"style":"basic"},{"current":{"bone_or_prop_transforms":67,"camera_inversions":1,"depth_boxes":106,"depth_corner_projections":0,"enabled":true,"live_replay_meshes":24,"materials_created":1,"meshes_created":24,"transform_writes":0,"unallocated_hidden_props":0,"uniform_writes":1,"visibility_writes":0},"left":0.18,"legacy":{"boxes":106,"legacy_corner_transforms":848,"near":16.880184173584},"style":"basic"},{"current":{"bone_or_prop_transforms":67,"camera_inversions":1,"depth_boxes":106,"depth_corner_projections":0,"enabled":true,"live_replay_meshes":24,"materials_created":1,"meshes_created":24,"transform_writes":0,"unallocated_hidden_props":0,"uniform_writes":1,"visibility_writes":0},"left":0.06,"legacy":{"boxes":106,"legacy_corner_transforms":848,"near":16.8801822662354},"style":"basic"},{"current":{"bone_or_prop_transforms":67,"camera_inversions":1,"depth_boxes":106,"depth_corner_projections":0,"enabled":true,"live_replay_meshes":24,"materials_created":1,"meshes_created":24,"transform_writes":0,"unallocated_hidden_props":0,"uniform_writes":0,"visibility_writes":0},"left":0.3,"legacy":{"boxes":106,"legacy_corner_transforms":848,"near":16.8801822662354},"style":"signature"},{"current":{"bone_or_prop_transforms":67,"camera_inversions":1,"depth_boxes":106,"depth_corner_projections":0,"enabled":true,"live_replay_meshes":24,"materials_created":1,"meshes_created":24,"transform_writes":0,"unallocated_hidden_props":0,"uniform_writes":0,"visibility_writes":0},"left":0.18,"legacy":{"boxes":106,"legacy_corner_transforms":848,"near":16.8801822662354},"style":"signature"},{"current":{"bone_or_prop_transforms":67,"camera_inversions":1,"depth_boxes":106,"depth_corner_projections":0,"enabled":true,"live_replay_meshes":24,"materials_created":1,"meshes_created":24,"transform_writes":0,"unallocated_hidden_props":0,"uniform_writes":1,"visibility_writes":0},"left":0.06,"legacy":{"boxes":106,"legacy_corner_transforms":848,"near":16.880184173584},"style":"signature"}],"class":"Arcanist","disabled_after_reveal":{"bone_or_prop_transforms":0,"camera_inversions":0,"depth_boxes":0,"depth_corner_projections":0,"enabled":false,"live_replay_meshes":24,"materials_created":1,"meshes_created":24,"transform_writes":0,"unallocated_hidden_props":0,"uniform_writes":0,"visibility_writes":0},"first_reveal":{"bone_or_prop_transforms":67,"camera_inversions":1,"depth_boxes":106,"depth_corner_projections":0,"enabled":true,"live_replay_meshes":24,"materials_created":1,"meshes_created":24,"transform_writes":0,"unallocated_hidden_props":0,"uniform_writes":1,"visibility_writes":24},"inventory":{"available_coarsest_triangles":2406,"buffer_scope":"Main/index/attribute/skin/LOD bytes per distinct visible mesh resource within this actor; shared other actors, textures and driver allocations are excluded","distinct_material_resources":24,"distinct_mesh_resources":24,"lod_meshes":[{"inventory":{"base_triangles":1480,"base_vertices":912,"coarsest_triangles":4,"lod_surface_count":1,"position_only_shadow_surfaces":0,"scope":"Available imported index LODs and optional position-only shadow geometry; renderer selection and actual phone frame time are separate measurements","shadow_triangles":0,"shadow_vertices":0,"stored_buffer_bytes":57816,"surfaces":[{"base_triangles":1480,"coarsest_triangles":4,"lod_levels":[{"edge_length":0.00176167441532016,"packed_index_bytes":4440,"triangles":740},{"edge_length":0.00302292732521892,"packed_index_bytes":2220,"triangles":370},{"edge_length":0.00681251799687743,"packed_index_bytes":1104,"triangles":184},{"edge_length":0.0115801729261875,"packed_index_bytes":552,"triangles":92},{"edge_length":0.0181416925042868,"packed_index_bytes":276,"triangles":46},{"edge_length":0.0272125396877527,"packed_index_bytes":132,"triangles":22},{"edge_length":0.0408188104629517,"packed_index_bytes":60,"triangles":10},{"edge_length":0.0612282156944275,"packed_index_bytes":24,"triangles":4}],"surface":0,"vertices":912}]},"name":"Eyebrows"},{"inventory":{"base_triangles":768,"base_vertices":556,"coarsest_triangles":6,"lod_surface_count":1,"position_only_shadow_surfaces":0,"scope":"Available imported index LODs and optional position-only shadow geometry; renderer selection and actual phone frame time are separate measurements","shadow_triangles":0,"shadow_vertices":0,"stored_buffer_bytes":33644,"surfaces":[{"base_triangles":768,"coarsest_triangles":6,"lod_levels":[{"edge_length":0.00130871217697859,"packed_index_bytes":2304,"triangles":384},{"edge_length":0.00243033585138619,"packed_index_bytes":1152,"triangles":192},{"edge_length":0.00364550366066396,"packed_index_bytes":576,"triangles":96},{"edge_length":0.00886428635567427,"packed_index_bytes":288,"triangles":48},{"edge_length":0.0132964299991727,"packed_index_bytes":144,"triangles":24},{"edge_length":0.0234956461936235,"packed_index_bytes":72,"triangles":12},{"edge_length":0.0352434702217579,"packed_index_bytes":36,"triangles":6}],"surface":0,"vertices":556}]},"name":"Eyes"},{"inventory":{"base_triangles":3008,"base_vertices":1637,"coarsest_triangles":46,"lod_surface_count":1,"position_only_shadow_surfaces":0,"scope":"Available imported index LODs and optional position-only shadow geometry; renderer selection and actual phone frame time are separate measurements","shadow_triangles":0,"shadow_vertices":0,"stored_buffer_bytes":107836,"surfaces":[{"base_triangles":3008,"coarsest_triangles":46,"lod_levels":[{"edge_length":0.00412739347666502,"packed_index_bytes":9024,"triangles":1504},{"edge_length":0.00837521627545357,"packed_index_bytes":4512,"triangles":752},{"edge_length":0.016413863748312,"packed_index_bytes":2256,"triangles":376},{"edge_length":0.0343792662024498,"packed_index_bytes":1128,"triangles":188},{"edge_length":0.0652410909533501,"packed_index_bytes":564,"triangles":94},{"edge_length":0.149781346321106,"packed_index_bytes":276,"triangles":46}],"surface":0,"vertices":1637}]},"name":"Nyra_Authored_Head"},{"inventory":{"base_triangles":6848,"base_vertices":5436,"coarsest_triangles":168,"lod_surface_count":1,"position_only_shadow_surfaces":0,"scope":"Available imported index LODs and optional position-only shadow geometry; renderer selection and actual phone frame time are separate measurements","shadow_triangles":0,"shadow_vertices":0,"stored_buffer_bytes":318060,"surfaces":[{"base_triangles":6848,"coarsest_triangles":168,"lod_levels":[{"edge_length":0.00550519814714789,"packed_index_bytes":20544,"triangles":3424},{"edge_length":0.0128849484026432,"packed_index_bytes":10272,"triangles":1712},{"edge_length":0.0344134904444218,"packed_index_bytes":3984,"triangles":664},{"edge_length":0.0817246735095978,"packed_index_bytes":1980,"triangles":330},{"edge_length":0.477007806301117,"packed_index_bytes":1008,"triangles":168}],"surface":0,"vertices":5436}]},"name":"Nyra_Female_Peasant_Arms"},{"inventory":{"base_triangles":2188,"base_vertices":1730,"coarsest_triangles":276,"lod_surface_count":1,"position_only_shadow_surfaces":0,"scope":"Available imported index LODs and optional position-only shadow geometry; renderer selection and actual phone frame time are separate measurements","shadow_triangles":0,"shadow_vertices":0,"stored_buffer_bytes":100744,"surfaces":[{"base_triangles":2188,"coarsest_triangles":276,"lod_levels":[{"edge_length":0.010137296281755,"packed_index_bytes":6564,"triangles":1094},{"edge_length":0.024071853607893,"packed_index_bytes":3276,"triangles":546},{"edge_length":0.261811286211014,"packed_index_bytes":1656,"triangles":276}],"surface":0,"vertices":1730}]},"name":"Nyra_Female_Peasant_Body"},{"inventory":{"base_triangles":2588,"base_vertices":1892,"coarsest_triangles":322,"lod_surface_count":1,"position_only_shadow_surfaces":0,"scope":"Available imported index LODs and optional position-only shadow geometry; renderer selection and actual phone frame time are separate measurements","shadow_triangles":0,"shadow_vertices":0,"stored_buffer_bytes":112348,"surfaces":[{"base_triangles":2588,"coarsest_triangles":322,"lod_levels":[{"edge_length":0.00973160658031702,"packed_index_bytes":7764,"triangles":1294},{"edge_length":0.0240940134972334,"packed_index_bytes":3876,"triangles":646},{"edge_length":0.328116476535797,"packed_index_bytes":1932,"triangles":322}],"surface":0,"vertices":1892}]},"name":"Nyra_Female_Peasant_Feet"},{"inventory":{"base_triangles":1944,"base_vertices":1126,"coarsest_triangles":78,"lod_surface_count":1,"position_only_shadow_surfaces":0,"scope":"Available imported index LODs and optional position-only shadow geometry; renderer selection and actual phone frame time are separate measurements","shadow_triangles":0,"shadow_vertices":0,"stored_buffer_bytes":72596,"surfaces":[{"base_triangles":1944,"coarsest_triangles":78,"lod_levels":[{"edge_length":0.0107383299618959,"packed_index_bytes":5832,"triangles":972},{"edge_length":0.0168213564902544,"packed_index_bytes":2916,"triangles":486},{"edge_length":0.0388133525848389,"packed_index_bytes":1452,"triangles":242},{"edge_length":0.12000035494566,"packed_index_bytes":720,"triangles":120},{"edge_length":0.451106041669846,"packed_index_bytes":468,"triangles":78}],"surface":0,"vertices":1126}]},"name":"Nyra_Female_Peasant_Legs"},{"inventory":{"base_triangles":3284,"base_vertices":3501,"coarsest_triangles":410,"lod_surface_count":1,"position_only_shadow_surfaces":0,"scope":"Available imported index LODs and optional position-only shadow geometry; renderer selection and actual phone frame time are separate measurements","shadow_triangles":0,"shadow_vertices":0,"stored_buffer_bytes":190980,"surfaces":[{"base_triangles":3284,"coarsest_triangles":410,"lod_levels":[{"edge_length":0.00438841572031379,"packed_index_bytes":9852,"triangles":1642},{"edge_length":0.01218490768224,"packed_index_bytes":4920,"triangles":820},{"edge_length":0.0777194425463676,"packed_index_bytes":2460,"triangles":410}],"surface":0,"vertices":3501}]},"name":"Nyra_Hair_Buns"},{"inventory":{"base_triangles":1984,"base_vertices":1457,"coarsest_triangles":326,"lod_surface_count":1,"position_only_shadow_surfaces":0,"scope":"Available imported index LODs and optional position-only shadow geometry; renderer selection and actual phone frame time are separate measurements","shadow_triangles":0,"shadow_vertices":0,"stored_buffer_bytes":83920,"surfaces":[{"base_triangles":1984,"coarsest_triangles":326,"lod_levels":[{"edge_length":0.0106570506468415,"packed_index_bytes":5952,"triangles":992},{"edge_length":0.19830921292305,"packed_index_bytes":1956,"triangles":326}],"surface":0,"vertices":1457}]},"name":"Nyra054_Open_Coat_Bodice"},{"inventory":{"base_triangles":167,"base_vertices":115,"coarsest_triangles":59,"lod_surface_count":1,"position_only_shadow_surfaces":0,"scope":"Available imported index LODs and optional position-only shadow geometry; renderer selection and actual phone frame time are separate measurements","shadow_triangles":0,"shadow_vertices":0,"stored_buffer_bytes":6914,"surfaces":[{"base_triangles":167,"coarsest_triangles":59,"lod_levels":[{"edge_length":0.0112102376297116,"packed_index_bytes":498,"triangles":83},{"edge_length":0.103718146681786,"packed_index_bytes":354,"triangles":59}],"surface":0,"vertices":115}]},"name":"Nyra054_Left_Shoulder_Bronze"},{"inventory":{"base_triangles":167,"base_vertices":115,"coarsest_triangles":61,"lod_surface_count":1,"position_only_shadow_surfaces":0,"scope":"Available imported index LODs and optional position-only shadow geometry; renderer selection and actual phone frame time are separate measurements","shadow_triangles":0,"shadow_vertices":0,"stored_buffer_bytes":6926,"surfaces":[{"base_triangles":167,"coarsest_triangles":61,"lod_levels":[{"edge_length":0.0108452066779137,"packed_index_bytes":498,"triangles":83},{"edge_length":0.0979494377970695,"packed_index_bytes":366,"triangles":61}],"surface":0,"vertices":115}]},"name":"Nyra054_Right_Shoulder_Bronze"},{"inventory":{"base_triangles":564,"base_vertices":1128,"coarsest_triangles":8,"lod_surface_count":1,"position_only_shadow_surfaces":0,"scope":"Available imported index LODs and optional position-only shadow geometry; renderer selection and actual phone frame time are separate measurements","shadow_triangles":0,"shadow_vertices":0,"stored_buffer_bytes":55584,"surfaces":[{"base_triangles":564,"coarsest_triangles":8,"lod_levels":[{"edge_length":0.00588400335982442,"packed_index_bytes":1608,"triangles":268},{"edge_length":0.00903777312487364,"packed_index_bytes":756,"triangles":126},{"edge_length":0.0139779197052121,"packed_index_bytes":156,"triangles":26},{"edge_length":0.0209668800234795,"packed_index_bytes":48,"triangles":8}],"surface":0,"vertices":1128}]},"name":"Nyra054_Bodice_Bronze_Binding"},{"inventory":{"base_triangles":220,"base_vertices":440,"coarsest_triangles":220,"lod_surface_count":0,"position_only_shadow_surfaces":0,"scope":"Available imported index LODs and optional position-only shadow geometry; renderer selection and actual phone frame time are separate measurements","shadow_triangles":0,"shadow_vertices":0,"stored_buffer_bytes":20680,"surfaces":[{"base_triangles":220,"coarsest_triangles":220,"lod_levels":[],"surface":0,"vertices":440}]},"name":"Nyra054_Lapel_Leather_Facing"},{"inventory":{"base_triangles":320,"base_vertices":189,"coarsest_triangles":56,"lod_surface_count":1,"position_only_shadow_surfaces":0,"scope":"Available imported index LODs and optional position-only shadow geometry; renderer selection and actual phone frame time are separate measurements","shadow_triangles":0,"shadow_vertices":0,"stored_buffer_bytes":12012,"surfaces":[{"base_triangles":320,"coarsest_triangles":56,"lod_levels":[{"edge_length":0.010950455442071,"packed_index_bytes":960,"triangles":160},{"edge_length":0.0307315718382597,"packed_index_bytes":480,"triangles":80},{"edge_length":0.126100540161133,"packed_index_bytes":336,"triangles":56}],"surface":0,"vertices":189}]},"name":"Nyra054_Left_Split_Tail"},{"inventory":{"base_triangles":72,"base_vertices":144,"coarsest_triangles":16,"lod_surface_count":1,"position_only_shadow_surfaces":0,"scope":"Available imported index LODs and optional position-only shadow geometry; renderer selection and actual phone frame time are separate measurements","shadow_triangles":0,"shadow_vertices":0,"stored_buffer_bytes":7056,"surfaces":[{"base_triangles":72,"coarsest_triangles":16,"lod_levels":[{"edge_length":0.014925635419786,"packed_index_bytes":192,"triangles":32},{"edge_length":0.028532775118947,"packed_index_bytes":96,"triangles":16}],"surface":0,"vertices":144}]},"name":"Nyra054_Left_Tail_Binding"},{"inventory":{"base_triangles":320,"base_vertices":189,"coarsest_triangles":56,"lod_surface_count":1,"position_only_shadow_surfaces":0,"scope":"Available imported index LODs and optional position-only shadow geometry; renderer selection and actual phone frame time are separate measurements","shadow_triangles":0,"shadow_vertices":0,"stored_buffer_bytes":12012,"surfaces":[{"base_triangles":320,"coarsest_triangles":56,"lod_levels":[{"edge_length":0.0109503520652652,"packed_index_bytes":960,"triangles":160},{"edge_length":0.03073157556355,"packed_index_bytes":480,"triangles":80},{"edge_length":0.12610051035881,"packed_index_bytes":336,"triangles":56}],"surface":0,"vertices":189}]},"name":"Nyra054_Right_Split_Tail"},{"inventory":{"base_triangles":72,"base_vertices":144,"coarsest_triangles":16,"lod_surface_count":1,"position_only_shadow_surfaces":0,"scope":"Available imported index LODs and optional position-only shadow geometry; renderer selection and actual phone frame time are separate measurements","shadow_triangles":0,"shadow_vertices":0,"stored_buffer_bytes":7056,"surfaces":[{"base_triangles":72,"coarsest_triangles":16,"lod_levels":[{"edge_length":0.014925635419786,"packed_index_bytes":192,"triangles":32},{"edge_length":0.028532775118947,"packed_index_bytes":96,"triangles":16}],"surface":0,"vertices":144}]},"name":"Nyra054_Right_Tail_Binding"},{"inventory":{"base_triangles":46,"base_vertices":48,"coarsest_triangles":46,"lod_surface_count":0,"position_only_shadow_surfaces":0,"scope":"Available imported index LODs and optional position-only shadow geometry; renderer selection and actual phone frame time are separate measurements","shadow_triangles":0,"shadow_vertices":0,"stored_buffer_bytes":2388,"surfaces":[{"base_triangles":46,"coarsest_triangles":46,"lod_levels":[],"surface":0,"vertices":48}]},"name":"Nyra054_Forehead_Circlet"},{"inventory":{"base_triangles":4,"base_vertices":5,"coarsest_triangles":4,"lod_surface_count":0,"position_only_shadow_surfaces":0,"scope":"Available imported index LODs and optional position-only shadow geometry; renderer selection and actual phone frame time are separate measurements","shadow_triangles":0,"shadow_vertices":0,"stored_buffer_bytes":244,"surfaces":[{"base_triangles":4,"coarsest_triangles":4,"lod_levels":[],"surface":0,"vertices":5}]},"name":"Nyra054_Circlet_Gem"},{"inventory":{"base_triangles":366,"base_vertices":1098,"coarsest_triangles":208,"lod_surface_count":1,"position_only_shadow_surfaces":1,"scope":"Available imported index LODs and optional position-only shadow geometry; renderer selection and actual phone frame time are separate measurements","shadow_triangles":366,"shadow_vertices":246,"stored_buffer_bytes":16620,"surfaces":[{"base_triangles":366,"coarsest_triangles":208,"lod_levels":[{"edge_length":0.872409343719482,"packed_index_bytes":1248,"triangles":208}],"surface":0,"vertices":1098}]},"name":"Weapon__leather"},{"inventory":{"base_triangles":1732,"base_vertices":882,"coarsest_triangles":6,"lod_surface_count":1,"position_only_shadow_surfaces":1,"scope":"Available imported index LODs and optional position-only shadow geometry; renderer selection and actual phone frame time are separate measurements","shadow_triangles":1732,"shadow_vertices":882,"stored_buffer_bytes":31128,"surfaces":[{"base_triangles":1732,"coarsest_triangles":6,"lod_levels":[{"edge_length":0.0146905714645982,"packed_index_bytes":5196,"triangles":866},{"edge_length":0.0308322533965111,"packed_index_bytes":2556,"triangles":426},{"edge_length":0.0462483763694763,"packed_index_bytes":1236,"triangles":206},{"edge_length":0.0693725645542145,"packed_index_bytes":612,"triangles":102},{"edge_length":0.106619790196419,"packed_index_bytes":300,"triangles":50},{"edge_length":0.19395412504673,"packed_index_bytes":144,"triangles":24},{"edge_length":0.290931165218353,"packed_index_bytes":72,"triangles":12},{"edge_length":0.43639674782753,"packed_index_bytes":36,"triangles":6}],"surface":0,"vertices":882}]},"name":"Weapon__gold"},{"inventory":{"base_triangles":478,"base_vertices":243,"coarsest_triangles":6,"lod_surface_count":1,"position_only_shadow_surfaces":1,"scope":"Available imported index LODs and optional position-only shadow geometry; renderer selection and actual phone frame time are separate measurements","shadow_triangles":478,"shadow_vertices":243,"stored_buffer_bytes":8556,"surfaces":[{"base_triangles":478,"coarsest_triangles":6,"lod_levels":[{"edge_length":0.0173174999654293,"packed_index_bytes":1428,"triangles":238},{"edge_length":0.0451963432133198,"packed_index_bytes":708,"triangles":118},{"edge_length":0.0915984958410263,"packed_index_bytes":348,"triangles":58},{"edge_length":0.14956334233284,"packed_index_bytes":168,"triangles":28},{"edge_length":0.22434501349926,"packed_index_bytes":84,"triangles":14},{"edge_length":0.336517512798309,"packed_index_bytes":36,"triangles":6}],"surface":0,"vertices":243}]},"name":"Weapon__silver"},{"inventory":{"base_triangles":44,"base_vertices":24,"coarsest_triangles":4,"lod_surface_count":1,"position_only_shadow_surfaces":1,"scope":"Available imported index LODs and optional position-only shadow geometry; renderer selection and actual phone frame time are separate measurements","shadow_triangles":44,"shadow_vertices":24,"stored_buffer_bytes":768,"surfaces":[{"base_triangles":44,"coarsest_triangles":4,"lod_levels":[{"edge_length":0.0764947608113289,"packed_index_bytes":132,"triangles":22},{"edge_length":0.167327582836151,"packed_index_bytes":60,"triangles":10},{"edge_length":0.250991374254227,"packed_index_bytes":24,"triangles":4}],"surface":0,"vertices":24}]},"name":"Weapon__soul"},{"inventory":{"base_triangles":44,"base_vertices":24,"coarsest_triangles":4,"lod_surface_count":1,"position_only_shadow_surfaces":1,"scope":"Available imported index LODs and optional position-only shadow geometry; renderer selection and actual phone frame time are separate measurements","shadow_triangles":44,"shadow_vertices":24,"stored_buffer_bytes":768,"surfaces":[{"base_triangles":44,"coarsest_triangles":4,"lod_levels":[{"edge_length":0.0207380335777998,"packed_index_bytes":132,"triangles":22},{"edge_length":0.055176954716444,"packed_index_bytes":60,"triangles":10},{"edge_length":0.0827654302120209,"packed_index_bytes":24,"triangles":4}],"surface":0,"vertices":24}]},"name":"Weapon__ember"}],"lod_surface_count":21,"mesh_surface_slots":24,"native_vertices":23035,"position_only_shadow_surfaces":5,"position_only_shadow_vertices":1419,"stored_native_buffer_bytes":1266656,"triangles":28708,"visible_meshes":24},"maximum_depth_error_m":0.000001228290479105,"stationary_reveal":{"bone_or_prop_transforms":67,"camera_inversions":1,"depth_boxes":106,"depth_corner_projections":0,"enabled":true,"live_replay_meshes":24,"materials_created":1,"meshes_created":24,"transform_writes":0,"unallocated_hidden_props":0,"uniform_writes":0,"visibility_writes":0},"unoccluded":{"bone_or_prop_transforms":0,"camera_inversions":0,"depth_boxes":0,"depth_corner_projections":0,"enabled":false,"live_replay_meshes":0,"materials_created":0,"meshes_created":0,"transform_writes":0,"unallocated_hidden_props":0,"uniform_writes":0,"visibility_writes":0}},{"active_frames":[{"current":{"bone_or_prop_transforms":67,"camera_inversions":1,"depth_boxes":79,"depth_corner_projections":0,"enabled":true,"live_replay_meshes":17,"materials_created":1,"meshes_created":17,"transform_writes":0,"unallocated_hidden_props":0,"uniform_writes":1,"visibility_writes":0},"left":0.3,"legacy":{"boxes":79,"legacy_corner_transforms":632,"near":17.1783046722412},"style":"basic"},{"current":{"bone_or_prop_transforms":67,"camera_inversions":1,"depth_boxes":79,"depth_corner_projections":0,"enabled":true,"live_replay_meshes":17,"materials_created":1,"meshes_created":17,"transform_writes":0,"unallocated_hidden_props":0,"uniform_writes":1,"visibility_writes":0},"left":0.18,"legacy":{"boxes":79,"legacy_corner_transforms":632,"near":17.1783046722412},"style":"basic"},{"current":{"bone_or_prop_transforms":67,"camera_inversions":1,"depth_boxes":79,"depth_corner_projections":0,"enabled":true,"live_replay_meshes":17,"materials_created":1,"meshes_created":17,"transform_writes":0,"unallocated_hidden_props":0,"uniform_writes":1,"visibility_writes":0},"left":0.06,"legacy":{"boxes":79,"legacy_corner_transforms":632,"near":17.1783046722412},"style":"basic"},{"current":{"bone_or_prop_transforms":67,"camera_inversions":1,"depth_boxes":79,"depth_corner_projections":0,"enabled":true,"live_replay_meshes":17,"materials_created":1,"meshes_created":17,"transform_writes":0,"unallocated_hidden_props":0,"uniform_writes":1,"visibility_writes":0},"left":0.3,"legacy":{"boxes":79,"legacy_corner_transforms":632,"near":17.1783046722412},"style":"signature"},{"current":{"bone_or_prop_transforms":67,"camera_inversions":1,"depth_boxes":79,"depth_corner_projections":0,"enabled":true,"live_replay_meshes":17,"materials_created":1,"meshes_created":17,"transform_writes":0,"unallocated_hidden_props":0,"uniform_writes":0,"visibility_writes":0},"left":0.18,"legacy":{"boxes":79,"legacy_corner_transforms":632,"near":17.1783046722412},"style":"signature"},{"current":{"bone_or_prop_transforms":67,"camera_inversions":1,"depth_boxes":79,"depth_corner_projections":0,"enabled":true,"live_replay_meshes":17,"materials_created":1,"meshes_created":17,"transform_writes":0,"unallocated_hidden_props":0,"uniform_writes":1,"visibility_writes":0},"left":0.06,"legacy":{"boxes":79,"legacy_corner_transforms":632,"near":17.1783046722412},"style":"signature"}],"class":"Vowkeeper","disabled_after_reveal":{"bone_or_prop_transforms":0,"camera_inversions":0,"depth_boxes":0,"depth_corner_projections":0,"enabled":false,"live_replay_meshes":17,"materials_created":1,"meshes_created":17,"transform_writes":0,"unallocated_hidden_props":0,"uniform_writes":0,"visibility_writes":0},"first_reveal":{"bone_or_prop_transforms":67,"camera_inversions":1,"depth_boxes":79,"depth_corner_projections":0,"enabled":true,"live_replay_meshes":17,"materials_created":1,"meshes_created":17,"transform_writes":0,"unallocated_hidden_props":0,"uniform_writes":1,"visibility_writes":17},"inventory":{"available_coarsest_triangles":4910,"buffer_scope":"Main/index/attribute/skin/LOD bytes per distinct visible mesh resource within this actor; shared other actors, textures and driver allocations are excluded","distinct_material_resources":18,"distinct_mesh_resources":17,"lod_meshes":[{"inventory":{"base_triangles":4872,"base_vertices":2976,"coarsest_triangles":202,"lod_surface_count":2,"position_only_shadow_surfaces":0,"scope":"Available imported index LODs and optional position-only shadow geometry; renderer selection and actual phone frame time are separate measurements","shadow_triangles":0,"shadow_vertices":0,"stored_buffer_bytes":187656,"surfaces":[{"base_triangles":3000,"coarsest_triangles":186,"lod_levels":[{"edge_length":0.00666534435003996,"packed_index_bytes":9000,"triangles":1500},{"edge_length":0.0136985247954726,"packed_index_bytes":4500,"triangles":750},{"edge_length":0.0334586910903454,"packed_index_bytes":2244,"triangles":374},{"edge_length":0.139860928058624,"packed_index_bytes":1116,"triangles":186}],"surface":0,"vertices":1774},{"base_triangles":1872,"coarsest_triangles":16,"lod_levels":[{"edge_length":0.00292704906314611,"packed_index_bytes":5616,"triangles":936},{"edge_length":0.00581293692812324,"packed_index_bytes":2808,"triangles":468},{"edge_length":0.0114888167008758,"packed_index_bytes":1404,"triangles":234},{"edge_length":0.0339489355683327,"packed_index_bytes":696,"triangles":116},{"edge_length":0.0603116415441036,"packed_index_bytes":96,"triangles":16}],"surface":1,"vertices":1202}]},"name":"Female_Ranger_Arms"},{"inventory":{"base_triangles":2962,"base_vertices":2785,"coarsest_triangles":532,"lod_surface_count":1,"position_only_shadow_surfaces":0,"scope":"Available imported index LODs and optional position-only shadow geometry; renderer selection and actual phone frame time are separate measurements","shadow_triangles":0,"shadow_vertices":0,"stored_buffer_bytes":156824,"surfaces":[{"base_triangles":2962,"coarsest_triangles":532,"lod_levels":[{"edge_length":0.00971987005323172,"packed_index_bytes":8880,"triangles":1480},{"edge_length":0.0360276028513908,"packed_index_bytes":4440,"triangles":740},{"edge_length":0.392109990119934,"packed_index_bytes":3192,"triangles":532}],"surface":0,"vertices":2785}]},"name":"Female_Ranger_Body"},{"inventory":{"base_triangles":804,"base_vertices":928,"coarsest_triangles":32,"lod_surface_count":1,"position_only_shadow_surfaces":0,"scope":"Available imported index LODs and optional position-only shadow geometry; renderer selection and actual phone frame time are separate measurements","shadow_triangles":0,"shadow_vertices":0,"stored_buffer_bytes":50060,"surfaces":[{"base_triangles":804,"coarsest_triangles":32,"lod_levels":[{"edge_length":0.00453222682699561,"packed_index_bytes":2412,"triangles":402},{"edge_length":0.0207808632403612,"packed_index_bytes":1200,"triangles":200},{"edge_length":0.0882804691791534,"packed_index_bytes":600,"triangles":100},{"edge_length":0.13242070376873,"packed_index_bytes":192,"triangles":32}],"surface":0,"vertices":928}]},"name":"Female_Ranger_Body_Belt_1"},{"inventory":{"base_triangles":804,"base_vertices":928,"coarsest_triangles":28,"lod_surface_count":1,"position_only_shadow_surfaces":0,"scope":"Available imported index LODs and optional position-only shadow geometry; renderer selection and actual phone frame time are separate measurements","shadow_triangles":0,"shadow_vertices":0,"stored_buffer_bytes":49316,"surfaces":[{"base_triangles":804,"coarsest_triangles":28,"lod_levels":[{"edge_length":0.00445434218272567,"packed_index_bytes":2412,"triangles":402},{"edge_length":0.0241428893059492,"packed_index_bytes":732,"triangles":122},{"edge_length":0.0572923421859741,"packed_index_bytes":348,"triangles":58},{"edge_length":0.111382313072681,"packed_index_bytes":168,"triangles":28}],"surface":0,"vertices":928}]},"name":"Female_Ranger_Body_Belt_2"},{"inventory":{"base_triangles":9172,"base_vertices":10174,"coarsest_triangles":922,"lod_surface_count":1,"position_only_shadow_surfaces":0,"scope":"Available imported index LODs and optional position-only shadow geometry; renderer selection and actual phone frame time are separate measurements","shadow_triangles":0,"shadow_vertices":0,"stored_buffer_bytes":549488,"surfaces":[{"base_triangles":9172,"coarsest_triangles":922,"lod_levels":[{"edge_length":0.00861526280641556,"packed_index_bytes":27516,"triangles":4586},{"edge_length":0.0314476378262043,"packed_index_bytes":13752,"triangles":2292},{"edge_length":0.495324909687042,"packed_index_bytes":5532,"triangles":922}],"surface":0,"vertices":10174}]},"name":"Female_Ranger_Feet"},{"inventory":{"base_triangles":1204,"base_vertices":685,"coarsest_triangles":74,"lod_surface_count":1,"position_only_shadow_surfaces":0,"scope":"Available imported index LODs and optional position-only shadow geometry; renderer selection and actual phone frame time are separate measurements","shadow_triangles":0,"shadow_vertices":0,"stored_buffer_bytes":44120,"surfaces":[{"base_triangles":1204,"coarsest_triangles":74,"lod_levels":[{"edge_length":0.0182258244603872,"packed_index_bytes":3612,"triangles":602},{"edge_length":0.042105108499527,"packed_index_bytes":1800,"triangles":300},{"edge_length":0.0947904363274574,"packed_index_bytes":900,"triangles":150},{"edge_length":0.556443214416504,"packed_index_bytes":444,"triangles":74}],"surface":0,"vertices":685}]},"name":"Female_Ranger_Legs"},{"inventory":{"base_triangles":1480,"base_vertices":912,"coarsest_triangles":4,"lod_surface_count":1,"position_only_shadow_surfaces":0,"scope":"Available imported index LODs and optional position-only shadow geometry; renderer selection and actual phone frame time are separate measurements","shadow_triangles":0,"shadow_vertices":0,"stored_buffer_bytes":57816,"surfaces":[{"base_triangles":1480,"coarsest_triangles":4,"lod_levels":[{"edge_length":0.00176167441532016,"packed_index_bytes":4440,"triangles":740},{"edge_length":0.00302292732521892,"packed_index_bytes":2220,"triangles":370},{"edge_length":0.00681251799687743,"packed_index_bytes":1104,"triangles":184},{"edge_length":0.0115801729261875,"packed_index_bytes":552,"triangles":92},{"edge_length":0.0181416925042868,"packed_index_bytes":276,"triangles":46},{"edge_length":0.0272125396877527,"packed_index_bytes":132,"triangles":22},{"edge_length":0.0408188104629517,"packed_index_bytes":60,"triangles":10},{"edge_length":0.0612282156944275,"packed_index_bytes":24,"triangles":4}],"surface":0,"vertices":912}]},"name":"Eyebrows"},{"inventory":{"base_triangles":768,"base_vertices":556,"coarsest_triangles":6,"lod_surface_count":1,"position_only_shadow_surfaces":0,"scope":"Available imported index LODs and optional position-only shadow geometry; renderer selection and actual phone frame time are separate measurements","shadow_triangles":0,"shadow_vertices":0,"stored_buffer_bytes":33644,"surfaces":[{"base_triangles":768,"coarsest_triangles":6,"lod_levels":[{"edge_length":0.00130871217697859,"packed_index_bytes":2304,"triangles":384},{"edge_length":0.00243033585138619,"packed_index_bytes":1152,"triangles":192},{"edge_length":0.00364550366066396,"packed_index_bytes":576,"triangles":96},{"edge_length":0.00886428635567427,"packed_index_bytes":288,"triangles":48},{"edge_length":0.0132964299991727,"packed_index_bytes":144,"triangles":24},{"edge_length":0.0234956461936235,"packed_index_bytes":72,"triangles":12},{"edge_length":0.0352434702217579,"packed_index_bytes":36,"triangles":6}],"surface":0,"vertices":556}]},"name":"Eyes"},{"inventory":{"base_triangles":3008,"base_vertices":1637,"coarsest_triangles":46,"lod_surface_count":1,"position_only_shadow_surfaces":0,"scope":"Available imported index LODs and optional position-only shadow geometry; renderer selection and actual phone frame time are separate measurements","shadow_triangles":0,"shadow_vertices":0,"stored_buffer_bytes":107836,"surfaces":[{"base_triangles":3008,"coarsest_triangles":46,"lod_levels":[{"edge_length":0.00412739347666502,"packed_index_bytes":9024,"triangles":1504},{"edge_length":0.00837521627545357,"packed_index_bytes":4512,"triangles":752},{"edge_length":0.016413863748312,"packed_index_bytes":2256,"triangles":376},{"edge_length":0.0343792662024498,"packed_index_bytes":1128,"triangles":188},{"edge_length":0.0652410909533501,"packed_index_bytes":564,"triangles":94},{"edge_length":0.149781346321106,"packed_index_bytes":276,"triangles":46}],"surface":0,"vertices":1637}]},"name":"Nyra_Authored_Head"},{"inventory":{"base_triangles":3284,"base_vertices":3501,"coarsest_triangles":410,"lod_surface_count":1,"position_only_shadow_surfaces":0,"scope":"Available imported index LODs and optional position-only shadow geometry; renderer selection and actual phone frame time are separate measurements","shadow_triangles":0,"shadow_vertices":0,"stored_buffer_bytes":190980,"surfaces":[{"base_triangles":3284,"coarsest_triangles":410,"lod_levels":[{"edge_length":0.00438841572031379,"packed_index_bytes":9852,"triangles":1642},{"edge_length":0.01218490768224,"packed_index_bytes":4920,"triangles":820},{"edge_length":0.0777194425463676,"packed_index_bytes":2460,"triangles":410}],"surface":0,"vertices":3501}]},"name":"Nyra_Hair_Buns"},{"inventory":{"base_triangles":1376,"base_vertices":1092,"coarsest_triangles":1376,"lod_surface_count":0,"position_only_shadow_surfaces":0,"scope":"Available imported index LODs and optional position-only shadow geometry; renderer selection and actual phone frame time are separate measurements","shadow_triangles":0,"shadow_vertices":0,"stored_buffer_bytes":56304,"surfaces":[{"base_triangles":1376,"coarsest_triangles":1376,"lod_levels":[],"surface":0,"vertices":1092}]},"name":"Vowkeeper055_Female_Ranger_Acc_Pauldrons"},{"inventory":{"base_triangles":1156,"base_vertices":4000,"coarsest_triangles":1156,"lod_surface_count":0,"position_only_shadow_surfaces":0,"scope":"Available imported index LODs and optional position-only shadow geometry; renderer selection and actual phone frame time are separate measurements","shadow_triangles":0,"shadow_vertices":0,"stored_buffer_bytes":182936,"surfaces":[{"base_triangles":1156,"coarsest_triangles":1156,"lod_levels":[],"surface":0,"vertices":4000}]},"name":"Vowkeeper055_Female_Ranger_Arms_Bracer"},{"inventory":{"base_triangles":98,"base_vertices":64,"coarsest_triangles":98,"lod_surface_count":0,"position_only_shadow_surfaces":0,"scope":"Available imported index LODs and optional position-only shadow geometry; renderer selection and actual phone frame time are separate measurements","shadow_triangles":0,"shadow_vertices":0,"stored_buffer_bytes":3404,"surfaces":[{"base_triangles":98,"coarsest_triangles":98,"lod_levels":[],"surface":0,"vertices":64}]},"name":"Vowkeeper055_Breastplate"},{"inventory":{"base_triangles":124,"base_vertices":64,"coarsest_triangles":6,"lod_surface_count":1,"position_only_shadow_surfaces":1,"scope":"Available imported index LODs and optional position-only shadow geometry; renderer selection and actual phone frame time are separate measurements","shadow_triangles":124,"shadow_vertices":64,"stored_buffer_bytes":2184,"surfaces":[{"base_triangles":124,"coarsest_triangles":6,"lod_levels":[{"edge_length":0.00769643997773528,"packed_index_bytes":372,"triangles":62},{"edge_length":0.0335740260779858,"packed_index_bytes":180,"triangles":30},{"edge_length":0.0582829266786575,"packed_index_bytes":84,"triangles":14},{"edge_length":0.124031394720078,"packed_index_bytes":36,"triangles":6}],"surface":0,"vertices":64}]},"name":"Weapon__leather"},{"inventory":{"base_triangles":256,"base_vertices":134,"coarsest_triangles":8,"lod_surface_count":1,"position_only_shadow_surfaces":1,"scope":"Available imported index LODs and optional position-only shadow geometry; renderer selection and actual phone frame time are separate measurements","shadow_triangles":256,"shadow_vertices":134,"stored_buffer_bytes":4632,"surfaces":[{"base_triangles":256,"coarsest_triangles":8,"lod_levels":[{"edge_length":0.0127182146534324,"packed_index_bytes":768,"triangles":128},{"edge_length":0.0350569859147072,"packed_index_bytes":384,"triangles":64},{"edge_length":0.0655635148286819,"packed_index_bytes":192,"triangles":32},{"edge_length":0.113615371286869,"packed_index_bytes":96,"triangles":16},{"edge_length":0.170423060655594,"packed_index_bytes":48,"triangles":8}],"surface":0,"vertices":134}]},"name":"Weapon__gold"},{"inventory":{"base_triangles":44,"base_vertices":24,"coarsest_triangles":4,"lod_surface_count":1,"position_only_shadow_surfaces":1,"scope":"Available imported index LODs and optional position-only shadow geometry; renderer selection and actual phone frame time are separate measurements","shadow_triangles":44,"shadow_vertices":24,"stored_buffer_bytes":768,"surfaces":[{"base_triangles":44,"coarsest_triangles":4,"lod_levels":[{"edge_length":0.0328413397073746,"packed_index_bytes":132,"triangles":22},{"edge_length":0.0823810324072838,"packed_index_bytes":60,"triangles":10},{"edge_length":0.123571544885635,"packed_index_bytes":24,"triangles":4}],"surface":0,"vertices":24}]},"name":"Weapon__ember"},{"inventory":{"base_triangles":28,"base_vertices":16,"coarsest_triangles":6,"lod_surface_count":1,"position_only_shadow_surfaces":1,"scope":"Available imported index LODs and optional position-only shadow geometry; renderer selection and actual phone frame time are separate measurements","shadow_triangles":28,"shadow_vertices":16,"stored_buffer_bytes":480,"surfaces":[{"base_triangles":28,"coarsest_triangles":6,"lod_levels":[{"edge_length":0.414019644260406,"packed_index_bytes":84,"triangles":14},{"edge_length":0.621029436588287,"packed_index_bytes":36,"triangles":6}],"surface":0,"vertices":16}]},"name":"Weapon__silver"}],"lod_surface_count":15,"mesh_surface_slots":18,"native_vertices":30476,"position_only_shadow_surfaces":4,"position_only_shadow_vertices":238,"stored_native_buffer_bytes":1678448,"triangles":31440,"visible_meshes":17},"maximum_depth_error_m":0.00000260906298876762,"stationary_reveal":{"bone_or_prop_transforms":67,"camera_inversions":1,"depth_boxes":79,"depth_corner_projections":0,"enabled":true,"live_replay_meshes":17,"materials_created":1,"meshes_created":17,"transform_writes":0,"unallocated_hidden_props":0,"uniform_writes":0,"visibility_writes":0},"unoccluded":{"bone_or_prop_transforms":0,"camera_inversions":0,"depth_boxes":0,"depth_corner_projections":0,"enabled":false,"live_replay_meshes":0,"materials_created":0,"meshes_created":0,"transform_writes":0,"unallocated_hidden_props":0,"uniform_writes":0,"visibility_writes":0}},{"active_frames":[{"current":{"bone_or_prop_transforms":70,"camera_inversions":1,"depth_boxes":86,"depth_corner_projections":0,"enabled":true,"live_replay_meshes":19,"materials_created":1,"meshes_created":19,"transform_writes":2,"unallocated_hidden_props":0,"uniform_writes":0,"visibility_writes":3},"left":0.3,"legacy":{"boxes":86,"legacy_corner_transforms":688,"near":17.1610679626465},"style":"basic"},{"current":{"bone_or_prop_transforms":70,"camera_inversions":1,"depth_boxes":86,"depth_corner_projections":0,"enabled":true,"live_replay_meshes":19,"materials_created":1,"meshes_created":19,"transform_writes":0,"unallocated_hidden_props":0,"uniform_writes":0,"visibility_writes":0},"left":0.18,"legacy":{"boxes":86,"legacy_corner_transforms":688,"near":17.1610679626465},"style":"basic"},{"current":{"bone_or_prop_transforms":70,"camera_inversions":1,"depth_boxes":86,"depth_corner_projections":0,"enabled":true,"live_replay_meshes":19,"materials_created":1,"meshes_created":19,"transform_writes":0,"unallocated_hidden_props":0,"uniform_writes":0,"visibility_writes":0},"left":0.06,"legacy":{"boxes":86,"legacy_corner_transforms":688,"near":17.1610679626465},"style":"basic"},{"current":{"bone_or_prop_transforms":70,"camera_inversions":1,"depth_boxes":86,"depth_corner_projections":0,"enabled":true,"live_replay_meshes":19,"materials_created":1,"meshes_created":19,"transform_writes":0,"unallocated_hidden_props":0,"uniform_writes":0,"visibility_writes":0},"left":0.3,"legacy":{"boxes":86,"legacy_corner_transforms":688,"near":17.1610679626465},"style":"signature"},{"current":{"bone_or_prop_transforms":70,"camera_inversions":1,"depth_boxes":86,"depth_corner_projections":0,"enabled":true,"live_replay_meshes":19,"materials_created":1,"meshes_created":19,"transform_writes":0,"unallocated_hidden_props":0,"uniform_writes":0,"visibility_writes":0},"left":0.18,"legacy":{"boxes":86,"legacy_corner_transforms":688,"near":17.1610679626465},"style":"signature"},{"current":{"bone_or_prop_transforms":70,"camera_inversions":1,"depth_boxes":86,"depth_corner_projections":0,"enabled":true,"live_replay_meshes":19,"materials_created":1,"meshes_created":19,"transform_writes":0,"unallocated_hidden_props":0,"uniform_writes":0,"visibility_writes":0},"left":0.06,"legacy":{"boxes":86,"legacy_corner_transforms":688,"near":17.1610679626465},"style":"signature"}],"class":"Ranger","disabled_after_reveal":{"bone_or_prop_transforms":0,"camera_inversions":0,"depth_boxes":0,"depth_corner_projections":0,"enabled":false,"live_replay_meshes":19,"materials_created":1,"meshes_created":19,"transform_writes":0,"unallocated_hidden_props":0,"uniform_writes":0,"visibility_writes":0},"first_reveal":{"bone_or_prop_transforms":67,"camera_inversions":1,"depth_boxes":83,"depth_corner_projections":0,"enabled":true,"live_replay_meshes":16,"materials_created":1,"meshes_created":16,"transform_writes":0,"unallocated_hidden_props":3,"uniform_writes":1,"visibility_writes":16},"inventory":{"available_coarsest_triangles":2814,"buffer_scope":"Main/index/attribute/skin/LOD bytes per distinct visible mesh resource within this actor; shared other actors, textures and driver allocations are excluded","distinct_material_resources":17,"distinct_mesh_resources":16,"lod_meshes":[{"inventory":{"base_triangles":1376,"base_vertices":1092,"coarsest_triangles":120,"lod_surface_count":1,"position_only_shadow_surfaces":0,"scope":"Available imported index LODs and optional position-only shadow geometry; renderer selection and actual phone frame time are separate measurements","shadow_triangles":0,"shadow_vertices":0,"stored_buffer_bytes":64248,"surfaces":[{"base_triangles":1376,"coarsest_triangles":120,"lod_levels":[{"edge_length":0.00563002331182361,"packed_index_bytes":4128,"triangles":688},{"edge_length":0.00966291408985853,"packed_index_bytes":2064,"triangles":344},{"edge_length":0.0336852855980396,"packed_index_bytes":1032,"triangles":172},{"edge_length":0.100122518837452,"packed_index_bytes":720,"triangles":120}],"surface":0,"vertices":1092}]},"name":"Female_Ranger_Acc_Pauldrons"},{"inventory":{"base_triangles":4872,"base_vertices":2976,"coarsest_triangles":202,"lod_surface_count":2,"position_only_shadow_surfaces":0,"scope":"Available imported index LODs and optional position-only shadow geometry; renderer selection and actual phone frame time are separate measurements","shadow_triangles":0,"shadow_vertices":0,"stored_buffer_bytes":187656,"surfaces":[{"base_triangles":3000,"coarsest_triangles":186,"lod_levels":[{"edge_length":0.00666534435003996,"packed_index_bytes":9000,"triangles":1500},{"edge_length":0.0136985247954726,"packed_index_bytes":4500,"triangles":750},{"edge_length":0.0334586910903454,"packed_index_bytes":2244,"triangles":374},{"edge_length":0.139860928058624,"packed_index_bytes":1116,"triangles":186}],"surface":0,"vertices":1774},{"base_triangles":1872,"coarsest_triangles":16,"lod_levels":[{"edge_length":0.00292704906314611,"packed_index_bytes":5616,"triangles":936},{"edge_length":0.00581293692812324,"packed_index_bytes":2808,"triangles":468},{"edge_length":0.0114888167008758,"packed_index_bytes":1404,"triangles":234},{"edge_length":0.0339489355683327,"packed_index_bytes":696,"triangles":116},{"edge_length":0.0603116415441036,"packed_index_bytes":96,"triangles":16}],"surface":1,"vertices":1202}]},"name":"Female_Ranger_Arms"},{"inventory":{"base_triangles":3636,"base_vertices":4000,"coarsest_triangles":402,"lod_surface_count":1,"position_only_shadow_surfaces":0,"scope":"Available imported index LODs and optional position-only shadow geometry; renderer selection and actual phone frame time are separate measurements","shadow_triangles":0,"shadow_vertices":0,"stored_buffer_bytes":215972,"surfaces":[{"base_triangles":3636,"coarsest_triangles":402,"lod_levels":[{"edge_length":0.00615014275535941,"packed_index_bytes":10908,"triangles":1818},{"edge_length":0.0232569370418787,"packed_index_bytes":4836,"triangles":806},{"edge_length":0.0597445368766785,"packed_index_bytes":2412,"triangles":402}],"surface":0,"vertices":4000}]},"name":"Female_Ranger_Arms_Bracer"},{"inventory":{"base_triangles":2962,"base_vertices":2785,"coarsest_triangles":532,"lod_surface_count":1,"position_only_shadow_surfaces":0,"scope":"Available imported index LODs and optional position-only shadow geometry; renderer selection and actual phone frame time are separate measurements","shadow_triangles":0,"shadow_vertices":0,"stored_buffer_bytes":156824,"surfaces":[{"base_triangles":2962,"coarsest_triangles":532,"lod_levels":[{"edge_length":0.00971987005323172,"packed_index_bytes":8880,"triangles":1480},{"edge_length":0.0360276028513908,"packed_index_bytes":4440,"triangles":740},{"edge_length":0.392109990119934,"packed_index_bytes":3192,"triangles":532}],"surface":0,"vertices":2785}]},"name":"Female_Ranger_Body"},{"inventory":{"base_triangles":804,"base_vertices":928,"coarsest_triangles":32,"lod_surface_count":1,"position_only_shadow_surfaces":0,"scope":"Available imported index LODs and optional position-only shadow geometry; renderer selection and actual phone frame time are separate measurements","shadow_triangles":0,"shadow_vertices":0,"stored_buffer_bytes":50060,"surfaces":[{"base_triangles":804,"coarsest_triangles":32,"lod_levels":[{"edge_length":0.00453222682699561,"packed_index_bytes":2412,"triangles":402},{"edge_length":0.0207808632403612,"packed_index_bytes":1200,"triangles":200},{"edge_length":0.0882804691791534,"packed_index_bytes":600,"triangles":100},{"edge_length":0.13242070376873,"packed_index_bytes":192,"triangles":32}],"surface":0,"vertices":928}]},"name":"Female_Ranger_Body_Belt_1"},{"inventory":{"base_triangles":804,"base_vertices":928,"coarsest_triangles":28,"lod_surface_count":1,"position_only_shadow_surfaces":0,"scope":"Available imported index LODs and optional position-only shadow geometry; renderer selection and actual phone frame time are separate measurements","shadow_triangles":0,"shadow_vertices":0,"stored_buffer_bytes":49316,"surfaces":[{"base_triangles":804,"coarsest_triangles":28,"lod_levels":[{"edge_length":0.00445434218272567,"packed_index_bytes":2412,"triangles":402},{"edge_length":0.0241428893059492,"packed_index_bytes":732,"triangles":122},{"edge_length":0.0572923421859741,"packed_index_bytes":348,"triangles":58},{"edge_length":0.111382313072681,"packed_index_bytes":168,"triangles":28}],"surface":0,"vertices":928}]},"name":"Female_Ranger_Body_Belt_2"},{"inventory":{"base_triangles":9172,"base_vertices":10174,"coarsest_triangles":922,"lod_surface_count":1,"position_only_shadow_surfaces":0,"scope":"Available imported index LODs and optional position-only shadow geometry; renderer selection and actual phone frame time are separate measurements","shadow_triangles":0,"shadow_vertices":0,"stored_buffer_bytes":549488,"surfaces":[{"base_triangles":9172,"coarsest_triangles":922,"lod_levels":[{"edge_length":0.00861526280641556,"packed_index_bytes":27516,"triangles":4586},{"edge_length":0.0314476378262043,"packed_index_bytes":13752,"triangles":2292},{"edge_length":0.495324909687042,"packed_index_bytes":5532,"triangles":922}],"surface":0,"vertices":10174}]},"name":"Female_Ranger_Feet"},{"inventory":{"base_triangles":2136,"base_vertices":1240,"coarsest_triangles":32,"lod_surface_count":1,"position_only_shadow_surfaces":0,"scope":"Available imported index LODs and optional position-only shadow geometry; renderer selection and actual phone frame time are separate measurements","shadow_triangles":0,"shadow_vertices":0,"stored_buffer_bytes":79964,"surfaces":[{"base_triangles":2136,"coarsest_triangles":32,"lod_levels":[{"edge_length":0.00903798174113035,"packed_index_bytes":6408,"triangles":1068},{"edge_length":0.0135569730773568,"packed_index_bytes":3204,"triangles":534},{"edge_length":0.0241869278252125,"packed_index_bytes":1596,"triangles":266},{"edge_length":0.0488451085984707,"packed_index_bytes":792,"triangles":132},{"edge_length":0.0880427286028862,"packed_index_bytes":396,"triangles":66},{"edge_length":0.260962307453156,"packed_index_bytes":192,"triangles":32}],"surface":0,"vertices":1240}]},"name":"Female_Ranger_Head_Hood"},{"inventory":{"base_triangles":1204,"base_vertices":685,"coarsest_triangles":74,"lod_surface_count":1,"position_only_shadow_surfaces":0,"scope":"Available imported index LODs and optional position-only shadow geometry; renderer selection and actual phone frame time are separate measurements","shadow_triangles":0,"shadow_vertices":0,"stored_buffer_bytes":44120,"surfaces":[{"base_triangles":1204,"coarsest_triangles":74,"lod_levels":[{"edge_length":0.0182258244603872,"packed_index_bytes":3612,"triangles":602},{"edge_length":0.042105108499527,"packed_index_bytes":1800,"triangles":300},{"edge_length":0.0947904363274574,"packed_index_bytes":900,"triangles":150},{"edge_length":0.556443214416504,"packed_index_bytes":444,"triangles":74}],"surface":0,"vertices":685}]},"name":"Female_Ranger_Legs"},{"inventory":{"base_triangles":1480,"base_vertices":912,"coarsest_triangles":4,"lod_surface_count":1,"position_only_shadow_surfaces":0,"scope":"Available imported index LODs and optional position-only shadow geometry; renderer selection and actual phone frame time are separate measurements","shadow_triangles":0,"shadow_vertices":0,"stored_buffer_bytes":57816,"surfaces":[{"base_triangles":1480,"coarsest_triangles":4,"lod_levels":[{"edge_length":0.00176167441532016,"packed_index_bytes":4440,"triangles":740},{"edge_length":0.00302292732521892,"packed_index_bytes":2220,"triangles":370},{"edge_length":0.00681251799687743,"packed_index_bytes":1104,"triangles":184},{"edge_length":0.0115801729261875,"packed_index_bytes":552,"triangles":92},{"edge_length":0.0181416925042868,"packed_index_bytes":276,"triangles":46},{"edge_length":0.0272125396877527,"packed_index_bytes":132,"triangles":22},{"edge_length":0.0408188104629517,"packed_index_bytes":60,"triangles":10},{"edge_length":0.0612282156944275,"packed_index_bytes":24,"triangles":4}],"surface":0,"vertices":912}]},"name":"Eyebrows"},{"inventory":{"base_triangles":768,"base_vertices":556,"coarsest_triangles":6,"lod_surface_count":1,"position_only_shadow_surfaces":0,"scope":"Available imported index LODs and optional position-only shadow geometry; renderer selection and actual phone frame time are separate measurements","shadow_triangles":0,"shadow_vertices":0,"stored_buffer_bytes":33644,"surfaces":[{"base_triangles":768,"coarsest_triangles":6,"lod_levels":[{"edge_length":0.00130871217697859,"packed_index_bytes":2304,"triangles":384},{"edge_length":0.00243033585138619,"packed_index_bytes":1152,"triangles":192},{"edge_length":0.00364550366066396,"packed_index_bytes":576,"triangles":96},{"edge_length":0.00886428635567427,"packed_index_bytes":288,"triangles":48},{"edge_length":0.0132964299991727,"packed_index_bytes":144,"triangles":24},{"edge_length":0.0234956461936235,"packed_index_bytes":72,"triangles":12},{"edge_length":0.0352434702217579,"packed_index_bytes":36,"triangles":6}],"surface":0,"vertices":556}]},"name":"Eyes"},{"inventory":{"base_triangles":3008,"base_vertices":1637,"coarsest_triangles":46,"lod_surface_count":1,"position_only_shadow_surfaces":0,"scope":"Available imported index LODs and optional position-only shadow geometry; renderer selection and actual phone frame time are separate measurements","shadow_triangles":0,"shadow_vertices":0,"stored_buffer_bytes":107836,"surfaces":[{"base_triangles":3008,"coarsest_triangles":46,"lod_levels":[{"edge_length":0.00412739347666502,"packed_index_bytes":9024,"triangles":1504},{"edge_length":0.00837521627545357,"packed_index_bytes":4512,"triangles":752},{"edge_length":0.016413863748312,"packed_index_bytes":2256,"triangles":376},{"edge_length":0.0343792662024498,"packed_index_bytes":1128,"triangles":188},{"edge_length":0.0652410909533501,"packed_index_bytes":564,"triangles":94},{"edge_length":0.149781346321106,"packed_index_bytes":276,"triangles":46}],"surface":0,"vertices":1637}]},"name":"Nyra_Authored_Head"},{"inventory":{"base_triangles":358,"base_vertices":181,"coarsest_triangles":358,"lod_surface_count":0,"position_only_shadow_surfaces":0,"scope":"Available imported index LODs and optional position-only shadow geometry; renderer selection and actual phone frame time are separate measurements","shadow_triangles":0,"shadow_vertices":0,"stored_buffer_bytes":5768,"surfaces":[{"base_triangles":358,"coarsest_triangles":358,"lod_levels":[],"surface":0,"vertices":181}]},"name":"Weapon__leather"},{"inventory":{"base_triangles":256,"base_vertices":132,"coarsest_triangles":8,"lod_surface_count":1,"position_only_shadow_surfaces":1,"scope":"Available imported index LODs and optional position-only shadow geometry; renderer selection and actual phone frame time are separate measurements","shadow_triangles":256,"shadow_vertices":132,"stored_buffer_bytes":4608,"surfaces":[{"base_triangles":256,"coarsest_triangles":8,"lod_levels":[{"edge_length":0.00510326633229852,"packed_index_bytes":768,"triangles":128},{"edge_length":0.0187971089035273,"packed_index_bytes":384,"triangles":64},{"edge_length":0.0355930328369141,"packed_index_bytes":192,"triangles":32},{"edge_length":0.0533895492553711,"packed_index_bytes":96,"triangles":16},{"edge_length":0.0800843238830566,"packed_index_bytes":48,"triangles":8}],"surface":0,"vertices":132}]},"name":"Weapon__gold"},{"inventory":{"base_triangles":24,"base_vertices":30,"coarsest_triangles":24,"lod_surface_count":0,"position_only_shadow_surfaces":0,"scope":"Available imported index LODs and optional position-only shadow geometry; renderer selection and actual phone frame time are separate measurements","shadow_triangles":0,"shadow_vertices":0,"stored_buffer_bytes":984,"surfaces":[{"base_triangles":24,"coarsest_triangles":24,"lod_levels":[],"surface":0,"vertices":30}]},"name":"BowStringUpper"},{"inventory":{"base_triangles":24,"base_vertices":30,"coarsest_triangles":24,"lod_surface_count":0,"position_only_shadow_surfaces":0,"scope":"Available imported index LODs and optional position-only shadow geometry; renderer selection and actual phone frame time are separate measurements","shadow_triangles":0,"shadow_vertices":0,"stored_buffer_bytes":984,"surfaces":[{"base_triangles":24,"coarsest_triangles":24,"lod_levels":[],"surface":0,"vertices":30}]},"name":"BowStringLower"}],"lod_surface_count":14,"mesh_surface_slots":17,"native_vertices":28286,"position_only_shadow_surfaces":1,"position_only_shadow_vertices":132,"stored_native_buffer_bytes":1609288,"triangles":32884,"visible_meshes":16},"maximum_depth_error_m":0.0000000801749457934875,"stationary_reveal":{"bone_or_prop_transforms":70,"camera_inversions":1,"depth_boxes":86,"depth_corner_projections":0,"enabled":true,"live_replay_meshes":19,"materials_created":1,"meshes_created":19,"transform_writes":0,"unallocated_hidden_props":0,"uniform_writes":0,"visibility_writes":0},"unoccluded":{"bone_or_prop_transforms":0,"camera_inversions":0,"depth_boxes":0,"depth_corner_projections":0,"enabled":false,"live_replay_meshes":0,"materials_created":0,"meshes_created":0,"transform_writes":0,"unallocated_hidden_props":0,"uniform_writes":0,"visibility_writes":0}}],"dressing":[{"actual_batch_count":146,"current_stable_corner_projections":0,"first":{"cached_batches":0,"camera_inversions":0,"candidates":0,"depth_rejections":0,"depth_support_evaluations":0,"measure":true,"projected_corners":0},"legacy_corner_projections_for_visited_batches":0,"moved_camera":{"cached_batches":0,"camera_inversions":0,"candidates":0,"depth_rejections":0,"depth_support_evaluations":0,"measure":true,"projected_corners":0},"overlap":false,"region":0,"same_camera_and_batches":{"cached_batches":0,"camera_inversions":0,"candidates":0,"depth_rejections":0,"depth_support_evaluations":0,"measure":true,"projected_corners":0}},{"actual_batch_count":189,"current_stable_corner_projections":0,"first":{"cached_batches":0,"camera_inversions":0,"candidates":0,"depth_rejections":0,"depth_support_evaluations":0,"measure":true,"projected_corners":0},"legacy_corner_projections_for_visited_batches":0,"moved_camera":{"cached_batches":0,"camera_inversions":0,"candidates":0,"depth_rejections":0,"depth_support_evaluations":0,"measure":true,"projected_corners":0},"overlap":false,"region":1,"same_camera_and_batches":{"cached_batches":0,"camera_inversions":0,"candidates":0,"depth_rejections":0,"depth_support_evaluations":0,"measure":true,"projected_corners":0}},{"actual_batch_count":129,"current_stable_corner_projections":0,"first":{"cached_batches":0,"camera_inversions":0,"candidates":0,"depth_rejections":0,"depth_support_evaluations":0,"measure":true,"projected_corners":0},"legacy_corner_projections_for_visited_batches":0,"moved_camera":{"cached_batches":0,"camera_inversions":0,"candidates":0,"depth_rejections":0,"depth_support_evaluations":0,"measure":true,"projected_corners":0},"overlap":false,"region":2,"same_camera_and_batches":{"cached_batches":0,"camera_inversions":0,"candidates":0,"depth_rejections":0,"depth_support_evaluations":0,"measure":true,"projected_corners":0}},{"actual_batch_count":200,"current_stable_corner_projections":0,"first":{"cached_batches":0,"camera_inversions":0,"candidates":0,"depth_rejections":0,"depth_support_evaluations":0,"measure":true,"projected_corners":0},"legacy_corner_projections_for_visited_batches":0,"moved_camera":{"cached_batches":0,"camera_inversions":0,"candidates":0,"depth_rejections":0,"depth_support_evaluations":0,"measure":true,"projected_corners":0},"overlap":false,"region":3,"same_camera_and_batches":{"cached_batches":0,"camera_inversions":0,"candidates":0,"depth_rejections":0,"depth_support_evaluations":0,"measure":true,"projected_corners":0}}],"failures":0,"hostile_geometry":[{"inventory":{"available_coarsest_triangles":1744,"buffer_scope":"Main/index/attribute/skin/LOD bytes per distinct visible mesh resource within this actor; shared other actors, textures and driver allocations are excluded","distinct_material_resources":16,"distinct_mesh_resources":16,"lod_meshes":[{"inventory":{"base_triangles":3930,"base_vertices":2497,"coarsest_triangles":42,"lod_surface_count":1,"position_only_shadow_surfaces":0,"scope":"Available imported index LODs and optional position-only shadow geometry; renderer selection and actual phone frame time are separate measurements","shadow_triangles":0,"shadow_vertices":0,"stored_buffer_bytes":156872,"surfaces":[{"base_triangles":3930,"coarsest_triangles":42,"lod_levels":[{"edge_length":0.0042988839559257,"packed_index_bytes":11784,"triangles":1964},{"edge_length":0.00949153956025839,"packed_index_bytes":5892,"triangles":982},{"edge_length":0.0185655988752842,"packed_index_bytes":2940,"triangles":490},{"edge_length":0.0385282784700394,"packed_index_bytes":1464,"triangles":244},{"edge_length":0.0875844284892082,"packed_index_bytes":732,"triangles":122},{"edge_length":0.204099401831627,"packed_index_bytes":360,"triangles":60},{"edge_length":1.25562286376953,"packed_index_bytes":252,"triangles":42}],"surface":0,"vertices":2497}]},"name":"Male_Peasant_Arms"},{"inventory":{"base_triangles":2588,"base_vertices":1878,"coarsest_triangles":322,"lod_surface_count":1,"position_only_shadow_surfaces":0,"scope":"Available imported index LODs and optional position-only shadow geometry; renderer selection and actual phone frame time are separate measurements","shadow_triangles":0,"shadow_vertices":0,"stored_buffer_bytes":111732,"surfaces":[{"base_triangles":2588,"coarsest_triangles":322,"lod_levels":[{"edge_length":0.0108739044517279,"packed_index_bytes":7764,"triangles":1294},{"edge_length":0.0260337051004171,"packed_index_bytes":3876,"triangles":646},{"edge_length":0.266261398792267,"packed_index_bytes":1932,"triangles":322}],"surface":0,"vertices":1878}]},"name":"Male_Peasant_Feet"},{"inventory":{"base_triangles":984,"base_vertices":646,"coarsest_triangles":152,"lod_surface_count":1,"position_only_shadow_surfaces":0,"scope":"Available imported index LODs and optional position-only shadow geometry; renderer selection and actual phone frame time are separate measurements","shadow_triangles":0,"shadow_vertices":0,"stored_buffer_bytes":39668,"surfaces":[{"base_triangles":984,"coarsest_triangles":152,"lod_levels":[{"edge_length":0.00153538852464408,"packed_index_bytes":2952,"triangles":492},{"edge_length":0.00453617330640554,"packed_index_bytes":1476,"triangles":246},{"edge_length":0.037489615380764,"packed_index_bytes":912,"triangles":152}],"surface":0,"vertices":646}]},"name":"Eyebrows"},{"inventory":{"base_triangles":768,"base_vertices":556,"coarsest_triangles":6,"lod_surface_count":1,"position_only_shadow_surfaces":0,"scope":"Available imported index LODs and optional position-only shadow geometry; renderer selection and actual phone frame time are separate measurements","shadow_triangles":0,"shadow_vertices":0,"stored_buffer_bytes":33644,"surfaces":[{"base_triangles":768,"coarsest_triangles":6,"lod_levels":[{"edge_length":0.00118664896581322,"packed_index_bytes":2304,"triangles":384},{"edge_length":0.00220426334999502,"packed_index_bytes":1152,"triangles":192},{"edge_length":0.00396052002906799,"packed_index_bytes":576,"triangles":96},{"edge_length":0.00795453786849976,"packed_index_bytes":288,"triangles":48},{"edge_length":0.0119318068027496,"packed_index_bytes":144,"triangles":24},{"edge_length":0.0198843851685524,"packed_index_bytes":72,"triangles":12},{"edge_length":0.0298265796154737,"packed_index_bytes":36,"triangles":6}],"surface":0,"vertices":556}]},"name":"Eyes"},{"inventory":{"base_triangles":2880,"base_vertices":1574,"coarsest_triangles":44,"lod_surface_count":1,"position_only_shadow_surfaces":0,"scope":"Available imported index LODs and optional position-only shadow geometry; renderer selection and actual phone frame time are separate measurements","shadow_triangles":0,"shadow_vertices":0,"stored_buffer_bytes":103540,"surfaces":[{"base_triangles":2880,"coarsest_triangles":44,"lod_levels":[{"edge_length":0.00468192575499415,"packed_index_bytes":8640,"triangles":1440},{"edge_length":0.00931835547089577,"packed_index_bytes":4320,"triangles":720},{"edge_length":0.0185303315520287,"packed_index_bytes":2160,"triangles":360},{"edge_length":0.0370405279099941,"packed_index_bytes":1080,"triangles":180},{"edge_length":0.0707529336214066,"packed_index_bytes":540,"triangles":90},{"edge_length":0.204435929656029,"packed_index_bytes":264,"triangles":44}],"surface":0,"vertices":1574}]},"name":"Raider_Authored_Head"},{"inventory":{"base_triangles":1034,"base_vertices":596,"coarsest_triangles":174,"lod_surface_count":1,"position_only_shadow_surfaces":0,"scope":"Available imported index LODs and optional position-only shadow geometry; renderer selection and actual phone frame time are separate measurements","shadow_triangles":0,"shadow_vertices":0,"stored_buffer_bytes":38116,"surfaces":[{"base_triangles":1034,"coarsest_triangles":174,"lod_levels":[{"edge_length":0.00482927868142724,"packed_index_bytes":3096,"triangles":516},{"edge_length":0.0135419582948089,"packed_index_bytes":1548,"triangles":258},{"edge_length":0.103800863027573,"packed_index_bytes":1044,"triangles":174}],"surface":0,"vertices":596}]},"name":"Hair_Beard"},{"inventory":{"base_triangles":2668,"base_vertices":1396,"coarsest_triangles":170,"lod_surface_count":1,"position_only_shadow_surfaces":1,"scope":"Available imported index LODs and optional position-only shadow geometry; renderer selection and actual phone frame time are separate measurements","shadow_triangles":2668,"shadow_vertices":1288,"stored_buffer_bytes":45720,"surfaces":[{"base_triangles":2668,"coarsest_triangles":170,"lod_levels":[{"edge_length":0.00429696263745427,"packed_index_bytes":8004,"triangles":1334},{"edge_length":0.0219670664519072,"packed_index_bytes":3936,"triangles":656},{"edge_length":0.0443960949778557,"packed_index_bytes":1020,"triangles":170}],"surface":0,"vertices":1396}]},"name":"Weapon__Grip_leather"},{"inventory":{"base_triangles":4070,"base_vertices":2143,"coarsest_triangles":76,"lod_surface_count":1,"position_only_shadow_surfaces":1,"scope":"Available imported index LODs and optional position-only shadow geometry; renderer selection and actual phone frame time are separate measurements","shadow_triangles":4070,"shadow_vertices":2065,"stored_buffer_bytes":74124,"surfaces":[{"base_triangles":4070,"coarsest_triangles":76,"lod_levels":[{"edge_length":0.00650892686098814,"packed_index_bytes":12204,"triangles":2034},{"edge_length":0.0143835423514247,"packed_index_bytes":6096,"triangles":1016},{"edge_length":0.0312414355576038,"packed_index_bytes":3048,"triangles":508},{"edge_length":0.053174152970314,"packed_index_bytes":1488,"triangles":248},{"edge_length":0.100820638239384,"packed_index_bytes":696,"triangles":116},{"edge_length":0.19201748073101,"packed_index_bytes":456,"triangles":76}],"surface":0,"vertices":2143}]},"name":"Weapon__Grip_gold"},{"inventory":{"base_triangles":1048,"base_vertices":528,"coarsest_triangles":8,"lod_surface_count":1,"position_only_shadow_surfaces":1,"scope":"Available imported index LODs and optional position-only shadow geometry; renderer selection and actual phone frame time are separate measurements","shadow_triangles":1048,"shadow_vertices":526,"stored_buffer_bytes":18840,"surfaces":[{"base_triangles":1048,"coarsest_triangles":8,"lod_levels":[{"edge_length":0.00623030820861459,"packed_index_bytes":3144,"triangles":524},{"edge_length":0.0166862271726131,"packed_index_bytes":1572,"triangles":262},{"edge_length":0.0450489073991776,"packed_index_bytes":780,"triangles":130},{"edge_length":0.0907347351312637,"packed_index_bytes":384,"triangles":64},{"edge_length":0.17233894765377,"packed_index_bytes":192,"triangles":32},{"edge_length":0.262188583612442,"packed_index_bytes":96,"triangles":16},{"edge_length":0.393282920122147,"packed_index_bytes":48,"triangles":8}],"surface":0,"vertices":528}]},"name":"Weapon__Grip_silver"},{"inventory":{"base_triangles":44,"base_vertices":24,"coarsest_triangles":4,"lod_surface_count":1,"position_only_shadow_surfaces":1,"scope":"Available imported index LODs and optional position-only shadow geometry; renderer selection and actual phone frame time are separate measurements","shadow_triangles":44,"shadow_vertices":24,"stored_buffer_bytes":768,"surfaces":[{"base_triangles":44,"coarsest_triangles":4,"lod_levels":[{"edge_length":0.0764948353171349,"packed_index_bytes":132,"triangles":22},{"edge_length":0.167327478528023,"packed_index_bytes":60,"triangles":10},{"edge_length":0.250991225242615,"packed_index_bytes":24,"triangles":4}],"surface":0,"vertices":24}]},"name":"Weapon__Grip_soul"},{"inventory":{"base_triangles":44,"base_vertices":24,"coarsest_triangles":4,"lod_surface_count":1,"position_only_shadow_surfaces":1,"scope":"Available imported index LODs and optional position-only shadow geometry; renderer selection and actual phone frame time are separate measurements","shadow_triangles":44,"shadow_vertices":24,"stored_buffer_bytes":768,"surfaces":[{"base_triangles":44,"coarsest_triangles":4,"lod_levels":[{"edge_length":0.0207380335777998,"packed_index_bytes":132,"triangles":22},{"edge_length":0.055176954716444,"packed_index_bytes":60,"triangles":10},{"edge_length":0.0827654302120209,"packed_index_bytes":24,"triangles":4}],"surface":0,"vertices":24}]},"name":"Weapon__Grip_ember"},{"inventory":{"base_triangles":1382,"base_vertices":862,"coarsest_triangles":116,"lod_surface_count":1,"position_only_shadow_surfaces":0,"scope":"Available imported index LODs and optional position-only shadow geometry; renderer selection and actual phone frame time are separate measurements","shadow_triangles":0,"shadow_vertices":0,"stored_buffer_bytes":54152,"surfaces":[{"base_triangles":1382,"coarsest_triangles":116,"lod_levels":[{"edge_length":0.0109743122011423,"packed_index_bytes":4140,"triangles":690},{"edge_length":0.025209829211235,"packed_index_bytes":2064,"triangles":344},{"edge_length":0.0934900045394897,"packed_index_bytes":1032,"triangles":172},{"edge_length":0.655430316925049,"packed_index_bytes":696,"triangles":116}],"surface":0,"vertices":862}]},"name":"Male_Ranger_Arms"},{"inventory":{"base_triangles":2998,"base_vertices":2825,"coarsest_triangles":496,"lod_surface_count":1,"position_only_shadow_surfaces":0,"scope":"Available imported index LODs and optional position-only shadow geometry; renderer selection and actual phone frame time are separate measurements","shadow_triangles":0,"shadow_vertices":0,"stored_buffer_bytes":158740,"surfaces":[{"base_triangles":2998,"coarsest_triangles":496,"lod_levels":[{"edge_length":0.0100722517818213,"packed_index_bytes":8988,"triangles":1498},{"edge_length":0.0311800222843885,"packed_index_bytes":4488,"triangles":748},{"edge_length":0.382372438907623,"packed_index_bytes":2976,"triangles":496}],"surface":0,"vertices":2825}]},"name":"Male_Ranger_Body"},{"inventory":{"base_triangles":804,"base_vertices":928,"coarsest_triangles":28,"lod_surface_count":1,"position_only_shadow_surfaces":0,"scope":"Available imported index LODs and optional position-only shadow geometry; renderer selection and actual phone frame time are separate measurements","shadow_triangles":0,"shadow_vertices":0,"stored_buffer_bytes":49844,"surfaces":[{"base_triangles":804,"coarsest_triangles":28,"lod_levels":[{"edge_length":0.00511946994811296,"packed_index_bytes":2412,"triangles":402},{"edge_length":0.0208258330821991,"packed_index_bytes":1200,"triangles":200},{"edge_length":0.0586914978921413,"packed_index_bytes":408,"triangles":68},{"edge_length":0.159140229225159,"packed_index_bytes":168,"triangles":28}],"surface":0,"vertices":928}]},"name":"Male_Ranger_Body_Belt_1"},{"inventory":{"base_triangles":2136,"base_vertices":1240,"coarsest_triangles":32,"lod_surface_count":1,"position_only_shadow_surfaces":0,"scope":"Available imported index LODs and optional position-only shadow geometry; renderer selection and actual phone frame time are separate measurements","shadow_triangles":0,"shadow_vertices":0,"stored_buffer_bytes":79964,"surfaces":[{"base_triangles":2136,"coarsest_triangles":32,"lod_levels":[{"edge_length":0.00886878464370966,"packed_index_bytes":6408,"triangles":1068},{"edge_length":0.0133031764999032,"packed_index_bytes":3204,"triangles":534},{"edge_length":0.0270011257380247,"packed_index_bytes":1596,"triangles":266},{"edge_length":0.050763301551342,"packed_index_bytes":792,"triangles":132},{"edge_length":0.146461963653564,"packed_index_bytes":396,"triangles":66},{"edge_length":0.24755035340786,"packed_index_bytes":192,"triangles":32}],"surface":0,"vertices":1240}]},"name":"Male_Ranger_Head_Hood"},{"inventory":{"base_triangles":1128,"base_vertices":644,"coarsest_triangles":70,"lod_surface_count":1,"position_only_shadow_surfaces":0,"scope":"Available imported index LODs and optional position-only shadow geometry; renderer selection and actual phone frame time are separate measurements","shadow_triangles":0,"shadow_vertices":0,"stored_buffer_bytes":41440,"surfaces":[{"base_triangles":1128,"coarsest_triangles":70,"lod_levels":[{"edge_length":0.0184802208095789,"packed_index_bytes":3384,"triangles":564},{"edge_length":0.0417272858321667,"packed_index_bytes":1692,"triangles":282},{"edge_length":0.0991905629634857,"packed_index_bytes":840,"triangles":140},{"edge_length":0.363983541727066,"packed_index_bytes":420,"triangles":70}],"surface":0,"vertices":644}]},"name":"Male_Ranger_Legs"}],"lod_surface_count":16,"mesh_surface_slots":16,"native_vertices":18361,"position_only_shadow_surfaces":5,"position_only_shadow_vertices":3927,"stored_native_buffer_bytes":1007932,"triangles":28506,"visible_meshes":16},"role":"hexer","triangle_budget":40000},{"inventory":{"available_coarsest_triangles":4248,"buffer_scope":"Main/index/attribute/skin/LOD bytes per distinct visible mesh resource within this actor; shared other actors, textures and driver allocations are excluded","distinct_material_resources":18,"distinct_mesh_resources":18,"lod_meshes":[{"inventory":{"base_triangles":3930,"base_vertices":2497,"coarsest_triangles":42,"lod_surface_count":1,"position_only_shadow_surfaces":0,"scope":"Available imported index LODs and optional position-only shadow geometry; renderer selection and actual phone frame time are separate measurements","shadow_triangles":0,"shadow_vertices":0,"stored_buffer_bytes":156872,"surfaces":[{"base_triangles":3930,"coarsest_triangles":42,"lod_levels":[{"edge_length":0.0042988839559257,"packed_index_bytes":11784,"triangles":1964},{"edge_length":0.00949153956025839,"packed_index_bytes":5892,"triangles":982},{"edge_length":0.0185655988752842,"packed_index_bytes":2940,"triangles":490},{"edge_length":0.0385282784700394,"packed_index_bytes":1464,"triangles":244},{"edge_length":0.0875844284892082,"packed_index_bytes":732,"triangles":122},{"edge_length":0.204099401831627,"packed_index_bytes":360,"triangles":60},{"edge_length":1.25562286376953,"packed_index_bytes":252,"triangles":42}],"surface":0,"vertices":2497}]},"name":"Male_Peasant_Arms"},{"inventory":{"base_triangles":2588,"base_vertices":1878,"coarsest_triangles":322,"lod_surface_count":1,"position_only_shadow_surfaces":0,"scope":"Available imported index LODs and optional position-only shadow geometry; renderer selection and actual phone frame time are separate measurements","shadow_triangles":0,"shadow_vertices":0,"stored_buffer_bytes":111732,"surfaces":[{"base_triangles":2588,"coarsest_triangles":322,"lod_levels":[{"edge_length":0.0108739044517279,"packed_index_bytes":7764,"triangles":1294},{"edge_length":0.0260337051004171,"packed_index_bytes":3876,"triangles":646},{"edge_length":0.266261398792267,"packed_index_bytes":1932,"triangles":322}],"surface":0,"vertices":1878}]},"name":"Male_Peasant_Feet"},{"inventory":{"base_triangles":984,"base_vertices":646,"coarsest_triangles":152,"lod_surface_count":1,"position_only_shadow_surfaces":0,"scope":"Available imported index LODs and optional position-only shadow geometry; renderer selection and actual phone frame time are separate measurements","shadow_triangles":0,"shadow_vertices":0,"stored_buffer_bytes":39668,"surfaces":[{"base_triangles":984,"coarsest_triangles":152,"lod_levels":[{"edge_length":0.00153538852464408,"packed_index_bytes":2952,"triangles":492},{"edge_length":0.00453617330640554,"packed_index_bytes":1476,"triangles":246},{"edge_length":0.037489615380764,"packed_index_bytes":912,"triangles":152}],"surface":0,"vertices":646}]},"name":"Eyebrows"},{"inventory":{"base_triangles":768,"base_vertices":556,"coarsest_triangles":6,"lod_surface_count":1,"position_only_shadow_surfaces":0,"scope":"Available imported index LODs and optional position-only shadow geometry; renderer selection and actual phone frame time are separate measurements","shadow_triangles":0,"shadow_vertices":0,"stored_buffer_bytes":33644,"surfaces":[{"base_triangles":768,"coarsest_triangles":6,"lod_levels":[{"edge_length":0.00118664896581322,"packed_index_bytes":2304,"triangles":384},{"edge_length":0.00220426334999502,"packed_index_bytes":1152,"triangles":192},{"edge_length":0.00396052002906799,"packed_index_bytes":576,"triangles":96},{"edge_length":0.00795453786849976,"packed_index_bytes":288,"triangles":48},{"edge_length":0.0119318068027496,"packed_index_bytes":144,"triangles":24},{"edge_length":0.0198843851685524,"packed_index_bytes":72,"triangles":12},{"edge_length":0.0298265796154737,"packed_index_bytes":36,"triangles":6}],"surface":0,"vertices":556}]},"name":"Eyes"},{"inventory":{"base_triangles":2880,"base_vertices":1574,"coarsest_triangles":44,"lod_surface_count":1,"position_only_shadow_surfaces":0,"scope":"Available imported index LODs and optional position-only shadow geometry; renderer selection and actual phone frame time are separate measurements","shadow_triangles":0,"shadow_vertices":0,"stored_buffer_bytes":103540,"surfaces":[{"base_triangles":2880,"coarsest_triangles":44,"lod_levels":[{"edge_length":0.00468192575499415,"packed_index_bytes":8640,"triangles":1440},{"edge_length":0.00931835547089577,"packed_index_bytes":4320,"triangles":720},{"edge_length":0.0185303315520287,"packed_index_bytes":2160,"triangles":360},{"edge_length":0.0370405279099941,"packed_index_bytes":1080,"triangles":180},{"edge_length":0.0707529336214066,"packed_index_bytes":540,"triangles":90},{"edge_length":0.204435929656029,"packed_index_bytes":264,"triangles":44}],"surface":0,"vertices":1574}]},"name":"Raider_Authored_Head"},{"inventory":{"base_triangles":1034,"base_vertices":596,"coarsest_triangles":174,"lod_surface_count":1,"position_only_shadow_surfaces":0,"scope":"Available imported index LODs and optional position-only shadow geometry; renderer selection and actual phone frame time are separate measurements","shadow_triangles":0,"shadow_vertices":0,"stored_buffer_bytes":38116,"surfaces":[{"base_triangles":1034,"coarsest_triangles":174,"lod_levels":[{"edge_length":0.00482927868142724,"packed_index_bytes":3096,"triangles":516},{"edge_length":0.0135419582948089,"packed_index_bytes":1548,"triangles":258},{"edge_length":0.103800863027573,"packed_index_bytes":1044,"triangles":174}],"surface":0,"vertices":596}]},"name":"Hair_Beard"},{"inventory":{"base_triangles":252,"base_vertices":170,"coarsest_triangles":20,"lod_surface_count":1,"position_only_shadow_surfaces":1,"scope":"Available imported index LODs and optional position-only shadow geometry; renderer selection and actual phone frame time are separate measurements","shadow_triangles":252,"shadow_vertices":132,"stored_buffer_bytes":4980,"surfaces":[{"base_triangles":252,"coarsest_triangles":20,"lod_levels":[{"edge_length":0.0154605126008391,"packed_index_bytes":756,"triangles":126},{"edge_length":0.0447733961045742,"packed_index_bytes":372,"triangles":62},{"edge_length":0.0671600922942162,"packed_index_bytes":180,"triangles":30},{"edge_length":0.100740142166615,"packed_index_bytes":120,"triangles":20}],"surface":0,"vertices":170}]},"name":"Weapon__Grip_leather"},{"inventory":{"base_triangles":640,"base_vertices":366,"coarsest_triangles":48,"lod_surface_count":1,"position_only_shadow_surfaces":1,"scope":"Available imported index LODs and optional position-only shadow geometry; renderer selection and actual phone frame time are separate measurements","shadow_triangles":640,"shadow_vertices":336,"stored_buffer_bytes":11880,"surfaces":[{"base_triangles":640,"coarsest_triangles":48,"lod_levels":[{"edge_length":0.0087633365765214,"packed_index_bytes":1920,"triangles":320},{"edge_length":0.0265506133437157,"packed_index_bytes":960,"triangles":160},{"edge_length":0.0784012675285339,"packed_index_bytes":480,"triangles":80},{"edge_length":0.275829493999481,"packed_index_bytes":288,"triangles":48}],"surface":0,"vertices":366}]},"name":"Weapon__Grip_gold"},{"inventory":{"base_triangles":68,"base_vertices":48,"coarsest_triangles":46,"lod_surface_count":1,"position_only_shadow_surfaces":1,"scope":"Available imported index LODs and optional position-only shadow geometry; renderer selection and actual phone frame time are separate measurements","shadow_triangles":68,"shadow_vertices":48,"stored_buffer_bytes":1260,"surfaces":[{"base_triangles":68,"coarsest_triangles":46,"lod_levels":[{"edge_length":0.0637232512235641,"packed_index_bytes":276,"triangles":46}],"surface":0,"vertices":48}]},"name":"Weapon__Grip_ember"},{"inventory":{"base_triangles":28,"base_vertices":16,"coarsest_triangles":6,"lod_surface_count":1,"position_only_shadow_surfaces":1,"scope":"Available imported index LODs and optional position-only shadow geometry; renderer selection and actual phone frame time are separate measurements","shadow_triangles":28,"shadow_vertices":16,"stored_buffer_bytes":480,"surfaces":[{"base_triangles":28,"coarsest_triangles":6,"lod_levels":[{"edge_length":0.414019644260406,"packed_index_bytes":84,"triangles":14},{"edge_length":0.621029436588287,"packed_index_bytes":36,"triangles":6}],"surface":0,"vertices":16}]},"name":"Weapon__Grip_silver"},{"inventory":{"base_triangles":1382,"base_vertices":862,"coarsest_triangles":116,"lod_surface_count":1,"position_only_shadow_surfaces":0,"scope":"Available imported index LODs and optional position-only shadow geometry; renderer selection and actual phone frame time are separate measurements","shadow_triangles":0,"shadow_vertices":0,"stored_buffer_bytes":54152,"surfaces":[{"base_triangles":1382,"coarsest_triangles":116,"lod_levels":[{"edge_length":0.0109743122011423,"packed_index_bytes":4140,"triangles":690},{"edge_length":0.025209829211235,"packed_index_bytes":2064,"triangles":344},{"edge_length":0.0934900045394897,"packed_index_bytes":1032,"triangles":172},{"edge_length":0.655430316925049,"packed_index_bytes":696,"triangles":116}],"surface":0,"vertices":862}]},"name":"Male_Ranger_Arms"},{"inventory":{"base_triangles":2998,"base_vertices":2825,"coarsest_triangles":496,"lod_surface_count":1,"position_only_shadow_surfaces":0,"scope":"Available imported index LODs and optional position-only shadow geometry; renderer selection and actual phone frame time are separate measurements","shadow_triangles":0,"shadow_vertices":0,"stored_buffer_bytes":158740,"surfaces":[{"base_triangles":2998,"coarsest_triangles":496,"lod_levels":[{"edge_length":0.0100722517818213,"packed_index_bytes":8988,"triangles":1498},{"edge_length":0.0311800222843885,"packed_index_bytes":4488,"triangles":748},{"edge_length":0.382372438907623,"packed_index_bytes":2976,"triangles":496}],"surface":0,"vertices":2825}]},"name":"Male_Ranger_Body"},{"inventory":{"base_triangles":804,"base_vertices":928,"coarsest_triangles":28,"lod_surface_count":1,"position_only_shadow_surfaces":0,"scope":"Available imported index LODs and optional position-only shadow geometry; renderer selection and actual phone frame time are separate measurements","shadow_triangles":0,"shadow_vertices":0,"stored_buffer_bytes":49844,"surfaces":[{"base_triangles":804,"coarsest_triangles":28,"lod_levels":[{"edge_length":0.00511946994811296,"packed_index_bytes":2412,"triangles":402},{"edge_length":0.0208258330821991,"packed_index_bytes":1200,"triangles":200},{"edge_length":0.0586914978921413,"packed_index_bytes":408,"triangles":68},{"edge_length":0.159140229225159,"packed_index_bytes":168,"triangles":28}],"surface":0,"vertices":928}]},"name":"Male_Ranger_Body_Belt_1"},{"inventory":{"base_triangles":1128,"base_vertices":644,"coarsest_triangles":70,"lod_surface_count":1,"position_only_shadow_surfaces":0,"scope":"Available imported index LODs and optional position-only shadow geometry; renderer selection and actual phone frame time are separate measurements","shadow_triangles":0,"shadow_vertices":0,"stored_buffer_bytes":41440,"surfaces":[{"base_triangles":1128,"coarsest_triangles":70,"lod_levels":[{"edge_length":0.0184802208095789,"packed_index_bytes":3384,"triangles":564},{"edge_length":0.0417272858321667,"packed_index_bytes":1692,"triangles":282},{"edge_length":0.0991905629634857,"packed_index_bytes":840,"triangles":140},{"edge_length":0.363983541727066,"packed_index_bytes":420,"triangles":70}],"surface":0,"vertices":644}]},"name":"Male_Ranger_Legs"},{"inventory":{"base_triangles":1376,"base_vertices":1092,"coarsest_triangles":1376,"lod_surface_count":0,"position_only_shadow_surfaces":0,"scope":"Available imported index LODs and optional position-only shadow geometry; renderer selection and actual phone frame time are separate measurements","shadow_triangles":0,"shadow_vertices":0,"stored_buffer_bytes":56304,"surfaces":[{"base_triangles":1376,"coarsest_triangles":1376,"lod_levels":[],"surface":0,"vertices":1092}]},"name":"Hostile057_bulwark_Male_Ranger_Acc_Pauldron"},{"inventory":{"base_triangles":1156,"base_vertices":4000,"coarsest_triangles":1156,"lod_surface_count":0,"position_only_shadow_surfaces":0,"scope":"Available imported index LODs and optional position-only shadow geometry; renderer selection and actual phone frame time are separate measurements","shadow_triangles":0,"shadow_vertices":0,"stored_buffer_bytes":182936,"surfaces":[{"base_triangles":1156,"coarsest_triangles":1156,"lod_levels":[],"surface":0,"vertices":4000}]},"name":"Hostile057_bulwark_Male_Ranger_Arms_Bracer"},{"inventory":{"base_triangles":98,"base_vertices":64,"coarsest_triangles":98,"lod_surface_count":0,"position_only_shadow_surfaces":0,"scope":"Available imported index LODs and optional position-only shadow geometry; renderer selection and actual phone frame time are separate measurements","shadow_triangles":0,"shadow_vertices":0,"stored_buffer_bytes":3404,"surfaces":[{"base_triangles":98,"coarsest_triangles":98,"lod_levels":[],"surface":0,"vertices":64}]},"name":"Hostile057_bulwark_FittedBreastplate"},{"inventory":{"base_triangles":48,"base_vertices":26,"coarsest_triangles":48,"lod_surface_count":0,"position_only_shadow_surfaces":0,"scope":"Available imported index LODs and optional position-only shadow geometry; renderer selection and actual phone frame time are separate measurements","shadow_triangles":0,"shadow_vertices":0,"stored_buffer_bytes":1432,"surfaces":[{"base_triangles":48,"coarsest_triangles":48,"lod_levels":[],"surface":0,"vertices":26}]},"name":"Hostile057_StrappedForearmShield"}],"lod_surface_count":14,"mesh_surface_slots":18,"native_vertices":18788,"position_only_shadow_surfaces":4,"position_only_shadow_vertices":532,"stored_native_buffer_bytes":1050424,"triangles":22162,"visible_meshes":18},"role":"bulwark","triangle_budget":40000},{"inventory":{"available_coarsest_triangles":4200,"buffer_scope":"Main/index/attribute/skin/LOD bytes per distinct visible mesh resource within this actor; shared other actors, textures and driver allocations are excluded","distinct_material_resources":17,"distinct_mesh_resources":17,"lod_meshes":[{"inventory":{"base_triangles":3930,"base_vertices":2497,"coarsest_triangles":42,"lod_surface_count":1,"position_only_shadow_surfaces":0,"scope":"Available imported index LODs and optional position-only shadow geometry; renderer selection and actual phone frame time are separate measurements","shadow_triangles":0,"shadow_vertices":0,"stored_buffer_bytes":156872,"surfaces":[{"base_triangles":3930,"coarsest_triangles":42,"lod_levels":[{"edge_length":0.0042988839559257,"packed_index_bytes":11784,"triangles":1964},{"edge_length":0.00949153956025839,"packed_index_bytes":5892,"triangles":982},{"edge_length":0.0185655988752842,"packed_index_bytes":2940,"triangles":490},{"edge_length":0.0385282784700394,"packed_index_bytes":1464,"triangles":244},{"edge_length":0.0875844284892082,"packed_index_bytes":732,"triangles":122},{"edge_length":0.204099401831627,"packed_index_bytes":360,"triangles":60},{"edge_length":1.25562286376953,"packed_index_bytes":252,"triangles":42}],"surface":0,"vertices":2497}]},"name":"Male_Peasant_Arms"},{"inventory":{"base_triangles":2588,"base_vertices":1878,"coarsest_triangles":322,"lod_surface_count":1,"position_only_shadow_surfaces":0,"scope":"Available imported index LODs and optional position-only shadow geometry; renderer selection and actual phone frame time are separate measurements","shadow_triangles":0,"shadow_vertices":0,"stored_buffer_bytes":111732,"surfaces":[{"base_triangles":2588,"coarsest_triangles":322,"lod_levels":[{"edge_length":0.0108739044517279,"packed_index_bytes":7764,"triangles":1294},{"edge_length":0.0260337051004171,"packed_index_bytes":3876,"triangles":646},{"edge_length":0.266261398792267,"packed_index_bytes":1932,"triangles":322}],"surface":0,"vertices":1878}]},"name":"Male_Peasant_Feet"},{"inventory":{"base_triangles":984,"base_vertices":646,"coarsest_triangles":152,"lod_surface_count":1,"position_only_shadow_surfaces":0,"scope":"Available imported index LODs and optional position-only shadow geometry; renderer selection and actual phone frame time are separate measurements","shadow_triangles":0,"shadow_vertices":0,"stored_buffer_bytes":39668,"surfaces":[{"base_triangles":984,"coarsest_triangles":152,"lod_levels":[{"edge_length":0.00153538852464408,"packed_index_bytes":2952,"triangles":492},{"edge_length":0.00453617330640554,"packed_index_bytes":1476,"triangles":246},{"edge_length":0.037489615380764,"packed_index_bytes":912,"triangles":152}],"surface":0,"vertices":646}]},"name":"Eyebrows"},{"inventory":{"base_triangles":768,"base_vertices":556,"coarsest_triangles":6,"lod_surface_count":1,"position_only_shadow_surfaces":0,"scope":"Available imported index LODs and optional position-only shadow geometry; renderer selection and actual phone frame time are separate measurements","shadow_triangles":0,"shadow_vertices":0,"stored_buffer_bytes":33644,"surfaces":[{"base_triangles":768,"coarsest_triangles":6,"lod_levels":[{"edge_length":0.00118664896581322,"packed_index_bytes":2304,"triangles":384},{"edge_length":0.00220426334999502,"packed_index_bytes":1152,"triangles":192},{"edge_length":0.00396052002906799,"packed_index_bytes":576,"triangles":96},{"edge_length":0.00795453786849976,"packed_index_bytes":288,"triangles":48},{"edge_length":0.0119318068027496,"packed_index_bytes":144,"triangles":24},{"edge_length":0.0198843851685524,"packed_index_bytes":72,"triangles":12},{"edge_length":0.0298265796154737,"packed_index_bytes":36,"triangles":6}],"surface":0,"vertices":556}]},"name":"Eyes"},{"inventory":{"base_triangles":2880,"base_vertices":1574,"coarsest_triangles":44,"lod_surface_count":1,"position_only_shadow_surfaces":0,"scope":"Available imported index LODs and optional position-only shadow geometry; renderer selection and actual phone frame time are separate measurements","shadow_triangles":0,"shadow_vertices":0,"stored_buffer_bytes":103540,"surfaces":[{"base_triangles":2880,"coarsest_triangles":44,"lod_levels":[{"edge_length":0.00468192575499415,"packed_index_bytes":8640,"triangles":1440},{"edge_length":0.00931835547089577,"packed_index_bytes":4320,"triangles":720},{"edge_length":0.0185303315520287,"packed_index_bytes":2160,"triangles":360},{"edge_length":0.0370405279099941,"packed_index_bytes":1080,"triangles":180},{"edge_length":0.0707529336214066,"packed_index_bytes":540,"triangles":90},{"edge_length":0.204435929656029,"packed_index_bytes":264,"triangles":44}],"surface":0,"vertices":1574}]},"name":"Raider_Authored_Head"},{"inventory":{"base_triangles":1034,"base_vertices":596,"coarsest_triangles":174,"lod_surface_count":1,"position_only_shadow_surfaces":0,"scope":"Available imported index LODs and optional position-only shadow geometry; renderer selection and actual phone frame time are separate measurements","shadow_triangles":0,"shadow_vertices":0,"stored_buffer_bytes":38116,"surfaces":[{"base_triangles":1034,"coarsest_triangles":174,"lod_levels":[{"edge_length":0.00482927868142724,"packed_index_bytes":3096,"triangles":516},{"edge_length":0.0135419582948089,"packed_index_bytes":1548,"triangles":258},{"edge_length":0.103800863027573,"packed_index_bytes":1044,"triangles":174}],"surface":0,"vertices":596}]},"name":"Hair_Beard"},{"inventory":{"base_triangles":252,"base_vertices":170,"coarsest_triangles":20,"lod_surface_count":1,"position_only_shadow_surfaces":1,"scope":"Available imported index LODs and optional position-only shadow geometry; renderer selection and actual phone frame time are separate measurements","shadow_triangles":252,"shadow_vertices":132,"stored_buffer_bytes":4980,"surfaces":[{"base_triangles":252,"coarsest_triangles":20,"lod_levels":[{"edge_length":0.0154605126008391,"packed_index_bytes":756,"triangles":126},{"edge_length":0.0447733961045742,"packed_index_bytes":372,"triangles":62},{"edge_length":0.0671600922942162,"packed_index_bytes":180,"triangles":30},{"edge_length":0.100740142166615,"packed_index_bytes":120,"triangles":20}],"surface":0,"vertices":170}]},"name":"Weapon__Grip_leather"},{"inventory":{"base_triangles":640,"base_vertices":366,"coarsest_triangles":48,"lod_surface_count":1,"position_only_shadow_surfaces":1,"scope":"Available imported index LODs and optional position-only shadow geometry; renderer selection and actual phone frame time are separate measurements","shadow_triangles":640,"shadow_vertices":336,"stored_buffer_bytes":11880,"surfaces":[{"base_triangles":640,"coarsest_triangles":48,"lod_levels":[{"edge_length":0.0087633365765214,"packed_index_bytes":1920,"triangles":320},{"edge_length":0.0265506133437157,"packed_index_bytes":960,"triangles":160},{"edge_length":0.0784012675285339,"packed_index_bytes":480,"triangles":80},{"edge_length":0.275829493999481,"packed_index_bytes":288,"triangles":48}],"surface":0,"vertices":366}]},"name":"Weapon__Grip_gold"},{"inventory":{"base_triangles":68,"base_vertices":48,"coarsest_triangles":46,"lod_surface_count":1,"position_only_shadow_surfaces":1,"scope":"Available imported index LODs and optional position-only shadow geometry; renderer selection and actual phone frame time are separate measurements","shadow_triangles":68,"shadow_vertices":48,"stored_buffer_bytes":1260,"surfaces":[{"base_triangles":68,"coarsest_triangles":46,"lod_levels":[{"edge_length":0.0637232512235641,"packed_index_bytes":276,"triangles":46}],"surface":0,"vertices":48}]},"name":"Weapon__Grip_ember"},{"inventory":{"base_triangles":28,"base_vertices":16,"coarsest_triangles":6,"lod_surface_count":1,"position_only_shadow_surfaces":1,"scope":"Available imported index LODs and optional position-only shadow geometry; renderer selection and actual phone frame time are separate measurements","shadow_triangles":28,"shadow_vertices":16,"stored_buffer_bytes":480,"surfaces":[{"base_triangles":28,"coarsest_triangles":6,"lod_levels":[{"edge_length":0.414019644260406,"packed_index_bytes":84,"triangles":14},{"edge_length":0.621029436588287,"packed_index_bytes":36,"triangles":6}],"surface":0,"vertices":16}]},"name":"Weapon__Grip_silver"},{"inventory":{"base_triangles":1382,"base_vertices":862,"coarsest_triangles":116,"lod_surface_count":1,"position_only_shadow_surfaces":0,"scope":"Available imported index LODs and optional position-only shadow geometry; renderer selection and actual phone frame time are separate measurements","shadow_triangles":0,"shadow_vertices":0,"stored_buffer_bytes":54152,"surfaces":[{"base_triangles":1382,"coarsest_triangles":116,"lod_levels":[{"edge_length":0.0109743122011423,"packed_index_bytes":4140,"triangles":690},{"edge_length":0.025209829211235,"packed_index_bytes":2064,"triangles":344},{"edge_length":0.0934900045394897,"packed_index_bytes":1032,"triangles":172},{"edge_length":0.655430316925049,"packed_index_bytes":696,"triangles":116}],"surface":0,"vertices":862}]},"name":"Male_Ranger_Arms"},{"inventory":{"base_triangles":2998,"base_vertices":2825,"coarsest_triangles":496,"lod_surface_count":1,"position_only_shadow_surfaces":0,"scope":"Available imported index LODs and optional position-only shadow geometry; renderer selection and actual phone frame time are separate measurements","shadow_triangles":0,"shadow_vertices":0,"stored_buffer_bytes":158740,"surfaces":[{"base_triangles":2998,"coarsest_triangles":496,"lod_levels":[{"edge_length":0.0100722517818213,"packed_index_bytes":8988,"triangles":1498},{"edge_length":0.0311800222843885,"packed_index_bytes":4488,"triangles":748},{"edge_length":0.382372438907623,"packed_index_bytes":2976,"triangles":496}],"surface":0,"vertices":2825}]},"name":"Male_Ranger_Body"},{"inventory":{"base_triangles":804,"base_vertices":928,"coarsest_triangles":28,"lod_surface_count":1,"position_only_shadow_surfaces":0,"scope":"Available imported index LODs and optional position-only shadow geometry; renderer selection and actual phone frame time are separate measurements","shadow_triangles":0,"shadow_vertices":0,"stored_buffer_bytes":49844,"surfaces":[{"base_triangles":804,"coarsest_triangles":28,"lod_levels":[{"edge_length":0.00511946994811296,"packed_index_bytes":2412,"triangles":402},{"edge_length":0.0208258330821991,"packed_index_bytes":1200,"triangles":200},{"edge_length":0.0586914978921413,"packed_index_bytes":408,"triangles":68},{"edge_length":0.159140229225159,"packed_index_bytes":168,"triangles":28}],"surface":0,"vertices":928}]},"name":"Male_Ranger_Body_Belt_1"},{"inventory":{"base_triangles":1128,"base_vertices":644,"coarsest_triangles":70,"lod_surface_count":1,"position_only_shadow_surfaces":0,"scope":"Available imported index LODs and optional position-only shadow geometry; renderer selection and actual phone frame time are separate measurements","shadow_triangles":0,"shadow_vertices":0,"stored_buffer_bytes":41440,"surfaces":[{"base_triangles":1128,"coarsest_triangles":70,"lod_levels":[{"edge_length":0.0184802208095789,"packed_index_bytes":3384,"triangles":564},{"edge_length":0.0417272858321667,"packed_index_bytes":1692,"triangles":282},{"edge_length":0.0991905629634857,"packed_index_bytes":840,"triangles":140},{"edge_length":0.363983541727066,"packed_index_bytes":420,"triangles":70}],"surface":0,"vertices":644}]},"name":"Male_Ranger_Legs"},{"inventory":{"base_triangles":1376,"base_vertices":1092,"coarsest_triangles":1376,"lod_surface_count":0,"position_only_shadow_surfaces":0,"scope":"Available imported index LODs and optional position-only shadow geometry; renderer selection and actual phone frame time are separate measurements","shadow_triangles":0,"shadow_vertices":0,"stored_buffer_bytes":56304,"surfaces":[{"base_triangles":1376,"coarsest_triangles":1376,"lod_levels":[],"surface":0,"vertices":1092}]},"name":"Hostile057_elite_Male_Ranger_Acc_Pauldron"},{"inventory":{"base_triangles":1156,"base_vertices":4000,"coarsest_triangles":1156,"lod_surface_count":0,"position_only_shadow_surfaces":0,"scope":"Available imported index LODs and optional position-only shadow geometry; renderer selection and actual phone frame time are separate measurements","shadow_triangles":0,"shadow_vertices":0,"stored_buffer_bytes":182936,"surfaces":[{"base_triangles":1156,"coarsest_triangles":1156,"lod_levels":[],"surface":0,"vertices":4000}]},"name":"Hostile057_elite_Male_Ranger_Arms_Bracer"},{"inventory":{"base_triangles":98,"base_vertices":64,"coarsest_triangles":98,"lod_surface_count":0,"position_only_shadow_surfaces":0,"scope":"Available imported index LODs and optional position-only shadow geometry; renderer selection and actual phone frame time are separate measurements","shadow_triangles":0,"shadow_vertices":0,"stored_buffer_bytes":3404,"surfaces":[{"base_triangles":98,"coarsest_triangles":98,"lod_levels":[],"surface":0,"vertices":64}]},"name":"Hostile057_elite_FittedBreastplate"}],"lod_surface_count":14,"mesh_surface_slots":17,"native_vertices":18762,"position_only_shadow_surfaces":4,"position_only_shadow_vertices":532,"stored_native_buffer_bytes":1048992,"triangles":22114,"visible_meshes":17},"role":"elite","triangle_budget":40000},{"inventory":{"available_coarsest_triangles":4254,"buffer_scope":"Main/index/attribute/skin/LOD bytes per distinct visible mesh resource within this actor; shared other actors, textures and driver allocations are excluded","distinct_material_resources":15,"distinct_mesh_resources":15,"lod_meshes":[{"inventory":{"base_triangles":3930,"base_vertices":2497,"coarsest_triangles":42,"lod_surface_count":1,"position_only_shadow_surfaces":0,"scope":"Available imported index LODs and optional position-only shadow geometry; renderer selection and actual phone frame time are separate measurements","shadow_triangles":0,"shadow_vertices":0,"stored_buffer_bytes":156872,"surfaces":[{"base_triangles":3930,"coarsest_triangles":42,"lod_levels":[{"edge_length":0.0042988839559257,"packed_index_bytes":11784,"triangles":1964},{"edge_length":0.00949153956025839,"packed_index_bytes":5892,"triangles":982},{"edge_length":0.0185655988752842,"packed_index_bytes":2940,"triangles":490},{"edge_length":0.0385282784700394,"packed_index_bytes":1464,"triangles":244},{"edge_length":0.0875844284892082,"packed_index_bytes":732,"triangles":122},{"edge_length":0.204099401831627,"packed_index_bytes":360,"triangles":60},{"edge_length":1.25562286376953,"packed_index_bytes":252,"triangles":42}],"surface":0,"vertices":2497}]},"name":"Male_Peasant_Arms"},{"inventory":{"base_triangles":2588,"base_vertices":1878,"coarsest_triangles":322,"lod_surface_count":1,"position_only_shadow_surfaces":0,"scope":"Available imported index LODs and optional position-only shadow geometry; renderer selection and actual phone frame time are separate measurements","shadow_triangles":0,"shadow_vertices":0,"stored_buffer_bytes":111732,"surfaces":[{"base_triangles":2588,"coarsest_triangles":322,"lod_levels":[{"edge_length":0.0108739044517279,"packed_index_bytes":7764,"triangles":1294},{"edge_length":0.0260337051004171,"packed_index_bytes":3876,"triangles":646},{"edge_length":0.266261398792267,"packed_index_bytes":1932,"triangles":322}],"surface":0,"vertices":1878}]},"name":"Male_Peasant_Feet"},{"inventory":{"base_triangles":984,"base_vertices":646,"coarsest_triangles":152,"lod_surface_count":1,"position_only_shadow_surfaces":0,"scope":"Available imported index LODs and optional position-only shadow geometry; renderer selection and actual phone frame time are separate measurements","shadow_triangles":0,"shadow_vertices":0,"stored_buffer_bytes":39668,"surfaces":[{"base_triangles":984,"coarsest_triangles":152,"lod_levels":[{"edge_length":0.00153538852464408,"packed_index_bytes":2952,"triangles":492},{"edge_length":0.00453617330640554,"packed_index_bytes":1476,"triangles":246},{"edge_length":0.037489615380764,"packed_index_bytes":912,"triangles":152}],"surface":0,"vertices":646}]},"name":"Eyebrows"},{"inventory":{"base_triangles":768,"base_vertices":556,"coarsest_triangles":6,"lod_surface_count":1,"position_only_shadow_surfaces":0,"scope":"Available imported index LODs and optional position-only shadow geometry; renderer selection and actual phone frame time are separate measurements","shadow_triangles":0,"shadow_vertices":0,"stored_buffer_bytes":33644,"surfaces":[{"base_triangles":768,"coarsest_triangles":6,"lod_levels":[{"edge_length":0.00118664896581322,"packed_index_bytes":2304,"triangles":384},{"edge_length":0.00220426334999502,"packed_index_bytes":1152,"triangles":192},{"edge_length":0.00396052002906799,"packed_index_bytes":576,"triangles":96},{"edge_length":0.00795453786849976,"packed_index_bytes":288,"triangles":48},{"edge_length":0.0119318068027496,"packed_index_bytes":144,"triangles":24},{"edge_length":0.0198843851685524,"packed_index_bytes":72,"triangles":12},{"edge_length":0.0298265796154737,"packed_index_bytes":36,"triangles":6}],"surface":0,"vertices":556}]},"name":"Eyes"},{"inventory":{"base_triangles":2880,"base_vertices":1574,"coarsest_triangles":44,"lod_surface_count":1,"position_only_shadow_surfaces":0,"scope":"Available imported index LODs and optional position-only shadow geometry; renderer selection and actual phone frame time are separate measurements","shadow_triangles":0,"shadow_vertices":0,"stored_buffer_bytes":103540,"surfaces":[{"base_triangles":2880,"coarsest_triangles":44,"lod_levels":[{"edge_length":0.00468192575499415,"packed_index_bytes":8640,"triangles":1440},{"edge_length":0.00931835547089577,"packed_index_bytes":4320,"triangles":720},{"edge_length":0.0185303315520287,"packed_index_bytes":2160,"triangles":360},{"edge_length":0.0370405279099941,"packed_index_bytes":1080,"triangles":180},{"edge_length":0.0707529336214066,"packed_index_bytes":540,"triangles":90},{"edge_length":0.204435929656029,"packed_index_bytes":264,"triangles":44}],"surface":0,"vertices":1574}]},"name":"Raider_Authored_Head"},{"inventory":{"base_triangles":1034,"base_vertices":596,"coarsest_triangles":174,"lod_surface_count":1,"position_only_shadow_surfaces":0,"scope":"Available imported index LODs and optional position-only shadow geometry; renderer selection and actual phone frame time are separate measurements","shadow_triangles":0,"shadow_vertices":0,"stored_buffer_bytes":38116,"surfaces":[{"base_triangles":1034,"coarsest_triangles":174,"lod_levels":[{"edge_length":0.00482927868142724,"packed_index_bytes":3096,"triangles":516},{"edge_length":0.0135419582948089,"packed_index_bytes":1548,"triangles":258},{"edge_length":0.103800863027573,"packed_index_bytes":1044,"triangles":174}],"surface":0,"vertices":596}]},"name":"Hair_Beard"},{"inventory":{"base_triangles":2320,"base_vertices":1211,"coarsest_triangles":168,"lod_surface_count":1,"position_only_shadow_surfaces":1,"scope":"Available imported index LODs and optional position-only shadow geometry; renderer selection and actual phone frame time are separate measurements","shadow_triangles":2320,"shadow_vertices":1202,"stored_buffer_bytes":41640,"surfaces":[{"base_triangles":2320,"coarsest_triangles":168,"lod_levels":[{"edge_length":0.00676680263131857,"packed_index_bytes":6960,"triangles":1160},{"edge_length":0.0285471137613058,"packed_index_bytes":3480,"triangles":580},{"edge_length":0.1043541431427,"packed_index_bytes":1740,"triangles":290},{"edge_length":1.63245296478271,"packed_index_bytes":1008,"triangles":168}],"surface":0,"vertices":1211}]},"name":"Weapon__Grip_bronze"},{"inventory":{"base_triangles":1048,"base_vertices":528,"coarsest_triangles":6,"lod_surface_count":1,"position_only_shadow_surfaces":1,"scope":"Available imported index LODs and optional position-only shadow geometry; renderer selection and actual phone frame time are separate measurements","shadow_triangles":1048,"shadow_vertices":528,"stored_buffer_bytes":18780,"surfaces":[{"base_triangles":1048,"coarsest_triangles":6,"lod_levels":[{"edge_length":0.0184450019150972,"packed_index_bytes":3144,"triangles":524},{"edge_length":0.0396827645599842,"packed_index_bytes":1572,"triangles":262},{"edge_length":0.0844177231192589,"packed_index_bytes":768,"triangles":128},{"edge_length":0.126626595854759,"packed_index_bytes":372,"triangles":62},{"edge_length":0.189939871430397,"packed_index_bytes":180,"triangles":30},{"edge_length":0.284909814596176,"packed_index_bytes":84,"triangles":14},{"edge_length":0.427364736795425,"packed_index_bytes":36,"triangles":6}],"surface":0,"vertices":528}]},"name":"Weapon__Grip_gold"},{"inventory":{"base_triangles":1382,"base_vertices":862,"coarsest_triangles":116,"lod_surface_count":1,"position_only_shadow_surfaces":0,"scope":"Available imported index LODs and optional position-only shadow geometry; renderer selection and actual phone frame time are separate measurements","shadow_triangles":0,"shadow_vertices":0,"stored_buffer_bytes":54152,"surfaces":[{"base_triangles":1382,"coarsest_triangles":116,"lod_levels":[{"edge_length":0.0109743122011423,"packed_index_bytes":4140,"triangles":690},{"edge_length":0.025209829211235,"packed_index_bytes":2064,"triangles":344},{"edge_length":0.0934900045394897,"packed_index_bytes":1032,"triangles":172},{"edge_length":0.655430316925049,"packed_index_bytes":696,"triangles":116}],"surface":0,"vertices":862}]},"name":"Male_Ranger_Arms"},{"inventory":{"base_triangles":2998,"base_vertices":2825,"coarsest_triangles":496,"lod_surface_count":1,"position_only_shadow_surfaces":0,"scope":"Available imported index LODs and optional position-only shadow geometry; renderer selection and actual phone frame time are separate measurements","shadow_triangles":0,"shadow_vertices":0,"stored_buffer_bytes":158740,"surfaces":[{"base_triangles":2998,"coarsest_triangles":496,"lod_levels":[{"edge_length":0.0100722517818213,"packed_index_bytes":8988,"triangles":1498},{"edge_length":0.0311800222843885,"packed_index_bytes":4488,"triangles":748},{"edge_length":0.382372438907623,"packed_index_bytes":2976,"triangles":496}],"surface":0,"vertices":2825}]},"name":"Male_Ranger_Body"},{"inventory":{"base_triangles":804,"base_vertices":928,"coarsest_triangles":28,"lod_surface_count":1,"position_only_shadow_surfaces":0,"scope":"Available imported index LODs and optional position-only shadow geometry; renderer selection and actual phone frame time are separate measurements","shadow_triangles":0,"shadow_vertices":0,"stored_buffer_bytes":49844,"surfaces":[{"base_triangles":804,"coarsest_triangles":28,"lod_levels":[{"edge_length":0.00511946994811296,"packed_index_bytes":2412,"triangles":402},{"edge_length":0.0208258330821991,"packed_index_bytes":1200,"triangles":200},{"edge_length":0.0586914978921413,"packed_index_bytes":408,"triangles":68},{"edge_length":0.159140229225159,"packed_index_bytes":168,"triangles":28}],"surface":0,"vertices":928}]},"name":"Male_Ranger_Body_Belt_1"},{"inventory":{"base_triangles":1128,"base_vertices":644,"coarsest_triangles":70,"lod_surface_count":1,"position_only_shadow_surfaces":0,"scope":"Available imported index LODs and optional position-only shadow geometry; renderer selection and actual phone frame time are separate measurements","shadow_triangles":0,"shadow_vertices":0,"stored_buffer_bytes":41440,"surfaces":[{"base_triangles":1128,"coarsest_triangles":70,"lod_levels":[{"edge_length":0.0184802208095789,"packed_index_bytes":3384,"triangles":564},{"edge_length":0.0417272858321667,"packed_index_bytes":1692,"triangles":282},{"edge_length":0.0991905629634857,"packed_index_bytes":840,"triangles":140},{"edge_length":0.363983541727066,"packed_index_bytes":420,"triangles":70}],"surface":0,"vertices":644}]},"name":"Male_Ranger_Legs"},{"inventory":{"base_triangles":1376,"base_vertices":1092,"coarsest_triangles":1376,"lod_surface_count":0,"position_only_shadow_surfaces":0,"scope":"Available imported index LODs and optional position-only shadow geometry; renderer selection and actual phone frame time are separate measurements","shadow_triangles":0,"shadow_vertices":0,"stored_buffer_bytes":56304,"surfaces":[{"base_triangles":1376,"coarsest_triangles":1376,"lod_levels":[],"surface":0,"vertices":1092}]},"name":"Hostile057_guardian_0_Male_Ranger_Acc_Pauldron"},{"inventory":{"base_triangles":1156,"base_vertices":4000,"coarsest_triangles":1156,"lod_surface_count":0,"position_only_shadow_surfaces":0,"scope":"Available imported index LODs and optional position-only shadow geometry; renderer selection and actual phone frame time are separate measurements","shadow_triangles":0,"shadow_vertices":0,"stored_buffer_bytes":182936,"surfaces":[{"base_triangles":1156,"coarsest_triangles":1156,"lod_levels":[],"surface":0,"vertices":4000}]},"name":"Hostile057_guardian_0_Male_Ranger_Arms_Bracer"},{"inventory":{"base_triangles":98,"base_vertices":64,"coarsest_triangles":98,"lod_surface_count":0,"position_only_shadow_surfaces":0,"scope":"Available imported index LODs and optional position-only shadow geometry; renderer selection and actual phone frame time are separate measurements","shadow_triangles":0,"shadow_vertices":0,"stored_buffer_bytes":3404,"surfaces":[{"base_triangles":98,"coarsest_triangles":98,"lod_levels":[],"surface":0,"vertices":64}]},"name":"Hostile057_guardian_0_FittedBreastplate"}],"lod_surface_count":12,"mesh_surface_slots":15,"native_vertices":19901,"position_only_shadow_surfaces":2,"position_only_shadow_vertices":1730,"stored_native_buffer_bytes":1090812,"triangles":24494,"visible_meshes":15},"role":"guardian_0","triangle_budget":40000},{"inventory":{"available_coarsest_triangles":3164,"buffer_scope":"Main/index/attribute/skin/LOD bytes per distinct visible mesh resource within this actor; shared other actors, textures and driver allocations are excluded","distinct_material_resources":17,"distinct_mesh_resources":17,"lod_meshes":[{"inventory":{"base_triangles":3930,"base_vertices":2497,"coarsest_triangles":42,"lod_surface_count":1,"position_only_shadow_surfaces":0,"scope":"Available imported index LODs and optional position-only shadow geometry; renderer selection and actual phone frame time are separate measurements","shadow_triangles":0,"shadow_vertices":0,"stored_buffer_bytes":156872,"surfaces":[{"base_triangles":3930,"coarsest_triangles":42,"lod_levels":[{"edge_length":0.0042988839559257,"packed_index_bytes":11784,"triangles":1964},{"edge_length":0.00949153956025839,"packed_index_bytes":5892,"triangles":982},{"edge_length":0.0185655988752842,"packed_index_bytes":2940,"triangles":490},{"edge_length":0.0385282784700394,"packed_index_bytes":1464,"triangles":244},{"edge_length":0.0875844284892082,"packed_index_bytes":732,"triangles":122},{"edge_length":0.204099401831627,"packed_index_bytes":360,"triangles":60},{"edge_length":1.25562286376953,"packed_index_bytes":252,"triangles":42}],"surface":0,"vertices":2497}]},"name":"Male_Peasant_Arms"},{"inventory":{"base_triangles":2588,"base_vertices":1878,"coarsest_triangles":322,"lod_surface_count":1,"position_only_shadow_surfaces":0,"scope":"Available imported index LODs and optional position-only shadow geometry; renderer selection and actual phone frame time are separate measurements","shadow_triangles":0,"shadow_vertices":0,"stored_buffer_bytes":111732,"surfaces":[{"base_triangles":2588,"coarsest_triangles":322,"lod_levels":[{"edge_length":0.0108739044517279,"packed_index_bytes":7764,"triangles":1294},{"edge_length":0.0260337051004171,"packed_index_bytes":3876,"triangles":646},{"edge_length":0.266261398792267,"packed_index_bytes":1932,"triangles":322}],"surface":0,"vertices":1878}]},"name":"Male_Peasant_Feet"},{"inventory":{"base_triangles":984,"base_vertices":646,"coarsest_triangles":152,"lod_surface_count":1,"position_only_shadow_surfaces":0,"scope":"Available imported index LODs and optional position-only shadow geometry; renderer selection and actual phone frame time are separate measurements","shadow_triangles":0,"shadow_vertices":0,"stored_buffer_bytes":39668,"surfaces":[{"base_triangles":984,"coarsest_triangles":152,"lod_levels":[{"edge_length":0.00153538852464408,"packed_index_bytes":2952,"triangles":492},{"edge_length":0.00453617330640554,"packed_index_bytes":1476,"triangles":246},{"edge_length":0.037489615380764,"packed_index_bytes":912,"triangles":152}],"surface":0,"vertices":646}]},"name":"Eyebrows"},{"inventory":{"base_triangles":768,"base_vertices":556,"coarsest_triangles":6,"lod_surface_count":1,"position_only_shadow_surfaces":0,"scope":"Available imported index LODs and optional position-only shadow geometry; renderer selection and actual phone frame time are separate measurements","shadow_triangles":0,"shadow_vertices":0,"stored_buffer_bytes":33644,"surfaces":[{"base_triangles":768,"coarsest_triangles":6,"lod_levels":[{"edge_length":0.00118664896581322,"packed_index_bytes":2304,"triangles":384},{"edge_length":0.00220426334999502,"packed_index_bytes":1152,"triangles":192},{"edge_length":0.00396052002906799,"packed_index_bytes":576,"triangles":96},{"edge_length":0.00795453786849976,"packed_index_bytes":288,"triangles":48},{"edge_length":0.0119318068027496,"packed_index_bytes":144,"triangles":24},{"edge_length":0.0198843851685524,"packed_index_bytes":72,"triangles":12},{"edge_length":0.0298265796154737,"packed_index_bytes":36,"triangles":6}],"surface":0,"vertices":556}]},"name":"Eyes"},{"inventory":{"base_triangles":2880,"base_vertices":1574,"coarsest_triangles":44,"lod_surface_count":1,"position_only_shadow_surfaces":0,"scope":"Available imported index LODs and optional position-only shadow geometry; renderer selection and actual phone frame time are separate measurements","shadow_triangles":0,"shadow_vertices":0,"stored_buffer_bytes":103540,"surfaces":[{"base_triangles":2880,"coarsest_triangles":44,"lod_levels":[{"edge_length":0.00468192575499415,"packed_index_bytes":8640,"triangles":1440},{"edge_length":0.00931835547089577,"packed_index_bytes":4320,"triangles":720},{"edge_length":0.0185303315520287,"packed_index_bytes":2160,"triangles":360},{"edge_length":0.0370405279099941,"packed_index_bytes":1080,"triangles":180},{"edge_length":0.0707529336214066,"packed_index_bytes":540,"triangles":90},{"edge_length":0.204435929656029,"packed_index_bytes":264,"triangles":44}],"surface":0,"vertices":1574}]},"name":"Raider_Authored_Head"},{"inventory":{"base_triangles":1034,"base_vertices":596,"coarsest_triangles":174,"lod_surface_count":1,"position_only_shadow_surfaces":0,"scope":"Available imported index LODs and optional position-only shadow geometry; renderer selection and actual phone frame time are separate measurements","shadow_triangles":0,"shadow_vertices":0,"stored_buffer_bytes":38116,"surfaces":[{"base_triangles":1034,"coarsest_triangles":174,"lod_levels":[{"edge_length":0.00482927868142724,"packed_index_bytes":3096,"triangles":516},{"edge_length":0.0135419582948089,"packed_index_bytes":1548,"triangles":258},{"edge_length":0.103800863027573,"packed_index_bytes":1044,"triangles":174}],"surface":0,"vertices":596}]},"name":"Hair_Beard"},{"inventory":{"base_triangles":2518,"base_vertices":1342,"coarsest_triangles":174,"lod_surface_count":1,"position_only_shadow_surfaces":1,"scope":"Available imported index LODs and optional position-only shadow geometry; renderer selection and actual phone frame time are separate measurements","shadow_triangles":2518,"shadow_vertices":1228,"stored_buffer_bytes":43356,"surfaces":[{"base_triangles":2518,"coarsest_triangles":174,"lod_levels":[{"edge_length":0.00671173958107829,"packed_index_bytes":7500,"triangles":1250},{"edge_length":0.0267182104289532,"packed_index_bytes":3600,"triangles":600},{"edge_length":0.28322759270668,"packed_index_bytes":1044,"triangles":174}],"surface":0,"vertices":1342}]},"name":"Weapon__Grip_leather"},{"inventory":{"base_triangles":3796,"base_vertices":1992,"coarsest_triangles":118,"lod_surface_count":1,"position_only_shadow_surfaces":1,"scope":"Available imported index LODs and optional position-only shadow geometry; renderer selection and actual phone frame time are separate measurements","shadow_triangles":3796,"shadow_vertices":1938,"stored_buffer_bytes":68724,"surfaces":[{"base_triangles":3796,"coarsest_triangles":118,"lod_levels":[{"edge_length":0.00677342526614666,"packed_index_bytes":11388,"triangles":1898},{"edge_length":0.0156867019832134,"packed_index_bytes":5688,"triangles":948},{"edge_length":0.0344598703086376,"packed_index_bytes":2844,"triangles":474},{"edge_length":0.055747214704752,"packed_index_bytes":1416,"triangles":236},{"edge_length":0.146637588739395,"packed_index_bytes":708,"triangles":118}],"surface":0,"vertices":1992}]},"name":"Weapon__Grip_gold"},{"inventory":{"base_triangles":982,"base_vertices":495,"coarsest_triangles":6,"lod_surface_count":1,"position_only_shadow_surfaces":1,"scope":"Available imported index LODs and optional position-only shadow geometry; renderer selection and actual phone frame time are separate measurements","shadow_triangles":982,"shadow_vertices":493,"stored_buffer_bytes":17628,"surfaces":[{"base_triangles":982,"coarsest_triangles":6,"lod_levels":[{"edge_length":0.00762734329327941,"packed_index_bytes":2940,"triangles":490},{"edge_length":0.0171559732407331,"packed_index_bytes":1464,"triangles":244},{"edge_length":0.0448881685733795,"packed_index_bytes":732,"triangles":122},{"edge_length":0.105687126517296,"packed_index_bytes":360,"triangles":60},{"edge_length":0.184489116072655,"packed_index_bytes":180,"triangles":30},{"edge_length":0.276733696460724,"packed_index_bytes":84,"triangles":14},{"edge_length":0.415100544691086,"packed_index_bytes":36,"triangles":6}],"surface":0,"vertices":495}]},"name":"Weapon__Grip_bronze"},{"inventory":{"base_triangles":44,"base_vertices":24,"coarsest_triangles":4,"lod_surface_count":1,"position_only_shadow_surfaces":1,"scope":"Available imported index LODs and optional position-only shadow geometry; renderer selection and actual phone frame time are separate measurements","shadow_triangles":44,"shadow_vertices":24,"stored_buffer_bytes":768,"surfaces":[{"base_triangles":44,"coarsest_triangles":4,"lod_levels":[{"edge_length":0.0764948353171349,"packed_index_bytes":132,"triangles":22},{"edge_length":0.167327478528023,"packed_index_bytes":60,"triangles":10},{"edge_length":0.250991225242615,"packed_index_bytes":24,"triangles":4}],"surface":0,"vertices":24}]},"name":"Weapon__Grip_soul"},{"inventory":{"base_triangles":44,"base_vertices":24,"coarsest_triangles":4,"lod_surface_count":1,"position_only_shadow_surfaces":1,"scope":"Available imported index LODs and optional position-only shadow geometry; renderer selection and actual phone frame time are separate measurements","shadow_triangles":44,"shadow_vertices":24,"stored_buffer_bytes":768,"surfaces":[{"base_triangles":44,"coarsest_triangles":4,"lod_levels":[{"edge_length":0.0207380335777998,"packed_index_bytes":132,"triangles":22},{"edge_length":0.055176954716444,"packed_index_bytes":60,"triangles":10},{"edge_length":0.0827654302120209,"packed_index_bytes":24,"triangles":4}],"surface":0,"vertices":24}]},"name":"Weapon__Grip_ember"},{"inventory":{"base_triangles":1382,"base_vertices":862,"coarsest_triangles":116,"lod_surface_count":1,"position_only_shadow_surfaces":0,"scope":"Available imported index LODs and optional position-only shadow geometry; renderer selection and actual phone frame time are separate measurements","shadow_triangles":0,"shadow_vertices":0,"stored_buffer_bytes":54152,"surfaces":[{"base_triangles":1382,"coarsest_triangles":116,"lod_levels":[{"edge_length":0.0109743122011423,"packed_index_bytes":4140,"triangles":690},{"edge_length":0.025209829211235,"packed_index_bytes":2064,"triangles":344},{"edge_length":0.0934900045394897,"packed_index_bytes":1032,"triangles":172},{"edge_length":0.655430316925049,"packed_index_bytes":696,"triangles":116}],"surface":0,"vertices":862}]},"name":"Male_Ranger_Arms"},{"inventory":{"base_triangles":2998,"base_vertices":2825,"coarsest_triangles":496,"lod_surface_count":1,"position_only_shadow_surfaces":0,"scope":"Available imported index LODs and optional position-only shadow geometry; renderer selection and actual phone frame time are separate measurements","shadow_triangles":0,"shadow_vertices":0,"stored_buffer_bytes":158740,"surfaces":[{"base_triangles":2998,"coarsest_triangles":496,"lod_levels":[{"edge_length":0.0100722517818213,"packed_index_bytes":8988,"triangles":1498},{"edge_length":0.0311800222843885,"packed_index_bytes":4488,"triangles":748},{"edge_length":0.382372438907623,"packed_index_bytes":2976,"triangles":496}],"surface":0,"vertices":2825}]},"name":"Male_Ranger_Body"},{"inventory":{"base_triangles":804,"base_vertices":928,"coarsest_triangles":28,"lod_surface_count":1,"position_only_shadow_surfaces":0,"scope":"Available imported index LODs and optional position-only shadow geometry; renderer selection and actual phone frame time are separate measurements","shadow_triangles":0,"shadow_vertices":0,"stored_buffer_bytes":49844,"surfaces":[{"base_triangles":804,"coarsest_triangles":28,"lod_levels":[{"edge_length":0.00511946994811296,"packed_index_bytes":2412,"triangles":402},{"edge_length":0.0208258330821991,"packed_index_bytes":1200,"triangles":200},{"edge_length":0.0586914978921413,"packed_index_bytes":408,"triangles":68},{"edge_length":0.159140229225159,"packed_index_bytes":168,"triangles":28}],"surface":0,"vertices":928}]},"name":"Male_Ranger_Body_Belt_1"},{"inventory":{"base_triangles":2136,"base_vertices":1240,"coarsest_triangles":32,"lod_surface_count":1,"position_only_shadow_surfaces":0,"scope":"Available imported index LODs and optional position-only shadow geometry; renderer selection and actual phone frame time are separate measurements","shadow_triangles":0,"shadow_vertices":0,"stored_buffer_bytes":79964,"surfaces":[{"base_triangles":2136,"coarsest_triangles":32,"lod_levels":[{"edge_length":0.00886878464370966,"packed_index_bytes":6408,"triangles":1068},{"edge_length":0.0133031764999032,"packed_index_bytes":3204,"triangles":534},{"edge_length":0.0270011257380247,"packed_index_bytes":1596,"triangles":266},{"edge_length":0.050763301551342,"packed_index_bytes":792,"triangles":132},{"edge_length":0.146461963653564,"packed_index_bytes":396,"triangles":66},{"edge_length":0.24755035340786,"packed_index_bytes":192,"triangles":32}],"surface":0,"vertices":1240}]},"name":"Male_Ranger_Head_Hood"},{"inventory":{"base_triangles":1128,"base_vertices":644,"coarsest_triangles":70,"lod_surface_count":1,"position_only_shadow_surfaces":0,"scope":"Available imported index LODs and optional position-only shadow geometry; renderer selection and actual phone frame time are separate measurements","shadow_triangles":0,"shadow_vertices":0,"stored_buffer_bytes":41440,"surfaces":[{"base_triangles":1128,"coarsest_triangles":70,"lod_levels":[{"edge_length":0.0184802208095789,"packed_index_bytes":3384,"triangles":564},{"edge_length":0.0417272858321667,"packed_index_bytes":1692,"triangles":282},{"edge_length":0.0991905629634857,"packed_index_bytes":840,"triangles":140},{"edge_length":0.363983541727066,"packed_index_bytes":420,"triangles":70}],"surface":0,"vertices":644}]},"name":"Male_Ranger_Legs"},{"inventory":{"base_triangles":1376,"base_vertices":1092,"coarsest_triangles":1376,"lod_surface_count":0,"position_only_shadow_surfaces":0,"scope":"Available imported index LODs and optional position-only shadow geometry; renderer selection and actual phone frame time are separate measurements","shadow_triangles":0,"shadow_vertices":0,"stored_buffer_bytes":56304,"surfaces":[{"base_triangles":1376,"coarsest_triangles":1376,"lod_levels":[],"surface":0,"vertices":1092}]},"name":"Hostile057_guardian_1_Male_Ranger_Acc_Pauldron"}],"lod_surface_count":16,"mesh_surface_slots":17,"native_vertices":19215,"position_only_shadow_surfaces":5,"position_only_shadow_vertices":3707,"stored_native_buffer_bytes":1055260,"triangles":29392,"visible_meshes":17},"role":"guardian_1","triangle_budget":40000},{"inventory":{"available_coarsest_triangles":3174,"buffer_scope":"Main/index/attribute/skin/LOD bytes per distinct visible mesh resource within this actor; shared other actors, textures and driver allocations are excluded","distinct_material_resources":17,"distinct_mesh_resources":17,"lod_meshes":[{"inventory":{"base_triangles":3930,"base_vertices":2497,"coarsest_triangles":42,"lod_surface_count":1,"position_only_shadow_surfaces":0,"scope":"Available imported index LODs and optional position-only shadow geometry; renderer selection and actual phone frame time are separate measurements","shadow_triangles":0,"shadow_vertices":0,"stored_buffer_bytes":156872,"surfaces":[{"base_triangles":3930,"coarsest_triangles":42,"lod_levels":[{"edge_length":0.0042988839559257,"packed_index_bytes":11784,"triangles":1964},{"edge_length":0.00949153956025839,"packed_index_bytes":5892,"triangles":982},{"edge_length":0.0185655988752842,"packed_index_bytes":2940,"triangles":490},{"edge_length":0.0385282784700394,"packed_index_bytes":1464,"triangles":244},{"edge_length":0.0875844284892082,"packed_index_bytes":732,"triangles":122},{"edge_length":0.204099401831627,"packed_index_bytes":360,"triangles":60},{"edge_length":1.25562286376953,"packed_index_bytes":252,"triangles":42}],"surface":0,"vertices":2497}]},"name":"Male_Peasant_Arms"},{"inventory":{"base_triangles":2588,"base_vertices":1878,"coarsest_triangles":322,"lod_surface_count":1,"position_only_shadow_surfaces":0,"scope":"Available imported index LODs and optional position-only shadow geometry; renderer selection and actual phone frame time are separate measurements","shadow_triangles":0,"shadow_vertices":0,"stored_buffer_bytes":111732,"surfaces":[{"base_triangles":2588,"coarsest_triangles":322,"lod_levels":[{"edge_length":0.0108739044517279,"packed_index_bytes":7764,"triangles":1294},{"edge_length":0.0260337051004171,"packed_index_bytes":3876,"triangles":646},{"edge_length":0.266261398792267,"packed_index_bytes":1932,"triangles":322}],"surface":0,"vertices":1878}]},"name":"Male_Peasant_Feet"},{"inventory":{"base_triangles":984,"base_vertices":646,"coarsest_triangles":152,"lod_surface_count":1,"position_only_shadow_surfaces":0,"scope":"Available imported index LODs and optional position-only shadow geometry; renderer selection and actual phone frame time are separate measurements","shadow_triangles":0,"shadow_vertices":0,"stored_buffer_bytes":39668,"surfaces":[{"base_triangles":984,"coarsest_triangles":152,"lod_levels":[{"edge_length":0.00153538852464408,"packed_index_bytes":2952,"triangles":492},{"edge_length":0.00453617330640554,"packed_index_bytes":1476,"triangles":246},{"edge_length":0.037489615380764,"packed_index_bytes":912,"triangles":152}],"surface":0,"vertices":646}]},"name":"Eyebrows"},{"inventory":{"base_triangles":768,"base_vertices":556,"coarsest_triangles":6,"lod_surface_count":1,"position_only_shadow_surfaces":0,"scope":"Available imported index LODs and optional position-only shadow geometry; renderer selection and actual phone frame time are separate measurements","shadow_triangles":0,"shadow_vertices":0,"stored_buffer_bytes":33644,"surfaces":[{"base_triangles":768,"coarsest_triangles":6,"lod_levels":[{"edge_length":0.00118664896581322,"packed_index_bytes":2304,"triangles":384},{"edge_length":0.00220426334999502,"packed_index_bytes":1152,"triangles":192},{"edge_length":0.00396052002906799,"packed_index_bytes":576,"triangles":96},{"edge_length":0.00795453786849976,"packed_index_bytes":288,"triangles":48},{"edge_length":0.0119318068027496,"packed_index_bytes":144,"triangles":24},{"edge_length":0.0198843851685524,"packed_index_bytes":72,"triangles":12},{"edge_length":0.0298265796154737,"packed_index_bytes":36,"triangles":6}],"surface":0,"vertices":556}]},"name":"Eyes"},{"inventory":{"base_triangles":2880,"base_vertices":1574,"coarsest_triangles":44,"lod_surface_count":1,"position_only_shadow_surfaces":0,"scope":"Available imported index LODs and optional position-only shadow geometry; renderer selection and actual phone frame time are separate measurements","shadow_triangles":0,"shadow_vertices":0,"stored_buffer_bytes":103540,"surfaces":[{"base_triangles":2880,"coarsest_triangles":44,"lod_levels":[{"edge_length":0.00468192575499415,"packed_index_bytes":8640,"triangles":1440},{"edge_length":0.00931835547089577,"packed_index_bytes":4320,"triangles":720},{"edge_length":0.0185303315520287,"packed_index_bytes":2160,"triangles":360},{"edge_length":0.0370405279099941,"packed_index_bytes":1080,"triangles":180},{"edge_length":0.0707529336214066,"packed_index_bytes":540,"triangles":90},{"edge_length":0.204435929656029,"packed_index_bytes":264,"triangles":44}],"surface":0,"vertices":1574}]},"name":"Raider_Authored_Head"},{"inventory":{"base_triangles":1034,"base_vertices":596,"coarsest_triangles":174,"lod_surface_count":1,"position_only_shadow_surfaces":0,"scope":"Available imported index LODs and optional position-only shadow geometry; renderer selection and actual phone frame time are separate measurements","shadow_triangles":0,"shadow_vertices":0,"stored_buffer_bytes":38116,"surfaces":[{"base_triangles":1034,"coarsest_triangles":174,"lod_levels":[{"edge_length":0.00482927868142724,"packed_index_bytes":3096,"triangles":516},{"edge_length":0.0135419582948089,"packed_index_bytes":1548,"triangles":258},{"edge_length":0.103800863027573,"packed_index_bytes":1044,"triangles":174}],"surface":0,"vertices":596}]},"name":"Hair_Beard"},{"inventory":{"base_triangles":2416,"base_vertices":1291,"coarsest_triangles":196,"lod_surface_count":1,"position_only_shadow_surfaces":1,"scope":"Available imported index LODs and optional position-only shadow geometry; renderer selection and actual phone frame time are separate measurements","shadow_triangles":2416,"shadow_vertices":1177,"stored_buffer_bytes":41952,"surfaces":[{"base_triangles":2416,"coarsest_triangles":196,"lod_levels":[{"edge_length":0.00581980450078845,"packed_index_bytes":7248,"triangles":1208},{"edge_length":0.0288526583462954,"packed_index_bytes":3540,"triangles":590},{"edge_length":0.052751187235117,"packed_index_bytes":1176,"triangles":196}],"surface":0,"vertices":1291}]},"name":"Weapon__Grip_leather"},{"inventory":{"base_triangles":3618,"base_vertices":1904,"coarsest_triangles":106,"lod_surface_count":1,"position_only_shadow_surfaces":1,"scope":"Available imported index LODs and optional position-only shadow geometry; renderer selection and actual phone frame time are separate measurements","shadow_triangles":3618,"shadow_vertices":1846,"stored_buffer_bytes":65520,"surfaces":[{"base_triangles":3618,"coarsest_triangles":106,"lod_levels":[{"edge_length":0.00703363260254264,"packed_index_bytes":10848,"triangles":1808},{"edge_length":0.016041487455368,"packed_index_bytes":5424,"triangles":904},{"edge_length":0.0359713211655617,"packed_index_bytes":2712,"triangles":452},{"edge_length":0.0601502619683743,"packed_index_bytes":1344,"triangles":224},{"edge_length":0.157760575413704,"packed_index_bytes":636,"triangles":106}],"surface":0,"vertices":1904}]},"name":"Weapon__Grip_gold"},{"inventory":{"base_triangles":940,"base_vertices":474,"coarsest_triangles":6,"lod_surface_count":1,"position_only_shadow_surfaces":1,"scope":"Available imported index LODs and optional position-only shadow geometry; renderer selection and actual phone frame time are separate measurements","shadow_triangles":940,"shadow_vertices":472,"stored_buffer_bytes":16884,"surfaces":[{"base_triangles":940,"coarsest_triangles":6,"lod_levels":[{"edge_length":0.00788042321801186,"packed_index_bytes":2820,"triangles":470},{"edge_length":0.0182691887021065,"packed_index_bytes":1404,"triangles":234},{"edge_length":0.0436409190297127,"packed_index_bytes":696,"triangles":116},{"edge_length":0.0960683301091194,"packed_index_bytes":348,"triangles":58},{"edge_length":0.163706615567207,"packed_index_bytes":168,"triangles":28},{"edge_length":0.311392039060593,"packed_index_bytes":84,"triangles":14},{"edge_length":0.467088013887405,"packed_index_bytes":36,"triangles":6}],"surface":0,"vertices":474}]},"name":"Weapon__Grip_silver"},{"inventory":{"base_triangles":44,"base_vertices":24,"coarsest_triangles":4,"lod_surface_count":1,"position_only_shadow_surfaces":1,"scope":"Available imported index LODs and optional position-only shadow geometry; renderer selection and actual phone frame time are separate measurements","shadow_triangles":44,"shadow_vertices":24,"stored_buffer_bytes":768,"surfaces":[{"base_triangles":44,"coarsest_triangles":4,"lod_levels":[{"edge_length":0.0764948353171349,"packed_index_bytes":132,"triangles":22},{"edge_length":0.167327478528023,"packed_index_bytes":60,"triangles":10},{"edge_length":0.250991225242615,"packed_index_bytes":24,"triangles":4}],"surface":0,"vertices":24}]},"name":"Weapon__Grip_soul"},{"inventory":{"base_triangles":44,"base_vertices":24,"coarsest_triangles":4,"lod_surface_count":1,"position_only_shadow_surfaces":1,"scope":"Available imported index LODs and optional position-only shadow geometry; renderer selection and actual phone frame time are separate measurements","shadow_triangles":44,"shadow_vertices":24,"stored_buffer_bytes":768,"surfaces":[{"base_triangles":44,"coarsest_triangles":4,"lod_levels":[{"edge_length":0.0207380335777998,"packed_index_bytes":132,"triangles":22},{"edge_length":0.055176954716444,"packed_index_bytes":60,"triangles":10},{"edge_length":0.0827654302120209,"packed_index_bytes":24,"triangles":4}],"surface":0,"vertices":24}]},"name":"Weapon__Grip_ember"},{"inventory":{"base_triangles":1382,"base_vertices":862,"coarsest_triangles":116,"lod_surface_count":1,"position_only_shadow_surfaces":0,"scope":"Available imported index LODs and optional position-only shadow geometry; renderer selection and actual phone frame time are separate measurements","shadow_triangles":0,"shadow_vertices":0,"stored_buffer_bytes":54152,"surfaces":[{"base_triangles":1382,"coarsest_triangles":116,"lod_levels":[{"edge_length":0.0109743122011423,"packed_index_bytes":4140,"triangles":690},{"edge_length":0.025209829211235,"packed_index_bytes":2064,"triangles":344},{"edge_length":0.0934900045394897,"packed_index_bytes":1032,"triangles":172},{"edge_length":0.655430316925049,"packed_index_bytes":696,"triangles":116}],"surface":0,"vertices":862}]},"name":"Male_Ranger_Arms"},{"inventory":{"base_triangles":2998,"base_vertices":2825,"coarsest_triangles":496,"lod_surface_count":1,"position_only_shadow_surfaces":0,"scope":"Available imported index LODs and optional position-only shadow geometry; renderer selection and actual phone frame time are separate measurements","shadow_triangles":0,"shadow_vertices":0,"stored_buffer_bytes":158740,"surfaces":[{"base_triangles":2998,"coarsest_triangles":496,"lod_levels":[{"edge_length":0.0100722517818213,"packed_index_bytes":8988,"triangles":1498},{"edge_length":0.0311800222843885,"packed_index_bytes":4488,"triangles":748},{"edge_length":0.382372438907623,"packed_index_bytes":2976,"triangles":496}],"surface":0,"vertices":2825}]},"name":"Male_Ranger_Body"},{"inventory":{"base_triangles":804,"base_vertices":928,"coarsest_triangles":28,"lod_surface_count":1,"position_only_shadow_surfaces":0,"scope":"Available imported index LODs and optional position-only shadow geometry; renderer selection and actual phone frame time are separate measurements","shadow_triangles":0,"shadow_vertices":0,"stored_buffer_bytes":49844,"surfaces":[{"base_triangles":804,"coarsest_triangles":28,"lod_levels":[{"edge_length":0.00511946994811296,"packed_index_bytes":2412,"triangles":402},{"edge_length":0.0208258330821991,"packed_index_bytes":1200,"triangles":200},{"edge_length":0.0586914978921413,"packed_index_bytes":408,"triangles":68},{"edge_length":0.159140229225159,"packed_index_bytes":168,"triangles":28}],"surface":0,"vertices":928}]},"name":"Male_Ranger_Body_Belt_1"},{"inventory":{"base_triangles":2136,"base_vertices":1240,"coarsest_triangles":32,"lod_surface_count":1,"position_only_shadow_surfaces":0,"scope":"Available imported index LODs and optional position-only shadow geometry; renderer selection and actual phone frame time are separate measurements","shadow_triangles":0,"shadow_vertices":0,"stored_buffer_bytes":79964,"surfaces":[{"base_triangles":2136,"coarsest_triangles":32,"lod_levels":[{"edge_length":0.00886878464370966,"packed_index_bytes":6408,"triangles":1068},{"edge_length":0.0133031764999032,"packed_index_bytes":3204,"triangles":534},{"edge_length":0.0270011257380247,"packed_index_bytes":1596,"triangles":266},{"edge_length":0.050763301551342,"packed_index_bytes":792,"triangles":132},{"edge_length":0.146461963653564,"packed_index_bytes":396,"triangles":66},{"edge_length":0.24755035340786,"packed_index_bytes":192,"triangles":32}],"surface":0,"vertices":1240}]},"name":"Male_Ranger_Head_Hood"},{"inventory":{"base_triangles":1128,"base_vertices":644,"coarsest_triangles":70,"lod_surface_count":1,"position_only_shadow_surfaces":0,"scope":"Available imported index LODs and optional position-only shadow geometry; renderer selection and actual phone frame time are separate measurements","shadow_triangles":0,"shadow_vertices":0,"stored_buffer_bytes":41440,"surfaces":[{"base_triangles":1128,"coarsest_triangles":70,"lod_levels":[{"edge_length":0.0184802208095789,"packed_index_bytes":3384,"triangles":564},{"edge_length":0.0417272858321667,"packed_index_bytes":1692,"triangles":282},{"edge_length":0.0991905629634857,"packed_index_bytes":840,"triangles":140},{"edge_length":0.363983541727066,"packed_index_bytes":420,"triangles":70}],"surface":0,"vertices":644}]},"name":"Male_Ranger_Legs"},{"inventory":{"base_triangles":1376,"base_vertices":1092,"coarsest_triangles":1376,"lod_surface_count":0,"position_only_shadow_surfaces":0,"scope":"Available imported index LODs and optional position-only shadow geometry; renderer selection and actual phone frame time are separate measurements","shadow_triangles":0,"shadow_vertices":0,"stored_buffer_bytes":56304,"surfaces":[{"base_triangles":1376,"coarsest_triangles":1376,"lod_levels":[],"surface":0,"vertices":1092}]},"name":"Hostile057_guardian_2_Male_Ranger_Acc_Pauldron"}],"lod_surface_count":16,"mesh_surface_slots":17,"native_vertices":19055,"position_only_shadow_surfaces":5,"position_only_shadow_vertices":3543,"stored_native_buffer_bytes":1049908,"triangles":29070,"visible_meshes":17},"role":"guardian_2","triangle_budget":40000},{"inventory":{"available_coarsest_triangles":4322,"buffer_scope":"Main/index/attribute/skin/LOD bytes per distinct visible mesh resource within this actor; shared other actors, textures and driver allocations are excluded","distinct_material_resources":16,"distinct_mesh_resources":16,"lod_meshes":[{"inventory":{"base_triangles":3930,"base_vertices":2497,"coarsest_triangles":42,"lod_surface_count":1,"position_only_shadow_surfaces":0,"scope":"Available imported index LODs and optional position-only shadow geometry; renderer selection and actual phone frame time are separate measurements","shadow_triangles":0,"shadow_vertices":0,"stored_buffer_bytes":156872,"surfaces":[{"base_triangles":3930,"coarsest_triangles":42,"lod_levels":[{"edge_length":0.0042988839559257,"packed_index_bytes":11784,"triangles":1964},{"edge_length":0.00949153956025839,"packed_index_bytes":5892,"triangles":982},{"edge_length":0.0185655988752842,"packed_index_bytes":2940,"triangles":490},{"edge_length":0.0385282784700394,"packed_index_bytes":1464,"triangles":244},{"edge_length":0.0875844284892082,"packed_index_bytes":732,"triangles":122},{"edge_length":0.204099401831627,"packed_index_bytes":360,"triangles":60},{"edge_length":1.25562286376953,"packed_index_bytes":252,"triangles":42}],"surface":0,"vertices":2497}]},"name":"Male_Peasant_Arms"},{"inventory":{"base_triangles":2588,"base_vertices":1878,"coarsest_triangles":322,"lod_surface_count":1,"position_only_shadow_surfaces":0,"scope":"Available imported index LODs and optional position-only shadow geometry; renderer selection and actual phone frame time are separate measurements","shadow_triangles":0,"shadow_vertices":0,"stored_buffer_bytes":111732,"surfaces":[{"base_triangles":2588,"coarsest_triangles":322,"lod_levels":[{"edge_length":0.0108739044517279,"packed_index_bytes":7764,"triangles":1294},{"edge_length":0.0260337051004171,"packed_index_bytes":3876,"triangles":646},{"edge_length":0.266261398792267,"packed_index_bytes":1932,"triangles":322}],"surface":0,"vertices":1878}]},"name":"Male_Peasant_Feet"},{"inventory":{"base_triangles":984,"base_vertices":646,"coarsest_triangles":152,"lod_surface_count":1,"position_only_shadow_surfaces":0,"scope":"Available imported index LODs and optional position-only shadow geometry; renderer selection and actual phone frame time are separate measurements","shadow_triangles":0,"shadow_vertices":0,"stored_buffer_bytes":39668,"surfaces":[{"base_triangles":984,"coarsest_triangles":152,"lod_levels":[{"edge_length":0.00153538852464408,"packed_index_bytes":2952,"triangles":492},{"edge_length":0.00453617330640554,"packed_index_bytes":1476,"triangles":246},{"edge_length":0.037489615380764,"packed_index_bytes":912,"triangles":152}],"surface":0,"vertices":646}]},"name":"Eyebrows"},{"inventory":{"base_triangles":768,"base_vertices":556,"coarsest_triangles":6,"lod_surface_count":1,"position_only_shadow_surfaces":0,"scope":"Available imported index LODs and optional position-only shadow geometry; renderer selection and actual phone frame time are separate measurements","shadow_triangles":0,"shadow_vertices":0,"stored_buffer_bytes":33644,"surfaces":[{"base_triangles":768,"coarsest_triangles":6,"lod_levels":[{"edge_length":0.00118664896581322,"packed_index_bytes":2304,"triangles":384},{"edge_length":0.00220426334999502,"packed_index_bytes":1152,"triangles":192},{"edge_length":0.00396052002906799,"packed_index_bytes":576,"triangles":96},{"edge_length":0.00795453786849976,"packed_index_bytes":288,"triangles":48},{"edge_length":0.0119318068027496,"packed_index_bytes":144,"triangles":24},{"edge_length":0.0198843851685524,"packed_index_bytes":72,"triangles":12},{"edge_length":0.0298265796154737,"packed_index_bytes":36,"triangles":6}],"surface":0,"vertices":556}]},"name":"Eyes"},{"inventory":{"base_triangles":2880,"base_vertices":1574,"coarsest_triangles":44,"lod_surface_count":1,"position_only_shadow_surfaces":0,"scope":"Available imported index LODs and optional position-only shadow geometry; renderer selection and actual phone frame time are separate measurements","shadow_triangles":0,"shadow_vertices":0,"stored_buffer_bytes":103540,"surfaces":[{"base_triangles":2880,"coarsest_triangles":44,"lod_levels":[{"edge_length":0.00468192575499415,"packed_index_bytes":8640,"triangles":1440},{"edge_length":0.00931835547089577,"packed_index_bytes":4320,"triangles":720},{"edge_length":0.0185303315520287,"packed_index_bytes":2160,"triangles":360},{"edge_length":0.0370405279099941,"packed_index_bytes":1080,"triangles":180},{"edge_length":0.0707529336214066,"packed_index_bytes":540,"triangles":90},{"edge_length":0.204435929656029,"packed_index_bytes":264,"triangles":44}],"surface":0,"vertices":1574}]},"name":"Raider_Authored_Head"},{"inventory":{"base_triangles":1034,"base_vertices":596,"coarsest_triangles":174,"lod_surface_count":1,"position_only_shadow_surfaces":0,"scope":"Available imported index LODs and optional position-only shadow geometry; renderer selection and actual phone frame time are separate measurements","shadow_triangles":0,"shadow_vertices":0,"stored_buffer_bytes":38116,"surfaces":[{"base_triangles":1034,"coarsest_triangles":174,"lod_levels":[{"edge_length":0.00482927868142724,"packed_index_bytes":3096,"triangles":516},{"edge_length":0.0135419582948089,"packed_index_bytes":1548,"triangles":258},{"edge_length":0.103800863027573,"packed_index_bytes":1044,"triangles":174}],"surface":0,"vertices":596}]},"name":"Hair_Beard"},{"inventory":{"base_triangles":284,"base_vertices":236,"coarsest_triangles":190,"lod_surface_count":1,"position_only_shadow_surfaces":1,"scope":"Available imported index LODs and optional position-only shadow geometry; renderer selection and actual phone frame time are separate measurements","shadow_triangles":284,"shadow_vertices":204,"stored_buffer_bytes":5676,"surfaces":[{"base_triangles":284,"coarsest_triangles":190,"lod_levels":[{"edge_length":0.222950458526611,"packed_index_bytes":1140,"triangles":190}],"surface":0,"vertices":236}]},"name":"Weapon__Grip_leather"},{"inventory":{"base_triangles":384,"base_vertices":216,"coarsest_triangles":48,"lod_surface_count":1,"position_only_shadow_surfaces":1,"scope":"Available imported index LODs and optional position-only shadow geometry; renderer selection and actual phone frame time are separate measurements","shadow_triangles":384,"shadow_vertices":206,"stored_buffer_bytes":6912,"surfaces":[{"base_triangles":384,"coarsest_triangles":48,"lod_levels":[{"edge_length":0.0593844428658485,"packed_index_bytes":1152,"triangles":192},{"edge_length":0.128192156553268,"packed_index_bytes":576,"triangles":96},{"edge_length":0.669421672821045,"packed_index_bytes":288,"triangles":48}],"surface":0,"vertices":216}]},"name":"Weapon__Grip_iron"},{"inventory":{"base_triangles":344,"base_vertices":176,"coarsest_triangles":4,"lod_surface_count":1,"position_only_shadow_surfaces":1,"scope":"Available imported index LODs and optional position-only shadow geometry; renderer selection and actual phone frame time are separate measurements","shadow_triangles":344,"shadow_vertices":176,"stored_buffer_bytes":6180,"surfaces":[{"base_triangles":344,"coarsest_triangles":4,"lod_levels":[{"edge_length":0.0186235774308443,"packed_index_bytes":1032,"triangles":172},{"edge_length":0.0327454954385757,"packed_index_bytes":516,"triangles":86},{"edge_length":0.0793474912643433,"packed_index_bytes":252,"triangles":42},{"edge_length":0.119021236896515,"packed_index_bytes":120,"triangles":20},{"edge_length":0.178531840443611,"packed_index_bytes":60,"triangles":10},{"edge_length":0.339369386434555,"packed_index_bytes":24,"triangles":4}],"surface":0,"vertices":176}]},"name":"Weapon__Grip_ember"},{"inventory":{"base_triangles":1382,"base_vertices":862,"coarsest_triangles":116,"lod_surface_count":1,"position_only_shadow_surfaces":0,"scope":"Available imported index LODs and optional position-only shadow geometry; renderer selection and actual phone frame time are separate measurements","shadow_triangles":0,"shadow_vertices":0,"stored_buffer_bytes":54152,"surfaces":[{"base_triangles":1382,"coarsest_triangles":116,"lod_levels":[{"edge_length":0.0109743122011423,"packed_index_bytes":4140,"triangles":690},{"edge_length":0.025209829211235,"packed_index_bytes":2064,"triangles":344},{"edge_length":0.0934900045394897,"packed_index_bytes":1032,"triangles":172},{"edge_length":0.655430316925049,"packed_index_bytes":696,"triangles":116}],"surface":0,"vertices":862}]},"name":"Male_Ranger_Arms"},{"inventory":{"base_triangles":2998,"base_vertices":2825,"coarsest_triangles":496,"lod_surface_count":1,"position_only_shadow_surfaces":0,"scope":"Available imported index LODs and optional position-only shadow geometry; renderer selection and actual phone frame time are separate measurements","shadow_triangles":0,"shadow_vertices":0,"stored_buffer_bytes":158740,"surfaces":[{"base_triangles":2998,"coarsest_triangles":496,"lod_levels":[{"edge_length":0.0100722517818213,"packed_index_bytes":8988,"triangles":1498},{"edge_length":0.0311800222843885,"packed_index_bytes":4488,"triangles":748},{"edge_length":0.382372438907623,"packed_index_bytes":2976,"triangles":496}],"surface":0,"vertices":2825}]},"name":"Male_Ranger_Body"},{"inventory":{"base_triangles":804,"base_vertices":928,"coarsest_triangles":28,"lod_surface_count":1,"position_only_shadow_surfaces":0,"scope":"Available imported index LODs and optional position-only shadow geometry; renderer selection and actual phone frame time are separate measurements","shadow_triangles":0,"shadow_vertices":0,"stored_buffer_bytes":49844,"surfaces":[{"base_triangles":804,"coarsest_triangles":28,"lod_levels":[{"edge_length":0.00511946994811296,"packed_index_bytes":2412,"triangles":402},{"edge_length":0.0208258330821991,"packed_index_bytes":1200,"triangles":200},{"edge_length":0.0586914978921413,"packed_index_bytes":408,"triangles":68},{"edge_length":0.159140229225159,"packed_index_bytes":168,"triangles":28}],"surface":0,"vertices":928}]},"name":"Male_Ranger_Body_Belt_1"},{"inventory":{"base_triangles":1128,"base_vertices":644,"coarsest_triangles":70,"lod_surface_count":1,"position_only_shadow_surfaces":0,"scope":"Available imported index LODs and optional position-only shadow geometry; renderer selection and actual phone frame time are separate measurements","shadow_triangles":0,"shadow_vertices":0,"stored_buffer_bytes":41440,"surfaces":[{"base_triangles":1128,"coarsest_triangles":70,"lod_levels":[{"edge_length":0.0184802208095789,"packed_index_bytes":3384,"triangles":564},{"edge_length":0.0417272858321667,"packed_index_bytes":1692,"triangles":282},{"edge_length":0.0991905629634857,"packed_index_bytes":840,"triangles":140},{"edge_length":0.363983541727066,"packed_index_bytes":420,"triangles":70}],"surface":0,"vertices":644}]},"name":"Male_Ranger_Legs"},{"inventory":{"base_triangles":1376,"base_vertices":1092,"coarsest_triangles":1376,"lod_surface_count":0,"position_only_shadow_surfaces":0,"scope":"Available imported index LODs and optional position-only shadow geometry; renderer selection and actual phone frame time are separate measurements","shadow_triangles":0,"shadow_vertices":0,"stored_buffer_bytes":56304,"surfaces":[{"base_triangles":1376,"coarsest_triangles":1376,"lod_levels":[],"surface":0,"vertices":1092}]},"name":"Hostile057_guardian_3_Male_Ranger_Acc_Pauldron"},{"inventory":{"base_triangles":1156,"base_vertices":4000,"coarsest_triangles":1156,"lod_surface_count":0,"position_only_shadow_surfaces":0,"scope":"Available imported index LODs and optional position-only shadow geometry; renderer selection and actual phone frame time are separate measurements","shadow_triangles":0,"shadow_vertices":0,"stored_buffer_bytes":182936,"surfaces":[{"base_triangles":1156,"coarsest_triangles":1156,"lod_levels":[],"surface":0,"vertices":4000}]},"name":"Hostile057_guardian_3_Male_Ranger_Arms_Bracer"},{"inventory":{"base_triangles":98,"base_vertices":64,"coarsest_triangles":98,"lod_surface_count":0,"position_only_shadow_surfaces":0,"scope":"Available imported index LODs and optional position-only shadow geometry; renderer selection and actual phone frame time are separate measurements","shadow_triangles":0,"shadow_vertices":0,"stored_buffer_bytes":3404,"surfaces":[{"base_triangles":98,"coarsest_triangles":98,"lod_levels":[],"surface":0,"vertices":64}]},"name":"Hostile057_guardian_3_FittedBreastplate"}],"lod_surface_count":13,"mesh_surface_slots":16,"native_vertices":18790,"position_only_shadow_surfaces":3,"position_only_shadow_vertices":586,"stored_native_buffer_bytes":1049160,"triangles":22138,"visible_meshes":16},"role":"guardian_3","triangle_budget":40000}],"native_actor_materials":[{"compatibility_shader_instances":0,"kind":"Arcanist","native":true,"world":"Arcanist"},{"compatibility_shader_instances":0,"kind":"raider","native":true,"world":"Arcanist"},{"compatibility_shader_instances":0,"kind":"raider","native":true,"world":"Arcanist"},{"compatibility_shader_instances":0,"kind":"raider","native":true,"world":"Arcanist"},{"compatibility_shader_instances":0,"kind":"raider","native":true,"world":"Arcanist"},{"compatibility_shader_instances":0,"kind":"hexer","native":true,"world":"Arcanist"},{"compatibility_shader_instances":0,"kind":"Vowkeeper","native":true,"world":"Vowkeeper"},{"compatibility_shader_instances":0,"kind":"raider","native":true,"world":"Vowkeeper"},{"compatibility_shader_instances":0,"kind":"raider","native":true,"world":"Vowkeeper"},{"compatibility_shader_instances":0,"kind":"raider","native":true,"world":"Vowkeeper"},{"compatibility_shader_instances":0,"kind":"raider","native":true,"world":"Vowkeeper"},{"compatibility_shader_instances":0,"kind":"hexer","native":true,"world":"Vowkeeper"},{"compatibility_shader_instances":0,"kind":"Ranger","native":true,"world":"Ranger"},{"compatibility_shader_instances":0,"kind":"raider","native":true,"world":"Ranger"},{"compatibility_shader_instances":0,"kind":"raider","native":true,"world":"Ranger"},{"compatibility_shader_instances":0,"kind":"raider","native":true,"world":"Ranger"},{"compatibility_shader_instances":0,"kind":"raider","native":true,"world":"Ranger"},{"compatibility_shader_instances":0,"kind":"hexer","native":true,"world":"Ranger"}],"native_render_primitives":[],"scope":"Actual native meshes, real world batches and exact helper operation counters; no GPU/phone FPS claim"}
2026-10-07T21:13:07.8110832Z RENDER BUDGET SMOKE: 287 checks, 0 failures
2026-10-07T21:13:07.9303599Z ##[group]Run XDG_DATA_HOME="$RUNNER_TEMP/emberfall-presentation" timeout 120s godot --headless --path . --script tests/presentation_smoke.gd
2026-10-07T21:13:07.9304148Z [36;1mXDG_DATA_HOME="$RUNNER_TEMP/emberfall-presentation" timeout 120s godot --headless --path . --script tests/presentation_smoke.gd[0m
2026-10-07T21:13:07.9357300Z shell: /usr/bin/bash -e {0}
2026-10-07T21:13:07.9357441Z env:
2026-10-07T21:13:07.9357610Z   JAVA_HOME: /opt/hostedtoolcache/Java_Temurin-Hotspot_jdk/17.0.20-1/x64
2026-10-07T21:13:07.9357879Z   JAVA_HOME_17_X64: /opt/hostedtoolcache/Java_Temurin-Hotspot_jdk/17.0.20-1/x64
2026-10-07T21:13:07.9358086Z   MAVEN_ARGS: -ntp
2026-10-07T21:13:07.9358214Z   ANDROID_HOME: /usr/local/lib/android/sdk
2026-10-07T21:13:07.9358381Z   ANDROID_SDK_ROOT: /usr/local/lib/android/sdk
2026-10-07T21:13:07.9358535Z ##[endgroup]
2026-10-07T21:13:07.9570278Z Godot Engine v4.7.2.stable.official.ed1daf0bf - https://godotengine.org
2026-10-07T21:13:07.9773142Z 
2026-10-07T21:13:10.4039237Z PASS: Vowkeeper: native presentation allocates no obsolete hidden compatibility shader or texture maps
2026-10-07T21:13:10.4040152Z PASS: Vowkeeper: complete class-specific rendered source surfaces and accessories plus contact shadow; compatibility proxy stays hidden
2026-10-07T21:13:10.4050473Z PASS: Vowkeeper: exact class source mesh inventory, bound material slots and full actual outfit/accessory/weapon triangle budget; visible=31440
2026-10-07T21:13:10.4263321Z PASS: Vowkeeper: all four skin influences give the complete rendered figure and accessories real depth
2026-10-07T21:13:10.4264003Z PASS: Vowkeeper: original native65 skin and authored walking/death clips drive the visible surfaces
2026-10-07T21:13:10.4494178Z PASS: Vowkeeper: actual walking samples the authored clip on the complete visible weighted surfaces
2026-10-07T21:13:10.4504670Z PASS: Vowkeeper: stopping retains a fading stride
2026-10-07T21:13:10.4521040Z PASS: Vowkeeper: travel recovery returns to 3D guard pose
2026-10-07T21:13:10.4538181Z PASS: Vowkeeper: actual attack starts in authored spatial windup
2026-10-07T21:13:10.4555222Z PASS: Vowkeeper: committed action reaches contact while retaining all actual authored meshes and skins
2026-10-07T21:13:10.4571736Z PASS: Vowkeeper: real warning countdown holds the windup longer than a basic swing
2026-10-07T21:13:10.4587391Z PASS: Vowkeeper: actual heavy impact clears warning and displays strike immediately
2026-10-07T21:13:10.4937321Z PASS: Vowkeeper: authored defeat lowers the actual native pelvis and articulated surfaces
2026-10-07T21:13:10.5279274Z PASS: Vowkeeper: completed collapse retains every original actual body/accessory mesh and skin
2026-10-07T21:13:10.5479846Z PASS: Vowkeeper: independently measured complete indexed weighted body and accessories settle above the floor; minimum=0.00299999862909
2026-10-07T21:13:10.6359804Z PASS: Arcanist: native presentation allocates no obsolete hidden compatibility shader or texture maps
2026-10-07T21:13:10.6360368Z PASS: Arcanist: complete class-specific rendered source surfaces and accessories plus contact shadow; compatibility proxy stays hidden
2026-10-07T21:13:10.6368181Z PASS: Arcanist: exact class source mesh inventory, bound material slots and full actual outfit/accessory/weapon triangle budget; visible=28708
2026-10-07T21:13:10.6529958Z PASS: Arcanist: all four skin influences give the complete rendered figure and accessories real depth
2026-10-07T21:13:10.6530604Z PASS: Arcanist: original native65 skin and authored walking/death clips drive the visible surfaces
2026-10-07T21:13:10.6709469Z PASS: Arcanist: actual walking samples the authored clip on the complete visible weighted surfaces
2026-10-07T21:13:10.6714798Z PASS: Arcanist: stopping retains a fading stride
2026-10-07T21:13:10.6727908Z PASS: Arcanist: travel recovery returns to 3D guard pose
2026-10-07T21:13:10.6741942Z PASS: Arcanist: actual attack starts in authored spatial windup
2026-10-07T21:13:10.6756248Z PASS: Arcanist: committed action reaches contact while retaining all actual authored meshes and skins
2026-10-07T21:13:10.6768465Z PASS: Arcanist: real warning countdown holds the windup longer than a basic swing
2026-10-07T21:13:10.6781225Z PASS: Arcanist: actual heavy impact clears warning and displays strike immediately
2026-10-07T21:13:10.6844322Z PASS: Arcanist: authored defeat lowers the actual native pelvis and articulated surfaces
2026-10-07T21:13:10.6898402Z PASS: Arcanist: completed collapse retains every original actual body/accessory mesh and skin
2026-10-07T21:13:10.7060757Z PASS: Arcanist: independently measured complete indexed weighted body and accessories settle above the floor; minimum=0.00200000032783
2026-10-07T21:13:10.9618574Z PASS: Ranger: native presentation allocates no obsolete hidden compatibility shader or texture maps
2026-10-07T21:13:10.9619293Z PASS: Ranger: complete class-specific rendered source surfaces and accessories plus contact shadow; compatibility proxy stays hidden
2026-10-07T21:13:10.9630047Z PASS: Ranger: exact class source mesh inventory, bound material slots and full actual outfit/accessory/weapon triangle budget; visible=32884
2026-10-07T21:13:10.9843344Z PASS: Ranger: all four skin influences give the complete rendered figure and accessories real depth
2026-10-07T21:13:10.9844014Z PASS: Ranger: original native65 skin and authored walking/death clips drive the visible surfaces
2026-10-07T21:13:11.0082820Z PASS: Ranger: actual walking samples the authored clip on the complete visible weighted surfaces
2026-10-07T21:13:11.0093423Z PASS: Ranger: stopping retains a fading stride
2026-10-07T21:13:11.0107971Z PASS: Ranger: travel recovery returns to 3D guard pose
2026-10-07T21:13:11.0122773Z PASS: Ranger: actual attack starts in authored spatial windup
2026-10-07T21:13:11.0137011Z PASS: Ranger: committed action reaches contact while retaining all actual authored meshes and skins
2026-10-07T21:13:11.0150645Z PASS: Ranger: real warning countdown holds the windup longer than a basic swing
2026-10-07T21:13:11.0163871Z PASS: Ranger: actual heavy impact clears warning and displays strike immediately
2026-10-07T21:13:11.0436066Z PASS: Ranger: authored defeat lowers the actual native pelvis and articulated surfaces
2026-10-07T21:13:11.0706190Z PASS: Ranger: completed collapse retains every original actual body/accessory mesh and skin
2026-10-07T21:13:11.0921528Z PASS: Ranger: independently measured complete indexed weighted body and accessories settle above the floor; minimum=0.00299999862909
2026-10-07T21:13:11.1393837Z PASS: raider: native presentation allocates no obsolete hidden compatibility shader or texture maps
2026-10-07T21:13:11.1394706Z PASS: raider: complete class-specific rendered source surfaces and accessories plus contact shadow; compatibility proxy stays hidden
2026-10-07T21:13:11.1398719Z PASS: raider: exact class source mesh inventory, bound material slots and full actual outfit/accessory/weapon triangle budget; visible=19658
2026-10-07T21:13:11.1506420Z PASS: raider: all four skin influences give the complete rendered figure and accessories real depth
2026-10-07T21:13:11.1507101Z PASS: raider: original native65 skin and authored walking/death clips drive the visible surfaces
2026-10-07T21:13:11.1621171Z PASS: raider: actual walking samples the authored clip on the complete visible weighted surfaces
2026-10-07T21:13:11.1624690Z PASS: raider: stopping retains a fading stride
2026-10-07T21:13:11.1628547Z PASS: raider: travel recovery returns to 3D guard pose
2026-10-07T21:13:11.1632833Z PASS: raider: actual attack starts in authored spatial windup
2026-10-07T21:13:11.1637175Z PASS: raider: committed action reaches contact while retaining all actual authored meshes and skins
2026-10-07T21:13:11.1640781Z PASS: raider: real warning countdown holds the windup longer than a basic swing
2026-10-07T21:13:11.1644502Z PASS: raider: actual heavy impact clears warning and displays strike immediately
2026-10-07T21:13:11.1649816Z PASS: raider: authored defeat lowers the actual native pelvis and articulated surfaces
2026-10-07T21:13:11.1655748Z PASS: raider: completed collapse retains every original actual body/accessory mesh and skin
2026-10-07T21:13:11.1761987Z PASS: raider: independently measured complete indexed weighted body and accessories settle above the floor; minimum=0.00300141423941
2026-10-07T21:13:11.3545055Z PASS: bulwark: native presentation allocates no obsolete hidden compatibility shader or texture maps
2026-10-07T21:13:11.3546223Z PASS: bulwark: complete class-specific rendered source surfaces and accessories plus contact shadow; compatibility proxy stays hidden
2026-10-07T21:13:11.3551543Z PASS: bulwark: exact class source mesh inventory, bound material slots and full actual outfit/accessory/weapon triangle budget; visible=22162
2026-10-07T21:13:11.3678560Z PASS: bulwark: all four skin influences give the complete rendered figure and accessories real depth
2026-10-07T21:13:11.3679230Z PASS: bulwark: original native65 skin and authored walking/death clips drive the visible surfaces
2026-10-07T21:13:11.3813722Z PASS: bulwark: actual walking samples the authored clip on the complete visible weighted surfaces
2026-10-07T21:13:11.3817432Z PASS: bulwark: stopping retains a fading stride
2026-10-07T21:13:11.3821478Z PASS: bulwark: travel recovery returns to 3D guard pose
2026-10-07T21:13:11.3826045Z PASS: bulwark: actual attack starts in authored spatial windup
2026-10-07T21:13:11.3830586Z PASS: bulwark: committed action reaches contact while retaining all actual authored meshes and skins
2026-10-07T21:13:11.3834365Z PASS: bulwark: real warning countdown holds the windup longer than a basic swing
2026-10-07T21:13:11.3838480Z PASS: bulwark: actual heavy impact clears warning and displays strike immediately
2026-10-07T21:13:11.3840897Z PASS: bulwark: authored defeat lowers the actual native pelvis and articulated surfaces
2026-10-07T21:13:11.3844270Z PASS: bulwark: completed collapse retains every original actual body/accessory mesh and skin
2026-10-07T21:13:11.3972918Z PASS: bulwark: independently measured complete indexed weighted body and accessories settle above the floor; minimum=0.00300106406212
2026-10-07T21:13:11.4934635Z PASS: hexer: native presentation allocates no obsolete hidden compatibility shader or texture maps
2026-10-07T21:13:11.4935591Z PASS: hexer: complete class-specific rendered source surfaces and accessories plus contact shadow; compatibility proxy stays hidden
2026-10-07T21:13:11.4941546Z PASS: hexer: exact class source mesh inventory, bound material slots and full actual outfit/accessory/weapon triangle budget; visible=28506
2026-10-07T21:13:11.5075631Z PASS: hexer: all four skin influences give the complete rendered figure and accessories real depth
2026-10-07T21:13:11.5076289Z PASS: hexer: original native65 skin and authored walking/death clips drive the visible surfaces
2026-10-07T21:13:11.5218262Z PASS: hexer: actual walking samples the authored clip on the complete visible weighted surfaces
2026-10-07T21:13:11.5221974Z PASS: hexer: stopping retains a fading stride
2026-10-07T21:13:11.5226150Z PASS: hexer: travel recovery returns to 3D guard pose
2026-10-07T21:13:11.5230630Z PASS: hexer: actual attack starts in authored spatial windup
2026-10-07T21:13:11.5235194Z PASS: hexer: committed action reaches contact while retaining all actual authored meshes and skins
2026-10-07T21:13:11.5239165Z PASS: hexer: real warning countdown holds the windup longer than a basic swing
2026-10-07T21:13:11.5243293Z PASS: hexer: actual heavy impact clears warning and displays strike immediately
2026-10-07T21:13:11.5249288Z PASS: hexer: authored defeat lowers the actual native pelvis and articulated surfaces
2026-10-07T21:13:11.5256044Z PASS: hexer: completed collapse retains every original actual body/accessory mesh and skin
2026-10-07T21:13:11.5393423Z PASS: hexer: independently measured complete indexed weighted body and accessories settle above the floor; minimum=0.00300106406212
2026-10-07T21:13:11.6618267Z PASS: elite: native presentation allocates no obsolete hidden compatibility shader or texture maps
2026-10-07T21:13:11.6619502Z PASS: elite: complete class-specific rendered source surfaces and accessories plus contact shadow; compatibility proxy stays hidden
2026-10-07T21:13:11.6624753Z PASS: elite: exact class source mesh inventory, bound material slots and full actual outfit/accessory/weapon triangle budget; visible=22114
2026-10-07T21:13:11.6755121Z PASS: elite: all four skin influences give the complete rendered figure and accessories real depth
2026-10-07T21:13:11.6755940Z PASS: elite: original native65 skin and authored walking/death clips drive the visible surfaces
2026-10-07T21:13:11.6892674Z PASS: elite: actual walking samples the authored clip on the complete visible weighted surfaces
2026-10-07T21:13:11.6896192Z PASS: elite: stopping retains a fading stride
2026-10-07T21:13:11.6900427Z PASS: elite: travel recovery returns to 3D guard pose
2026-10-07T21:13:11.6905004Z PASS: elite: actual attack starts in authored spatial windup
2026-10-07T21:13:11.6909943Z PASS: elite: committed action reaches contact while retaining all actual authored meshes and skins
2026-10-07T21:13:11.6913712Z PASS: elite: real warning countdown holds the windup longer than a basic swing
2026-10-07T21:13:11.6917928Z PASS: elite: actual heavy impact clears warning and displays strike immediately
2026-10-07T21:13:11.6920308Z PASS: elite: authored defeat lowers the actual native pelvis and articulated surfaces
2026-10-07T21:13:11.6923677Z PASS: elite: completed collapse retains every original actual body/accessory mesh and skin
2026-10-07T21:13:11.7054592Z PASS: elite: independently measured complete indexed weighted body and accessories settle above the floor; minimum=0.00300106406212
2026-10-07T21:13:11.8251708Z PASS: guardian_0: native presentation allocates no obsolete hidden compatibility shader or texture maps
2026-10-07T21:13:11.8252293Z PASS: guardian_0: complete class-specific rendered source surfaces and accessories plus contact shadow; compatibility proxy stays hidden
2026-10-07T21:13:11.8258379Z PASS: guardian_0: exact class source mesh inventory, bound material slots and full actual outfit/accessory/weapon triangle budget; visible=24494
2026-10-07T21:13:11.8393615Z PASS: guardian_0: all four skin influences give the complete rendered figure and accessories real depth
2026-10-07T21:13:11.8394313Z PASS: guardian_0: original native65 skin and authored walking/death clips drive the visible surfaces
2026-10-07T21:13:11.8538030Z PASS: guardian_0: actual walking samples the authored clip on the complete visible weighted surfaces
2026-10-07T21:13:11.8542183Z PASS: guardian_0: stopping retains a fading stride
2026-10-07T21:13:11.8546483Z PASS: guardian_0: travel recovery returns to 3D guard pose
2026-10-07T21:13:11.8551092Z PASS: guardian_0: actual attack starts in authored spatial windup
2026-10-07T21:13:11.8555915Z PASS: guardian_0: committed action reaches contact while retaining all actual authored meshes and skins
2026-10-07T21:13:11.8559754Z PASS: guardian_0: real warning countdown holds the windup longer than a basic swing
2026-10-07T21:13:11.8563915Z PASS: guardian_0: actual heavy impact clears warning and displays strike immediately
2026-10-07T21:13:11.8567428Z PASS: guardian_0: authored defeat lowers the actual native pelvis and articulated surfaces
2026-10-07T21:13:11.8572004Z PASS: guardian_0: completed collapse retains every original actual body/accessory mesh and skin
2026-10-07T21:13:11.8706014Z PASS: guardian_0: independently measured complete indexed weighted body and accessories settle above the floor; minimum=0.00299997627735
2026-10-07T21:13:11.9731880Z PASS: guardian_1: native presentation allocates no obsolete hidden compatibility shader or texture maps
2026-10-07T21:13:11.9732751Z PASS: guardian_1: complete class-specific rendered source surfaces and accessories plus contact shadow; compatibility proxy stays hidden
2026-10-07T21:13:11.9739365Z PASS: guardian_1: exact class source mesh inventory, bound material slots and full actual outfit/accessory/weapon triangle budget; visible=29392
2026-10-07T21:13:11.9882526Z PASS: guardian_1: all four skin influences give the complete rendered figure and accessories real depth
2026-10-07T21:13:11.9883239Z PASS: guardian_1: original native65 skin and authored walking/death clips drive the visible surfaces
2026-10-07T21:13:12.0034598Z PASS: guardian_1: actual walking samples the authored clip on the complete visible weighted surfaces
2026-10-07T21:13:12.0038571Z PASS: guardian_1: stopping retains a fading stride
2026-10-07T21:13:12.0043075Z PASS: guardian_1: travel recovery returns to 3D guard pose
2026-10-07T21:13:12.0047825Z PASS: guardian_1: actual attack starts in authored spatial windup
2026-10-07T21:13:12.0052516Z PASS: guardian_1: committed action reaches contact while retaining all actual authored meshes and skins
2026-10-07T21:13:12.0056482Z PASS: guardian_1: real warning countdown holds the windup longer than a basic swing
2026-10-07T21:13:12.0060557Z PASS: guardian_1: actual heavy impact clears warning and displays strike immediately
2026-10-07T21:13:12.0066193Z PASS: guardian_1: authored defeat lowers the actual native pelvis and articulated surfaces
2026-10-07T21:13:12.0072914Z PASS: guardian_1: completed collapse retains every original actual body/accessory mesh and skin
2026-10-07T21:13:12.0214898Z PASS: guardian_1: independently measured complete indexed weighted body and accessories settle above the floor; minimum=0.00300106406212
2026-10-07T21:13:12.1241920Z PASS: guardian_2: native presentation allocates no obsolete hidden compatibility shader or texture maps
2026-10-07T21:13:12.1242815Z PASS: guardian_2: complete class-specific rendered source surfaces and accessories plus contact shadow; compatibility proxy stays hidden
2026-10-07T21:13:12.1248793Z PASS: guardian_2: exact class source mesh inventory, bound material slots and full actual outfit/accessory/weapon triangle budget; visible=29070
2026-10-07T21:13:12.1390967Z PASS: guardian_2: all four skin influences give the complete rendered figure and accessories real depth
2026-10-07T21:13:12.1391694Z PASS: guardian_2: original native65 skin and authored walking/death clips drive the visible surfaces
2026-10-07T21:13:12.1541953Z PASS: guardian_2: actual walking samples the authored clip on the complete visible weighted surfaces
2026-10-07T21:13:12.1546145Z PASS: guardian_2: stopping retains a fading stride
2026-10-07T21:13:12.1550497Z PASS: guardian_2: travel recovery returns to 3D guard pose
2026-10-07T21:13:12.1555095Z PASS: guardian_2: actual attack starts in authored spatial windup
2026-10-07T21:13:12.1559875Z PASS: guardian_2: committed action reaches contact while retaining all actual authored meshes and skins
2026-10-07T21:13:12.1563745Z PASS: guardian_2: real warning countdown holds the windup longer than a basic swing
2026-10-07T21:13:12.1567948Z PASS: guardian_2: actual heavy impact clears warning and displays strike immediately
2026-10-07T21:13:12.1573338Z PASS: guardian_2: authored defeat lowers the actual native pelvis and articulated surfaces
2026-10-07T21:13:12.1579999Z PASS: guardian_2: completed collapse retains every original actual body/accessory mesh and skin
2026-10-07T21:13:12.1722059Z PASS: guardian_2: independently measured complete indexed weighted body and accessories settle above the floor; minimum=0.00300106406212
2026-10-07T21:13:12.2888836Z PASS: guardian_3: native presentation allocates no obsolete hidden compatibility shader or texture maps
2026-10-07T21:13:12.2889747Z PASS: guardian_3: complete class-specific rendered source surfaces and accessories plus contact shadow; compatibility proxy stays hidden
2026-10-07T21:13:12.2895452Z PASS: guardian_3: exact class source mesh inventory, bound material slots and full actual outfit/accessory/weapon triangle budget; visible=22138
2026-10-07T21:13:12.3024459Z PASS: guardian_3: all four skin influences give the complete rendered figure and accessories real depth
2026-10-07T21:13:12.3025138Z PASS: guardian_3: original native65 skin and authored walking/death clips drive the visible surfaces
2026-10-07T21:13:12.3165046Z PASS: guardian_3: actual walking samples the authored clip on the complete visible weighted surfaces
2026-10-07T21:13:12.3168864Z PASS: guardian_3: stopping retains a fading stride
2026-10-07T21:13:12.3173146Z PASS: guardian_3: travel recovery returns to 3D guard pose
2026-10-07T21:13:12.3177843Z PASS: guardian_3: actual attack starts in authored spatial windup
2026-10-07T21:13:12.3182564Z PASS: guardian_3: committed action reaches contact while retaining all actual authored meshes and skins
2026-10-07T21:13:12.3186476Z PASS: guardian_3: real warning countdown holds the windup longer than a basic swing
2026-10-07T21:13:12.3190592Z PASS: guardian_3: actual heavy impact clears warning and displays strike immediately
2026-10-07T21:13:12.3192943Z PASS: guardian_3: authored defeat lowers the actual native pelvis and articulated surfaces
2026-10-07T21:13:12.3196630Z PASS: guardian_3: completed collapse retains every original actual body/accessory mesh and skin
2026-10-07T21:13:12.3325089Z PASS: guardian_3: independently measured complete indexed weighted body and accessories settle above the floor; minimum=0.00300000235438
2026-10-07T21:13:12.3331493Z PASS: steady 60 FPS keeps full resolution
2026-10-07T21:13:12.3332845Z PASS: sustained 30 FPS lowers render resolution
2026-10-07T21:13:12.3334392Z PASS: short recovery does not oscillate quality
2026-10-07T21:13:12.3336043Z PASS: sustained recovery restores full resolution
2026-10-07T21:13:12.3337406Z PASS: paused play does not drive adaptive quality
2026-10-07T21:13:12.3337773Z PASS: isolated long stalls do not drive adaptive quality
2026-10-07T21:13:12.3338152Z PASS: persistent very slow rendering also lowers quality
2026-10-07T21:13:13.5426134Z PASS: combat HUD starts with compact panels
2026-10-07T21:13:13.5501353Z PASS: details expose skills, resources, objective and map
2026-10-07T21:13:13.5524533Z PASS: opening and closing details preserves combat and the existing camera
2026-10-07T21:13:13.5526499Z PASS: adaptive resolution changes rendering without advancing combat
2026-10-07T21:13:14.1778622Z PASS: 854x480: compact HUD actions fit with standard text and 48-unit targets
2026-10-07T21:13:14.1944187Z PASS: 854x480: expanded HUD actions fit with standard text and 48-unit targets
2026-10-07T21:13:14.2110895Z PASS: 854x480: compact HUD actions fit with large text and 48-unit targets
2026-10-07T21:13:14.2277801Z PASS: 854x480: expanded HUD actions fit with large text and 48-unit targets
2026-10-07T21:13:14.8470491Z PASS: 1200x535: compact HUD actions fit with standard text and 48-unit targets
2026-10-07T21:13:14.8635911Z PASS: 1200x535: expanded HUD actions fit with standard text and 48-unit targets
2026-10-07T21:13:14.8802448Z PASS: 1200x535: compact HUD actions fit with large text and 48-unit targets
2026-10-07T21:13:14.8969297Z PASS: 1200x535: expanded HUD actions fit with large text and 48-unit targets
2026-10-07T21:13:15.5162630Z PASS: 1040x1080: compact HUD actions fit with standard text and 48-unit targets
2026-10-07T21:13:15.5328087Z PASS: 1040x1080: expanded HUD actions fit with standard text and 48-unit targets
2026-10-07T21:13:15.5494792Z PASS: 1040x1080: compact HUD actions fit with large text and 48-unit targets
2026-10-07T21:13:15.5661902Z PASS: 1040x1080: expanded HUD actions fit with large text and 48-unit targets
2026-10-07T21:13:15.5818745Z PRESENTATION SMOKE: 188 checks, 0 failures
2026-10-07T21:13:15.7297377Z ##[group]Run XDG_DATA_HOME="$RUNNER_TEMP/emberfall-combined-main" timeout 300s godot --headless --path . --script tests/main_combined_rules_smoke.gd
2026-10-07T21:13:15.7297944Z [36;1mXDG_DATA_HOME="$RUNNER_TEMP/emberfall-combined-main" timeout 300s godot --headless --path . --script tests/main_combined_rules_smoke.gd[0m
2026-10-07T21:13:15.7350645Z shell: /usr/bin/bash -e {0}
2026-10-07T21:13:15.7350781Z env:
2026-10-07T21:13:15.7350953Z   JAVA_HOME: /opt/hostedtoolcache/Java_Temurin-Hotspot_jdk/17.0.20-1/x64
2026-10-07T21:13:15.7351219Z   JAVA_HOME_17_X64: /opt/hostedtoolcache/Java_Temurin-Hotspot_jdk/17.0.20-1/x64
2026-10-07T21:13:15.7351425Z   MAVEN_ARGS: -ntp
2026-10-07T21:13:15.7351552Z   ANDROID_HOME: /usr/local/lib/android/sdk
2026-10-07T21:13:15.7351731Z   ANDROID_SDK_ROOT: /usr/local/lib/android/sdk
2026-10-07T21:13:15.7351884Z ##[endgroup]
2026-10-07T21:13:15.7561466Z Godot Engine v4.7.2.stable.official.ed1daf0bf - https://godotengine.org
2026-10-07T21:13:15.7763091Z 
2026-10-07T21:13:17.8691122Z PASS: Vowkeeper: campaign opts into phased guardians only
2026-10-07T21:13:17.8691662Z PASS: Vowkeeper: legacy oath construction retains its original combat rules
2026-10-07T21:13:17.8692165Z PASS: Vowkeeper: combined rules freeze into the actual new expedition
2026-10-07T21:13:17.8692666Z PASS: Vowkeeper: forged combined contracts cannot start or consume a serial
2026-10-07T21:13:18.2366729Z PASS: Vowkeeper: ordinary starting gear clears all 24 personal-sequence first floors
2026-10-07T21:13:18.2367376Z PASS: Vowkeeper: every normal first-floor guardian reaches both real health transitions
2026-10-07T21:13:18.2367969Z PASS: Vowkeeper: first contact and signature remain within five seconds across 24 seeds
2026-10-07T21:13:18.2369626Z NEW_FIRST_FLOOR {"both_phases":24,"class":"Vowkeeper","clear_seconds":[100.699999999999,107.799999999998,109.899999999998,102.499999999998,118.699999999998,109.199999999998,103.899999999998,99.5999999999986,92.799999999999,92.399999999999,104.199999999998,97.9999999999987,100.999999999999,98.0999999999987,96.3999999999988,98.4999999999987,113.099999999998,117.299999999998,109.199999999998,106.199999999998,109.599999999998,106.599999999998,90.9999999999991,107.499999999998],"seeds":24,"wins":24}
2026-10-07T21:13:18.2378338Z PASS: Arcanist: campaign opts into phased guardians only
2026-10-07T21:13:18.2378819Z PASS: Arcanist: legacy oath construction retains its original combat rules
2026-10-07T21:13:18.2379304Z PASS: Arcanist: combined rules freeze into the actual new expedition
2026-10-07T21:13:18.2379791Z PASS: Arcanist: forged combined contracts cannot start or consume a serial
2026-10-07T21:13:18.5903184Z PASS: Arcanist: ordinary starting gear clears all 24 personal-sequence first floors
2026-10-07T21:13:18.5903842Z PASS: Arcanist: every normal first-floor guardian reaches both real health transitions
2026-10-07T21:13:18.5904841Z PASS: Arcanist: first contact and signature remain within five seconds across 24 seeds
2026-10-07T21:13:18.5906363Z NEW_FIRST_FLOOR {"both_phases":24,"class":"Arcanist","clear_seconds":[80.5999999999997,79.1999999999998,79.6999999999997,81.4999999999996,77.2999999999999,76.3999999999999,77.0999999999999,78.3999999999998,79.2999999999998,73.7000000000001,79.8999999999997,78.4999999999998,86.5999999999994,71.3000000000002,82.6999999999996,77.6999999999999,84.5999999999995,87.1999999999993,76.6999999999999,79.6999999999997,82.7999999999996,77.5999999999999,80.8999999999997,74.6],"seeds":24,"wins":24}
2026-10-07T21:13:18.5914539Z PASS: Ranger: campaign opts into phased guardians only
2026-10-07T21:13:18.5914989Z PASS: Ranger: legacy oath construction retains its original combat rules
2026-10-07T21:13:18.5915546Z PASS: Ranger: combined rules freeze into the actual new expedition
2026-10-07T21:13:18.5915998Z PASS: Ranger: forged combined contracts cannot start or consume a serial
2026-10-07T21:13:18.8730767Z PASS: Ranger: ordinary starting gear clears all 24 personal-sequence first floors
2026-10-07T21:13:18.8731610Z PASS: Ranger: every normal first-floor guardian reaches both real health transitions
2026-10-07T21:13:18.8731967Z PASS: Ranger: first contact and signature remain within five seconds across 24 seeds
2026-10-07T21:13:18.8733148Z NEW_FIRST_FLOOR {"both_phases":24,"class":"Ranger","clear_seconds":[87.1999999999993,91.6999999999991,86.7999999999993,84.3999999999995,93.599999999999,83.8999999999995,82.4999999999996,82.5999999999996,82.0999999999996,79.8999999999997,82.8999999999996,87.9999999999993,85.5999999999994,83.6999999999995,81.2999999999997,86.8999999999993,91.3999999999991,88.9999999999992,79.1999999999998,82.9999999999996,88.0999999999993,83.8999999999995,81.4999999999996,85.3999999999994],"seeds":24,"wins":24}
2026-10-07T21:13:18.8736059Z PASS: Vowkeeper ["unmended", "cinder"]: exact additive victory currencies
2026-10-07T21:13:18.8736556Z PASS: Vowkeeper ["unmended", "cinder"]: extra drop awarded once
2026-10-07T21:13:18.8737129Z PASS: Vowkeeper ["unmended", "cinder"]: guaranteed class effect is an actual Epic-or-better Amulet
2026-10-07T21:13:18.8737793Z PASS: Vowkeeper ["unmended", "cinder"]: defeat grants no oath loot, bonus or first-clear entitlement
2026-10-07T21:13:18.8738893Z PASS: Vowkeeper ["unmended", "hollow"]: exact additive victory currencies
2026-10-07T21:13:18.8739346Z PASS: Vowkeeper ["unmended", "hollow"]: extra drop awarded once
2026-10-07T21:13:18.8739758Z PASS: Vowkeeper ["unmended", "hollow"]: defeat grants no oath loot, bonus or first-clear entitlement
2026-10-07T21:13:18.8741482Z PASS: Vowkeeper ["cinder", "hollow"]: exact additive victory currencies
2026-10-07T21:13:18.8741799Z PASS: Vowkeeper ["cinder", "hollow"]: extra drop awarded once
2026-10-07T21:13:18.8742167Z PASS: Vowkeeper ["cinder", "hollow"]: guaranteed class effect is an actual Epic-or-better Amulet
2026-10-07T21:13:18.8742557Z PASS: Vowkeeper ["cinder", "hollow"]: defeat grants no oath loot, bonus or first-clear entitlement
2026-10-07T21:13:18.8745224Z PASS: Arcanist ["unmended", "cinder"]: exact additive victory currencies
2026-10-07T21:13:18.8745829Z PASS: Arcanist ["unmended", "cinder"]: extra drop awarded once
2026-10-07T21:13:18.8746373Z PASS: Arcanist ["unmended", "cinder"]: guaranteed class effect is an actual Epic-or-better Amulet
2026-10-07T21:13:18.8746995Z PASS: Arcanist ["unmended", "cinder"]: defeat grants no oath loot, bonus or first-clear entitlement
2026-10-07T21:13:18.8748740Z PASS: Arcanist ["unmended", "hollow"]: exact additive victory currencies
2026-10-07T21:13:18.8749178Z PASS: Arcanist ["unmended", "hollow"]: extra drop awarded once
2026-10-07T21:13:18.8749714Z PASS: Arcanist ["unmended", "hollow"]: defeat grants no oath loot, bonus or first-clear entitlement
2026-10-07T21:13:18.8751473Z PASS: Arcanist ["cinder", "hollow"]: exact additive victory currencies
2026-10-07T21:13:18.8751898Z PASS: Arcanist ["cinder", "hollow"]: extra drop awarded once
2026-10-07T21:13:18.8752624Z PASS: Arcanist ["cinder", "hollow"]: guaranteed class effect is an actual Epic-or-better Amulet
2026-10-07T21:13:18.8753061Z PASS: Arcanist ["cinder", "hollow"]: defeat grants no oath loot, bonus or first-clear entitlement
2026-10-07T21:13:18.8754358Z PASS: Ranger ["unmended", "cinder"]: exact additive victory currencies
2026-10-07T21:13:18.8754788Z PASS: Ranger ["unmended", "cinder"]: extra drop awarded once
2026-10-07T21:13:18.8755416Z PASS: Ranger ["unmended", "cinder"]: guaranteed class effect is an actual Epic-or-better Amulet
2026-10-07T21:13:18.8755925Z PASS: Ranger ["unmended", "cinder"]: defeat grants no oath loot, bonus or first-clear entitlement
2026-10-07T21:13:18.8757150Z PASS: Ranger ["unmended", "hollow"]: exact additive victory currencies
2026-10-07T21:13:18.8757569Z PASS: Ranger ["unmended", "hollow"]: extra drop awarded once
2026-10-07T21:13:18.8758090Z PASS: Ranger ["unmended", "hollow"]: defeat grants no oath loot, bonus or first-clear entitlement
2026-10-07T21:13:18.8759808Z PASS: Ranger ["cinder", "hollow"]: exact additive victory currencies
2026-10-07T21:13:18.8760217Z PASS: Ranger ["cinder", "hollow"]: extra drop awarded once
2026-10-07T21:13:18.8760842Z PASS: Ranger ["cinder", "hollow"]: guaranteed class effect is an actual Epic-or-better Amulet
2026-10-07T21:13:18.8761311Z PASS: Ranger ["cinder", "hollow"]: defeat grants no oath loot, bonus or first-clear entitlement
2026-10-07T21:13:18.8761754Z PASS: combined support preserves once-only separate trial rewards
2026-10-07T21:13:18.8762577Z PASS: combined support preserves targeted Hunts without campaign or first-gift progression
2026-10-07T21:13:18.8869322Z PASS: Vowkeeper: controlled prepared build reaches a real phase-one committed warning
2026-10-07T21:13:18.8883923Z PASS: Vowkeeper: paused combined phase checkpoint persists through SaveStore
2026-10-07T21:13:18.8898405Z PASS: Vowkeeper: cold restart keeps frozen phase, contract, paused state and protected relic
2026-10-07T21:13:18.8983644Z PASS: Vowkeeper: loaded combined phase finishes with identical combat and RNG
2026-10-07T21:13:18.9095041Z PASS: Arcanist: controlled prepared build reaches a real phase-one committed warning
2026-10-07T21:13:18.9108537Z PASS: Arcanist: paused combined phase checkpoint persists through SaveStore
2026-10-07T21:13:18.9122847Z PASS: Arcanist: cold restart keeps frozen phase, contract, paused state and protected relic
2026-10-07T21:13:18.9171132Z PASS: Arcanist: loaded combined phase finishes with identical combat and RNG
2026-10-07T21:13:18.9257310Z PASS: Ranger: controlled prepared build reaches a real phase-one committed warning
2026-10-07T21:13:18.9269358Z PASS: Ranger: paused combined phase checkpoint persists through SaveStore
2026-10-07T21:13:18.9283215Z PASS: Ranger: cold restart keeps frozen phase, contract, paused state and protected relic
2026-10-07T21:13:18.9327763Z PASS: Ranger: loaded combined phase finishes with identical combat and RNG
2026-10-07T21:13:18.9365903Z PASS: original v1 oath checkpoint saves through the new main profile schema
2026-10-07T21:13:18.9378713Z PASS: cold loading an old run never enables the current new-run flags
2026-10-07T21:13:18.9654490Z PASS: Vowkeeper: watched and main Skip preserve identical combined outcome, loot and currencies
2026-10-07T21:13:19.3398986Z PASS: Vowkeeper: background active combined run and subsequent farming match explicit frozen simulation and rewards
2026-10-07T21:13:19.3551462Z PASS: Vowkeeper: repeated background reconciliation cannot duplicate the combined reward
2026-10-07T21:13:19.3937742Z PASS: Arcanist: watched and main Skip preserve identical combined outcome, loot and currencies
2026-10-07T21:13:19.8961762Z PASS: Arcanist: background active combined run and subsequent farming match explicit frozen simulation and rewards
2026-10-07T21:13:19.9201092Z PASS: Arcanist: repeated background reconciliation cannot duplicate the combined reward
2026-10-07T21:13:19.9432228Z PASS: Ranger: watched and main Skip preserve identical combined outcome, loot and currencies
2026-10-07T21:13:20.2710118Z PASS: Ranger: background active combined run and subsequent farming match explicit frozen simulation and rewards
2026-10-07T21:13:20.2808413Z PASS: Ranger: repeated background reconciliation cannot duplicate the combined reward
2026-10-07T21:13:20.2812776Z PASS: combined first victory preserves every protected item and reserves its Epic class gift
2026-10-07T21:13:20.2822156Z PASS: protected-bag class entitlement persists
2026-10-07T21:13:20.2828103Z PASS: cold restart retains protected bag and exactly one reserved class gift
2026-10-07T21:13:20.2829176Z PASS: repeated combined victory cannot replace the once-only reserved gift or sell protected gear
2026-10-07T21:13:20.2829761Z PASS: reserved combined gift can be claimed once after making room
2026-10-07T21:13:20.3015156Z PASS: Vowkeeper: active successful combined repeat creates a validated frozen cooperative context
2026-10-07T21:13:20.3034907Z PASS: Vowkeeper: oath repeat preserves the original frozen build and independent selected Hunt
2026-10-07T21:13:20.3044519Z PASS: Vowkeeper: pending oath repeat batch and its template persist atomically
2026-10-07T21:13:20.3102002Z PASS: Vowkeeper: a cold pending-batch restart keeps its exact frozen contract and stats
2026-10-07T21:13:20.3236791Z PASS: Vowkeeper: controlled combined repeat build wins its initial real expedition
2026-10-07T21:13:21.1118103Z PASS: Vowkeeper: cooperative combined repeat currencies, loot, seeds and time match individual frozen runs
2026-10-07T21:13:21.1118913Z PASS: Vowkeeper: cold-resumed cooperative repeat cannot duplicate or omit a reward
2026-10-07T21:13:21.1119561Z PASS: Vowkeeper: chosen combined repeat remains authoritative after its first AFK batch
2026-10-07T21:13:21.3964362Z PASS: Vowkeeper: a second absence repeats the same two oaths and frozen build
2026-10-07T21:13:21.4199144Z PASS: Vowkeeper: repeat reconciliation at the same timestamp remains once-only
2026-10-07T21:13:21.4244080Z PASS: Vowkeeper: forged frozen repeat template rejected: hero_hp
2026-10-07T21:13:21.4264541Z PASS: Vowkeeper: a backup cannot install the forged repeat template: hero_hp
2026-10-07T21:13:21.4284705Z PASS: Vowkeeper: forged frozen repeat template rejected: rng_state
2026-10-07T21:13:21.4301793Z PASS: Vowkeeper: a backup cannot install the forged repeat template: rng_state
2026-10-07T21:13:21.4313990Z PASS: Vowkeeper: forged frozen repeat template rejected: elapsed
2026-10-07T21:13:21.4322712Z PASS: Vowkeeper: a backup cannot install the forged repeat template: elapsed
2026-10-07T21:13:21.4331798Z PASS: Vowkeeper: forged frozen repeat template rejected: class
2026-10-07T21:13:21.4337595Z PASS: Vowkeeper: a backup cannot install the forged repeat template: class
2026-10-07T21:13:21.4339799Z PASS: Vowkeeper: forged frozen repeat template rejected: version
2026-10-07T21:13:21.4341430Z PASS: Vowkeeper: a backup cannot install the forged repeat template: version
2026-10-07T21:13:21.4352229Z PASS: Vowkeeper: forged frozen repeat template rejected: charge
2026-10-07T21:13:21.4361350Z PASS: Vowkeeper: a backup cannot install the forged repeat template: charge
2026-10-07T21:13:21.4564074Z PASS: Vowkeeper: manual gear preparation ends the frozen oath repeat and restores the selected Hunt
2026-10-07T21:13:21.4734578Z PASS: Arcanist: active successful combined repeat creates a validated frozen cooperative context
2026-10-07T21:13:21.4750263Z PASS: Arcanist: oath repeat preserves the original frozen build and independent selected Hunt
2026-10-07T21:13:21.4761569Z PASS: Arcanist: pending oath repeat batch and its template persist atomically
2026-10-07T21:13:21.4794901Z PASS: Arcanist: a cold pending-batch restart keeps its exact frozen contract and stats
2026-10-07T21:13:21.4933157Z PASS: Arcanist: controlled combined repeat build wins its initial real expedition
2026-10-07T21:13:22.1930103Z PASS: Arcanist: cooperative combined repeat currencies, loot, seeds and time match individual frozen runs
2026-10-07T21:13:22.1930890Z PASS: Arcanist: cold-resumed cooperative repeat cannot duplicate or omit a reward
2026-10-07T21:13:22.1931823Z PASS: Arcanist: chosen combined repeat remains authoritative after its first AFK batch
2026-10-07T21:13:22.4517900Z PASS: Arcanist: a second absence repeats the same two oaths and frozen build
2026-10-07T21:13:22.4536146Z PASS: Arcanist: repeat reconciliation at the same timestamp remains once-only
2026-10-07T21:13:22.4554951Z PASS: Arcanist: forged frozen repeat template rejected: hero_hp
2026-10-07T21:13:22.4566671Z PASS: Arcanist: a backup cannot install the forged repeat template: hero_hp
2026-10-07T21:13:22.4578831Z PASS: Arcanist: forged frozen repeat template rejected: rng_state
2026-10-07T21:13:22.4589207Z PASS: Arcanist: a backup cannot install the forged repeat template: rng_state
2026-10-07T21:13:22.4596984Z PASS: Arcanist: forged frozen repeat template rejected: elapsed
2026-10-07T21:13:22.4603040Z PASS: Arcanist: a backup cannot install the forged repeat template: elapsed
2026-10-07T21:13:22.4608455Z PASS: Arcanist: forged frozen repeat template rejected: class
2026-10-07T21:13:22.4612039Z PASS: Arcanist: a backup cannot install the forged repeat template: class
2026-10-07T21:13:22.4613378Z PASS: Arcanist: forged frozen repeat template rejected: version
2026-10-07T21:13:22.4613911Z PASS: Arcanist: a backup cannot install the forged repeat template: version
2026-10-07T21:13:22.4618966Z PASS: Arcanist: forged frozen repeat template rejected: charge
2026-10-07T21:13:22.4622270Z PASS: Arcanist: a backup cannot install the forged repeat template: charge
2026-10-07T21:13:22.4639696Z PASS: Arcanist: manual gear preparation ends the frozen oath repeat and restores the selected Hunt
2026-10-07T21:13:22.4782207Z PASS: Ranger: active successful combined repeat creates a validated frozen cooperative context
2026-10-07T21:13:22.4797476Z PASS: Ranger: oath repeat preserves the original frozen build and independent selected Hunt
2026-10-07T21:13:22.4807611Z PASS: Ranger: pending oath repeat batch and its template persist atomically
2026-10-07T21:13:22.4838829Z PASS: Ranger: a cold pending-batch restart keeps its exact frozen contract and stats
2026-10-07T21:13:22.4957647Z PASS: Ranger: controlled combined repeat build wins its initial real expedition
2026-10-07T21:13:23.2312241Z PASS: Ranger: cooperative combined repeat currencies, loot, seeds and time match individual frozen runs
2026-10-07T21:13:23.2313031Z PASS: Ranger: cold-resumed cooperative repeat cannot duplicate or omit a reward
2026-10-07T21:13:23.2313657Z PASS: Ranger: chosen combined repeat remains authoritative after its first AFK batch
2026-10-07T21:13:23.4850815Z PASS: Ranger: a second absence repeats the same two oaths and frozen build
2026-10-07T21:13:23.4869400Z PASS: Ranger: repeat reconciliation at the same timestamp remains once-only
2026-10-07T21:13:23.4888483Z PASS: Ranger: forged frozen repeat template rejected: hero_hp
2026-10-07T21:13:23.4900614Z PASS: Ranger: a backup cannot install the forged repeat template: hero_hp
2026-10-07T21:13:23.4912605Z PASS: Ranger: forged frozen repeat template rejected: rng_state
2026-10-07T21:13:23.4922852Z PASS: Ranger: a backup cannot install the forged repeat template: rng_state
2026-10-07T21:13:23.4930784Z PASS: Ranger: forged frozen repeat template rejected: elapsed
2026-10-07T21:13:23.4936894Z PASS: Ranger: a backup cannot install the forged repeat template: elapsed
2026-10-07T21:13:23.4942174Z PASS: Ranger: forged frozen repeat template rejected: class
2026-10-07T21:13:23.4945680Z PASS: Ranger: a backup cannot install the forged repeat template: class
2026-10-07T21:13:23.4946768Z PASS: Ranger: forged frozen repeat template rejected: version
2026-10-07T21:13:23.4947279Z PASS: Ranger: a backup cannot install the forged repeat template: version
2026-10-07T21:13:23.4952392Z PASS: Ranger: forged frozen repeat template rejected: charge
2026-10-07T21:13:23.4955707Z PASS: Ranger: a backup cannot install the forged repeat template: charge
2026-10-07T21:13:23.4972261Z PASS: Ranger: manual gear preparation ends the frozen oath repeat and restores the selected Hunt
2026-10-07T21:13:23.4994890Z PASS: Hollow technique HUD uses increased actual Mana cost at the readiness boundary
2026-10-07T21:13:23.4995622Z PASS: Hollow signature HUD displays the authoritative cast cost
2026-10-07T21:13:23.4996030Z PASS: Hollow Mana Ward HUD reserves the actual signature cost
2026-10-07T21:13:23.4996871Z MAIN COMBINED RULES SMOKE: 156 checks, 0 failures
2026-10-07T21:13:23.6150748Z ##[group]Run XDG_DATA_HOME="$RUNNER_TEMP/emberfall-camp-hud" timeout 120s godot --headless --path . --script tests/camp_hud_smoke.gd
2026-10-07T21:13:23.6151245Z [36;1mXDG_DATA_HOME="$RUNNER_TEMP/emberfall-camp-hud" timeout 120s godot --headless --path . --script tests/camp_hud_smoke.gd[0m
2026-10-07T21:13:23.6203483Z shell: /usr/bin/bash -e {0}
2026-10-07T21:13:23.6203619Z env:
2026-10-07T21:13:23.6203784Z   JAVA_HOME: /opt/hostedtoolcache/Java_Temurin-Hotspot_jdk/17.0.20-1/x64
2026-10-07T21:13:23.6204048Z   JAVA_HOME_17_X64: /opt/hostedtoolcache/Java_Temurin-Hotspot_jdk/17.0.20-1/x64
2026-10-07T21:13:23.6204292Z   MAVEN_ARGS: -ntp
2026-10-07T21:13:23.6204419Z   ANDROID_HOME: /usr/local/lib/android/sdk
2026-10-07T21:13:23.6204587Z   ANDROID_SDK_ROOT: /usr/local/lib/android/sdk
2026-10-07T21:13:23.6204739Z ##[endgroup]
2026-10-07T21:13:23.6413820Z Godot Engine v4.7.2.stable.official.ed1daf0bf - https://godotengine.org
2026-10-07T21:13:23.6606660Z 
2026-10-07T21:13:26.3702278Z PASS: camp renders the real hero model
2026-10-07T21:13:26.3702600Z PASS: camp model uses the actual equipped gear
2026-10-07T21:13:26.3702886Z PASS: forge, table and portal use visible 3D geometry at real station anchors
2026-10-07T21:13:26.3703218Z PASS: camp stations have physical depth rather than camera-facing cutouts
2026-10-07T21:13:26.3703511Z PASS: hero's physical platform uses the weathered stone material
2026-10-07T21:13:26.3703816Z PASS: unearned guardians have no camp trophies
2026-10-07T21:13:26.5541909Z PASS: forge opens actual equipment controls in one tap
2026-10-07T21:13:26.5542373Z PASS: forge preview matches the equipped combat model
2026-10-07T21:13:26.5542749Z PASS: each equipment slot uses its authored bronze line glyph
2026-10-07T21:13:26.6914591Z PASS: forge tempering spends real Gold and improves the equipped weapon
2026-10-07T21:13:26.9066118Z PASS: camp reflects the actual tempered weapon
2026-10-07T21:13:27.0441959Z PASS: hero station opens class and attribute preparation
2026-10-07T21:13:27.1796844Z PASS: training spends actual attribute points
2026-10-07T21:13:27.3812424Z PASS: an actual first clear creates its earned camp seal
2026-10-07T21:13:27.3878926Z PASS: expedition table exposes real farming and oaths
2026-10-07T21:13:27.3980514Z PASS: two selected oaths prevent a third risk from being added
2026-10-07T21:13:28.2785059Z PASS: table starts the real combined oath expedition
2026-10-07T21:13:28.2785590Z PASS: battle information starts collapsed
2026-10-07T21:13:28.2815632Z PASS: Details reveals oath, technique and route information
2026-10-07T21:13:28.2838036Z PASS: Back closes details while preserving the fight and camera
2026-10-07T21:13:28.2859079Z PASS: Auto resumes the paused simulation
2026-10-07T21:13:28.2879691Z PASS: Auto pauses the simulation
2026-10-07T21:13:28.2900400Z PASS: Repeat enables actual repeated expeditions
2026-10-07T21:13:29.6342217Z PASS: 2424x1080 battle controls fit with standard text and at least 48-unit targets
2026-10-07T21:13:29.6342713Z PASS: 2424x1080 phase and play-state text have opaque ink grounds with at least 4.5:1 contrast
2026-10-07T21:13:30.3049722Z PASS: 2424x1080 battle controls fit with large text and at least 48-unit targets
2026-10-07T21:13:30.3050356Z PASS: 2424x1080 phase and play-state text have opaque ink grounds with at least 4.5:1 contrast
2026-10-07T21:13:30.4999448Z PASS: 2424x1080 spatial camp stations fit and do not overlap
2026-10-07T21:13:30.4999756Z PASS: 2424x1080 Nyra's station label sits below her feet
2026-10-07T21:13:32.3611231Z PASS: 1040x1080 battle controls fit with standard text and at least 48-unit targets
2026-10-07T21:13:32.3612319Z PASS: 1040x1080 phase and play-state text have opaque ink grounds with at least 4.5:1 contrast
2026-10-07T21:13:32.9816291Z PASS: 1040x1080 battle controls fit with large text and at least 48-unit targets
2026-10-07T21:13:32.9816947Z PASS: 1040x1080 phase and play-state text have opaque ink grounds with at least 4.5:1 contrast
2026-10-07T21:13:33.1783554Z PASS: 1040x1080 spatial camp stations fit and do not overlap
2026-10-07T21:13:33.1784083Z PASS: 1040x1080 Nyra's station label sits below her feet
2026-10-07T21:13:34.8109910Z PASS: 854x480 battle controls fit with standard text and at least 48-unit targets
2026-10-07T21:13:34.8110581Z PASS: 854x480 phase and play-state text have opaque ink grounds with at least 4.5:1 contrast
2026-10-07T21:13:35.3543139Z PASS: 854x480 battle controls fit with large text and at least 48-unit targets
2026-10-07T21:13:35.3543786Z PASS: 854x480 phase and play-state text have opaque ink grounds with at least 4.5:1 contrast
2026-10-07T21:13:35.5463290Z PASS: 854x480 spatial camp stations fit and do not overlap
2026-10-07T21:13:35.5463755Z PASS: 854x480 Nyra's station label sits below her feet
2026-10-07T21:13:36.3918132Z PASS: camp exposes an offline setback even when no currency was earned
2026-10-07T21:13:36.5314074Z PASS: offline setback report can be acknowledged
2026-10-07T21:13:36.5317051Z PASS: reduced motion stops ambient animation while the spatial portal and stations stay visible
2026-10-07T21:13:36.5786389Z CAMP HUD SMOKE: 44 checks, 0 failures
2026-10-07T21:13:36.7101043Z ##[group]Run godot --headless --path . --script tests/world_framing_smoke.gd
2026-10-07T21:13:36.7101361Z [36;1mgodot --headless --path . --script tests/world_framing_smoke.gd[0m
2026-10-07T21:13:36.7153827Z shell: /usr/bin/bash -e {0}
2026-10-07T21:13:36.7153970Z env:
2026-10-07T21:13:36.7154142Z   JAVA_HOME: /opt/hostedtoolcache/Java_Temurin-Hotspot_jdk/17.0.20-1/x64
2026-10-07T21:13:36.7154410Z   JAVA_HOME_17_X64: /opt/hostedtoolcache/Java_Temurin-Hotspot_jdk/17.0.20-1/x64
2026-10-07T21:13:36.7154630Z   MAVEN_ARGS: -ntp
2026-10-07T21:13:36.7154758Z   ANDROID_HOME: /usr/local/lib/android/sdk
2026-10-07T21:13:36.7154927Z   ANDROID_SDK_ROOT: /usr/local/lib/android/sdk
2026-10-07T21:13:36.7155083Z ##[endgroup]
2026-10-07T21:13:36.7392136Z Godot Engine v4.7.2.stable.official.ed1daf0bf - https://godotengine.org
2026-10-07T21:13:36.7587357Z 
2026-10-07T21:13:38.8343304Z PASS: region 0: framing fixture reaches a real guardian
2026-10-07T21:13:39.5249141Z PASS: 2424x1080 region 0 phase 0 variant 0: complete collision outline stays inside the quiet play area
2026-10-07T21:13:39.5249706Z PASS: actual complete figure and raised weapon bounds clear the HUD as well as the warning
2026-10-07T21:13:39.5251471Z PASS: camera framing never changes simulation, warning geometry or RNG
2026-10-07T21:13:39.5276257Z PASS: Vowkeeper: fully extended contact poses remain inside the quiet play area
2026-10-07T21:13:39.5300719Z PASS: 2424x1080 region 0 phase 0 variant 1: complete collision outline stays inside the quiet play area
2026-10-07T21:13:39.5301352Z PASS: actual complete figure and raised weapon bounds clear the HUD as well as the warning
2026-10-07T21:13:39.5303409Z PASS: camera framing never changes simulation, warning geometry or RNG
2026-10-07T21:13:39.5326189Z PASS: Vowkeeper: fully extended contact poses remain inside the quiet play area
2026-10-07T21:13:39.5350970Z PASS: 2424x1080 region 0 phase 1 variant 0: complete collision outline stays inside the quiet play area
2026-10-07T21:13:39.5351602Z PASS: actual complete figure and raised weapon bounds clear the HUD as well as the warning
2026-10-07T21:13:39.5353840Z PASS: camera framing never changes simulation, warning geometry or RNG
2026-10-07T21:13:39.5376382Z PASS: Vowkeeper: fully extended contact poses remain inside the quiet play area
2026-10-07T21:13:39.5400445Z PASS: 2424x1080 region 0 phase 1 variant 1: complete collision outline stays inside the quiet play area
2026-10-07T21:13:39.5401282Z PASS: actual complete figure and raised weapon bounds clear the HUD as well as the warning
2026-10-07T21:13:39.5403619Z PASS: camera framing never changes simulation, warning geometry or RNG
2026-10-07T21:13:39.5426397Z PASS: Vowkeeper: fully extended contact poses remain inside the quiet play area
2026-10-07T21:13:39.5451711Z PASS: 2424x1080 region 0 phase 2 variant 0: complete collision outline stays inside the quiet play area
2026-10-07T21:13:39.5453056Z PASS: actual complete figure and raised weapon bounds clear the HUD as well as the warning
2026-10-07T21:13:39.5455507Z PASS: camera framing never changes simulation, warning geometry or RNG
2026-10-07T21:13:39.5479062Z PASS: Vowkeeper: fully extended contact poses remain inside the quiet play area
2026-10-07T21:13:39.5504563Z PASS: 2424x1080 region 0 phase 2 variant 1: complete collision outline stays inside the quiet play area
2026-10-07T21:13:39.5505941Z PASS: actual complete figure and raised weapon bounds clear the HUD as well as the warning
2026-10-07T21:13:39.5508246Z PASS: camera framing never changes simulation, warning geometry or RNG
2026-10-07T21:13:39.5532016Z PASS: Vowkeeper: fully extended contact poses remain inside the quiet play area
2026-10-07T21:13:39.5703184Z PASS: region 1: framing fixture reaches a real guardian
2026-10-07T21:13:39.9656838Z PASS: 2424x1080 region 1 phase 0 variant 0: complete collision outline stays inside the quiet play area
2026-10-07T21:13:39.9657641Z PASS: actual complete figure and raised weapon bounds clear the HUD as well as the warning
2026-10-07T21:13:39.9658829Z PASS: camera framing never changes simulation, warning geometry or RNG
2026-10-07T21:13:39.9680828Z PASS: Vowkeeper: fully extended contact poses remain inside the quiet play area
2026-10-07T21:13:39.9704538Z PASS: 2424x1080 region 1 phase 0 variant 1: complete collision outline stays inside the quiet play area
2026-10-07T21:13:39.9705227Z PASS: actual complete figure and raised weapon bounds clear the HUD as well as the warning
2026-10-07T21:13:39.9707114Z PASS: camera framing never changes simulation, warning geometry or RNG
2026-10-07T21:13:39.9729338Z PASS: Vowkeeper: fully extended contact poses remain inside the quiet play area
2026-10-07T21:13:39.9753200Z PASS: 2424x1080 region 1 phase 1 variant 0: complete collision outline stays inside the quiet play area
2026-10-07T21:13:39.9753911Z PASS: actual complete figure and raised weapon bounds clear the HUD as well as the warning
2026-10-07T21:13:39.9755886Z PASS: camera framing never changes simulation, warning geometry or RNG
2026-10-07T21:13:39.9777775Z PASS: Vowkeeper: fully extended contact poses remain inside the quiet play area
2026-10-07T21:13:39.9801512Z PASS: 2424x1080 region 1 phase 1 variant 1: complete collision outline stays inside the quiet play area
2026-10-07T21:13:39.9801921Z PASS: actual complete figure and raised weapon bounds clear the HUD as well as the warning
2026-10-07T21:13:39.9803872Z PASS: camera framing never changes simulation, warning geometry or RNG
2026-10-07T21:13:39.9825560Z PASS: Vowkeeper: fully extended contact poses remain inside the quiet play area
2026-10-07T21:13:39.9850114Z PASS: 2424x1080 region 1 phase 2 variant 0: complete collision outline stays inside the quiet play area
2026-10-07T21:13:39.9850887Z PASS: actual complete figure and raised weapon bounds clear the HUD as well as the warning
2026-10-07T21:13:39.9853254Z PASS: camera framing never changes simulation, warning geometry or RNG
2026-10-07T21:13:39.9875999Z PASS: Vowkeeper: fully extended contact poses remain inside the quiet play area
2026-10-07T21:13:39.9900654Z PASS: 2424x1080 region 1 phase 2 variant 1: complete collision outline stays inside the quiet play area
2026-10-07T21:13:39.9901342Z PASS: actual complete figure and raised weapon bounds clear the HUD as well as the warning
2026-10-07T21:13:39.9903766Z PASS: camera framing never changes simulation, warning geometry or RNG
2026-10-07T21:13:39.9926437Z PASS: Vowkeeper: fully extended contact poses remain inside the quiet play area
2026-10-07T21:13:40.0088586Z PASS: region 2: framing fixture reaches a real guardian
2026-10-07T21:13:40.4275659Z PASS: 2424x1080 region 2 phase 0 variant 0: complete collision outline stays inside the quiet play area
2026-10-07T21:13:40.4276422Z PASS: actual complete figure and raised weapon bounds clear the HUD as well as the warning
2026-10-07T21:13:40.4278175Z PASS: camera framing never changes simulation, warning geometry or RNG
2026-10-07T21:13:40.4303266Z PASS: Vowkeeper: fully extended contact poses remain inside the quiet play area
2026-10-07T21:13:40.4329483Z PASS: 2424x1080 region 2 phase 0 variant 1: complete collision outline stays inside the quiet play area
2026-10-07T21:13:40.4330536Z PASS: actual complete figure and raised weapon bounds clear the HUD as well as the warning
2026-10-07T21:13:40.4332938Z PASS: camera framing never changes simulation, warning geometry or RNG
2026-10-07T21:13:40.4357151Z PASS: Vowkeeper: fully extended contact poses remain inside the quiet play area
2026-10-07T21:13:40.4383072Z PASS: 2424x1080 region 2 phase 1 variant 0: complete collision outline stays inside the quiet play area
2026-10-07T21:13:40.4384005Z PASS: actual complete figure and raised weapon bounds clear the HUD as well as the warning
2026-10-07T21:13:40.4386487Z PASS: camera framing never changes simulation, warning geometry or RNG
2026-10-07T21:13:40.4410555Z PASS: Vowkeeper: fully extended contact poses remain inside the quiet play area
2026-10-07T21:13:40.4436658Z PASS: 2424x1080 region 2 phase 1 variant 1: complete collision outline stays inside the quiet play area
2026-10-07T21:13:40.4437343Z PASS: actual complete figure and raised weapon bounds clear the HUD as well as the warning
2026-10-07T21:13:40.4439686Z PASS: camera framing never changes simulation, warning geometry or RNG
2026-10-07T21:13:40.4463436Z PASS: Vowkeeper: fully extended contact poses remain inside the quiet play area
2026-10-07T21:13:40.4488798Z PASS: 2424x1080 region 2 phase 2 variant 0: complete collision outline stays inside the quiet play area
2026-10-07T21:13:40.4489722Z PASS: actual complete figure and raised weapon bounds clear the HUD as well as the warning
2026-10-07T21:13:40.4492023Z PASS: camera framing never changes simulation, warning geometry or RNG
2026-10-07T21:13:40.4515641Z PASS: Vowkeeper: fully extended contact poses remain inside the quiet play area
2026-10-07T21:13:40.4541705Z PASS: 2424x1080 region 2 phase 2 variant 1: complete collision outline stays inside the quiet play area
2026-10-07T21:13:40.4542422Z PASS: actual complete figure and raised weapon bounds clear the HUD as well as the warning
2026-10-07T21:13:40.4544728Z PASS: camera framing never changes simulation, warning geometry or RNG
2026-10-07T21:13:40.4569914Z PASS: Vowkeeper: fully extended contact poses remain inside the quiet play area
2026-10-07T21:13:40.4749441Z PASS: region 3: framing fixture reaches a real guardian
2026-10-07T21:13:40.8442254Z PASS: 2424x1080 region 3 phase 0 variant 0: complete collision outline stays inside the quiet play area
2026-10-07T21:13:40.8443051Z PASS: actual complete figure and raised weapon bounds clear the HUD as well as the warning
2026-10-07T21:13:40.8444162Z PASS: camera framing never changes simulation, warning geometry or RNG
2026-10-07T21:13:40.8466771Z PASS: Vowkeeper: fully extended contact poses remain inside the quiet play area
2026-10-07T21:13:40.8490510Z PASS: 2424x1080 region 3 phase 0 variant 1: complete collision outline stays inside the quiet play area
2026-10-07T21:13:40.8491220Z PASS: actual complete figure and raised weapon bounds clear the HUD as well as the warning
2026-10-07T21:13:40.8493011Z PASS: camera framing never changes simulation, warning geometry or RNG
2026-10-07T21:13:40.8514625Z PASS: Vowkeeper: fully extended contact poses remain inside the quiet play area
2026-10-07T21:13:40.8538701Z PASS: 2424x1080 region 3 phase 1 variant 0: complete collision outline stays inside the quiet play area
2026-10-07T21:13:40.8539226Z PASS: actual complete figure and raised weapon bounds clear the HUD as well as the warning
2026-10-07T21:13:40.8541631Z PASS: camera framing never changes simulation, warning geometry or RNG
2026-10-07T21:13:40.8564589Z PASS: Vowkeeper: fully extended contact poses remain inside the quiet play area
2026-10-07T21:13:40.8588892Z PASS: 2424x1080 region 3 phase 1 variant 1: complete collision outline stays inside the quiet play area
2026-10-07T21:13:40.8589595Z PASS: actual complete figure and raised weapon bounds clear the HUD as well as the warning
2026-10-07T21:13:40.8591657Z PASS: camera framing never changes simulation, warning geometry or RNG
2026-10-07T21:13:40.8613609Z PASS: Vowkeeper: fully extended contact poses remain inside the quiet play area
2026-10-07T21:13:40.8637597Z PASS: 2424x1080 region 3 phase 2 variant 0: complete collision outline stays inside the quiet play area
2026-10-07T21:13:40.8638211Z PASS: actual complete figure and raised weapon bounds clear the HUD as well as the warning
2026-10-07T21:13:40.8640516Z PASS: camera framing never changes simulation, warning geometry or RNG
2026-10-07T21:13:40.8662602Z PASS: Vowkeeper: fully extended contact poses remain inside the quiet play area
2026-10-07T21:13:40.8686625Z PASS: 2424x1080 region 3 phase 2 variant 1: complete collision outline stays inside the quiet play area
2026-10-07T21:13:40.8687429Z PASS: actual complete figure and raised weapon bounds clear the HUD as well as the warning
2026-10-07T21:13:40.8690015Z PASS: camera framing never changes simulation, warning geometry or RNG
2026-10-07T21:13:40.8712501Z PASS: Vowkeeper: fully extended contact poses remain inside the quiet play area
2026-10-07T21:13:40.8876199Z PASS: region 0: framing fixture reaches a real guardian
2026-10-07T21:13:41.3222872Z PASS: 2424x1080 region 0 phase 0 variant 0: complete collision outline stays inside the quiet play area
2026-10-07T21:13:41.3224119Z PASS: actual complete figure and raised weapon bounds clear the HUD as well as the warning
2026-10-07T21:13:41.3229234Z PASS: camera framing never changes simulation, warning geometry or RNG
2026-10-07T21:13:41.3258796Z PASS: Arcanist: fully extended contact poses remain inside the quiet play area
2026-10-07T21:13:41.3287467Z PASS: 2424x1080 region 0 phase 0 variant 1: complete collision outline stays inside the quiet play area
2026-10-07T21:13:41.3288465Z PASS: actual complete figure and raised weapon bounds clear the HUD as well as the warning
2026-10-07T21:13:41.3291260Z PASS: camera framing never changes simulation, warning geometry or RNG
2026-10-07T21:13:41.3311955Z PASS: Arcanist: fully extended contact poses remain inside the quiet play area
2026-10-07T21:13:41.3334485Z PASS: 2424x1080 region 0 phase 1 variant 0: complete collision outline stays inside the quiet play area
2026-10-07T21:13:41.3335401Z PASS: actual complete figure and raised weapon bounds clear the HUD as well as the warning
2026-10-07T21:13:41.3337760Z PASS: camera framing never changes simulation, warning geometry or RNG
2026-10-07T21:13:41.3358811Z PASS: Arcanist: fully extended contact poses remain inside the quiet play area
2026-10-07T21:13:41.3381269Z PASS: 2424x1080 region 0 phase 1 variant 1: complete collision outline stays inside the quiet play area
2026-10-07T21:13:41.3382054Z PASS: actual complete figure and raised weapon bounds clear the HUD as well as the warning
2026-10-07T21:13:41.3384601Z PASS: camera framing never changes simulation, warning geometry or RNG
2026-10-07T21:13:41.3405585Z PASS: Arcanist: fully extended contact poses remain inside the quiet play area
2026-10-07T21:13:41.3428962Z PASS: 2424x1080 region 0 phase 2 variant 0: complete collision outline stays inside the quiet play area
2026-10-07T21:13:41.3430555Z PASS: actual complete figure and raised weapon bounds clear the HUD as well as the warning
2026-10-07T21:13:41.3432878Z PASS: camera framing never changes simulation, warning geometry or RNG
2026-10-07T21:13:41.3454753Z PASS: Arcanist: fully extended contact poses remain inside the quiet play area
2026-10-07T21:13:41.3478369Z PASS: 2424x1080 region 0 phase 2 variant 1: complete collision outline stays inside the quiet play area
2026-10-07T21:13:41.3479801Z PASS: actual complete figure and raised weapon bounds clear the HUD as well as the warning
2026-10-07T21:13:41.3482342Z PASS: camera framing never changes simulation, warning geometry or RNG
2026-10-07T21:13:41.3504031Z PASS: Arcanist: fully extended contact poses remain inside the quiet play area
2026-10-07T21:13:41.3697576Z PASS: region 1: framing fixture reaches a real guardian
2026-10-07T21:13:41.7166188Z PASS: 2424x1080 region 1 phase 0 variant 0: complete collision outline stays inside the quiet play area
2026-10-07T21:13:41.7167002Z PASS: actual complete figure and raised weapon bounds clear the HUD as well as the warning
2026-10-07T21:13:41.7167927Z PASS: camera framing never changes simulation, warning geometry or RNG
2026-10-07T21:13:41.7187876Z PASS: Arcanist: fully extended contact poses remain inside the quiet play area
2026-10-07T21:13:41.7208608Z PASS: 2424x1080 region 1 phase 0 variant 1: complete collision outline stays inside the quiet play area
2026-10-07T21:13:41.7209327Z PASS: actual complete figure and raised weapon bounds clear the HUD as well as the warning
2026-10-07T21:13:41.7211394Z PASS: camera framing never changes simulation, warning geometry or RNG
2026-10-07T21:13:41.7230245Z PASS: Arcanist: fully extended contact poses remain inside the quiet play area
2026-10-07T21:13:41.7251162Z PASS: 2424x1080 region 1 phase 1 variant 0: complete collision outline stays inside the quiet play area
2026-10-07T21:13:41.7252129Z PASS: actual complete figure and raised weapon bounds clear the HUD as well as the warning
2026-10-07T21:13:41.7253763Z PASS: camera framing never changes simulation, warning geometry or RNG
2026-10-07T21:13:41.7272861Z PASS: Arcanist: fully extended contact poses remain inside the quiet play area
2026-10-07T21:13:41.7294078Z PASS: 2424x1080 region 1 phase 1 variant 1: complete collision outline stays inside the quiet play area
2026-10-07T21:13:41.7294769Z PASS: actual complete figure and raised weapon bounds clear the HUD as well as the warning
2026-10-07T21:13:41.7296582Z PASS: camera framing never changes simulation, warning geometry or RNG
2026-10-07T21:13:41.7315753Z PASS: Arcanist: fully extended contact poses remain inside the quiet play area
2026-10-07T21:13:41.7337336Z PASS: 2424x1080 region 1 phase 2 variant 0: complete collision outline stays inside the quiet play area
2026-10-07T21:13:41.7338028Z PASS: actual complete figure and raised weapon bounds clear the HUD as well as the warning
2026-10-07T21:13:41.7340462Z PASS: camera framing never changes simulation, warning geometry or RNG
2026-10-07T21:13:41.7360417Z PASS: Arcanist: fully extended contact poses remain inside the quiet play area
2026-10-07T21:13:41.7381844Z PASS: 2424x1080 region 1 phase 2 variant 1: complete collision outline stays inside the quiet play area
2026-10-07T21:13:41.7382547Z PASS: actual complete figure and raised weapon bounds clear the HUD as well as the warning
2026-10-07T21:13:41.7384863Z PASS: camera framing never changes simulation, warning geometry or RNG
2026-10-07T21:13:41.7404845Z PASS: Arcanist: fully extended contact poses remain inside the quiet play area
2026-10-07T21:13:41.7568286Z PASS: region 2: framing fixture reaches a real guardian
2026-10-07T21:13:42.1291991Z PASS: 2424x1080 region 2 phase 0 variant 0: complete collision outline stays inside the quiet play area
2026-10-07T21:13:42.1292676Z PASS: actual complete figure and raised weapon bounds clear the HUD as well as the warning
2026-10-07T21:13:42.1294646Z PASS: camera framing never changes simulation, warning geometry or RNG
2026-10-07T21:13:42.1316186Z PASS: Arcanist: fully extended contact poses remain inside the quiet play area
2026-10-07T21:13:42.1339050Z PASS: 2424x1080 region 2 phase 0 variant 1: complete collision outline stays inside the quiet play area
2026-10-07T21:13:42.1339930Z PASS: actual complete figure and raised weapon bounds clear the HUD as well as the warning
2026-10-07T21:13:42.1341913Z PASS: camera framing never changes simulation, warning geometry or RNG
2026-10-07T21:13:42.1363122Z PASS: Arcanist: fully extended contact poses remain inside the quiet play area
2026-10-07T21:13:42.1386049Z PASS: 2424x1080 region 2 phase 1 variant 0: complete collision outline stays inside the quiet play area
2026-10-07T21:13:42.1386903Z PASS: actual complete figure and raised weapon bounds clear the HUD as well as the warning
2026-10-07T21:13:42.1388900Z PASS: camera framing never changes simulation, warning geometry or RNG
2026-10-07T21:13:42.1410204Z PASS: Arcanist: fully extended contact poses remain inside the quiet play area
2026-10-07T21:13:42.1433176Z PASS: 2424x1080 region 2 phase 1 variant 1: complete collision outline stays inside the quiet play area
2026-10-07T21:13:42.1434065Z PASS: actual complete figure and raised weapon bounds clear the HUD as well as the warning
2026-10-07T21:13:42.1436143Z PASS: camera framing never changes simulation, warning geometry or RNG
2026-10-07T21:13:42.1457498Z PASS: Arcanist: fully extended contact poses remain inside the quiet play area
2026-10-07T21:13:42.1480448Z PASS: 2424x1080 region 2 phase 2 variant 0: complete collision outline stays inside the quiet play area
2026-10-07T21:13:42.1481314Z PASS: actual complete figure and raised weapon bounds clear the HUD as well as the warning
2026-10-07T21:13:42.1483290Z PASS: camera framing never changes simulation, warning geometry or RNG
2026-10-07T21:13:42.1504470Z PASS: Arcanist: fully extended contact poses remain inside the quiet play area
2026-10-07T21:13:42.1527569Z PASS: 2424x1080 region 2 phase 2 variant 1: complete collision outline stays inside the quiet play area
2026-10-07T21:13:42.1528276Z PASS: actual complete figure and raised weapon bounds clear the HUD as well as the warning
2026-10-07T21:13:42.1530261Z PASS: camera framing never changes simulation, warning geometry or RNG
2026-10-07T21:13:42.1551522Z PASS: Arcanist: fully extended contact poses remain inside the quiet play area
2026-10-07T21:13:42.1711298Z PASS: region 3: framing fixture reaches a real guardian
2026-10-07T21:13:42.4864612Z PASS: 2424x1080 region 3 phase 0 variant 0: complete collision outline stays inside the quiet play area
2026-10-07T21:13:42.4865168Z PASS: actual complete figure and raised weapon bounds clear the HUD as well as the warning
2026-10-07T21:13:42.4866553Z PASS: camera framing never changes simulation, warning geometry or RNG
2026-10-07T21:13:42.4886280Z PASS: Arcanist: fully extended contact poses remain inside the quiet play area
2026-10-07T21:13:42.4907202Z PASS: 2424x1080 region 3 phase 0 variant 1: complete collision outline stays inside the quiet play area
2026-10-07T21:13:42.4907824Z PASS: actual complete figure and raised weapon bounds clear the HUD as well as the warning
2026-10-07T21:13:42.4909465Z PASS: camera framing never changes simulation, warning geometry or RNG
2026-10-07T21:13:42.4928666Z PASS: Arcanist: fully extended contact poses remain inside the quiet play area
2026-10-07T21:13:42.4950163Z PASS: 2424x1080 region 3 phase 1 variant 0: complete collision outline stays inside the quiet play area
2026-10-07T21:13:42.4950781Z PASS: actual complete figure and raised weapon bounds clear the HUD as well as the warning
2026-10-07T21:13:42.4952701Z PASS: camera framing never changes simulation, warning geometry or RNG
2026-10-07T21:13:42.4972280Z PASS: Arcanist: fully extended contact poses remain inside the quiet play area
2026-10-07T21:13:42.4993644Z PASS: 2424x1080 region 3 phase 1 variant 1: complete collision outline stays inside the quiet play area
2026-10-07T21:13:42.4994261Z PASS: actual complete figure and raised weapon bounds clear the HUD as well as the warning
2026-10-07T21:13:42.4996243Z PASS: camera framing never changes simulation, warning geometry or RNG
2026-10-07T21:13:42.5015755Z PASS: Arcanist: fully extended contact poses remain inside the quiet play area
2026-10-07T21:13:42.5037536Z PASS: 2424x1080 region 3 phase 2 variant 0: complete collision outline stays inside the quiet play area
2026-10-07T21:13:42.5038221Z PASS: actual complete figure and raised weapon bounds clear the HUD as well as the warning
2026-10-07T21:13:42.5040273Z PASS: camera framing never changes simulation, warning geometry or RNG
2026-10-07T21:13:42.5060214Z PASS: Arcanist: fully extended contact poses remain inside the quiet play area
2026-10-07T21:13:42.5081841Z PASS: 2424x1080 region 3 phase 2 variant 1: complete collision outline stays inside the quiet play area
2026-10-07T21:13:42.5082498Z PASS: actual complete figure and raised weapon bounds clear the HUD as well as the warning
2026-10-07T21:13:42.5084570Z PASS: camera framing never changes simulation, warning geometry or RNG
2026-10-07T21:13:42.5104516Z PASS: Arcanist: fully extended contact poses remain inside the quiet play area
2026-10-07T21:13:42.5262637Z PASS: region 0: framing fixture reaches a real guardian
2026-10-07T21:13:43.1181836Z PASS: 2424x1080 region 0 phase 0 variant 0: complete collision outline stays inside the quiet play area
2026-10-07T21:13:43.1182371Z PASS: actual complete figure and raised weapon bounds clear the HUD as well as the warning
2026-10-07T21:13:43.1183857Z PASS: camera framing never changes simulation, warning geometry or RNG
2026-10-07T21:13:43.1205943Z PASS: Ranger: fully extended contact poses remain inside the quiet play area
2026-10-07T21:13:43.1228654Z PASS: 2424x1080 region 0 phase 0 variant 1: complete collision outline stays inside the quiet play area
2026-10-07T21:13:43.1229292Z PASS: actual complete figure and raised weapon bounds clear the HUD as well as the warning
2026-10-07T21:13:43.1231289Z PASS: camera framing never changes simulation, warning geometry or RNG
2026-10-07T21:13:43.1251619Z PASS: Ranger: fully extended contact poses remain inside the quiet play area
2026-10-07T21:13:43.1273982Z PASS: 2424x1080 region 0 phase 1 variant 0: complete collision outline stays inside the quiet play area
2026-10-07T21:13:43.1274613Z PASS: actual complete figure and raised weapon bounds clear the HUD as well as the warning
2026-10-07T21:13:43.1276735Z PASS: camera framing never changes simulation, warning geometry or RNG
2026-10-07T21:13:43.1297436Z PASS: Ranger: fully extended contact poses remain inside the quiet play area
2026-10-07T21:13:43.1319838Z PASS: 2424x1080 region 0 phase 1 variant 1: complete collision outline stays inside the quiet play area
2026-10-07T21:13:43.1320508Z PASS: actual complete figure and raised weapon bounds clear the HUD as well as the warning
2026-10-07T21:13:43.1322533Z PASS: camera framing never changes simulation, warning geometry or RNG
2026-10-07T21:13:43.1343206Z PASS: Ranger: fully extended contact poses remain inside the quiet play area
2026-10-07T21:13:43.1366357Z PASS: 2424x1080 region 0 phase 2 variant 0: complete collision outline stays inside the quiet play area
2026-10-07T21:13:43.1367515Z PASS: actual complete figure and raised weapon bounds clear the HUD as well as the warning
2026-10-07T21:13:43.1369518Z PASS: camera framing never changes simulation, warning geometry or RNG
2026-10-07T21:13:43.1390947Z PASS: Ranger: fully extended contact poses remain inside the quiet play area
2026-10-07T21:13:43.1414237Z PASS: 2424x1080 region 0 phase 2 variant 1: complete collision outline stays inside the quiet play area
2026-10-07T21:13:43.1415513Z PASS: actual complete figure and raised weapon bounds clear the HUD as well as the warning
2026-10-07T21:13:43.1417561Z PASS: camera framing never changes simulation, warning geometry or RNG
2026-10-07T21:13:43.1439174Z PASS: Ranger: fully extended contact poses remain inside the quiet play area
2026-10-07T21:13:43.1573041Z PASS: region 1: framing fixture reaches a real guardian
2026-10-07T21:13:43.5977242Z PASS: 2424x1080 region 1 phase 0 variant 0: complete collision outline stays inside the quiet play area
2026-10-07T21:13:43.5978614Z PASS: actual complete figure and raised weapon bounds clear the HUD as well as the warning
2026-10-07T21:13:43.5979142Z PASS: camera framing never changes simulation, warning geometry or RNG
2026-10-07T21:13:43.5999202Z PASS: Ranger: fully extended contact poses remain inside the quiet play area
2026-10-07T21:13:43.6020952Z PASS: 2424x1080 region 1 phase 0 variant 1: complete collision outline stays inside the quiet play area
2026-10-07T21:13:43.6021829Z PASS: actual complete figure and raised weapon bounds clear the HUD as well as the warning
2026-10-07T21:13:43.6023271Z PASS: camera framing never changes simulation, warning geometry or RNG
2026-10-07T21:13:43.6042562Z PASS: Ranger: fully extended contact poses remain inside the quiet play area
2026-10-07T21:13:43.6063651Z PASS: 2424x1080 region 1 phase 1 variant 0: complete collision outline stays inside the quiet play area
2026-10-07T21:13:43.6064264Z PASS: actual complete figure and raised weapon bounds clear the HUD as well as the warning
2026-10-07T21:13:43.6066332Z PASS: camera framing never changes simulation, warning geometry or RNG
2026-10-07T21:13:43.6085183Z PASS: Ranger: fully extended contact poses remain inside the quiet play area
2026-10-07T21:13:43.6105969Z PASS: 2424x1080 region 1 phase 1 variant 1: complete collision outline stays inside the quiet play area
2026-10-07T21:13:43.6106590Z PASS: actual complete figure and raised weapon bounds clear the HUD as well as the warning
2026-10-07T21:13:43.6108388Z PASS: camera framing never changes simulation, warning geometry or RNG
2026-10-07T21:13:43.6127319Z PASS: Ranger: fully extended contact poses remain inside the quiet play area
2026-10-07T21:13:43.6148706Z PASS: 2424x1080 region 1 phase 2 variant 0: complete collision outline stays inside the quiet play area
2026-10-07T21:13:43.6149585Z PASS: actual complete figure and raised weapon bounds clear the HUD as well as the warning
2026-10-07T21:13:43.6151428Z PASS: camera framing never changes simulation, warning geometry or RNG
2026-10-07T21:13:43.6171025Z PASS: Ranger: fully extended contact poses remain inside the quiet play area
2026-10-07T21:13:43.6192260Z PASS: 2424x1080 region 1 phase 2 variant 1: complete collision outline stays inside the quiet play area
2026-10-07T21:13:43.6192950Z PASS: actual complete figure and raised weapon bounds clear the HUD as well as the warning
2026-10-07T21:13:43.6195007Z PASS: camera framing never changes simulation, warning geometry or RNG
2026-10-07T21:13:43.6214582Z PASS: Ranger: fully extended contact poses remain inside the quiet play area
2026-10-07T21:13:43.6353293Z PASS: region 2: framing fixture reaches a real guardian
2026-10-07T21:13:44.1051663Z PASS: 2424x1080 region 2 phase 0 variant 0: complete collision outline stays inside the quiet play area
2026-10-07T21:13:44.1052420Z PASS: actual complete figure and raised weapon bounds clear the HUD as well as the warning
2026-10-07T21:13:44.1053591Z PASS: camera framing never changes simulation, warning geometry or RNG
2026-10-07T21:13:44.1076860Z PASS: Ranger: fully extended contact poses remain inside the quiet play area
2026-10-07T21:13:44.1100251Z PASS: 2424x1080 region 2 phase 0 variant 1: complete collision outline stays inside the quiet play area
2026-10-07T21:13:44.1101021Z PASS: actual complete figure and raised weapon bounds clear the HUD as well as the warning
2026-10-07T21:13:44.1103254Z PASS: camera framing never changes simulation, warning geometry or RNG
2026-10-07T21:13:44.1124803Z PASS: Ranger: fully extended contact poses remain inside the quiet play area
2026-10-07T21:13:44.1148117Z PASS: 2424x1080 region 2 phase 1 variant 0: complete collision outline stays inside the quiet play area
2026-10-07T21:13:44.1148869Z PASS: actual complete figure and raised weapon bounds clear the HUD as well as the warning
2026-10-07T21:13:44.1150897Z PASS: camera framing never changes simulation, warning geometry or RNG
2026-10-07T21:13:44.1172267Z PASS: Ranger: fully extended contact poses remain inside the quiet play area
2026-10-07T21:13:44.1195752Z PASS: 2424x1080 region 2 phase 1 variant 1: complete collision outline stays inside the quiet play area
2026-10-07T21:13:44.1196506Z PASS: actual complete figure and raised weapon bounds clear the HUD as well as the warning
2026-10-07T21:13:44.1198522Z PASS: camera framing never changes simulation, warning geometry or RNG
2026-10-07T21:13:44.1219873Z PASS: Ranger: fully extended contact poses remain inside the quiet play area
2026-10-07T21:13:44.1243026Z PASS: 2424x1080 region 2 phase 2 variant 0: complete collision outline stays inside the quiet play area
2026-10-07T21:13:44.1243949Z PASS: actual complete figure and raised weapon bounds clear the HUD as well as the warning
2026-10-07T21:13:44.1246034Z PASS: camera framing never changes simulation, warning geometry or RNG
2026-10-07T21:13:44.1267320Z PASS: Ranger: fully extended contact poses remain inside the quiet play area
2026-10-07T21:13:44.1296870Z PASS: 2424x1080 region 2 phase 2 variant 1: complete collision outline stays inside the quiet play area
2026-10-07T21:13:44.1297538Z PASS: actual complete figure and raised weapon bounds clear the HUD as well as the warning
2026-10-07T21:13:44.1298066Z PASS: camera framing never changes simulation, warning geometry or RNG
2026-10-07T21:13:44.1317819Z PASS: Ranger: fully extended contact poses remain inside the quiet play area
2026-10-07T21:13:44.1455487Z PASS: region 3: framing fixture reaches a real guardian
2026-10-07T21:13:44.5653393Z PASS: 2424x1080 region 3 phase 0 variant 0: complete collision outline stays inside the quiet play area
2026-10-07T21:13:44.5654217Z PASS: actual complete figure and raised weapon bounds clear the HUD as well as the warning
2026-10-07T21:13:44.5654962Z PASS: camera framing never changes simulation, warning geometry or RNG
2026-10-07T21:13:44.5676514Z PASS: Ranger: fully extended contact poses remain inside the quiet play area
2026-10-07T21:13:44.5698267Z PASS: 2424x1080 region 3 phase 0 variant 1: complete collision outline stays inside the quiet play area
2026-10-07T21:13:44.5698986Z PASS: actual complete figure and raised weapon bounds clear the HUD as well as the warning
2026-10-07T21:13:44.5701038Z PASS: camera framing never changes simulation, warning geometry or RNG
2026-10-07T21:13:44.5720534Z PASS: Ranger: fully extended contact poses remain inside the quiet play area
2026-10-07T21:13:44.5742318Z PASS: 2424x1080 region 3 phase 1 variant 0: complete collision outline stays inside the quiet play area
2026-10-07T21:13:44.5743113Z PASS: actual complete figure and raised weapon bounds clear the HUD as well as the warning
2026-10-07T21:13:44.5745691Z PASS: camera framing never changes simulation, warning geometry or RNG
2026-10-07T21:13:44.5765990Z PASS: Ranger: fully extended contact poses remain inside the quiet play area
2026-10-07T21:13:44.5788192Z PASS: 2424x1080 region 3 phase 1 variant 1: complete collision outline stays inside the quiet play area
2026-10-07T21:13:44.5788911Z PASS: actual complete figure and raised weapon bounds clear the HUD as well as the warning
2026-10-07T21:13:44.5791227Z PASS: camera framing never changes simulation, warning geometry or RNG
2026-10-07T21:13:44.5811536Z PASS: Ranger: fully extended contact poses remain inside the quiet play area
2026-10-07T21:13:44.5834070Z PASS: 2424x1080 region 3 phase 2 variant 0: complete collision outline stays inside the quiet play area
2026-10-07T21:13:44.5835090Z PASS: actual complete figure and raised weapon bounds clear the HUD as well as the warning
2026-10-07T21:13:44.5837472Z PASS: camera framing never changes simulation, warning geometry or RNG
2026-10-07T21:13:44.5857951Z PASS: Ranger: fully extended contact poses remain inside the quiet play area
2026-10-07T21:13:44.5880823Z PASS: 2424x1080 region 3 phase 2 variant 1: complete collision outline stays inside the quiet play area
2026-10-07T21:13:44.5881788Z PASS: actual complete figure and raised weapon bounds clear the HUD as well as the warning
2026-10-07T21:13:44.5884021Z PASS: camera framing never changes simulation, warning geometry or RNG
2026-10-07T21:13:44.5904321Z PASS: Ranger: fully extended contact poses remain inside the quiet play area
2026-10-07T21:13:44.6242861Z PASS: region 0: framing fixture reaches a real guardian
2026-10-07T21:13:45.0909054Z PASS: 1040x1080 region 0 phase 0 variant 0: complete collision outline stays inside the quiet play area
2026-10-07T21:13:45.0909825Z PASS: actual complete figure and raised weapon bounds clear the HUD as well as the warning
2026-10-07T21:13:45.0911876Z PASS: camera framing never changes simulation, warning geometry or RNG
2026-10-07T21:13:45.0936516Z PASS: Vowkeeper: fully extended contact poses remain inside the quiet play area
2026-10-07T21:13:45.0962123Z PASS: 1040x1080 region 0 phase 0 variant 1: complete collision outline stays inside the quiet play area
2026-10-07T21:13:45.0962852Z PASS: actual complete figure and raised weapon bounds clear the HUD as well as the warning
2026-10-07T21:13:45.0965020Z PASS: camera framing never changes simulation, warning geometry or RNG
2026-10-07T21:13:45.0988692Z PASS: Vowkeeper: fully extended contact poses remain inside the quiet play area
2026-10-07T21:13:45.1014563Z PASS: 1040x1080 region 0 phase 1 variant 0: complete collision outline stays inside the quiet play area
2026-10-07T21:13:45.1015483Z PASS: actual complete figure and raised weapon bounds clear the HUD as well as the warning
2026-10-07T21:13:45.1017903Z PASS: camera framing never changes simulation, warning geometry or RNG
2026-10-07T21:13:45.1042225Z PASS: Vowkeeper: fully extended contact poses remain inside the quiet play area
2026-10-07T21:13:45.1068245Z PASS: 1040x1080 region 0 phase 1 variant 1: complete collision outline stays inside the quiet play area
2026-10-07T21:13:45.1069050Z PASS: actual complete figure and raised weapon bounds clear the HUD as well as the warning
2026-10-07T21:13:45.1071675Z PASS: camera framing never changes simulation, warning geometry or RNG
2026-10-07T21:13:45.1095768Z PASS: Vowkeeper: fully extended contact poses remain inside the quiet play area
2026-10-07T21:13:45.1122521Z PASS: 1040x1080 region 0 phase 2 variant 0: complete collision outline stays inside the quiet play area
2026-10-07T21:13:45.1124107Z PASS: actual complete figure and raised weapon bounds clear the HUD as well as the warning
2026-10-07T21:13:45.1126628Z PASS: camera framing never changes simulation, warning geometry or RNG
2026-10-07T21:13:45.1151509Z PASS: Vowkeeper: fully extended contact poses remain inside the quiet play area
2026-10-07T21:13:45.1178182Z PASS: 1040x1080 region 0 phase 2 variant 1: complete collision outline stays inside the quiet play area
2026-10-07T21:13:45.1179810Z PASS: actual complete figure and raised weapon bounds clear the HUD as well as the warning
2026-10-07T21:13:45.1182159Z PASS: camera framing never changes simulation, warning geometry or RNG
2026-10-07T21:13:45.1206943Z PASS: Vowkeeper: fully extended contact poses remain inside the quiet play area
2026-10-07T21:13:45.1381971Z PASS: region 1: framing fixture reaches a real guardian
2026-10-07T21:13:45.5333270Z PASS: 1040x1080 region 1 phase 0 variant 0: complete collision outline stays inside the quiet play area
2026-10-07T21:13:45.5334056Z PASS: actual complete figure and raised weapon bounds clear the HUD as well as the warning
2026-10-07T21:13:45.5334645Z PASS: camera framing never changes simulation, warning geometry or RNG
2026-10-07T21:13:45.5356685Z PASS: Vowkeeper: fully extended contact poses remain inside the quiet play area
2026-10-07T21:13:45.5379832Z PASS: 1040x1080 region 1 phase 0 variant 1: complete collision outline stays inside the quiet play area
2026-10-07T21:13:45.5380519Z PASS: actual complete figure and raised weapon bounds clear the HUD as well as the warning
2026-10-07T21:13:45.5382227Z PASS: camera framing never changes simulation, warning geometry or RNG
2026-10-07T21:13:45.5403294Z PASS: Vowkeeper: fully extended contact poses remain inside the quiet play area
2026-10-07T21:13:45.5426397Z PASS: 1040x1080 region 1 phase 1 variant 0: complete collision outline stays inside the quiet play area
2026-10-07T21:13:45.5427078Z PASS: actual complete figure and raised weapon bounds clear the HUD as well as the warning
2026-10-07T21:13:45.5428848Z PASS: camera framing never changes simulation, warning geometry or RNG
2026-10-07T21:13:45.5450054Z PASS: Vowkeeper: fully extended contact poses remain inside the quiet play area
2026-10-07T21:13:45.5473100Z PASS: 1040x1080 region 1 phase 1 variant 1: complete collision outline stays inside the quiet play area
2026-10-07T21:13:45.5473777Z PASS: actual complete figure and raised weapon bounds clear the HUD as well as the warning
2026-10-07T21:13:45.5475671Z PASS: camera framing never changes simulation, warning geometry or RNG
2026-10-07T21:13:45.5496593Z PASS: Vowkeeper: fully extended contact poses remain inside the quiet play area
2026-10-07T21:13:45.5520282Z PASS: 1040x1080 region 1 phase 2 variant 0: complete collision outline stays inside the quiet play area
2026-10-07T21:13:45.5520993Z PASS: actual complete figure and raised weapon bounds clear the HUD as well as the warning
2026-10-07T21:13:45.5523349Z PASS: camera framing never changes simulation, warning geometry or RNG
2026-10-07T21:13:45.5545184Z PASS: Vowkeeper: fully extended contact poses remain inside the quiet play area
2026-10-07T21:13:45.5568920Z PASS: 1040x1080 region 1 phase 2 variant 1: complete collision outline stays inside the quiet play area
2026-10-07T21:13:45.5569689Z PASS: actual complete figure and raised weapon bounds clear the HUD as well as the warning
2026-10-07T21:13:45.5572040Z PASS: camera framing never changes simulation, warning geometry or RNG
2026-10-07T21:13:45.5593749Z PASS: Vowkeeper: fully extended contact poses remain inside the quiet play area
2026-10-07T21:13:45.5762018Z PASS: region 2: framing fixture reaches a real guardian
2026-10-07T21:13:45.9928931Z PASS: 1040x1080 region 2 phase 0 variant 0: complete collision outline stays inside the quiet play area
2026-10-07T21:13:45.9929644Z PASS: actual complete figure and raised weapon bounds clear the HUD as well as the warning
2026-10-07T21:13:45.9931608Z PASS: camera framing never changes simulation, warning geometry or RNG
2026-10-07T21:13:45.9955083Z PASS: Vowkeeper: fully extended contact poses remain inside the quiet play area
2026-10-07T21:13:45.9980019Z PASS: 1040x1080 region 2 phase 0 variant 1: complete collision outline stays inside the quiet play area
2026-10-07T21:13:45.9981065Z PASS: actual complete figure and raised weapon bounds clear the HUD as well as the warning
2026-10-07T21:13:45.9983517Z PASS: camera framing never changes simulation, warning geometry or RNG
2026-10-07T21:13:46.0006607Z PASS: Vowkeeper: fully extended contact poses remain inside the quiet play area
2026-10-07T21:13:46.0032254Z PASS: 1040x1080 region 2 phase 1 variant 0: complete collision outline stays inside the quiet play area
2026-10-07T21:13:46.0033151Z PASS: actual complete figure and raised weapon bounds clear the HUD as well as the warning
2026-10-07T21:13:46.0035585Z PASS: camera framing never changes simulation, warning geometry or RNG
2026-10-07T21:13:46.0062018Z PASS: Vowkeeper: fully extended contact poses remain inside the quiet play area
2026-10-07T21:13:46.0091712Z PASS: 1040x1080 region 2 phase 1 variant 1: complete collision outline stays inside the quiet play area
2026-10-07T21:13:46.0092773Z PASS: actual complete figure and raised weapon bounds clear the HUD as well as the warning
2026-10-07T21:13:46.0095178Z PASS: camera framing never changes simulation, warning geometry or RNG
2026-10-07T21:13:46.0118427Z PASS: Vowkeeper: fully extended contact poses remain inside the quiet play area
2026-10-07T21:13:46.0143855Z PASS: 1040x1080 region 2 phase 2 variant 0: complete collision outline stays inside the quiet play area
2026-10-07T21:13:46.0144893Z PASS: actual complete figure and raised weapon bounds clear the HUD as well as the warning
2026-10-07T21:13:46.0147453Z PASS: camera framing never changes simulation, warning geometry or RNG
2026-10-07T21:13:46.0170621Z PASS: Vowkeeper: fully extended contact poses remain inside the quiet play area
2026-10-07T21:13:46.0195733Z PASS: 1040x1080 region 2 phase 2 variant 1: complete collision outline stays inside the quiet play area
2026-10-07T21:13:46.0196773Z PASS: actual complete figure and raised weapon bounds clear the HUD as well as the warning
2026-10-07T21:13:46.0199077Z PASS: camera framing never changes simulation, warning geometry or RNG
2026-10-07T21:13:46.0222466Z PASS: Vowkeeper: fully extended contact poses remain inside the quiet play area
2026-10-07T21:13:46.0402808Z PASS: region 3: framing fixture reaches a real guardian
2026-10-07T21:13:46.3927509Z PASS: 1040x1080 region 3 phase 0 variant 0: complete collision outline stays inside the quiet play area
2026-10-07T21:13:46.3928280Z PASS: actual complete figure and raised weapon bounds clear the HUD as well as the warning
2026-10-07T21:13:46.3928905Z PASS: camera framing never changes simulation, warning geometry or RNG
2026-10-07T21:13:46.3950439Z PASS: Vowkeeper: fully extended contact poses remain inside the quiet play area
2026-10-07T21:13:46.3973562Z PASS: 1040x1080 region 3 phase 0 variant 1: complete collision outline stays inside the quiet play area
2026-10-07T21:13:46.3974236Z PASS: actual complete figure and raised weapon bounds clear the HUD as well as the warning
2026-10-07T21:13:46.3976098Z PASS: camera framing never changes simulation, warning geometry or RNG
2026-10-07T21:13:46.3997125Z PASS: Vowkeeper: fully extended contact poses remain inside the quiet play area
2026-10-07T21:13:46.4020572Z PASS: 1040x1080 region 3 phase 1 variant 0: complete collision outline stays inside the quiet play area
2026-10-07T21:13:46.4021237Z PASS: actual complete figure and raised weapon bounds clear the HUD as well as the warning
2026-10-07T21:13:46.4023487Z PASS: camera framing never changes simulation, warning geometry or RNG
2026-10-07T21:13:46.4044916Z PASS: Vowkeeper: fully extended contact poses remain inside the quiet play area
2026-10-07T21:13:46.4067838Z PASS: 1040x1080 region 3 phase 1 variant 1: complete collision outline stays inside the quiet play area
2026-10-07T21:13:46.4068400Z PASS: actual complete figure and raised weapon bounds clear the HUD as well as the warning
2026-10-07T21:13:46.4070470Z PASS: camera framing never changes simulation, warning geometry or RNG
2026-10-07T21:13:46.4091706Z PASS: Vowkeeper: fully extended contact poses remain inside the quiet play area
2026-10-07T21:13:46.4115101Z PASS: 1040x1080 region 3 phase 2 variant 0: complete collision outline stays inside the quiet play area
2026-10-07T21:13:46.4116068Z PASS: actual complete figure and raised weapon bounds clear the HUD as well as the warning
2026-10-07T21:13:46.4118178Z PASS: camera framing never changes simulation, warning geometry or RNG
2026-10-07T21:13:46.4139912Z PASS: Vowkeeper: fully extended contact poses remain inside the quiet play area
2026-10-07T21:13:46.4163239Z PASS: 1040x1080 region 3 phase 2 variant 1: complete collision outline stays inside the quiet play area
2026-10-07T21:13:46.4164125Z PASS: actual complete figure and raised weapon bounds clear the HUD as well as the warning
2026-10-07T21:13:46.4166284Z PASS: camera framing never changes simulation, warning geometry or RNG
2026-10-07T21:13:46.4187951Z PASS: Vowkeeper: fully extended contact poses remain inside the quiet play area
2026-10-07T21:13:46.4364581Z PASS: region 0: framing fixture reaches a real guardian
2026-10-07T21:13:46.8346432Z PASS: 1040x1080 region 0 phase 0 variant 0: complete collision outline stays inside the quiet play area
2026-10-07T21:13:46.8347198Z PASS: actual complete figure and raised weapon bounds clear the HUD as well as the warning
2026-10-07T21:13:46.8348839Z PASS: camera framing never changes simulation, warning geometry or RNG
2026-10-07T21:13:46.8370378Z PASS: Arcanist: fully extended contact poses remain inside the quiet play area
2026-10-07T21:13:46.8392513Z PASS: 1040x1080 region 0 phase 0 variant 1: complete collision outline stays inside the quiet play area
2026-10-07T21:13:46.8393198Z PASS: actual complete figure and raised weapon bounds clear the HUD as well as the warning
2026-10-07T21:13:46.8395431Z PASS: camera framing never changes simulation, warning geometry or RNG
2026-10-07T21:13:46.8415704Z PASS: Arcanist: fully extended contact poses remain inside the quiet play area
2026-10-07T21:13:46.8438199Z PASS: 1040x1080 region 0 phase 1 variant 0: complete collision outline stays inside the quiet play area
2026-10-07T21:13:46.8439216Z PASS: actual complete figure and raised weapon bounds clear the HUD as well as the warning
2026-10-07T21:13:46.8441441Z PASS: camera framing never changes simulation, warning geometry or RNG
2026-10-07T21:13:46.8462319Z PASS: Arcanist: fully extended contact poses remain inside the quiet play area
2026-10-07T21:13:46.8484758Z PASS: 1040x1080 region 0 phase 1 variant 1: complete collision outline stays inside the quiet play area
2026-10-07T21:13:46.8485669Z PASS: actual complete figure and raised weapon bounds clear the HUD as well as the warning
2026-10-07T21:13:46.8488017Z PASS: camera framing never changes simulation, warning geometry or RNG
2026-10-07T21:13:46.8508872Z PASS: Arcanist: fully extended contact poses remain inside the quiet play area
2026-10-07T21:13:46.8532013Z PASS: 1040x1080 region 0 phase 2 variant 0: complete collision outline stays inside the quiet play area
2026-10-07T21:13:46.8533542Z PASS: actual complete figure and raised weapon bounds clear the HUD as well as the warning
2026-10-07T21:13:46.8535928Z PASS: camera framing never changes simulation, warning geometry or RNG
2026-10-07T21:13:46.8557579Z PASS: Arcanist: fully extended contact poses remain inside the quiet play area
2026-10-07T21:13:46.8580876Z PASS: 1040x1080 region 0 phase 2 variant 1: complete collision outline stays inside the quiet play area
2026-10-07T21:13:46.8582179Z PASS: actual complete figure and raised weapon bounds clear the HUD as well as the warning
2026-10-07T21:13:46.8584741Z PASS: camera framing never changes simulation, warning geometry or RNG
2026-10-07T21:13:46.8606400Z PASS: Arcanist: fully extended contact poses remain inside the quiet play area
2026-10-07T21:13:46.8787332Z PASS: region 1: framing fixture reaches a real guardian
2026-10-07T21:13:47.2248023Z PASS: 1040x1080 region 1 phase 0 variant 0: complete collision outline stays inside the quiet play area
2026-10-07T21:13:47.2248801Z PASS: actual complete figure and raised weapon bounds clear the HUD as well as the warning
2026-10-07T21:13:47.2249416Z PASS: camera framing never changes simulation, warning geometry or RNG
2026-10-07T21:13:47.2268635Z PASS: Arcanist: fully extended contact poses remain inside the quiet play area
2026-10-07T21:13:47.2288762Z PASS: 1040x1080 region 1 phase 0 variant 1: complete collision outline stays inside the quiet play area
2026-10-07T21:13:47.2289431Z PASS: actual complete figure and raised weapon bounds clear the HUD as well as the warning
2026-10-07T21:13:47.2291219Z PASS: camera framing never changes simulation, warning geometry or RNG
2026-10-07T21:13:47.2309760Z PASS: Arcanist: fully extended contact poses remain inside the quiet play area
2026-10-07T21:13:47.2329930Z PASS: 1040x1080 region 1 phase 1 variant 0: complete collision outline stays inside the quiet play area
2026-10-07T21:13:47.2330642Z PASS: actual complete figure and raised weapon bounds clear the HUD as well as the warning
2026-10-07T21:13:47.2341301Z PASS: camera framing never changes simulation, warning geometry or RNG
2026-10-07T21:13:47.2353994Z PASS: Arcanist: fully extended contact poses remain inside the quiet play area
2026-10-07T21:13:47.2374278Z PASS: 1040x1080 region 1 phase 1 variant 1: complete collision outline stays inside the quiet play area
2026-10-07T21:13:47.2374943Z PASS: actual complete figure and raised weapon bounds clear the HUD as well as the warning
2026-10-07T21:13:47.2377006Z PASS: camera framing never changes simulation, warning geometry or RNG
2026-10-07T21:13:47.2395523Z PASS: Arcanist: fully extended contact poses remain inside the quiet play area
2026-10-07T21:13:47.2416270Z PASS: 1040x1080 region 1 phase 2 variant 0: complete collision outline stays inside the quiet play area
2026-10-07T21:13:47.2416949Z PASS: actual complete figure and raised weapon bounds clear the HUD as well as the warning
2026-10-07T21:13:47.2419335Z PASS: camera framing never changes simulation, warning geometry or RNG
2026-10-07T21:13:47.2438462Z PASS: Arcanist: fully extended contact poses remain inside the quiet play area
2026-10-07T21:13:47.2459259Z PASS: 1040x1080 region 1 phase 2 variant 1: complete collision outline stays inside the quiet play area
2026-10-07T21:13:47.2460044Z PASS: actual complete figure and raised weapon bounds clear the HUD as well as the warning
2026-10-07T21:13:47.2462355Z PASS: camera framing never changes simulation, warning geometry or RNG
2026-10-07T21:13:47.2481569Z PASS: Arcanist: fully extended contact poses remain inside the quiet play area
2026-10-07T21:13:47.2648030Z PASS: region 2: framing fixture reaches a real guardian
2026-10-07T21:13:47.6239517Z PASS: 1040x1080 region 2 phase 0 variant 0: complete collision outline stays inside the quiet play area
2026-10-07T21:13:47.6240287Z PASS: actual complete figure and raised weapon bounds clear the HUD as well as the warning
2026-10-07T21:13:47.6242409Z PASS: camera framing never changes simulation, warning geometry or RNG
2026-10-07T21:13:47.6263741Z PASS: Arcanist: fully extended contact poses remain inside the quiet play area
2026-10-07T21:13:47.6286523Z PASS: 1040x1080 region 2 phase 0 variant 1: complete collision outline stays inside the quiet play area
2026-10-07T21:13:47.6287415Z PASS: actual complete figure and raised weapon bounds clear the HUD as well as the warning
2026-10-07T21:13:47.6289852Z PASS: camera framing never changes simulation, warning geometry or RNG
2026-10-07T21:13:47.6310695Z PASS: Arcanist: fully extended contact poses remain inside the quiet play area
2026-10-07T21:13:47.6333671Z PASS: 1040x1080 region 2 phase 1 variant 0: complete collision outline stays inside the quiet play area
2026-10-07T21:13:47.6334492Z PASS: actual complete figure and raised weapon bounds clear the HUD as well as the warning
2026-10-07T21:13:47.6336316Z PASS: camera framing never changes simulation, warning geometry or RNG
2026-10-07T21:13:47.6356987Z PASS: Arcanist: fully extended contact poses remain inside the quiet play area
2026-10-07T21:13:47.6379196Z PASS: 1040x1080 region 2 phase 1 variant 1: complete collision outline stays inside the quiet play area
2026-10-07T21:13:47.6380380Z PASS: actual complete figure and raised weapon bounds clear the HUD as well as the warning
2026-10-07T21:13:47.6382334Z PASS: camera framing never changes simulation, warning geometry or RNG
2026-10-07T21:13:47.6403263Z PASS: Arcanist: fully extended contact poses remain inside the quiet play area
2026-10-07T21:13:47.6425726Z PASS: 1040x1080 region 2 phase 2 variant 0: complete collision outline stays inside the quiet play area
2026-10-07T21:13:47.6426942Z PASS: actual complete figure and raised weapon bounds clear the HUD as well as the warning
2026-10-07T21:13:47.6428979Z PASS: camera framing never changes simulation, warning geometry or RNG
2026-10-07T21:13:47.6449798Z PASS: Arcanist: fully extended contact poses remain inside the quiet play area
2026-10-07T21:13:47.6472129Z PASS: 1040x1080 region 2 phase 2 variant 1: complete collision outline stays inside the quiet play area
2026-10-07T21:13:47.6473340Z PASS: actual complete figure and raised weapon bounds clear the HUD as well as the warning
2026-10-07T21:13:47.6475431Z PASS: camera framing never changes simulation, warning geometry or RNG
2026-10-07T21:13:47.6496269Z PASS: Arcanist: fully extended contact poses remain inside the quiet play area
2026-10-07T21:13:47.6657421Z PASS: region 3: framing fixture reaches a real guardian
2026-10-07T21:13:47.9678903Z PASS: 1040x1080 region 3 phase 0 variant 0: complete collision outline stays inside the quiet play area
2026-10-07T21:13:47.9679689Z PASS: actual complete figure and raised weapon bounds clear the HUD as well as the warning
2026-10-07T21:13:47.9680243Z PASS: camera framing never changes simulation, warning geometry or RNG
2026-10-07T21:13:47.9699750Z PASS: Arcanist: fully extended contact poses remain inside the quiet play area
2026-10-07T21:13:47.9719767Z PASS: 1040x1080 region 3 phase 0 variant 1: complete collision outline stays inside the quiet play area
2026-10-07T21:13:47.9720202Z PASS: actual complete figure and raised weapon bounds clear the HUD as well as the warning
2026-10-07T21:13:47.9722348Z PASS: camera framing never changes simulation, warning geometry or RNG
2026-10-07T21:13:47.9741529Z PASS: Arcanist: fully extended contact poses remain inside the quiet play area
2026-10-07T21:13:47.9762264Z PASS: 1040x1080 region 3 phase 1 variant 0: complete collision outline stays inside the quiet play area
2026-10-07T21:13:47.9762930Z PASS: actual complete figure and raised weapon bounds clear the HUD as well as the warning
2026-10-07T21:13:47.9765080Z PASS: camera framing never changes simulation, warning geometry or RNG
2026-10-07T21:13:47.9783783Z PASS: Arcanist: fully extended contact poses remain inside the quiet play area
2026-10-07T21:13:47.9804130Z PASS: 1040x1080 region 3 phase 1 variant 1: complete collision outline stays inside the quiet play area
2026-10-07T21:13:47.9804824Z PASS: actual complete figure and raised weapon bounds clear the HUD as well as the warning
2026-10-07T21:13:47.9807265Z PASS: camera framing never changes simulation, warning geometry or RNG
2026-10-07T21:13:47.9827891Z PASS: Arcanist: fully extended contact poses remain inside the quiet play area
2026-10-07T21:13:47.9849400Z PASS: 1040x1080 region 3 phase 2 variant 0: complete collision outline stays inside the quiet play area
2026-10-07T21:13:47.9850254Z PASS: actual complete figure and raised weapon bounds clear the HUD as well as the warning
2026-10-07T21:13:47.9852582Z PASS: camera framing never changes simulation, warning geometry or RNG
2026-10-07T21:13:47.9872264Z PASS: Arcanist: fully extended contact poses remain inside the quiet play area
2026-10-07T21:13:47.9893071Z PASS: 1040x1080 region 3 phase 2 variant 1: complete collision outline stays inside the quiet play area
2026-10-07T21:13:47.9893847Z PASS: actual complete figure and raised weapon bounds clear the HUD as well as the warning
2026-10-07T21:13:47.9896194Z PASS: camera framing never changes simulation, warning geometry or RNG
2026-10-07T21:13:47.9915570Z PASS: Arcanist: fully extended contact poses remain inside the quiet play area
2026-10-07T21:13:48.0081787Z PASS: region 0: framing fixture reaches a real guardian
2026-10-07T21:13:48.5000648Z PASS: 1040x1080 region 0 phase 0 variant 0: complete collision outline stays inside the quiet play area
2026-10-07T21:13:48.5001416Z PASS: actual complete figure and raised weapon bounds clear the HUD as well as the warning
2026-10-07T21:13:48.5003220Z PASS: camera framing never changes simulation, warning geometry or RNG
2026-10-07T21:13:48.5025145Z PASS: Ranger: fully extended contact poses remain inside the quiet play area
2026-10-07T21:13:48.5047566Z PASS: 1040x1080 region 0 phase 0 variant 1: complete collision outline stays inside the quiet play area
2026-10-07T21:13:48.5048089Z PASS: actual complete figure and raised weapon bounds clear the HUD as well as the warning
2026-10-07T21:13:48.5050281Z PASS: camera framing never changes simulation, warning geometry or RNG
2026-10-07T21:13:48.5071335Z PASS: Ranger: fully extended contact poses remain inside the quiet play area
2026-10-07T21:13:48.5094124Z PASS: 1040x1080 region 0 phase 1 variant 0: complete collision outline stays inside the quiet play area
2026-10-07T21:13:48.5094862Z PASS: actual complete figure and raised weapon bounds clear the HUD as well as the warning
2026-10-07T21:13:48.5097253Z PASS: camera framing never changes simulation, warning geometry or RNG
2026-10-07T21:13:48.5118170Z PASS: Ranger: fully extended contact poses remain inside the quiet play area
2026-10-07T21:13:48.5140636Z PASS: 1040x1080 region 0 phase 1 variant 1: complete collision outline stays inside the quiet play area
2026-10-07T21:13:48.5141337Z PASS: actual complete figure and raised weapon bounds clear the HUD as well as the warning
2026-10-07T21:13:48.5143706Z PASS: camera framing never changes simulation, warning geometry or RNG
2026-10-07T21:13:48.5164883Z PASS: Ranger: fully extended contact poses remain inside the quiet play area
2026-10-07T21:13:48.5188104Z PASS: 1040x1080 region 0 phase 2 variant 0: complete collision outline stays inside the quiet play area
2026-10-07T21:13:48.5189539Z PASS: actual complete figure and raised weapon bounds clear the HUD as well as the warning
2026-10-07T21:13:48.5191980Z PASS: camera framing never changes simulation, warning geometry or RNG
2026-10-07T21:13:48.5213465Z PASS: Ranger: fully extended contact poses remain inside the quiet play area
2026-10-07T21:13:48.5236711Z PASS: 1040x1080 region 0 phase 2 variant 1: complete collision outline stays inside the quiet play area
2026-10-07T21:13:48.5238245Z PASS: actual complete figure and raised weapon bounds clear the HUD as well as the warning
2026-10-07T21:13:48.5240545Z PASS: camera framing never changes simulation, warning geometry or RNG
2026-10-07T21:13:48.5262085Z PASS: Ranger: fully extended contact poses remain inside the quiet play area
2026-10-07T21:13:48.5398005Z PASS: region 1: framing fixture reaches a real guardian
2026-10-07T21:13:48.9775071Z PASS: 1040x1080 region 1 phase 0 variant 0: complete collision outline stays inside the quiet play area
2026-10-07T21:13:48.9776073Z PASS: actual complete figure and raised weapon bounds clear the HUD as well as the warning
2026-10-07T21:13:48.9776636Z PASS: camera framing never changes simulation, warning geometry or RNG
2026-10-07T21:13:48.9797046Z PASS: Ranger: fully extended contact poses remain inside the quiet play area
2026-10-07T21:13:48.9817832Z PASS: 1040x1080 region 1 phase 0 variant 1: complete collision outline stays inside the quiet play area
2026-10-07T21:13:48.9818762Z PASS: actual complete figure and raised weapon bounds clear the HUD as well as the warning
2026-10-07T21:13:48.9820320Z PASS: camera framing never changes simulation, warning geometry or RNG
2026-10-07T21:13:48.9839351Z PASS: Ranger: fully extended contact poses remain inside the quiet play area
2026-10-07T21:13:48.9859865Z PASS: 1040x1080 region 1 phase 1 variant 0: complete collision outline stays inside the quiet play area
2026-10-07T21:13:48.9860535Z PASS: actual complete figure and raised weapon bounds clear the HUD as well as the warning
2026-10-07T21:13:48.9861843Z PASS: camera framing never changes simulation, warning geometry or RNG
2026-10-07T21:13:48.9881083Z PASS: Ranger: fully extended contact poses remain inside the quiet play area
2026-10-07T21:13:48.9901885Z PASS: 1040x1080 region 1 phase 1 variant 1: complete collision outline stays inside the quiet play area
2026-10-07T21:13:48.9902584Z PASS: actual complete figure and raised weapon bounds clear the HUD as well as the warning
2026-10-07T21:13:48.9903818Z PASS: camera framing never changes simulation, warning geometry or RNG
2026-10-07T21:13:48.9923236Z PASS: Ranger: fully extended contact poses remain inside the quiet play area
2026-10-07T21:13:48.9951199Z PASS: 1040x1080 region 1 phase 2 variant 0: complete collision outline stays inside the quiet play area
2026-10-07T21:13:48.9951946Z PASS: actual complete figure and raised weapon bounds clear the HUD as well as the warning
2026-10-07T21:13:48.9953702Z PASS: camera framing never changes simulation, warning geometry or RNG
2026-10-07T21:13:48.9978073Z PASS: Ranger: fully extended contact poses remain inside the quiet play area
2026-10-07T21:13:49.0007937Z PASS: 1040x1080 region 1 phase 2 variant 1: complete collision outline stays inside the quiet play area
2026-10-07T21:13:49.0008692Z PASS: actual complete figure and raised weapon bounds clear the HUD as well as the warning
2026-10-07T21:13:49.0011694Z PASS: camera framing never changes simulation, warning geometry or RNG
2026-10-07T21:13:49.0042543Z PASS: Ranger: fully extended contact poses remain inside the quiet play area
2026-10-07T21:13:49.0234490Z PASS: region 2: framing fixture reaches a real guardian
2026-10-07T21:13:49.4905182Z PASS: 1040x1080 region 2 phase 0 variant 0: complete collision outline stays inside the quiet play area
2026-10-07T21:13:49.4905990Z PASS: actual complete figure and raised weapon bounds clear the HUD as well as the warning
2026-10-07T21:13:49.4908425Z PASS: camera framing never changes simulation, warning geometry or RNG
2026-10-07T21:13:49.4934229Z PASS: Ranger: fully extended contact poses remain inside the quiet play area
2026-10-07T21:13:49.4960487Z PASS: 1040x1080 region 2 phase 0 variant 1: complete collision outline stays inside the quiet play area
2026-10-07T21:13:49.4961832Z PASS: actual complete figure and raised weapon bounds clear the HUD as well as the warning
2026-10-07T21:13:49.4964057Z PASS: camera framing never changes simulation, warning geometry or RNG
2026-10-07T21:13:49.4987629Z PASS: Ranger: fully extended contact poses remain inside the quiet play area
2026-10-07T21:13:49.5013012Z PASS: 1040x1080 region 2 phase 1 variant 0: complete collision outline stays inside the quiet play area
2026-10-07T21:13:49.5014413Z PASS: actual complete figure and raised weapon bounds clear the HUD as well as the warning
2026-10-07T21:13:49.5016699Z PASS: camera framing never changes simulation, warning geometry or RNG
2026-10-07T21:13:49.5039575Z PASS: Ranger: fully extended contact poses remain inside the quiet play area
2026-10-07T21:13:49.5063936Z PASS: 1040x1080 region 2 phase 1 variant 1: complete collision outline stays inside the quiet play area
2026-10-07T21:13:49.5065415Z PASS: actual complete figure and raised weapon bounds clear the HUD as well as the warning
2026-10-07T21:13:49.5067489Z PASS: camera framing never changes simulation, warning geometry or RNG
2026-10-07T21:13:49.5089583Z PASS: Ranger: fully extended contact poses remain inside the quiet play area
2026-10-07T21:13:49.5113421Z PASS: 1040x1080 region 2 phase 2 variant 0: complete collision outline stays inside the quiet play area
2026-10-07T21:13:49.5114420Z PASS: actual complete figure and raised weapon bounds clear the HUD as well as the warning
2026-10-07T21:13:49.5116739Z PASS: camera framing never changes simulation, warning geometry or RNG
2026-10-07T21:13:49.5138478Z PASS: Ranger: fully extended contact poses remain inside the quiet play area
2026-10-07T21:13:49.5162385Z PASS: 1040x1080 region 2 phase 2 variant 1: complete collision outline stays inside the quiet play area
2026-10-07T21:13:49.5163736Z PASS: actual complete figure and raised weapon bounds clear the HUD as well as the warning
2026-10-07T21:13:49.5165974Z PASS: camera framing never changes simulation, warning geometry or RNG
2026-10-07T21:13:49.5187561Z PASS: Ranger: fully extended contact poses remain inside the quiet play area
2026-10-07T21:13:49.5336615Z PASS: region 3: framing fixture reaches a real guardian
2026-10-07T21:13:49.9394497Z PASS: 1040x1080 region 3 phase 0 variant 0: complete collision outline stays inside the quiet play area
2026-10-07T21:13:49.9395538Z PASS: actual complete figure and raised weapon bounds clear the HUD as well as the warning
2026-10-07T21:13:49.9396124Z PASS: camera framing never changes simulation, warning geometry or RNG
2026-10-07T21:13:49.9417296Z PASS: Ranger: fully extended contact poses remain inside the quiet play area
2026-10-07T21:13:49.9439020Z PASS: 1040x1080 region 3 phase 0 variant 1: complete collision outline stays inside the quiet play area
2026-10-07T21:13:49.9439549Z PASS: actual complete figure and raised weapon bounds clear the HUD as well as the warning
2026-10-07T21:13:49.9441550Z PASS: camera framing never changes simulation, warning geometry or RNG
2026-10-07T21:13:49.9461614Z PASS: Ranger: fully extended contact poses remain inside the quiet play area
2026-10-07T21:13:49.9483236Z PASS: 1040x1080 region 3 phase 1 variant 0: complete collision outline stays inside the quiet play area
2026-10-07T21:13:49.9483985Z PASS: actual complete figure and raised weapon bounds clear the HUD as well as the warning
2026-10-07T21:13:49.9486220Z PASS: camera framing never changes simulation, warning geometry or RNG
2026-10-07T21:13:49.9505923Z PASS: Ranger: fully extended contact poses remain inside the quiet play area
2026-10-07T21:13:49.9527510Z PASS: 1040x1080 region 3 phase 1 variant 1: complete collision outline stays inside the quiet play area
2026-10-07T21:13:49.9528207Z PASS: actual complete figure and raised weapon bounds clear the HUD as well as the warning
2026-10-07T21:13:49.9530582Z PASS: camera framing never changes simulation, warning geometry or RNG
2026-10-07T21:13:49.9550221Z PASS: Ranger: fully extended contact poses remain inside the quiet play area
2026-10-07T21:13:49.9571963Z PASS: 1040x1080 region 3 phase 2 variant 0: complete collision outline stays inside the quiet play area
2026-10-07T21:13:49.9572837Z PASS: actual complete figure and raised weapon bounds clear the HUD as well as the warning
2026-10-07T21:13:49.9575521Z PASS: camera framing never changes simulation, warning geometry or RNG
2026-10-07T21:13:49.9595402Z PASS: Ranger: fully extended contact poses remain inside the quiet play area
2026-10-07T21:13:49.9617043Z PASS: 1040x1080 region 3 phase 2 variant 1: complete collision outline stays inside the quiet play area
2026-10-07T21:13:49.9617864Z PASS: actual complete figure and raised weapon bounds clear the HUD as well as the warning
2026-10-07T21:13:49.9620251Z PASS: camera framing never changes simulation, warning geometry or RNG
2026-10-07T21:13:49.9640176Z PASS: Ranger: fully extended contact poses remain inside the quiet play area
2026-10-07T21:13:49.9977559Z PASS: region 0: framing fixture reaches a real guardian
2026-10-07T21:13:50.4549734Z PASS: 854x480 region 0 phase 0 variant 0: complete collision outline stays inside the quiet play area
2026-10-07T21:13:50.4550524Z PASS: actual complete figure and raised weapon bounds clear the HUD as well as the warning
2026-10-07T21:13:50.4551968Z PASS: camera framing never changes simulation, warning geometry or RNG
2026-10-07T21:13:50.4576303Z PASS: Vowkeeper: fully extended contact poses remain inside the quiet play area
2026-10-07T21:13:50.4601359Z PASS: 854x480 region 0 phase 0 variant 1: complete collision outline stays inside the quiet play area
2026-10-07T21:13:50.4602064Z PASS: actual complete figure and raised weapon bounds clear the HUD as well as the warning
2026-10-07T21:13:50.4604095Z PASS: camera framing never changes simulation, warning geometry or RNG
2026-10-07T21:13:50.4626993Z PASS: Vowkeeper: fully extended contact poses remain inside the quiet play area
2026-10-07T21:13:50.4652484Z PASS: 854x480 region 0 phase 1 variant 0: complete collision outline stays inside the quiet play area
2026-10-07T21:13:50.4653068Z PASS: actual complete figure and raised weapon bounds clear the HUD as well as the warning
2026-10-07T21:13:50.4655749Z PASS: camera framing never changes simulation, warning geometry or RNG
2026-10-07T21:13:50.4679033Z PASS: Vowkeeper: fully extended contact poses remain inside the quiet play area
2026-10-07T21:13:50.4704605Z PASS: 854x480 region 0 phase 1 variant 1: complete collision outline stays inside the quiet play area
2026-10-07T21:13:50.4705239Z PASS: actual complete figure and raised weapon bounds clear the HUD as well as the warning
2026-10-07T21:13:50.4707527Z PASS: camera framing never changes simulation, warning geometry or RNG
2026-10-07T21:13:50.4731151Z PASS: Vowkeeper: fully extended contact poses remain inside the quiet play area
2026-10-07T21:13:50.4757453Z PASS: 854x480 region 0 phase 2 variant 0: complete collision outline stays inside the quiet play area
2026-10-07T21:13:50.4758795Z PASS: actual complete figure and raised weapon bounds clear the HUD as well as the warning
2026-10-07T21:13:50.4760937Z PASS: camera framing never changes simulation, warning geometry or RNG
2026-10-07T21:13:50.4785176Z PASS: Vowkeeper: fully extended contact poses remain inside the quiet play area
2026-10-07T21:13:50.4811304Z PASS: 854x480 region 0 phase 2 variant 1: complete collision outline stays inside the quiet play area
2026-10-07T21:13:50.4812798Z PASS: actual complete figure and raised weapon bounds clear the HUD as well as the warning
2026-10-07T21:13:50.4814953Z PASS: camera framing never changes simulation, warning geometry or RNG
2026-10-07T21:13:50.4839235Z PASS: Vowkeeper: fully extended contact poses remain inside the quiet play area
2026-10-07T21:13:50.5022915Z PASS: region 1: framing fixture reaches a real guardian
2026-10-07T21:13:50.8977876Z PASS: 854x480 region 1 phase 0 variant 0: complete collision outline stays inside the quiet play area
2026-10-07T21:13:50.8978312Z PASS: actual complete figure and raised weapon bounds clear the HUD as well as the warning
2026-10-07T21:13:50.8979607Z PASS: camera framing never changes simulation, warning geometry or RNG
2026-10-07T21:13:50.9000581Z PASS: Vowkeeper: fully extended contact poses remain inside the quiet play area
2026-10-07T21:13:50.9022962Z PASS: 854x480 region 1 phase 0 variant 1: complete collision outline stays inside the quiet play area
2026-10-07T21:13:50.9023370Z PASS: actual complete figure and raised weapon bounds clear the HUD as well as the warning
2026-10-07T21:13:50.9025110Z PASS: camera framing never changes simulation, warning geometry or RNG
2026-10-07T21:13:50.9045605Z PASS: Vowkeeper: fully extended contact poses remain inside the quiet play area
2026-10-07T21:13:50.9067973Z PASS: 854x480 region 1 phase 1 variant 0: complete collision outline stays inside the quiet play area
2026-10-07T21:13:50.9068386Z PASS: actual complete figure and raised weapon bounds clear the HUD as well as the warning
2026-10-07T21:13:50.9070224Z PASS: camera framing never changes simulation, warning geometry or RNG
2026-10-07T21:13:50.9090735Z PASS: Vowkeeper: fully extended contact poses remain inside the quiet play area
2026-10-07T21:13:50.9113048Z PASS: 854x480 region 1 phase 1 variant 1: complete collision outline stays inside the quiet play area
2026-10-07T21:13:50.9113649Z PASS: actual complete figure and raised weapon bounds clear the HUD as well as the warning
2026-10-07T21:13:50.9115434Z PASS: camera framing never changes simulation, warning geometry or RNG
2026-10-07T21:13:50.9135936Z PASS: Vowkeeper: fully extended contact poses remain inside the quiet play area
2026-10-07T21:13:50.9158917Z PASS: 854x480 region 1 phase 2 variant 0: complete collision outline stays inside the quiet play area
2026-10-07T21:13:50.9159786Z PASS: actual complete figure and raised weapon bounds clear the HUD as well as the warning
2026-10-07T21:13:50.9161871Z PASS: camera framing never changes simulation, warning geometry or RNG
2026-10-07T21:13:50.9183162Z PASS: Vowkeeper: fully extended contact poses remain inside the quiet play area
2026-10-07T21:13:50.9206119Z PASS: 854x480 region 1 phase 2 variant 1: complete collision outline stays inside the quiet play area
2026-10-07T21:13:50.9206967Z PASS: actual complete figure and raised weapon bounds clear the HUD as well as the warning
2026-10-07T21:13:50.9209043Z PASS: camera framing never changes simulation, warning geometry or RNG
2026-10-07T21:13:50.9230238Z PASS: Vowkeeper: fully extended contact poses remain inside the quiet play area
2026-10-07T21:13:50.9392048Z PASS: region 2: framing fixture reaches a real guardian
2026-10-07T21:13:51.3478491Z PASS: 854x480 region 2 phase 0 variant 0: complete collision outline stays inside the quiet play area
2026-10-07T21:13:51.3479223Z PASS: actual complete figure and raised weapon bounds clear the HUD as well as the warning
2026-10-07T21:13:51.3481413Z PASS: camera framing never changes simulation, warning geometry or RNG
2026-10-07T21:13:51.3505887Z PASS: Vowkeeper: fully extended contact poses remain inside the quiet play area
2026-10-07T21:13:51.3531614Z PASS: 854x480 region 2 phase 0 variant 1: complete collision outline stays inside the quiet play area
2026-10-07T21:13:51.3532747Z PASS: actual complete figure and raised weapon bounds clear the HUD as well as the warning
2026-10-07T21:13:51.3535123Z PASS: camera framing never changes simulation, warning geometry or RNG
2026-10-07T21:13:51.3559119Z PASS: Vowkeeper: fully extended contact poses remain inside the quiet play area
2026-10-07T21:13:51.3584728Z PASS: 854x480 region 2 phase 1 variant 0: complete collision outline stays inside the quiet play area
2026-10-07T21:13:51.3585717Z PASS: actual complete figure and raised weapon bounds clear the HUD as well as the warning
2026-10-07T21:13:51.3588122Z PASS: camera framing never changes simulation, warning geometry or RNG
2026-10-07T21:13:51.3611989Z PASS: Vowkeeper: fully extended contact poses remain inside the quiet play area
2026-10-07T21:13:51.3637347Z PASS: 854x480 region 2 phase 1 variant 1: complete collision outline stays inside the quiet play area
2026-10-07T21:13:51.3638425Z PASS: actual complete figure and raised weapon bounds clear the HUD as well as the warning
2026-10-07T21:13:51.3640752Z PASS: camera framing never changes simulation, warning geometry or RNG
2026-10-07T21:13:51.3664310Z PASS: Vowkeeper: fully extended contact poses remain inside the quiet play area
2026-10-07T21:13:51.3689648Z PASS: 854x480 region 2 phase 2 variant 0: complete collision outline stays inside the quiet play area
2026-10-07T21:13:51.3690719Z PASS: actual complete figure and raised weapon bounds clear the HUD as well as the warning
2026-10-07T21:13:51.3693045Z PASS: camera framing never changes simulation, warning geometry or RNG
2026-10-07T21:13:51.3716468Z PASS: Vowkeeper: fully extended contact poses remain inside the quiet play area
2026-10-07T21:13:51.3741568Z PASS: 854x480 region 2 phase 2 variant 1: complete collision outline stays inside the quiet play area
2026-10-07T21:13:51.3742614Z PASS: actual complete figure and raised weapon bounds clear the HUD as well as the warning
2026-10-07T21:13:51.3744919Z PASS: camera framing never changes simulation, warning geometry or RNG
2026-10-07T21:13:51.3768388Z PASS: Vowkeeper: fully extended contact poses remain inside the quiet play area
2026-10-07T21:13:51.3946029Z PASS: region 3: framing fixture reaches a real guardian
2026-10-07T21:13:51.7512751Z PASS: 854x480 region 3 phase 0 variant 0: complete collision outline stays inside the quiet play area
2026-10-07T21:13:51.7513492Z PASS: actual complete figure and raised weapon bounds clear the HUD as well as the warning
2026-10-07T21:13:51.7514410Z PASS: camera framing never changes simulation, warning geometry or RNG
2026-10-07T21:13:51.7535666Z PASS: Vowkeeper: fully extended contact poses remain inside the quiet play area
2026-10-07T21:13:51.7558190Z PASS: 854x480 region 3 phase 0 variant 1: complete collision outline stays inside the quiet play area
2026-10-07T21:13:51.7558721Z PASS: actual complete figure and raised weapon bounds clear the HUD as well as the warning
2026-10-07T21:13:51.7560730Z PASS: camera framing never changes simulation, warning geometry or RNG
2026-10-07T21:13:51.7582230Z PASS: Vowkeeper: fully extended contact poses remain inside the quiet play area
2026-10-07T21:13:51.7605567Z PASS: 854x480 region 3 phase 1 variant 0: complete collision outline stays inside the quiet play area
2026-10-07T21:13:51.7606220Z PASS: actual complete figure and raised weapon bounds clear the HUD as well as the warning
2026-10-07T21:13:51.7608421Z PASS: camera framing never changes simulation, warning geometry or RNG
2026-10-07T21:13:51.7629974Z PASS: Vowkeeper: fully extended contact poses remain inside the quiet play area
2026-10-07T21:13:51.7653342Z PASS: 854x480 region 3 phase 1 variant 1: complete collision outline stays inside the quiet play area
2026-10-07T21:13:51.7654004Z PASS: actual complete figure and raised weapon bounds clear the HUD as well as the warning
2026-10-07T21:13:51.7656247Z PASS: camera framing never changes simulation, warning geometry or RNG
2026-10-07T21:13:51.7677700Z PASS: Vowkeeper: fully extended contact poses remain inside the quiet play area
2026-10-07T21:13:51.7701360Z PASS: 854x480 region 3 phase 2 variant 0: complete collision outline stays inside the quiet play area
2026-10-07T21:13:51.7702182Z PASS: actual complete figure and raised weapon bounds clear the HUD as well as the warning
2026-10-07T21:13:51.7704609Z PASS: camera framing never changes simulation, warning geometry or RNG
2026-10-07T21:13:51.7726559Z PASS: Vowkeeper: fully extended contact poses remain inside the quiet play area
2026-10-07T21:13:51.7750319Z PASS: 854x480 region 3 phase 2 variant 1: complete collision outline stays inside the quiet play area
2026-10-07T21:13:51.7751074Z PASS: actual complete figure and raised weapon bounds clear the HUD as well as the warning
2026-10-07T21:13:51.7753451Z PASS: camera framing never changes simulation, warning geometry or RNG
2026-10-07T21:13:51.7775458Z PASS: Vowkeeper: fully extended contact poses remain inside the quiet play area
2026-10-07T21:13:51.7933659Z PASS: region 0: framing fixture reaches a real guardian
2026-10-07T21:13:52.1797617Z PASS: 854x480 region 0 phase 0 variant 0: complete collision outline stays inside the quiet play area
2026-10-07T21:13:52.1798378Z PASS: actual complete figure and raised weapon bounds clear the HUD as well as the warning
2026-10-07T21:13:52.1800050Z PASS: camera framing never changes simulation, warning geometry or RNG
2026-10-07T21:13:52.1820233Z PASS: Arcanist: fully extended contact poses remain inside the quiet play area
2026-10-07T21:13:52.1841029Z PASS: 854x480 region 0 phase 0 variant 1: complete collision outline stays inside the quiet play area
2026-10-07T21:13:52.1841685Z PASS: actual complete figure and raised weapon bounds clear the HUD as well as the warning
2026-10-07T21:13:52.1843955Z PASS: camera framing never changes simulation, warning geometry or RNG
2026-10-07T21:13:52.1863545Z PASS: Arcanist: fully extended contact poses remain inside the quiet play area
2026-10-07T21:13:52.1885182Z PASS: 854x480 region 0 phase 1 variant 0: complete collision outline stays inside the quiet play area
2026-10-07T21:13:52.1886069Z PASS: actual complete figure and raised weapon bounds clear the HUD as well as the warning
2026-10-07T21:13:52.1888683Z PASS: camera framing never changes simulation, warning geometry or RNG
2026-10-07T21:13:52.1908726Z PASS: Arcanist: fully extended contact poses remain inside the quiet play area
2026-10-07T21:13:52.1930606Z PASS: 854x480 region 0 phase 1 variant 1: complete collision outline stays inside the quiet play area
2026-10-07T21:13:52.1931394Z PASS: actual complete figure and raised weapon bounds clear the HUD as well as the warning
2026-10-07T21:13:52.1933702Z PASS: camera framing never changes simulation, warning geometry or RNG
2026-10-07T21:13:52.1954029Z PASS: Arcanist: fully extended contact poses remain inside the quiet play area
2026-10-07T21:13:52.1976642Z PASS: 854x480 region 0 phase 2 variant 0: complete collision outline stays inside the quiet play area
2026-10-07T21:13:52.1978128Z PASS: actual complete figure and raised weapon bounds clear the HUD as well as the warning
2026-10-07T21:13:52.1980391Z PASS: camera framing never changes simulation, warning geometry or RNG
2026-10-07T21:13:52.2001521Z PASS: Arcanist: fully extended contact poses remain inside the quiet play area
2026-10-07T21:13:52.2025378Z PASS: 854x480 region 0 phase 2 variant 1: complete collision outline stays inside the quiet play area
2026-10-07T21:13:52.2026875Z PASS: actual complete figure and raised weapon bounds clear the HUD as well as the warning
2026-10-07T21:13:52.2029172Z PASS: camera framing never changes simulation, warning geometry or RNG
2026-10-07T21:13:52.2050253Z PASS: Arcanist: fully extended contact poses remain inside the quiet play area
2026-10-07T21:13:52.2229290Z PASS: region 1: framing fixture reaches a real guardian
2026-10-07T21:13:52.5546338Z PASS: 854x480 region 1 phase 0 variant 0: complete collision outline stays inside the quiet play area
2026-10-07T21:13:52.5547096Z PASS: actual complete figure and raised weapon bounds clear the HUD as well as the warning
2026-10-07T21:13:52.5547655Z PASS: camera framing never changes simulation, warning geometry or RNG
2026-10-07T21:13:52.5566367Z PASS: Arcanist: fully extended contact poses remain inside the quiet play area
2026-10-07T21:13:52.5586218Z PASS: 854x480 region 1 phase 0 variant 1: complete collision outline stays inside the quiet play area
2026-10-07T21:13:52.5586871Z PASS: actual complete figure and raised weapon bounds clear the HUD as well as the warning
2026-10-07T21:13:52.5588728Z PASS: camera framing never changes simulation, warning geometry or RNG
2026-10-07T21:13:52.5606993Z PASS: Arcanist: fully extended contact poses remain inside the quiet play area
2026-10-07T21:13:52.5627075Z PASS: 854x480 region 1 phase 1 variant 0: complete collision outline stays inside the quiet play area
2026-10-07T21:13:52.5627727Z PASS: actual complete figure and raised weapon bounds clear the HUD as well as the warning
2026-10-07T21:13:52.5629685Z PASS: camera framing never changes simulation, warning geometry or RNG
2026-10-07T21:13:52.5647973Z PASS: Arcanist: fully extended contact poses remain inside the quiet play area
2026-10-07T21:13:52.5667904Z PASS: 854x480 region 1 phase 1 variant 1: complete collision outline stays inside the quiet play area
2026-10-07T21:13:52.5668556Z PASS: actual complete figure and raised weapon bounds clear the HUD as well as the warning
2026-10-07T21:13:52.5670447Z PASS: camera framing never changes simulation, warning geometry or RNG
2026-10-07T21:13:52.5688676Z PASS: Arcanist: fully extended contact poses remain inside the quiet play area
2026-10-07T21:13:52.5709197Z PASS: 854x480 region 1 phase 2 variant 0: complete collision outline stays inside the quiet play area
2026-10-07T21:13:52.5709983Z PASS: actual complete figure and raised weapon bounds clear the HUD as well as the warning
2026-10-07T21:13:52.5712280Z PASS: camera framing never changes simulation, warning geometry or RNG
2026-10-07T21:13:52.5731433Z PASS: Arcanist: fully extended contact poses remain inside the quiet play area
2026-10-07T21:13:52.5752356Z PASS: 854x480 region 1 phase 2 variant 1: complete collision outline stays inside the quiet play area
2026-10-07T21:13:52.5753234Z PASS: actual complete figure and raised weapon bounds clear the HUD as well as the warning
2026-10-07T21:13:52.5755549Z PASS: camera framing never changes simulation, warning geometry or RNG
2026-10-07T21:13:52.5774839Z PASS: Arcanist: fully extended contact poses remain inside the quiet play area
2026-10-07T21:13:52.5940194Z PASS: region 2: framing fixture reaches a real guardian
2026-10-07T21:13:52.9648505Z PASS: 854x480 region 2 phase 0 variant 0: complete collision outline stays inside the quiet play area
2026-10-07T21:13:52.9649284Z PASS: actual complete figure and raised weapon bounds clear the HUD as well as the warning
2026-10-07T21:13:52.9651140Z PASS: camera framing never changes simulation, warning geometry or RNG
2026-10-07T21:13:52.9672990Z PASS: Arcanist: fully extended contact poses remain inside the quiet play area
2026-10-07T21:13:52.9695796Z PASS: 854x480 region 2 phase 0 variant 1: complete collision outline stays inside the quiet play area
2026-10-07T21:13:52.9696861Z PASS: actual complete figure and raised weapon bounds clear the HUD as well as the warning
2026-10-07T21:13:52.9699381Z PASS: camera framing never changes simulation, warning geometry or RNG
2026-10-07T21:13:52.9720778Z PASS: Arcanist: fully extended contact poses remain inside the quiet play area
2026-10-07T21:13:52.9743606Z PASS: 854x480 region 2 phase 1 variant 0: complete collision outline stays inside the quiet play area
2026-10-07T21:13:52.9744711Z PASS: actual complete figure and raised weapon bounds clear the HUD as well as the warning
2026-10-07T21:13:52.9747172Z PASS: camera framing never changes simulation, warning geometry or RNG
2026-10-07T21:13:52.9768487Z PASS: Arcanist: fully extended contact poses remain inside the quiet play area
2026-10-07T21:13:52.9791273Z PASS: 854x480 region 2 phase 1 variant 1: complete collision outline stays inside the quiet play area
2026-10-07T21:13:52.9792375Z PASS: actual complete figure and raised weapon bounds clear the HUD as well as the warning
2026-10-07T21:13:52.9794706Z PASS: camera framing never changes simulation, warning geometry or RNG
2026-10-07T21:13:52.9816003Z PASS: Arcanist: fully extended contact poses remain inside the quiet play area
2026-10-07T21:13:52.9838654Z PASS: 854x480 region 2 phase 2 variant 0: complete collision outline stays inside the quiet play area
2026-10-07T21:13:52.9839745Z PASS: actual complete figure and raised weapon bounds clear the HUD as well as the warning
2026-10-07T21:13:52.9842058Z PASS: camera framing never changes simulation, warning geometry or RNG
2026-10-07T21:13:52.9863247Z PASS: Arcanist: fully extended contact poses remain inside the quiet play area
2026-10-07T21:13:52.9887312Z PASS: 854x480 region 2 phase 2 variant 1: complete collision outline stays inside the quiet play area
2026-10-07T21:13:52.9888474Z PASS: actual complete figure and raised weapon bounds clear the HUD as well as the warning
2026-10-07T21:13:52.9890804Z PASS: camera framing never changes simulation, warning geometry or RNG
2026-10-07T21:13:52.9911910Z PASS: Arcanist: fully extended contact poses remain inside the quiet play area
2026-10-07T21:13:53.0077369Z PASS: region 3: framing fixture reaches a real guardian
2026-10-07T21:13:53.3113158Z PASS: 854x480 region 3 phase 0 variant 0: complete collision outline stays inside the quiet play area
2026-10-07T21:13:53.3113912Z PASS: actual complete figure and raised weapon bounds clear the HUD as well as the warning
2026-10-07T21:13:53.3115008Z PASS: camera framing never changes simulation, warning geometry or RNG
2026-10-07T21:13:53.3135487Z PASS: Arcanist: fully extended contact poses remain inside the quiet play area
2026-10-07T21:13:53.3156006Z PASS: 854x480 region 3 phase 0 variant 1: complete collision outline stays inside the quiet play area
2026-10-07T21:13:53.3156660Z PASS: actual complete figure and raised weapon bounds clear the HUD as well as the warning
2026-10-07T21:13:53.3158613Z PASS: camera framing never changes simulation, warning geometry or RNG
2026-10-07T21:13:53.3177337Z PASS: Arcanist: fully extended contact poses remain inside the quiet play area
2026-10-07T21:13:53.3197472Z PASS: 854x480 region 3 phase 1 variant 0: complete collision outline stays inside the quiet play area
2026-10-07T21:13:53.3198183Z PASS: actual complete figure and raised weapon bounds clear the HUD as well as the warning
2026-10-07T21:13:53.3200575Z PASS: camera framing never changes simulation, warning geometry or RNG
2026-10-07T21:13:53.3219902Z PASS: Arcanist: fully extended contact poses remain inside the quiet play area
2026-10-07T21:13:53.3240714Z PASS: 854x480 region 3 phase 1 variant 1: complete collision outline stays inside the quiet play area
2026-10-07T21:13:53.3241370Z PASS: actual complete figure and raised weapon bounds clear the HUD as well as the warning
2026-10-07T21:13:53.3243446Z PASS: camera framing never changes simulation, warning geometry or RNG
2026-10-07T21:13:53.3262372Z PASS: Arcanist: fully extended contact poses remain inside the quiet play area
2026-10-07T21:13:53.3283315Z PASS: 854x480 region 3 phase 2 variant 0: complete collision outline stays inside the quiet play area
2026-10-07T21:13:53.3284233Z PASS: actual complete figure and raised weapon bounds clear the HUD as well as the warning
2026-10-07T21:13:53.3286410Z PASS: camera framing never changes simulation, warning geometry or RNG
2026-10-07T21:13:53.3305637Z PASS: Arcanist: fully extended contact poses remain inside the quiet play area
2026-10-07T21:13:53.3326559Z PASS: 854x480 region 3 phase 2 variant 1: complete collision outline stays inside the quiet play area
2026-10-07T21:13:53.3327470Z PASS: actual complete figure and raised weapon bounds clear the HUD as well as the warning
2026-10-07T21:13:53.3329555Z PASS: camera framing never changes simulation, warning geometry or RNG
2026-10-07T21:13:53.3348916Z PASS: Arcanist: fully extended contact poses remain inside the quiet play area
2026-10-07T21:13:53.3519083Z PASS: region 0: framing fixture reaches a real guardian
2026-10-07T21:13:53.8445653Z PASS: 854x480 region 0 phase 0 variant 0: complete collision outline stays inside the quiet play area
2026-10-07T21:13:53.8446157Z PASS: actual complete figure and raised weapon bounds clear the HUD as well as the warning
2026-10-07T21:13:53.8447368Z PASS: camera framing never changes simulation, warning geometry or RNG
2026-10-07T21:13:53.8469429Z PASS: Ranger: fully extended contact poses remain inside the quiet play area
2026-10-07T21:13:53.8491585Z PASS: 854x480 region 0 phase 0 variant 1: complete collision outline stays inside the quiet play area
2026-10-07T21:13:53.8492526Z PASS: actual complete figure and raised weapon bounds clear the HUD as well as the warning
2026-10-07T21:13:53.8493924Z PASS: camera framing never changes simulation, warning geometry or RNG
2026-10-07T21:13:53.8513841Z PASS: Ranger: fully extended contact poses remain inside the quiet play area
2026-10-07T21:13:53.8536596Z PASS: 854x480 region 0 phase 1 variant 0: complete collision outline stays inside the quiet play area
2026-10-07T21:13:53.8537226Z PASS: actual complete figure and raised weapon bounds clear the HUD as well as the warning
2026-10-07T21:13:53.8539401Z PASS: camera framing never changes simulation, warning geometry or RNG
2026-10-07T21:13:53.8559793Z PASS: Ranger: fully extended contact poses remain inside the quiet play area
2026-10-07T21:13:53.8581925Z PASS: 854x480 region 0 phase 1 variant 1: complete collision outline stays inside the quiet play area
2026-10-07T21:13:53.8582604Z PASS: actual complete figure and raised weapon bounds clear the HUD as well as the warning
2026-10-07T21:13:53.8584590Z PASS: camera framing never changes simulation, warning geometry or RNG
2026-10-07T21:13:53.8604978Z PASS: Ranger: fully extended contact poses remain inside the quiet play area
2026-10-07T21:13:53.8628078Z PASS: 854x480 region 0 phase 2 variant 0: complete collision outline stays inside the quiet play area
2026-10-07T21:13:53.8629216Z PASS: actual complete figure and raised weapon bounds clear the HUD as well as the warning
2026-10-07T21:13:53.8631431Z PASS: camera framing never changes simulation, warning geometry or RNG
2026-10-07T21:13:53.8652799Z PASS: Ranger: fully extended contact poses remain inside the quiet play area
2026-10-07T21:13:53.8675883Z PASS: 854x480 region 0 phase 2 variant 1: complete collision outline stays inside the quiet play area
2026-10-07T21:13:53.8676983Z PASS: actual complete figure and raised weapon bounds clear the HUD as well as the warning
2026-10-07T21:13:53.8679004Z PASS: camera framing never changes simulation, warning geometry or RNG
2026-10-07T21:13:53.8700367Z PASS: Ranger: fully extended contact poses remain inside the quiet play area
2026-10-07T21:13:53.8834945Z PASS: region 1: framing fixture reaches a real guardian
2026-10-07T21:13:54.3192946Z PASS: 854x480 region 1 phase 0 variant 0: complete collision outline stays inside the quiet play area
2026-10-07T21:13:54.3193381Z PASS: actual complete figure and raised weapon bounds clear the HUD as well as the warning
2026-10-07T21:13:54.3194041Z PASS: camera framing never changes simulation, warning geometry or RNG
2026-10-07T21:13:54.3213403Z PASS: Ranger: fully extended contact poses remain inside the quiet play area
2026-10-07T21:13:54.3233811Z PASS: 854x480 region 1 phase 0 variant 1: complete collision outline stays inside the quiet play area
2026-10-07T21:13:54.3234443Z PASS: actual complete figure and raised weapon bounds clear the HUD as well as the warning
2026-10-07T21:13:54.3235939Z PASS: camera framing never changes simulation, warning geometry or RNG
2026-10-07T21:13:54.3254959Z PASS: Ranger: fully extended contact poses remain inside the quiet play area
2026-10-07T21:13:54.3275484Z PASS: 854x480 region 1 phase 1 variant 0: complete collision outline stays inside the quiet play area
2026-10-07T21:13:54.3276100Z PASS: actual complete figure and raised weapon bounds clear the HUD as well as the warning
2026-10-07T21:13:54.3277540Z PASS: camera framing never changes simulation, warning geometry or RNG
2026-10-07T21:13:54.3296371Z PASS: Ranger: fully extended contact poses remain inside the quiet play area
2026-10-07T21:13:54.3316893Z PASS: 854x480 region 1 phase 1 variant 1: complete collision outline stays inside the quiet play area
2026-10-07T21:13:54.3317531Z PASS: actual complete figure and raised weapon bounds clear the HUD as well as the warning
2026-10-07T21:13:54.3318986Z PASS: camera framing never changes simulation, warning geometry or RNG
2026-10-07T21:13:54.3337913Z PASS: Ranger: fully extended contact poses remain inside the quiet play area
2026-10-07T21:13:54.3359546Z PASS: 854x480 region 1 phase 2 variant 0: complete collision outline stays inside the quiet play area
2026-10-07T21:13:54.3360572Z PASS: actual complete figure and raised weapon bounds clear the HUD as well as the warning
2026-10-07T21:13:54.3362277Z PASS: camera framing never changes simulation, warning geometry or RNG
2026-10-07T21:13:54.3381899Z PASS: Ranger: fully extended contact poses remain inside the quiet play area
2026-10-07T21:13:54.3403161Z PASS: 854x480 region 1 phase 2 variant 1: complete collision outline stays inside the quiet play area
2026-10-07T21:13:54.3403802Z PASS: actual complete figure and raised weapon bounds clear the HUD as well as the warning
2026-10-07T21:13:54.3405945Z PASS: camera framing never changes simulation, warning geometry or RNG
2026-10-07T21:13:54.3425423Z PASS: Ranger: fully extended contact poses remain inside the quiet play area
2026-10-07T21:13:54.3570582Z PASS: region 2: framing fixture reaches a real guardian
2026-10-07T21:13:54.8052827Z PASS: 854x480 region 2 phase 0 variant 0: complete collision outline stays inside the quiet play area
2026-10-07T21:13:54.8053513Z PASS: actual complete figure and raised weapon bounds clear the HUD as well as the warning
2026-10-07T21:13:54.8054627Z PASS: camera framing never changes simulation, warning geometry or RNG
2026-10-07T21:13:54.8076037Z PASS: Ranger: fully extended contact poses remain inside the quiet play area
2026-10-07T21:13:54.8098541Z PASS: 854x480 region 2 phase 0 variant 1: complete collision outline stays inside the quiet play area
2026-10-07T21:13:54.8099225Z PASS: actual complete figure and raised weapon bounds clear the HUD as well as the warning
2026-10-07T21:13:54.8100988Z PASS: camera framing never changes simulation, warning geometry or RNG
2026-10-07T21:13:54.8121343Z PASS: Ranger: fully extended contact poses remain inside the quiet play area
2026-10-07T21:13:54.8143589Z PASS: 854x480 region 2 phase 1 variant 0: complete collision outline stays inside the quiet play area
2026-10-07T21:13:54.8144339Z PASS: actual complete figure and raised weapon bounds clear the HUD as well as the warning
2026-10-07T21:13:54.8146337Z PASS: camera framing never changes simulation, warning geometry or RNG
2026-10-07T21:13:54.8166705Z PASS: Ranger: fully extended contact poses remain inside the quiet play area
2026-10-07T21:13:54.8188892Z PASS: 854x480 region 2 phase 1 variant 1: complete collision outline stays inside the quiet play area
2026-10-07T21:13:54.8189633Z PASS: actual complete figure and raised weapon bounds clear the HUD as well as the warning
2026-10-07T21:13:54.8191547Z PASS: camera framing never changes simulation, warning geometry or RNG
2026-10-07T21:13:54.8212175Z PASS: Ranger: fully extended contact poses remain inside the quiet play area
2026-10-07T21:13:54.8234725Z PASS: 854x480 region 2 phase 2 variant 0: complete collision outline stays inside the quiet play area
2026-10-07T21:13:54.8235580Z PASS: actual complete figure and raised weapon bounds clear the HUD as well as the warning
2026-10-07T21:13:54.8237615Z PASS: camera framing never changes simulation, warning geometry or RNG
2026-10-07T21:13:54.8258481Z PASS: Ranger: fully extended contact poses remain inside the quiet play area
2026-10-07T21:13:54.8280866Z PASS: 854x480 region 2 phase 2 variant 1: complete collision outline stays inside the quiet play area
2026-10-07T21:13:54.8281751Z PASS: actual complete figure and raised weapon bounds clear the HUD as well as the warning
2026-10-07T21:13:54.8283680Z PASS: camera framing never changes simulation, warning geometry or RNG
2026-10-07T21:13:54.8304524Z PASS: Ranger: fully extended contact poses remain inside the quiet play area
2026-10-07T21:13:54.8448270Z PASS: region 3: framing fixture reaches a real guardian
2026-10-07T21:13:55.2795712Z PASS: 854x480 region 3 phase 0 variant 0: complete collision outline stays inside the quiet play area
2026-10-07T21:13:55.2796421Z PASS: actual complete figure and raised weapon bounds clear the HUD as well as the warning
2026-10-07T21:13:55.2796958Z PASS: camera framing never changes simulation, warning geometry or RNG
2026-10-07T21:13:55.2816429Z PASS: Ranger: fully extended contact poses remain inside the quiet play area
2026-10-07T21:13:55.2837085Z PASS: 854x480 region 3 phase 0 variant 1: complete collision outline stays inside the quiet play area
2026-10-07T21:13:55.2837730Z PASS: actual complete figure and raised weapon bounds clear the HUD as well as the warning
2026-10-07T21:13:55.2838909Z PASS: camera framing never changes simulation, warning geometry or RNG
2026-10-07T21:13:55.2858126Z PASS: Ranger: fully extended contact poses remain inside the quiet play area
2026-10-07T21:13:55.2879083Z PASS: 854x480 region 3 phase 1 variant 0: complete collision outline stays inside the quiet play area
2026-10-07T21:13:55.2879719Z PASS: actual complete figure and raised weapon bounds clear the HUD as well as the warning
2026-10-07T21:13:55.2881257Z PASS: camera framing never changes simulation, warning geometry or RNG
2026-10-07T21:13:55.2900675Z PASS: Ranger: fully extended contact poses remain inside the quiet play area
2026-10-07T21:13:55.2921499Z PASS: 854x480 region 3 phase 1 variant 1: complete collision outline stays inside the quiet play area
2026-10-07T21:13:55.2922139Z PASS: actual complete figure and raised weapon bounds clear the HUD as well as the warning
2026-10-07T21:13:55.2923617Z PASS: camera framing never changes simulation, warning geometry or RNG
2026-10-07T21:13:55.2942880Z PASS: Ranger: fully extended contact poses remain inside the quiet play area
2026-10-07T21:13:55.2964328Z PASS: 854x480 region 3 phase 2 variant 0: complete collision outline stays inside the quiet play area
2026-10-07T21:13:55.2964937Z PASS: actual complete figure and raised weapon bounds clear the HUD as well as the warning
2026-10-07T21:13:55.2966683Z PASS: camera framing never changes simulation, warning geometry or RNG
2026-10-07T21:13:55.2986077Z PASS: Ranger: fully extended contact poses remain inside the quiet play area
2026-10-07T21:13:55.3007403Z PASS: 854x480 region 3 phase 2 variant 1: complete collision outline stays inside the quiet play area
2026-10-07T21:13:55.3008090Z PASS: actual complete figure and raised weapon bounds clear the HUD as well as the warning
2026-10-07T21:13:55.3010092Z PASS: camera framing never changes simulation, warning geometry or RNG
2026-10-07T21:13:55.3029471Z PASS: Ranger: fully extended contact poses remain inside the quiet play area
2026-10-07T21:13:55.3089460Z WORLD FRAMING SMOKE: 900 checks, 0 failures
2026-10-07T21:13:55.4777196Z ##[group]Run godot --headless --path . --script tests/authored_art_smoke.gd
2026-10-07T21:13:55.4777513Z [36;1mgodot --headless --path . --script tests/authored_art_smoke.gd[0m
2026-10-07T21:13:55.4829420Z shell: /usr/bin/bash -e {0}
2026-10-07T21:13:55.4829555Z env:
2026-10-07T21:13:55.4829721Z   JAVA_HOME: /opt/hostedtoolcache/Java_Temurin-Hotspot_jdk/17.0.20-1/x64
2026-10-07T21:13:55.4829979Z   JAVA_HOME_17_X64: /opt/hostedtoolcache/Java_Temurin-Hotspot_jdk/17.0.20-1/x64
2026-10-07T21:13:55.4830179Z   MAVEN_ARGS: -ntp
2026-10-07T21:13:55.4830318Z   ANDROID_HOME: /usr/local/lib/android/sdk
2026-10-07T21:13:55.4830480Z   ANDROID_SDK_ROOT: /usr/local/lib/android/sdk
2026-10-07T21:13:55.4830631Z ##[endgroup]
2026-10-07T21:13:55.5037361Z Godot Engine v4.7.2.stable.official.ed1daf0bf - https://godotengine.org
2026-10-07T21:13:55.5239021Z 
2026-10-07T21:13:57.5847758Z PASS: Vowkeeper: own exported character appearance
2026-10-07T21:13:57.5869960Z PASS: Vowkeeper: finite geometry and normals fit the animated joint contract
2026-10-07T21:13:57.5870556Z PASS: Vowkeeper: character geometry remains within the 40k triangle ceiling (36378)
2026-10-07T21:13:57.5871070Z PASS: Arcanist: own exported character appearance
2026-10-07T21:13:57.5892813Z PASS: Arcanist: finite geometry and normals fit the animated joint contract
2026-10-07T21:13:57.5893408Z PASS: Arcanist: character geometry remains within the 40k triangle ceiling (36376)
2026-10-07T21:13:57.5893907Z PASS: Ranger: own exported character appearance
2026-10-07T21:13:57.5915444Z PASS: Ranger: finite geometry and normals fit the animated joint contract
2026-10-07T21:13:57.5916391Z PASS: Ranger: character geometry remains within the 40k triangle ceiling (36380)
2026-10-07T21:13:57.5916842Z PASS: raider: own exported character appearance
2026-10-07T21:13:57.5927680Z PASS: raider: finite geometry and normals fit the animated joint contract
2026-10-07T21:13:57.5928240Z PASS: raider: character geometry remains within the 40k triangle ceiling (20343)
2026-10-07T21:13:57.5928712Z PASS: hexer: own exported character appearance
2026-10-07T21:13:57.5948339Z PASS: hexer: finite geometry and normals fit the animated joint contract
2026-10-07T21:13:57.5948893Z PASS: hexer: character geometry remains within the 40k triangle ceiling (35903)
2026-10-07T21:13:57.5949346Z PASS: bulwark: own exported character appearance
2026-10-07T21:13:57.5963838Z PASS: bulwark: finite geometry and normals fit the animated joint contract
2026-10-07T21:13:57.5964406Z PASS: bulwark: character geometry remains within the 40k triangle ceiling (25140)
2026-10-07T21:13:57.5964846Z PASS: elite: own exported character appearance
2026-10-07T21:13:57.5978303Z PASS: elite: finite geometry and normals fit the animated joint contract
2026-10-07T21:13:57.5978817Z PASS: elite: character geometry remains within the 40k triangle ceiling (23660)
2026-10-07T21:13:57.5979275Z PASS: guardian_0: own exported character appearance
2026-10-07T21:13:57.5998002Z PASS: guardian_0: finite geometry and normals fit the animated joint contract
2026-10-07T21:13:57.5998537Z PASS: guardian_0: character geometry remains within the 40k triangle ceiling (34428)
2026-10-07T21:13:57.5998989Z PASS: guardian_1: own exported character appearance
2026-10-07T21:13:57.6019409Z PASS: guardian_1: finite geometry and normals fit the animated joint contract
2026-10-07T21:13:57.6019937Z PASS: guardian_1: character geometry remains within the 40k triangle ceiling (36381)
2026-10-07T21:13:57.6020401Z PASS: guardian_2: own exported character appearance
2026-10-07T21:13:57.6040585Z PASS: guardian_2: finite geometry and normals fit the animated joint contract
2026-10-07T21:13:57.6041130Z PASS: guardian_2: character geometry remains within the 40k triangle ceiling (36379)
2026-10-07T21:13:57.6041572Z PASS: guardian_3: own exported character appearance
2026-10-07T21:13:57.6056273Z PASS: guardian_3: finite geometry and normals fit the animated joint contract
2026-10-07T21:13:57.6057104Z PASS: guardian_3: character geometry remains within the 40k triangle ceiling (25856)
2026-10-07T21:13:57.6057418Z PASS: field_table: architectural GLTF is available for export
2026-10-07T21:13:57.6065971Z PASS: field_forge: architectural GLTF is available for export
2026-10-07T21:13:57.6066249Z PASS: seal_shrine: architectural GLTF is available for export
2026-10-07T21:13:57.6066516Z PASS: vault: architectural GLTF is available for export
2026-10-07T21:13:57.6074760Z PASS: vault: repeated landmark stays joined within twelve material meshes
2026-10-07T21:13:57.6075073Z PASS: library: architectural GLTF is available for export
2026-10-07T21:13:57.6075452Z PASS: library: repeated landmark stays joined within twelve material meshes
2026-10-07T21:13:57.6075723Z PASS: altar: architectural GLTF is available for export
2026-10-07T21:13:57.6075995Z PASS: altar: repeated landmark stays joined within twelve material meshes
2026-10-07T21:13:57.6076279Z PASS: throne: architectural GLTF is available for export
2026-10-07T21:13:57.6076580Z PASS: throne: repeated landmark stays joined within twelve material meshes
2026-10-07T21:13:57.6076874Z PASS: brazier: architectural GLTF is available for export
2026-10-07T21:13:57.6077115Z PASS: lancet: architectural GLTF is available for export
2026-10-07T21:13:57.6077353Z PASS: intarsia: architectural GLTF is available for export
2026-10-07T21:13:57.6077603Z PASS: pillar: architectural GLTF is available for export
2026-10-07T21:13:57.6077888Z PASS: broken_pillar: architectural GLTF is available for export
2026-10-07T21:13:57.6078160Z PASS: arch: architectural GLTF is available for export
2026-10-07T21:13:57.6078572Z PASS: tomb: architectural GLTF is available for export
2026-10-07T21:13:57.6078795Z PASS: bell: architectural GLTF is available for export
2026-10-07T21:13:57.6079035Z PASS: bone_arch: architectural GLTF is available for export
2026-10-07T21:13:57.6079288Z PASS: furnace: architectural GLTF is available for export
2026-10-07T21:13:57.6079544Z PASS: well: architectural GLTF is available for export
2026-10-07T21:13:57.9051346Z PASS: guardian 0: actual native body/prop meshes and skins share cached immutable resources while every visible PBR override and contact shadow belongs to its actor
2026-10-07T21:13:57.9066896Z PASS: guardian 0: actual 3D attack, impact and defeat states remain finite
2026-10-07T21:13:58.1158324Z PASS: guardian 1: actual native body/prop meshes and skins share cached immutable resources while every visible PBR override and contact shadow belongs to its actor
2026-10-07T21:13:58.1175750Z PASS: guardian 1: actual 3D attack, impact and defeat states remain finite
2026-10-07T21:13:58.3231127Z PASS: guardian 2: actual native body/prop meshes and skins share cached immutable resources while every visible PBR override and contact shadow belongs to its actor
2026-10-07T21:13:58.3250762Z PASS: guardian 2: actual 3D attack, impact and defeat states remain finite
2026-10-07T21:13:58.5590609Z PASS: guardian 3: actual native body/prop meshes and skins share cached immutable resources while every visible PBR override and contact shadow belongs to its actor
2026-10-07T21:13:58.5604172Z PASS: guardian 3: actual 3D attack, impact and defeat states remain finite
2026-10-07T21:13:58.9357961Z PASS: region 0 seed 1979: route audit includes real standing-height dressing
2026-10-07T21:13:58.9358673Z PASS: region 0 seed 1979: added walls and complete props leave authoritative passages clear (0 intersections)
2026-10-07T21:13:58.9359876Z PASS: region 0 seed 1979: repeated static geometry stays below 450 batches (185)
2026-10-07T21:13:59.3746636Z PASS: region 0 seed 1042: route audit includes real standing-height dressing
2026-10-07T21:13:59.3747367Z PASS: region 0 seed 1042: added walls and complete props leave authoritative passages clear (0 intersections)
2026-10-07T21:13:59.3748507Z PASS: region 0 seed 1042: repeated static geometry stays below 450 batches (188)
2026-10-07T21:13:59.8141861Z PASS: region 0 seed 7351: route audit includes real standing-height dressing
2026-10-07T21:13:59.8142979Z PASS: region 0 seed 7351: added walls and complete props leave authoritative passages clear (0 intersections)
2026-10-07T21:13:59.8143889Z PASS: region 0 seed 7351: repeated static geometry stays below 450 batches (194)
2026-10-07T21:14:00.1472724Z PASS: region 1 seed 1979: route audit includes real standing-height dressing
2026-10-07T21:14:00.1473439Z PASS: region 1 seed 1979: added walls and complete props leave authoritative passages clear (0 intersections)
2026-10-07T21:14:00.1475153Z PASS: region 1 seed 1979: repeated static geometry stays below 450 batches (199)
2026-10-07T21:14:00.1483245Z PASS: region 1 seed 1979: native fluid centers are visible through actual stone-court mesh openings
2026-10-07T21:14:00.4774305Z PASS: region 1 seed 1042: route audit includes real standing-height dressing
2026-10-07T21:14:00.4775014Z PASS: region 1 seed 1042: added walls and complete props leave authoritative passages clear (0 intersections)
2026-10-07T21:14:00.4776672Z PASS: region 1 seed 1042: repeated static geometry stays below 450 batches (206)
2026-10-07T21:14:00.4783678Z PASS: region 1 seed 1042: native fluid centers are visible through actual stone-court mesh openings
2026-10-07T21:14:00.8820674Z PASS: region 1 seed 7351: route audit includes real standing-height dressing
2026-10-07T21:14:00.8821366Z PASS: region 1 seed 7351: added walls and complete props leave authoritative passages clear (0 intersections)
2026-10-07T21:14:00.8823042Z PASS: region 1 seed 7351: repeated static geometry stays below 450 batches (198)
2026-10-07T21:14:00.8830507Z PASS: region 1 seed 7351: native fluid centers are visible through actual stone-court mesh openings
2026-10-07T21:14:01.2065733Z PASS: region 2 seed 1979: route audit includes real standing-height dressing
2026-10-07T21:14:01.2066214Z PASS: region 2 seed 1979: added walls and complete props leave authoritative passages clear (0 intersections)
2026-10-07T21:14:01.2068178Z PASS: region 2 seed 1979: repeated static geometry stays below 450 batches (168)
2026-10-07T21:14:01.6439277Z PASS: region 2 seed 1042: route audit includes real standing-height dressing
2026-10-07T21:14:01.6439983Z PASS: region 2 seed 1042: added walls and complete props leave authoritative passages clear (0 intersections)
2026-10-07T21:14:01.6441138Z PASS: region 2 seed 1042: repeated static geometry stays below 450 batches (171)
2026-10-07T21:14:01.9752927Z PASS: region 2 seed 7351: route audit includes real standing-height dressing
2026-10-07T21:14:01.9753629Z PASS: region 2 seed 7351: added walls and complete props leave authoritative passages clear (0 intersections)
2026-10-07T21:14:01.9754712Z PASS: region 2 seed 7351: repeated static geometry stays below 450 batches (180)
2026-10-07T21:14:02.3740455Z PASS: region 3 seed 1979: route audit includes real standing-height dressing
2026-10-07T21:14:02.3741186Z PASS: region 3 seed 1979: added walls and complete props leave authoritative passages clear (0 intersections)
2026-10-07T21:14:02.3743060Z PASS: region 3 seed 1979: repeated static geometry stays below 450 batches (210)
2026-10-07T21:14:02.3753146Z PASS: region 3 seed 1979: native fluid centers are visible through actual stone-court mesh openings
2026-10-07T21:14:02.7006914Z PASS: region 3 seed 1042: route audit includes real standing-height dressing
2026-10-07T21:14:02.7007622Z PASS: region 3 seed 1042: added walls and complete props leave authoritative passages clear (0 intersections)
2026-10-07T21:14:02.7009695Z PASS: region 3 seed 1042: repeated static geometry stays below 450 batches (214)
2026-10-07T21:14:02.7018345Z PASS: region 3 seed 1042: native fluid centers are visible through actual stone-court mesh openings
2026-10-07T21:14:03.0956220Z PASS: region 3 seed 7351: route audit includes real standing-height dressing
2026-10-07T21:14:03.0956909Z PASS: region 3 seed 7351: added walls and complete props leave authoritative passages clear (0 intersections)
2026-10-07T21:14:03.0959398Z PASS: region 3 seed 7351: repeated static geometry stays below 450 batches (218)
2026-10-07T21:14:03.0969434Z PASS: region 3 seed 7351: native fluid centers are visible through actual stone-court mesh openings
2026-10-07T21:14:03.1075830Z AUTHORED ART SMOKE: 105 checks, 0 failures
2026-10-07T21:14:03.1767135Z ##[group]Run ci_password="$(openssl rand -hex 32)"
2026-10-07T21:14:03.1767368Z [36;1mci_password="$(openssl rand -hex 32)"[0m
2026-10-07T21:14:03.1767537Z [36;1mecho "::add-mask::$ci_password"[0m
2026-10-07T21:14:03.1767782Z [36;1mkeytool -genkeypair -noprompt -keystore "$RUNNER_TEMP/emberfall-ci-upload.jks" \[0m
2026-10-07T21:14:03.1768093Z [36;1m  -storepass "$ci_password" -alias emberfall-ci -keypass "$ci_password" \[0m
2026-10-07T21:14:03.1768346Z [36;1m  -keyalg RSA -keysize 2048 -validity 10000 \[0m
2026-10-07T21:14:03.1768532Z [36;1m  -dname 'CN=Emberfall CI,O=Emberfall,C=US'[0m
2026-10-07T21:14:03.1768686Z [36;1m{[0m
2026-10-07T21:14:03.1768880Z [36;1m  echo "GODOT_ANDROID_KEYSTORE_RELEASE_PATH=$RUNNER_TEMP/emberfall-ci-upload.jks"[0m
2026-10-07T21:14:03.1769149Z [36;1m  echo "GODOT_ANDROID_KEYSTORE_RELEASE_USER=emberfall-ci"[0m
2026-10-07T21:14:03.1769376Z [36;1m  echo "GODOT_ANDROID_KEYSTORE_RELEASE_PASSWORD=$ci_password"[0m
2026-10-07T21:14:03.1769577Z [36;1m} >> "$GITHUB_ENV"[0m
2026-10-07T21:14:03.1821274Z shell: /usr/bin/bash -e {0}
2026-10-07T21:14:03.1821413Z env:
2026-10-07T21:14:03.1821582Z   JAVA_HOME: /opt/hostedtoolcache/Java_Temurin-Hotspot_jdk/17.0.20-1/x64
2026-10-07T21:14:03.1821843Z   JAVA_HOME_17_X64: /opt/hostedtoolcache/Java_Temurin-Hotspot_jdk/17.0.20-1/x64
2026-10-07T21:14:03.1822045Z   MAVEN_ARGS: -ntp
2026-10-07T21:14:03.1822173Z   ANDROID_HOME: /usr/local/lib/android/sdk
2026-10-07T21:14:03.1822469Z   ANDROID_SDK_ROOT: /usr/local/lib/android/sdk
2026-10-07T21:14:03.1822623Z ##[endgroup]
2026-10-07T21:14:03.4860219Z Generating 2,048 bit RSA key pair and self-signed certificate (SHA256withRSA) with a validity of 10,000 days
2026-10-07T21:14:03.4864240Z 	for: CN=Emberfall CI, O=Emberfall, C=US
2026-10-07T21:14:03.5862575Z ##[group]Run mkdir -p build
2026-10-07T21:14:03.5862780Z [36;1mmkdir -p build[0m
2026-10-07T21:14:03.5863058Z [36;1mbeta_version_code="$(python3 -c 'import json; print(json.load(open("docs/play/store.json"))["version_code"])')"[0m
2026-10-07T21:14:03.5863476Z [36;1mbeta_version_name="$(python3 -c 'import json; print(json.load(open("docs/play/store.json"))["version_name"])')"[0m
2026-10-07T21:14:03.5863804Z [36;1monline_version_name="${beta_version_name%%-*}-online-test"[0m
2026-10-07T21:14:03.5864045Z [36;1mgodot --headless --path . --editor --import --quit[0m
2026-10-07T21:14:03.5864594Z [36;1mpython3 scripts/prepare_android_beta_build.py --template "$HOME/.local/share/godot/export_templates/4.7.2.stable/android_source.zip" --central-mirror https://maven-central.storage-download.googleapis.com/maven2/[0m
2026-10-07T21:14:03.5865189Z [36;1mgodot --headless --path . --export-debug 'Android Debug' 'build/emberfall-debug.apk'[0m
2026-10-07T21:14:03.5866182Z [36;1mgodot --headless --path . --export-release 'Android Closed Beta APK' 'build/emberfall-closed-beta-ci.apk'[0m
2026-10-07T21:14:03.5866584Z [36;1mgodot --headless --path . --export-release 'Google Play Beta' 'build/emberfall-beta-ci-release.aab'[0m
2026-10-07T21:14:03.5866945Z [36;1mcurl --fail --location --retry 3 --output "$RUNNER_TEMP/bundletool-all-1.18.3.jar" \[0m
2026-10-07T21:14:03.5867294Z [36;1m  https://github.com/google/bundletool/releases/download/1.18.3/bundletool-all-1.18.3.jar[0m
2026-10-07T21:14:03.5867646Z [36;1m"$ANDROID_HOME/build-tools/36.1.0/apksigner" verify --verbose build/emberfall-debug.apk[0m
2026-10-07T21:14:03.5868006Z [36;1m"$ANDROID_HOME/build-tools/36.1.0/apksigner" verify --verbose build/emberfall-closed-beta-ci.apk[0m
2026-10-07T21:14:03.5868372Z [36;1mapk_info="$("$ANDROID_HOME/build-tools/36.1.0/aapt" dump badging build/emberfall-debug.apk)"[0m
2026-10-07T21:14:03.5868850Z [36;1mgrep -F "package: name='com.philmenting.emberfallashenveil.test029' versionCode='$beta_version_code' versionName='$online_version_name'" <<< "$apk_info"[0m
2026-10-07T21:14:03.5869309Z [36;1mgrep -F "uses-permission: name='android.permission.INTERNET'" <<< "$apk_info"[0m
2026-10-07T21:14:03.5869675Z [36;1mclosed_beta_info="$("$ANDROID_HOME/build-tools/36.1.0/aapt" dump badging build/emberfall-closed-beta-ci.apk)"[0m
2026-10-07T21:14:03.5870200Z [36;1mgrep -F "package: name='com.philmenting.emberfallashenveil.closedbeta' versionCode='$beta_version_code' versionName='$beta_version_name'" <<< "$closed_beta_info"[0m
2026-10-07T21:14:03.5870701Z [36;1mgrep -F "uses-permission: name='android.permission.VIBRATE'" <<< "$closed_beta_info"[0m
2026-10-07T21:14:03.5870977Z [36;1mgrep -F "sdkVersion:'24'" <<< "$closed_beta_info"[0m
2026-10-07T21:14:03.5871197Z [36;1mgrep -F "targetSdkVersion:'36'" <<< "$closed_beta_info"[0m
2026-10-07T21:14:03.5871545Z [36;1mif grep -Fq 'android.permission.INTERNET' <<< "$closed_beta_info"; then echo 'Closed-beta APK must remain offline'; exit 1; fi[0m
2026-10-07T21:14:03.5872099Z [36;1m"$ANDROID_HOME/build-tools/36.1.0/aapt" dump xmltree build/emberfall-closed-beta-ci.apk AndroidManifest.xml | grep -F 'android:screenOrientation(0x0101001e)=(type 0x10)0x0'[0m
2026-10-07T21:14:03.5872514Z [36;1mpython3 scripts/verify_android_aab.py \[0m
2026-10-07T21:14:03.5872721Z [36;1m  --bundle build/emberfall-beta-ci-release.aab \[0m
2026-10-07T21:14:03.5872951Z [36;1m  --bundletool "$RUNNER_TEMP/bundletool-all-1.18.3.jar" \[0m
2026-10-07T21:14:03.5873177Z [36;1m  --package com.philmenting.emberfallashenveil \[0m
2026-10-07T21:14:03.5873432Z [36;1m  --version-code "$beta_version_code" --version-name "$beta_version_name" \[0m
2026-10-07T21:14:03.5873806Z [36;1m  --min-sdk 24 --target-sdk 36[0m
2026-10-07T21:14:03.5873981Z [36;1mcat > build/CI_ARTIFACT_README.txt <<'EOF'[0m
2026-10-07T21:14:03.5874630Z [36;1mCI validation artifacts only. The AAB and closed-beta APK use an ephemeral CI signing key. Do not upload them to Google Play. The discarded key cannot reproduce future updates; production builds must use the permanent registered upload key.[0m
2026-10-07T21:14:03.5875137Z [36;1mEOF[0m
2026-10-07T21:14:03.5928560Z shell: /usr/bin/bash -e {0}
2026-10-07T21:14:03.5928701Z env:
2026-10-07T21:14:03.5928878Z   JAVA_HOME: /opt/hostedtoolcache/Java_Temurin-Hotspot_jdk/17.0.20-1/x64
2026-10-07T21:14:03.5929153Z   JAVA_HOME_17_X64: /opt/hostedtoolcache/Java_Temurin-Hotspot_jdk/17.0.20-1/x64
2026-10-07T21:14:03.5929363Z   MAVEN_ARGS: -ntp
2026-10-07T21:14:03.5929495Z   ANDROID_HOME: /usr/local/lib/android/sdk
2026-10-07T21:14:03.5929667Z   ANDROID_SDK_ROOT: /usr/local/lib/android/sdk
2026-10-07T21:14:03.5929915Z   GODOT_ANDROID_KEYSTORE_RELEASE_PATH: /home/runner/work/_temp/emberfall-ci-upload.jks
2026-10-07T21:14:03.5930180Z   GODOT_ANDROID_KEYSTORE_RELEASE_USER: emberfall-ci
2026-10-07T21:14:03.5930777Z   GODOT_ANDROID_KEYSTORE_RELEASE_PASSWORD: ***
2026-10-07T21:14:03.5931003Z   GODOT_ANDROID_KEYSTORE_DEBUG_PATH: /home/runner/work/_temp/debug.keystore
2026-10-07T21:14:03.5931243Z   GODOT_ANDROID_KEYSTORE_DEBUG_USER: androiddebugkey
2026-10-07T21:14:03.5931434Z   GODOT_ANDROID_KEYSTORE_DEBUG_PASSWORD: android
2026-10-07T21:14:03.5931597Z ##[endgroup]
2026-10-07T21:14:03.6467311Z Godot Engine v4.7.2.stable.official.ed1daf0bf - https://godotengine.org
2026-10-07T21:14:03.6675504Z 
2026-10-07T21:14:05.0468929Z [   0% ] [90m[1mfirst_scan_filesystem[22m | Started Project initialization (5 steps)[39m[0m
2026-10-07T21:14:05.0469703Z [   0% ] [90m[1mfirst_scan_filesystem[22m | Scanning file structure...[39m[0m
2026-10-07T21:14:05.0503095Z [  16% ] [90m[1mfirst_scan_filesystem[22m | Loading global class names...[39m[0m
2026-10-07T21:14:05.0707944Z [  33% ] [90m[1mfirst_scan_filesystem[22m | Verifying GDExtensions...[39m[0m
2026-10-07T21:14:05.0708610Z [  50% ] [90m[1mfirst_scan_filesystem[22m | Creating autoload scripts...[39m[0m
2026-10-07T21:14:05.3850264Z [  66% ] [90m[1mfirst_scan_filesystem[22m | Initializing plugins...[39m[0m
2026-10-07T21:14:05.3850917Z [  83% ] [90m[1mfirst_scan_filesystem[22m | Starting file scan...[39m[0m
2026-10-07T21:14:05.3851352Z [92m[ DONE ][39m [1mfirst_scan_filesystem[22m
2026-10-07T21:14:05.3851612Z [0m
2026-10-07T21:14:05.4881216Z [   0% ] [90m[1mloading_editor_layout[22m | Started Loading editor (5 steps)[39m[0m
2026-10-07T21:14:05.4881874Z [   0% ] [90m[1mloading_editor_layout[22m | Loading editor layout...[39m[0m
2026-10-07T21:14:05.4882403Z [  16% ] [90m[1mloading_editor_layout[22m | Loading docks...[39m[0m
2026-10-07T21:14:05.4882805Z [92m[ DONE ][39m [1mloading_editor_layout[22m
2026-10-07T21:14:05.4883071Z [0m
2026-10-07T21:14:08.3798045Z Installed Godot 4.7.2 Android source template.
2026-10-07T21:14:08.3798586Z Godot Android template uses Android Gradle Plugin 8.10.1 for API 36.
2026-10-07T21:14:08.3799133Z CI uses the Google-hosted Maven Central mirror; Google's Android repository is unchanged.
2026-10-07T21:14:08.3987246Z Godot Engine v4.7.2.stable.official.ed1daf0bf - https://godotengine.org
2026-10-07T21:14:08.4183118Z 
2026-10-07T21:14:09.7077681Z [   0% ] [90m[1mfirst_scan_filesystem[22m | Started Project initialization (5 steps)[39m[0m
2026-10-07T21:14:09.7078369Z [   0% ] [90m[1mfirst_scan_filesystem[22m | Scanning file structure...[39m[0m
2026-10-07T21:14:09.7107985Z [  16% ] [90m[1mfirst_scan_filesystem[22m | Loading global class names...[39m[0m
2026-10-07T21:14:09.7296129Z [  33% ] [90m[1mfirst_scan_filesystem[22m | Verifying GDExtensions...[39m[0m
2026-10-07T21:14:09.7296712Z [  50% ] [90m[1mfirst_scan_filesystem[22m | Creating autoload scripts...[39m[0m
2026-10-07T21:14:10.0062520Z [  66% ] [90m[1mfirst_scan_filesystem[22m | Initializing plugins...[39m[0m
2026-10-07T21:14:10.0063212Z [  83% ] [90m[1mfirst_scan_filesystem[22m | Starting file scan...[39m[0m
2026-10-07T21:14:10.0063483Z [92m[ DONE ][39m [1mfirst_scan_filesystem[22m
2026-10-07T21:14:10.0063645Z [0m
2026-10-07T21:14:10.1044058Z [   0% ] [90m[1mexport[22m | Started Exporting for Android (105 steps)[39m[0m
2026-10-07T21:14:10.1057269Z 0 param: --xr_mode_regular
2026-10-07T21:14:10.1057604Z 1 param: --xr-mode
2026-10-07T21:14:10.1057837Z 2 param: off
2026-10-07T21:14:10.1058091Z 3 param: --fullscreen
2026-10-07T21:14:10.1058362Z 4 param: --background_color
2026-10-07T21:14:10.1058614Z 5 param: #000000
2026-10-07T21:14:10.5121773Z [   0% ] [90m[1mexport[22m | Creating APK...[39m[0m
2026-10-07T21:14:10.5317851Z ADDING: classes.dex
2026-10-07T21:14:10.6980050Z ADDING: classes10.dex
2026-10-07T21:14:10.6989759Z ADDING: classes11.dex
2026-10-07T21:14:10.7004967Z ADDING: classes12.dex
2026-10-07T21:14:10.7014676Z ADDING: classes13.dex
2026-10-07T21:14:10.7016522Z ADDING: classes2.dex
2026-10-07T21:14:10.7019281Z ADDING: classes3.dex
2026-10-07T21:14:10.7034331Z ADDING: classes4.dex
2026-10-07T21:14:10.7053898Z ADDING: classes5.dex
2026-10-07T21:14:10.7061888Z ADDING: classes6.dex
2026-10-07T21:14:10.7081127Z ADDING: classes7.dex
2026-10-07T21:14:10.7126138Z ADDING: classes8.dex
2026-10-07T21:14:10.7131646Z ADDING: classes9.dex
2026-10-07T21:14:10.7172521Z ADDING: lib/arm64-v8a/libc++_shared.so
2026-10-07T21:14:10.9852267Z ADDING: lib/arm64-v8a/libgodot_android.so
2026-10-07T21:14:13.6432797Z Adding application metadata org.godotengine.rendering.method
2026-10-07T21:14:13.6433339Z Adding application metadata org.godotengine.editor.version
2026-10-07T21:14:13.6433738Z Adding permission android.permission.INTERNET
2026-10-07T21:14:13.6434104Z Adding permission android.permission.VIBRATE
2026-10-07T21:14:13.6434433Z ADDING: AndroidManifest.xml
2026-10-07T21:14:13.6436365Z ADDING: res/anim-v21/fragment_fast_out_extra_slow_in.xml
2026-10-07T21:14:13.6437023Z ADDING: res/animator/fragment_close_enter.xml
2026-10-07T21:14:13.6437485Z ADDING: res/animator/fragment_close_exit.xml
2026-10-07T21:14:13.6438075Z ADDING: res/animator/fragment_fade_enter.xml
2026-10-07T21:14:13.6438520Z ADDING: res/animator/fragment_fade_exit.xml
2026-10-07T21:14:13.6438957Z ADDING: res/animator/fragment_open_enter.xml
2026-10-07T21:14:13.6439468Z ADDING: res/animator/fragment_open_exit.xml
2026-10-07T21:14:13.6440026Z ADDING: res/drawable-hdpi-v4/notification_bg_low_normal.9.png
2026-10-07T21:14:13.6440521Z ADDING: res/drawable-hdpi-v4/notification_bg_low_pressed.9.png
2026-10-07T21:14:13.6440956Z ADDING: res/drawable-hdpi-v4/notification_bg_normal.9.png
2026-10-07T21:14:13.6441417Z ADDING: res/drawable-hdpi-v4/notification_bg_normal_pressed.9.png
2026-10-07T21:14:13.6441884Z ADDING: res/drawable-hdpi-v4/notify_panel_notification_icon_bg.png
2026-10-07T21:14:13.6442323Z ADDING: res/drawable-mdpi-v4/notification_bg_low_normal.9.png
2026-10-07T21:14:13.6442765Z ADDING: res/drawable-mdpi-v4/notification_bg_low_pressed.9.png
2026-10-07T21:14:13.6443166Z ADDING: res/drawable-mdpi-v4/notification_bg_normal.9.png
2026-10-07T21:14:13.6443519Z ADDING: res/drawable-mdpi-v4/notification_bg_normal_pressed.9.png
2026-10-07T21:14:13.6443944Z ADDING: res/drawable-mdpi-v4/notify_panel_notification_icon_bg.png
2026-10-07T21:14:13.6444370Z ADDING: res/drawable-v21/notification_action_background.xml
2026-10-07T21:14:13.6444742Z ADDING: res/drawable-v23/compat_splash_screen.xml
2026-10-07T21:14:13.6445218Z ADDING: res/drawable-v23/compat_splash_screen_no_icon_background.xml
2026-10-07T21:14:13.6445981Z ADDING: res/drawable-xhdpi-v4/notification_bg_low_normal.9.png
2026-10-07T21:14:13.6446438Z ADDING: res/drawable-xhdpi-v4/notification_bg_low_pressed.9.png
2026-10-07T21:14:13.6446883Z ADDING: res/drawable-xhdpi-v4/notification_bg_normal.9.png
2026-10-07T21:14:13.6447337Z ADDING: res/drawable-xhdpi-v4/notification_bg_normal_pressed.9.png
2026-10-07T21:14:13.6447863Z ADDING: res/drawable-xhdpi-v4/notify_panel_notification_icon_bg.png
2026-10-07T21:14:13.6448587Z ADDING: res/drawable/icon_background.xml
2026-10-07T21:14:13.6448901Z ADDING: res/drawable/notification_bg.xml
2026-10-07T21:14:13.6449229Z ADDING: res/drawable/notification_bg_low.xml
2026-10-07T21:14:13.6449601Z ADDING: res/drawable/notification_icon_background.xml
2026-10-07T21:14:13.6450104Z ADDING: res/drawable/notification_tile_bg.xml
2026-10-07T21:14:13.6450451Z ADDING: res/drawable/splash_branding_image.webp
2026-10-07T21:14:13.6875382Z ADDING: res/drawable/splash_icon.webp
2026-10-07T21:14:13.6876188Z ADDING: res/layout-v21/notification_action.xml
2026-10-07T21:14:13.6877283Z ADDING: res/layout-v21/notification_action_tombstone.xml
2026-10-07T21:14:13.6878191Z ADDING: res/layout-v21/notification_template_custom_big.xml
2026-10-07T21:14:13.6879277Z ADDING: res/layout-v21/notification_template_icon_group.xml
2026-10-07T21:14:13.6879860Z ADDING: res/layout/custom_dialog.xml
2026-10-07T21:14:13.6880510Z ADDING: res/layout/godot_app_layout.xml
2026-10-07T21:14:13.6880942Z ADDING: res/layout/notification_template_part_chronometer.xml
2026-10-07T21:14:13.6881499Z ADDING: res/layout/notification_template_part_time.xml
2026-10-07T21:14:13.6881907Z ADDING: res/layout/remote_godot_fragment_layout.xml
2026-10-07T21:14:13.6882406Z ADDING: res/layout/snackbar.xml
2026-10-07T21:14:13.6883347Z ADDING: res/layout/splash_screen_view.xml
2026-10-07T21:14:13.6883796Z ADDING: res/mipmap-anydpi-v26/icon.xml
2026-10-07T21:14:13.6939007Z ADDING: res/mipmap-hdpi-v4/icon.webp
2026-10-07T21:14:13.6939713Z ADDING: res/mipmap-hdpi-v4/icon_background.webp
2026-10-07T21:14:13.7032471Z ADDING: res/mipmap-hdpi-v4/icon_foreground.webp
2026-10-07T21:14:13.7032903Z ADDING: res/mipmap-hdpi-v4/icon_monochrome.webp
2026-10-07T21:14:13.7081505Z ADDING: res/mipmap-mdpi-v4/icon.webp
2026-10-07T21:14:13.7081861Z ADDING: res/mipmap-mdpi-v4/icon_background.webp
2026-10-07T21:14:13.7147121Z ADDING: res/mipmap-mdpi-v4/icon_foreground.webp
2026-10-07T21:14:13.7147472Z ADDING: res/mipmap-mdpi-v4/icon_monochrome.webp
2026-10-07T21:14:13.7207792Z ADDING: res/mipmap-xhdpi-v4/icon.webp
2026-10-07T21:14:13.7208158Z ADDING: res/mipmap-xhdpi-v4/icon_background.webp
2026-10-07T21:14:13.7341086Z ADDING: res/mipmap-xhdpi-v4/icon_foreground.webp
2026-10-07T21:14:13.7341373Z ADDING: res/mipmap-xhdpi-v4/icon_monochrome.webp
2026-10-07T21:14:13.7421660Z ADDING: res/mipmap-xxhdpi-v4/icon.webp
2026-10-07T21:14:13.7422035Z ADDING: res/mipmap-xxhdpi-v4/icon_background.webp
2026-10-07T21:14:13.7667158Z ADDING: res/mipmap-xxhdpi-v4/icon_foreground.webp
2026-10-07T21:14:13.7667937Z ADDING: res/mipmap-xxhdpi-v4/icon_monochrome.webp
2026-10-07T21:14:13.7782308Z ADDING: res/mipmap-xxxhdpi-v4/icon.webp
2026-10-07T21:14:13.7782690Z ADDING: res/mipmap-xxxhdpi-v4/icon_background.webp
2026-10-07T21:14:13.8147744Z ADDING: res/mipmap-xxxhdpi-v4/icon_foreground.webp
2026-10-07T21:14:13.8148445Z ADDING: res/mipmap-xxxhdpi-v4/icon_monochrome.webp
2026-10-07T21:14:13.8262358Z ADDING: res/mipmap/icon.webp
2026-10-07T21:14:13.8262722Z ADDING: res/mipmap/icon_background.webp
2026-10-07T21:14:13.8622044Z ADDING: res/mipmap/icon_foreground.webp
2026-10-07T21:14:13.8622629Z ADDING: res/mipmap/icon_monochrome.webp
2026-10-07T21:14:13.8623034Z ADDING: res/xml/godot_provider_paths.xml
2026-10-07T21:14:13.8626140Z ADDING: resources.arsc
2026-10-07T21:14:13.8626750Z ADDING: DebugProbesKt.bin
2026-10-07T21:14:13.8628887Z ADDING: kotlin/annotation/annotation.kotlin_builtins
2026-10-07T21:14:13.8629544Z ADDING: kotlin/collections/collections.kotlin_builtins
2026-10-07T21:14:13.8631011Z ADDING: kotlin/concurrent/atomics/atomics.kotlin_builtins
2026-10-07T21:14:13.8631795Z ADDING: kotlin/coroutines/coroutines.kotlin_builtins
2026-10-07T21:14:13.8632190Z ADDING: kotlin/internal/internal.kotlin_builtins
2026-10-07T21:14:13.8633411Z ADDING: kotlin/kotlin.kotlin_builtins
2026-10-07T21:14:13.8636722Z ADDING: kotlin/ranges/ranges.kotlin_builtins
2026-10-07T21:14:13.8637675Z ADDING: kotlin/reflect/reflect.kotlin_builtins
2026-10-07T21:14:13.8639086Z [   0% ] [90m[1mexport[22m | Adding files...[39m[0m
2026-10-07T21:14:16.2843099Z [  97% ] [90m[1mexport[22m | Aligning APK...[39m[0m
2026-10-07T21:14:16.4768729Z [  98% ] [90m[1mexport[22m | Signing debug APK...[39m[0m
2026-10-07T21:14:16.7714427Z Signing binary using: 
2026-10-07T21:14:16.7715836Z /usr/local/lib/android/sdk/build-tools/36.0.0/apksigner sign --verbose --ks <REDACTED> --ks-pass pass:<REDACTED> --ks-key-alias <REDACTED> /home/runner/work/Emberfall-Ashen-Veil/Emberfall-Ashen-Veil/build/emberfall-debug.apk
2026-10-07T21:14:18.4668071Z Signed
2026-10-07T21:14:18.4668257Z 
2026-10-07T21:14:18.4668734Z [  99% ] [90m[1mexport[22m | Verifying APK...[39m[0m
2026-10-07T21:14:18.8031678Z [92m[ DONE ][39m [1mexport[22m
2026-10-07T21:14:18.8031910Z [0m
2026-10-07T21:14:19.3217073Z cannot connect to daemon at tcp:5037: Connection refused
2026-10-07T21:14:19.5728915Z Godot Engine v4.7.2.stable.official.ed1daf0bf - https://godotengine.org
2026-10-07T21:14:19.5939487Z 
2026-10-07T21:14:20.9625899Z [   0% ] [90m[1mfirst_scan_filesystem[22m | Started Project initialization (5 steps)[39m[0m
2026-10-07T21:14:20.9626375Z [   0% ] [90m[1mfirst_scan_filesystem[22m | Scanning file structure...[39m[0m
2026-10-07T21:14:20.9658792Z [  16% ] [90m[1mfirst_scan_filesystem[22m | Loading global class names...[39m[0m
2026-10-07T21:14:20.9862652Z [  33% ] [90m[1mfirst_scan_filesystem[22m | Verifying GDExtensions...[39m[0m
2026-10-07T21:14:20.9863194Z [  50% ] [90m[1mfirst_scan_filesystem[22m | Creating autoload scripts...[39m[0m
2026-10-07T21:14:21.3010954Z [  66% ] [90m[1mfirst_scan_filesystem[22m | Initializing plugins...[39m[0m
2026-10-07T21:14:21.3011365Z [  83% ] [90m[1mfirst_scan_filesystem[22m | Starting file scan...[39m[0m
2026-10-07T21:14:21.3011646Z [92m[ DONE ][39m [1mfirst_scan_filesystem[22m
2026-10-07T21:14:21.3011820Z [0m
2026-10-07T21:14:21.4001071Z [   0% ] [90m[1mexport[22m | Started Exporting for Android (105 steps)[39m[0m
2026-10-07T21:14:21.4014430Z 0 param: --xr_mode_regular
2026-10-07T21:14:21.4014682Z 1 param: --xr-mode
2026-10-07T21:14:21.4014868Z 2 param: off
2026-10-07T21:14:21.4015076Z 3 param: --fullscreen
2026-10-07T21:14:21.4015544Z 4 param: --background_color
2026-10-07T21:14:21.4015691Z 5 param: #000000
2026-10-07T21:14:21.8291744Z [   0% ] [90m[1mexport[22m | Creating APK...[39m[0m
2026-10-07T21:14:21.8293899Z ADDING: assets/dexopt/baseline.prof
2026-10-07T21:14:21.8294607Z ADDING: assets/dexopt/baseline.profm
2026-10-07T21:14:21.8462121Z ADDING: classes.dex
2026-10-07T21:14:22.0126915Z ADDING: lib/arm64-v8a/libc++_shared.so
2026-10-07T21:14:22.2442934Z ADDING: lib/arm64-v8a/libgodot_android.so
2026-10-07T21:14:24.6463184Z Adding application metadata org.godotengine.rendering.method
2026-10-07T21:14:24.6463549Z Adding application metadata org.godotengine.editor.version
2026-10-07T21:14:24.6463796Z Adding permission android.permission.VIBRATE
2026-10-07T21:14:24.6465787Z ADDING: AndroidManifest.xml
2026-10-07T21:14:24.6466067Z ADDING: res/anim-v21/fragment_fast_out_extra_slow_in.xml
2026-10-07T21:14:24.6466445Z ADDING: res/animator/fragment_close_enter.xml
2026-10-07T21:14:24.6467141Z ADDING: res/animator/fragment_close_exit.xml
2026-10-07T21:14:24.6467659Z ADDING: res/animator/fragment_fade_enter.xml
2026-10-07T21:14:24.6468168Z ADDING: res/animator/fragment_fade_exit.xml
2026-10-07T21:14:24.6468725Z ADDING: res/animator/fragment_open_enter.xml
2026-10-07T21:14:24.6469411Z ADDING: res/animator/fragment_open_exit.xml
2026-10-07T21:14:24.6469984Z ADDING: res/drawable-hdpi-v4/notification_bg_low_normal.9.png
2026-10-07T21:14:24.6470418Z ADDING: res/drawable-hdpi-v4/notification_bg_low_pressed.9.png
2026-10-07T21:14:24.6470872Z ADDING: res/drawable-hdpi-v4/notification_bg_normal.9.png
2026-10-07T21:14:24.6471291Z ADDING: res/drawable-hdpi-v4/notification_bg_normal_pressed.9.png
2026-10-07T21:14:24.6471827Z ADDING: res/drawable-hdpi-v4/notify_panel_notification_icon_bg.png
2026-10-07T21:14:24.6472229Z ADDING: res/drawable-mdpi-v4/notification_bg_low_normal.9.png
2026-10-07T21:14:24.6472853Z ADDING: res/drawable-mdpi-v4/notification_bg_low_pressed.9.png
2026-10-07T21:14:24.6473158Z ADDING: res/drawable-mdpi-v4/notification_bg_normal.9.png
2026-10-07T21:14:24.6473429Z ADDING: res/drawable-mdpi-v4/notification_bg_normal_pressed.9.png
2026-10-07T21:14:24.6473924Z ADDING: res/drawable-mdpi-v4/notify_panel_notification_icon_bg.png
2026-10-07T21:14:24.6474320Z ADDING: res/drawable-v21/notification_action_background.xml
2026-10-07T21:14:24.6474699Z ADDING: res/drawable-v23/compat_splash_screen.xml
2026-10-07T21:14:24.6475128Z ADDING: res/drawable-v23/compat_splash_screen_no_icon_background.xml
2026-10-07T21:14:24.6475623Z ADDING: res/drawable-xhdpi-v4/notification_bg_low_normal.9.png
2026-10-07T21:14:24.6475981Z ADDING: res/drawable-xhdpi-v4/notification_bg_low_pressed.9.png
2026-10-07T21:14:24.6476254Z ADDING: res/drawable-xhdpi-v4/notification_bg_normal.9.png
2026-10-07T21:14:24.6476623Z ADDING: res/drawable-xhdpi-v4/notification_bg_normal_pressed.9.png
2026-10-07T21:14:24.6477013Z ADDING: res/drawable-xhdpi-v4/notify_panel_notification_icon_bg.png
2026-10-07T21:14:24.6477337Z ADDING: res/drawable/icon_background.xml
2026-10-07T21:14:24.6477533Z ADDING: res/drawable/notification_bg.xml
2026-10-07T21:14:24.6477816Z ADDING: res/drawable/notification_bg_low.xml
2026-10-07T21:14:24.6478047Z ADDING: res/drawable/notification_icon_background.xml
2026-10-07T21:14:24.6478277Z ADDING: res/drawable/notification_tile_bg.xml
2026-10-07T21:14:24.6478493Z ADDING: res/drawable/splash_branding_image.webp
2026-10-07T21:14:24.6910164Z ADDING: res/drawable/splash_icon.webp
2026-10-07T21:14:24.6910662Z ADDING: res/layout-v21/notification_action.xml
2026-10-07T21:14:24.6911782Z ADDING: res/layout-v21/notification_action_tombstone.xml
2026-10-07T21:14:24.6912730Z ADDING: res/layout-v21/notification_template_custom_big.xml
2026-10-07T21:14:24.6913811Z ADDING: res/layout-v21/notification_template_icon_group.xml
2026-10-07T21:14:24.6914438Z ADDING: res/layout/custom_dialog.xml
2026-10-07T21:14:24.6915050Z ADDING: res/layout/godot_app_layout.xml
2026-10-07T21:14:24.6915559Z ADDING: res/layout/notification_template_part_chronometer.xml
2026-10-07T21:14:24.6916229Z ADDING: res/layout/notification_template_part_time.xml
2026-10-07T21:14:24.6916707Z ADDING: res/layout/remote_godot_fragment_layout.xml
2026-10-07T21:14:24.6917344Z ADDING: res/layout/snackbar.xml
2026-10-07T21:14:24.6918159Z ADDING: res/layout/splash_screen_view.xml
2026-10-07T21:14:24.6918679Z ADDING: res/mipmap-anydpi-v26/icon.xml
2026-10-07T21:14:24.6973992Z ADDING: res/mipmap-hdpi-v4/icon.webp
2026-10-07T21:14:24.6974371Z ADDING: res/mipmap-hdpi-v4/icon_background.webp
2026-10-07T21:14:24.7068411Z ADDING: res/mipmap-hdpi-v4/icon_foreground.webp
2026-10-07T21:14:24.7068750Z ADDING: res/mipmap-hdpi-v4/icon_monochrome.webp
2026-10-07T21:14:24.7118484Z ADDING: res/mipmap-mdpi-v4/icon.webp
2026-10-07T21:14:24.7118748Z ADDING: res/mipmap-mdpi-v4/icon_background.webp
2026-10-07T21:14:24.7184599Z ADDING: res/mipmap-mdpi-v4/icon_foreground.webp
2026-10-07T21:14:24.7184878Z ADDING: res/mipmap-mdpi-v4/icon_monochrome.webp
2026-10-07T21:14:24.7245421Z ADDING: res/mipmap-xhdpi-v4/icon.webp
2026-10-07T21:14:24.7245671Z ADDING: res/mipmap-xhdpi-v4/icon_background.webp
2026-10-07T21:14:24.7380689Z ADDING: res/mipmap-xhdpi-v4/icon_foreground.webp
2026-10-07T21:14:24.7380988Z ADDING: res/mipmap-xhdpi-v4/icon_monochrome.webp
2026-10-07T21:14:24.7462999Z ADDING: res/mipmap-xxhdpi-v4/icon.webp
2026-10-07T21:14:24.7463291Z ADDING: res/mipmap-xxhdpi-v4/icon_background.webp
2026-10-07T21:14:24.7712953Z ADDING: res/mipmap-xxhdpi-v4/icon_foreground.webp
2026-10-07T21:14:24.7713249Z ADDING: res/mipmap-xxhdpi-v4/icon_monochrome.webp
2026-10-07T21:14:24.7828650Z ADDING: res/mipmap-xxxhdpi-v4/icon.webp
2026-10-07T21:14:24.7829257Z ADDING: res/mipmap-xxxhdpi-v4/icon_background.webp
2026-10-07T21:14:24.8199240Z ADDING: res/mipmap-xxxhdpi-v4/icon_foreground.webp
2026-10-07T21:14:24.8200376Z ADDING: res/mipmap-xxxhdpi-v4/icon_monochrome.webp
2026-10-07T21:14:24.8315575Z ADDING: res/mipmap/icon.webp
2026-10-07T21:14:24.8316036Z ADDING: res/mipmap/icon_background.webp
2026-10-07T21:14:24.8680221Z ADDING: res/mipmap/icon_foreground.webp
2026-10-07T21:14:24.8681047Z ADDING: res/mipmap/icon_monochrome.webp
2026-10-07T21:14:24.8681470Z ADDING: res/xml/godot_provider_paths.xml
2026-10-07T21:14:24.8684655Z ADDING: resources.arsc
2026-10-07T21:14:24.8684928Z ADDING: DebugProbesKt.bin
2026-10-07T21:14:24.8687341Z ADDING: kotlin-tooling-metadata.json
2026-10-07T21:14:24.8687958Z ADDING: kotlin/annotation/annotation.kotlin_builtins
2026-10-07T21:14:24.8688673Z ADDING: kotlin/collections/collections.kotlin_builtins
2026-10-07T21:14:24.8690261Z ADDING: kotlin/concurrent/atomics/atomics.kotlin_builtins
2026-10-07T21:14:24.8690952Z ADDING: kotlin/coroutines/coroutines.kotlin_builtins
2026-10-07T21:14:24.8691360Z ADDING: kotlin/internal/internal.kotlin_builtins
2026-10-07T21:14:24.8692551Z ADDING: kotlin/kotlin.kotlin_builtins
2026-10-07T21:14:24.8695892Z ADDING: kotlin/ranges/ranges.kotlin_builtins
2026-10-07T21:14:24.8697120Z ADDING: kotlin/reflect/reflect.kotlin_builtins
2026-10-07T21:14:24.8698346Z [   0% ] [90m[1mexport[22m | Adding files...[39m[0m
2026-10-07T21:14:25.5267442Z [  97% ] [90m[1mexport[22m | Aligning APK...[39m[0m
2026-10-07T21:14:25.7132332Z [  98% ] [90m[1mexport[22m | Signing release APK...[39m[0m
2026-10-07T21:14:25.7528608Z Signing binary using: 
2026-10-07T21:14:25.7529316Z /usr/local/lib/android/sdk/build-tools/36.0.0/apksigner sign --verbose --ks <REDACTED> --ks-pass pass:<REDACTED> --ks-key-alias <REDACTED> /home/runner/work/Emberfall-Ashen-Veil/Emberfall-Ashen-Veil/build/emberfall-closed-beta-ci.apk
2026-10-07T21:14:27.0271957Z Signed
2026-10-07T21:14:27.0272139Z 
2026-10-07T21:14:27.0272712Z [  99% ] [90m[1mexport[22m | Verifying APK...[39m[0m
2026-10-07T21:14:27.3517847Z [92m[ DONE ][39m [1mexport[22m
2026-10-07T21:14:27.3518170Z [0m
2026-10-07T21:14:27.9145001Z cannot connect to daemon at tcp:5037: Connection refused
2026-10-07T21:14:28.1249352Z Godot Engine v4.7.2.stable.official.ed1daf0bf - https://godotengine.org
2026-10-07T21:14:28.1456559Z 
2026-10-07T21:14:29.5541404Z [   0% ] [90m[1mfirst_scan_filesystem[22m | Started Project initialization (5 steps)[39m[0m
2026-10-07T21:14:29.5542117Z [   0% ] [90m[1mfirst_scan_filesystem[22m | Scanning file structure...[39m[0m
2026-10-07T21:14:29.5573081Z [  16% ] [90m[1mfirst_scan_filesystem[22m | Loading global class names...[39m[0m
2026-10-07T21:14:29.5757329Z [  33% ] [90m[1mfirst_scan_filesystem[22m | Verifying GDExtensions...[39m[0m
2026-10-07T21:14:29.5757931Z [  50% ] [90m[1mfirst_scan_filesystem[22m | Creating autoload scripts...[39m[0m
2026-10-07T21:14:29.8890676Z [  66% ] [90m[1mfirst_scan_filesystem[22m | Initializing plugins...[39m[0m
2026-10-07T21:14:29.8891308Z [  83% ] [90m[1mfirst_scan_filesystem[22m | Starting file scan...[39m[0m
2026-10-07T21:14:29.8891745Z [92m[ DONE ][39m [1mfirst_scan_filesystem[22m
2026-10-07T21:14:29.8892037Z [0m
2026-10-07T21:14:29.9878540Z [   0% ] [90m[1mexport[22m | Started Exporting for Android (105 steps)[39m[0m
2026-10-07T21:14:29.9891872Z 0 param: --xr_mode_regular
2026-10-07T21:14:29.9892135Z 1 param: --xr-mode
2026-10-07T21:14:29.9892394Z 2 param: off
2026-10-07T21:14:29.9892601Z 3 param: --fullscreen
2026-10-07T21:14:29.9892924Z 4 param: --background_color
2026-10-07T21:14:29.9893206Z 5 param: #000000
2026-10-07T21:15:37.7396216Z [92m[ DONE ][39m [1mexport[22m
2026-10-07T21:15:37.7396562Z [0m
2026-10-07T21:15:38.5605897Z   % Total    % Received % Xferd  Average Speed   Time    Time     Time  Current
2026-10-07T21:15:38.5606437Z                                  Dload  Upload   Total   Spent    Left  Speed
2026-10-07T21:15:38.5606642Z 
2026-10-07T21:15:38.5711002Z   0     0    0     0    0     0      0      0 --:--:-- --:--:-- --:--:--     0
2026-10-07T21:15:38.7750653Z   0     0    0     0    0     0      0      0 --:--:-- --:--:-- --:--:--     0
2026-10-07T21:15:38.7751077Z   0     0    0     0    0     0      0      0 --:--:-- --:--:-- --:--:--     0
2026-10-07T21:15:39.0312264Z 
2026-10-07T21:15:39.0312951Z 100 31.0M  100 31.0M    0     0  65.8M      0 --:--:-- --:--:-- --:--:-- 65.8M
2026-10-07T21:15:39.8322247Z Verifies
2026-10-07T21:15:39.8322653Z Verified using v1 scheme (JAR signing): false
2026-10-07T21:15:39.8323602Z Verified using v2 scheme (APK Signature Scheme v2): true
2026-10-07T21:15:39.8324029Z Verified using v3 scheme (APK Signature Scheme v3): true
2026-10-07T21:15:39.8324450Z Verified using v3.1 scheme (APK Signature Scheme v3.1): false
2026-10-07T21:15:39.8324876Z Verified using v4 scheme (APK Signature Scheme v4): false
2026-10-07T21:15:39.8325229Z Verified for SourceStamp: false
2026-10-07T21:15:39.8325682Z Number of signers: 1
2026-10-07T21:15:40.1444654Z Verifies
2026-10-07T21:15:40.1445198Z Verified using v1 scheme (JAR signing): false
2026-10-07T21:15:40.1445826Z Verified using v2 scheme (APK Signature Scheme v2): true
2026-10-07T21:15:40.1446272Z Verified using v3 scheme (APK Signature Scheme v3): true
2026-10-07T21:15:40.1446793Z Verified using v3.1 scheme (APK Signature Scheme v3.1): false
2026-10-07T21:15:40.1447263Z Verified using v4 scheme (APK Signature Scheme v4): false
2026-10-07T21:15:40.1447646Z Verified for SourceStamp: false
2026-10-07T21:15:40.1447940Z Number of signers: 1
2026-10-07T21:15:40.7342481Z package: name='com.philmenting.emberfallashenveil.test029' versionCode='54' versionName='0.48.0-online-test' platformBuildVersionName='16' platformBuildVersionCode='36' compileSdkVersion='36' compileSdkVersionCodename='16'
2026-10-07T21:15:40.7352307Z uses-permission: name='android.permission.INTERNET'
2026-10-07T21:15:40.7384566Z package: name='com.philmenting.emberfallashenveil.closedbeta' versionCode='54' versionName='0.48.0-beta.1' platformBuildVersionName='16' platformBuildVersionCode='36' compileSdkVersion='36' compileSdkVersionCodename='16'
2026-10-07T21:15:40.7394794Z uses-permission: name='android.permission.VIBRATE'
2026-10-07T21:15:40.7406423Z sdkVersion:'24'
2026-10-07T21:15:40.7417548Z targetSdkVersion:'36'
2026-10-07T21:15:40.7444976Z         A: android:screenOrientation(0x0101001e)=(type 0x10)0x0
2026-10-07T21:15:46.5080996Z ANDROID AAB VERIFIED
2026-10-07T21:15:46.5081376Z Package: com.philmenting.emberfallashenveil
2026-10-07T21:15:46.5081703Z Version: 0.48.0-beta.1 (54)
2026-10-07T21:15:46.5082221Z SDK range: 24–36
2026-10-07T21:15:46.5082453Z Internet permission: absent
2026-10-07T21:15:46.5082744Z Bundle structure and JAR signature: valid
2026-10-07T21:15:46.5083149Z ARM64 native libraries: 2, all ELF LOAD segments support 16 KB pages
2026-10-07T21:15:46.5083751Z Release manifest: landscape, not debuggable, OS backup disabled, VIBRATE only (optional haptics)
2026-10-07T21:15:46.8390998Z ##[group]Run actions/upload-artifact@v7
2026-10-07T21:15:46.8391162Z with:
2026-10-07T21:15:46.8391314Z   name: emberfall-ashen-veil-android-ci-validation-only
2026-10-07T21:15:46.8391681Z   path: build/emberfall-debug.apk
build/emberfall-closed-beta-ci.apk
build/emberfall-beta-ci-release.aab
build/CI_ARTIFACT_README.txt

2026-10-07T21:15:46.8392033Z   if-no-files-found: error
2026-10-07T21:15:46.8392163Z   retention-days: 14
2026-10-07T21:15:46.8392284Z   compression-level: 6
2026-10-07T21:15:46.8392403Z   overwrite: false
2026-10-07T21:15:46.8392525Z   include-hidden-files: false
2026-10-07T21:15:46.8392656Z   archive: true
2026-10-07T21:15:46.8392764Z env:
2026-10-07T21:15:46.8392929Z   JAVA_HOME: /opt/hostedtoolcache/Java_Temurin-Hotspot_jdk/17.0.20-1/x64
2026-10-07T21:15:46.8393194Z   JAVA_HOME_17_X64: /opt/hostedtoolcache/Java_Temurin-Hotspot_jdk/17.0.20-1/x64
2026-10-07T21:15:46.8393407Z   MAVEN_ARGS: -ntp
2026-10-07T21:15:46.8393554Z   ANDROID_HOME: /usr/local/lib/android/sdk
2026-10-07T21:15:46.8393721Z   ANDROID_SDK_ROOT: /usr/local/lib/android/sdk
2026-10-07T21:15:46.8393955Z   GODOT_ANDROID_KEYSTORE_RELEASE_PATH: /home/runner/work/_temp/emberfall-ci-upload.jks
2026-10-07T21:15:46.8394203Z   GODOT_ANDROID_KEYSTORE_RELEASE_USER: emberfall-ci
2026-10-07T21:15:46.8394757Z   GODOT_ANDROID_KEYSTORE_RELEASE_PASSWORD: ***
2026-10-07T21:15:46.8394915Z ##[endgroup]
2026-10-07T21:15:47.1064104Z Multiple search paths detected. Calculating the least common ancestor of all paths
2026-10-07T21:15:47.1065175Z The least common ancestor is /home/runner/work/Emberfall-Ashen-Veil/Emberfall-Ashen-Veil/build. This will be the root directory of the artifact
2026-10-07T21:15:47.1065914Z With the provided path, there will be 4 files uploaded
2026-10-07T21:15:47.1066360Z Artifact name is valid!
2026-10-07T21:15:47.1066609Z Root directory input is valid!
2026-10-07T21:15:47.4176364Z Uploading artifact: emberfall-ashen-veil-android-ci-validation-only.zip
2026-10-07T21:15:47.4201239Z Beginning upload of artifact content to blob storage
2026-10-07T21:15:48.1548949Z Uploaded bytes 8388608
2026-10-07T21:15:48.4046179Z Uploaded bytes 16777216
2026-10-07T21:15:48.4622272Z Uploaded bytes 25165824
2026-10-07T21:15:48.5254567Z Uploaded bytes 33554432
2026-10-07T21:15:48.7735040Z Uploaded bytes 41943040
2026-10-07T21:15:48.8689403Z Uploaded bytes 50331648
2026-10-07T21:15:48.9943185Z Uploaded bytes 58720256
2026-10-07T21:15:49.1895922Z Uploaded bytes 67108864
2026-10-07T21:15:49.4152698Z Uploaded bytes 75497472
2026-10-07T21:15:49.4852329Z Uploaded bytes 83886080
2026-10-07T21:15:49.6977056Z Uploaded bytes 92274688
2026-10-07T21:15:50.0305471Z Uploaded bytes 100663296
2026-10-07T21:15:50.1063374Z Uploaded bytes 109051904
2026-10-07T21:15:50.3412900Z Uploaded bytes 117440512
2026-10-07T21:15:50.4479539Z Uploaded bytes 125829120
2026-10-07T21:15:50.6175939Z Uploaded bytes 134217728
2026-10-07T21:15:50.8166266Z Uploaded bytes 142606336
2026-10-07T21:15:50.9511568Z Uploaded bytes 150994944
2026-10-07T21:15:51.2474663Z Uploaded bytes 159383552
2026-10-07T21:15:51.3490744Z Uploaded bytes 167772160
2026-10-07T21:15:51.5974873Z Uploaded bytes 176160768
2026-10-07T21:15:51.7267326Z Uploaded bytes 184549376
2026-10-07T21:15:51.8852254Z Uploaded bytes 192937984
2026-10-07T21:15:52.0330541Z Uploaded bytes 201326592
2026-10-07T21:15:52.2929496Z Uploaded bytes 209715200
2026-10-07T21:15:52.4938115Z Uploaded bytes 218103808
2026-10-07T21:15:52.5992487Z Uploaded bytes 226492416
2026-10-07T21:15:52.7463567Z Uploaded bytes 234881024
2026-10-07T21:15:52.9396002Z Uploaded bytes 243269632
2026-10-07T21:15:53.1079801Z Uploaded bytes 251658240
2026-10-07T21:15:53.2165391Z Uploaded bytes 260046848
2026-10-07T21:15:53.4202334Z Uploaded bytes 268435456
2026-10-07T21:15:53.6079047Z Uploaded bytes 276824064
2026-10-07T21:15:53.8170037Z Uploaded bytes 285212672
2026-10-07T21:15:53.9341934Z Uploaded bytes 293601280
2026-10-07T21:15:54.0766430Z Uploaded bytes 301989888
2026-10-07T21:15:54.2713360Z Uploaded bytes 310378496
2026-10-07T21:15:54.5073140Z Uploaded bytes 318767104
2026-10-07T21:15:54.6431808Z Uploaded bytes 327155712
2026-10-07T21:15:54.8156620Z Uploaded bytes 335544320
2026-10-07T21:15:55.0328748Z Uploaded bytes 340933504
2026-10-07T21:15:55.0739728Z Finished uploading artifact content to blob storage!
2026-10-07T21:15:55.0742211Z SHA256 digest of uploaded artifact is 5ac9ad0f39544046b08527d98b61a8436e5b47dd84d619c52b632e51ec5ed6b7
2026-10-07T21:15:55.0743729Z Finalizing artifact upload
2026-10-07T21:15:55.4156063Z Artifact emberfall-ashen-veil-android-ci-validation-only successfully finalized. Artifact ID 11512421483
2026-10-07T21:15:55.4156707Z Artifact emberfall-ashen-veil-android-ci-validation-only has been successfully uploaded! Final size is 340933504 bytes. Artifact ID is 11512421483
2026-10-07T21:15:55.4161099Z Artifact download URL: https://github.com/Philmenting/Emberfall-Ashen-Veil/actions/runs/37686979978/artifacts/11512421483
2026-10-07T21:15:55.4787875Z ##[group]Run mkdir -p "$RUNNER_TEMP/nakama"
2026-10-07T21:15:55.4788128Z [36;1mmkdir -p "$RUNNER_TEMP/nakama"[0m
2026-10-07T21:15:55.4788372Z [36;1mcurl --fail --location --retry 3 --output "$RUNNER_TEMP/nakama/nakama.tar.gz" \[0m
2026-10-07T21:15:55.4788756Z [36;1m  https://github.com/heroiclabs/nakama/releases/download/v3.41.0/nakama-3.41.0-linux-amd64.tar.gz[0m
2026-10-07T21:15:55.4789235Z [36;1mtar -xzf "$RUNNER_TEMP/nakama/nakama.tar.gz" -C "$RUNNER_TEMP/nakama"[0m
2026-10-07T21:15:55.4789469Z [36;1mnakama_bin="$RUNNER_TEMP/nakama/nakama"[0m
2026-10-07T21:15:55.4789694Z [36;1mdatabase_address="postgres:postgres@127.0.0.1:5432/nakama_local"[0m
2026-10-07T21:15:55.4789948Z [36;1m"$nakama_bin" migrate up --database.address "$database_address"[0m
2026-10-07T21:15:55.4790223Z [36;1m"$nakama_bin" --name emberfall-ci --database.address "$database_address" \[0m
2026-10-07T21:15:55.4790564Z [36;1m  --data_dir "$RUNNER_TEMP/nakama/data" --runtime.path "$GITHUB_WORKSPACE/server/modules" \[0m
2026-10-07T21:15:55.4790872Z [36;1m  --runtime.js_entrypoint emberfall.js --console.address 127.0.0.1 \[0m
2026-10-07T21:15:55.4791135Z [36;1m  --console.port 7351 --socket.address 127.0.0.1 --socket.port 7350 \[0m
2026-10-07T21:15:55.4791387Z [36;1m  --logger.level INFO > "$RUNNER_TEMP/nakama/server.log" 2>&1 &[0m
2026-10-07T21:15:55.4791583Z [36;1mnakama_pid=$![0m
2026-10-07T21:15:55.4791762Z [36;1mecho "$nakama_pid" > "$RUNNER_TEMP/nakama/server.pid"[0m
2026-10-07T21:15:55.4791946Z [36;1mready=0[0m
2026-10-07T21:15:55.4792068Z [36;1mfor attempt in $(seq 1 60); do[0m
2026-10-07T21:15:55.4792241Z [36;1m  if ! kill -0 "$nakama_pid" 2>/dev/null; then[0m
2026-10-07T21:15:55.4792428Z [36;1m    cat "$RUNNER_TEMP/nakama/server.log"[0m
2026-10-07T21:15:55.4792589Z [36;1m    exit 1[0m
2026-10-07T21:15:55.4792704Z [36;1m  fi[0m
2026-10-07T21:15:55.4792898Z [36;1m  if curl --silent --output /dev/null --max-time 1 http://127.0.0.1:7350/; then[0m
2026-10-07T21:15:55.4793118Z [36;1m    ready=1[0m
2026-10-07T21:15:55.4793233Z [36;1m    break[0m
2026-10-07T21:15:55.4793349Z [36;1m  fi[0m
2026-10-07T21:15:55.4793456Z [36;1m  sleep 1[0m
2026-10-07T21:15:55.4793571Z [36;1mdone[0m
2026-10-07T21:15:55.4793689Z [36;1mif [ "$ready" -ne 1 ]; then[0m
2026-10-07T21:15:55.4793851Z [36;1m  cat "$RUNNER_TEMP/nakama/server.log"[0m
2026-10-07T21:15:55.4794024Z [36;1m  kill "$nakama_pid" 2>/dev/null || true[0m
2026-10-07T21:15:55.4794180Z [36;1m  exit 1[0m
2026-10-07T21:15:55.4794291Z [36;1mfi[0m
2026-10-07T21:15:55.5020774Z shell: /usr/bin/bash -e {0}
2026-10-07T21:15:55.5020944Z env:
2026-10-07T21:15:55.5021124Z   JAVA_HOME: /opt/hostedtoolcache/Java_Temurin-Hotspot_jdk/17.0.20-1/x64
2026-10-07T21:15:55.5021393Z   JAVA_HOME_17_X64: /opt/hostedtoolcache/Java_Temurin-Hotspot_jdk/17.0.20-1/x64
2026-10-07T21:15:55.5021602Z   MAVEN_ARGS: -ntp
2026-10-07T21:15:55.5021737Z   ANDROID_HOME: /usr/local/lib/android/sdk
2026-10-07T21:15:55.5021919Z   ANDROID_SDK_ROOT: /usr/local/lib/android/sdk
2026-10-07T21:15:55.5022161Z   GODOT_ANDROID_KEYSTORE_RELEASE_PATH: /home/runner/work/_temp/emberfall-ci-upload.jks
2026-10-07T21:15:55.5022418Z   GODOT_ANDROID_KEYSTORE_RELEASE_USER: emberfall-ci
2026-10-07T21:15:55.5022862Z   GODOT_ANDROID_KEYSTORE_RELEASE_PASSWORD: ***
2026-10-07T21:15:55.5023028Z ##[endgroup]
2026-10-07T21:15:55.5550509Z   % Total    % Received % Xferd  Average Speed   Time    Time     Time  Current
2026-10-07T21:15:55.5551031Z                                  Dload  Upload   Total   Spent    Left  Speed
2026-10-07T21:15:55.5551237Z 
2026-10-07T21:15:55.6105572Z   0     0    0     0    0     0      0      0 --:--:-- --:--:-- --:--:--     0
2026-10-07T21:15:55.7996242Z   0     0    0     0    0     0      0      0 --:--:-- --:--:-- --:--:--     0
2026-10-07T21:15:55.7996655Z   0     0    0     0    0     0      0      0 --:--:-- --:--:-- --:--:--     0
2026-10-07T21:15:56.1348059Z 
2026-10-07T21:15:56.1348802Z 100 22.8M  100 22.8M    0     0  39.4M      0 --:--:-- --:--:-- --:--:-- 39.4M
2026-10-07T21:15:56.4496259Z tar: Ignoring unknown extended header keyword 'LIBARCHIVE.xattr.com.docker.owner'
2026-10-07T21:15:56.4687013Z {"level":"info","ts":"2026-10-07T21:15:56.468Z","caller":"server/db.go:142","msg":"Database information","version":"PostgreSQL 16.15 (Debian 16.15-1.pgdg13+2) on x86_64-pc-linux-gnu, compiled by gcc (Debian 14.2.0-19) 14.2.0, 64-bit"}
2026-10-07T21:15:56.4689046Z {"level":"info","ts":"2026-10-07T21:15:56.468Z","caller":"migrate/migrate.go:109","msg":"Applying database migrations","limit":-1}
2026-10-07T21:15:56.5586278Z {"level":"info","ts":"2026-10-07T21:15:56.558Z","caller":"migrate/migrate.go:116","msg":"Successfully applied migration","count":20}
2026-10-07T21:15:57.5794868Z ##[group]Run XDG_DATA_HOME="$RUNNER_TEMP/emberfall-transfer-e2e" timeout 120s godot --headless --path . --script tests/cloud_transfer_e2e.gd
2026-10-07T21:15:57.5795589Z [36;1mXDG_DATA_HOME="$RUNNER_TEMP/emberfall-transfer-e2e" timeout 120s godot --headless --path . --script tests/cloud_transfer_e2e.gd[0m
2026-10-07T21:15:57.5849895Z shell: /usr/bin/bash -e {0}
2026-10-07T21:15:57.5850047Z env:
2026-10-07T21:15:57.5850223Z   JAVA_HOME: /opt/hostedtoolcache/Java_Temurin-Hotspot_jdk/17.0.20-1/x64
2026-10-07T21:15:57.5850497Z   JAVA_HOME_17_X64: /opt/hostedtoolcache/Java_Temurin-Hotspot_jdk/17.0.20-1/x64
2026-10-07T21:15:57.5850713Z   MAVEN_ARGS: -ntp
2026-10-07T21:15:57.5850847Z   ANDROID_HOME: /usr/local/lib/android/sdk
2026-10-07T21:15:57.5851030Z   ANDROID_SDK_ROOT: /usr/local/lib/android/sdk
2026-10-07T21:15:57.5851275Z   GODOT_ANDROID_KEYSTORE_RELEASE_PATH: /home/runner/work/_temp/emberfall-ci-upload.jks
2026-10-07T21:15:57.5851557Z   GODOT_ANDROID_KEYSTORE_RELEASE_USER: emberfall-ci
2026-10-07T21:15:57.5851978Z   GODOT_ANDROID_KEYSTORE_RELEASE_PASSWORD: ***
2026-10-07T21:15:57.5852141Z ##[endgroup]
2026-10-07T21:15:57.6063386Z Godot Engine v4.7.2.stable.official.ed1daf0bf - https://godotengine.org
2026-10-07T21:15:57.6269450Z 
2026-10-07T21:15:57.9887658Z PASS: old installation creates and authenticates a guest account
2026-10-07T21:15:57.9956945Z PASS: server creates a private progression profile for a signed-in account
2026-10-07T21:15:57.9957528Z PASS: client-supplied currency and floor unlocks are ignored
2026-10-07T21:15:57.9958085Z PASS: server initializes a complete starter equipment set and attribute points
2026-10-07T21:15:58.0025456Z PASS: server rejects farming on a locked floor
2026-10-07T21:15:58.0094773Z PASS: server accepts a class from its fixed class allowlist
2026-10-07T21:15:58.0163606Z PASS: server rejects an unknown class
2026-10-07T21:15:58.0232689Z PASS: server spends attribute points without accepting a client-provided amount
2026-10-07T21:15:58.0508491Z PASS: Nakama blocks direct client writes to the server-owned profile
2026-10-07T21:15:58.0578002Z PASS: rejected direct writes leave server progression unchanged
2026-10-07T21:15:58.0578454Z PASS: test save produces a valid backup code
2026-10-07T21:15:58.0853583Z PASS: old installation uploads its private cloud backup
2026-10-07T21:15:58.0991609Z PASS: server links a fresh one-time transfer identity
2026-10-07T21:15:58.0992070Z PASS: receiving installation starts without an account
2026-10-07T21:15:58.1475035Z PASS: new installation imports and authenticates the transfer key
2026-10-07T21:15:58.1475505Z PASS: import resolves to the original Nakama account
2026-10-07T21:15:58.1475922Z PASS: new installation persists its own replacement device identity
2026-10-07T21:15:58.1476565Z PASS: successful import removes the consumed key from local storage
2026-10-07T21:15:58.1476870Z PASS: imported account can read the existing private cloud backup
2026-10-07T21:15:58.1543403Z PASS: a consumed transfer key cannot authenticate a third installation
2026-10-07T21:15:58.1889501Z PASS: old installation can still reconnect after transfer
2026-10-07T21:15:58.1890243Z PASS: old installation clears the key marker after server reconciliation
2026-10-07T21:15:58.2095551Z PASS: new installation survives a cold restart with its replacement identity
2026-10-07T21:15:58.2095955Z PASS: cloud backup remains available after a cold restart
2026-10-07T21:15:58.2301413Z PASS: fellowship creator authenticates as a separate player
2026-10-07T21:15:58.2508993Z PASS: second fellowship member has an independent server identity
2026-10-07T21:15:58.3612449Z PASS: creator registers an open server-backed fellowship
2026-10-07T21:15:58.3888404Z PASS: another player discovers the open fellowship through the server board
2026-10-07T21:15:58.4026930Z PASS: test creates a closed group for named-search coverage
2026-10-07T21:15:58.4302120Z PASS: named search succeeds and excludes closed groups from the open board
2026-10-07T21:15:58.4578274Z PASS: unfiltered open board still discovers the same fellowship
2026-10-07T21:15:58.5407771Z PASS: second player joins the same server-backed fellowship
2026-10-07T21:15:58.5408110Z PASS: server roster reports both fellowship members
2026-10-07T21:15:58.7890993Z PASS: persistent group chat delivers a message to another connected player
2026-10-07T21:15:58.8582955Z PASS: a fresh chat connection loads the server-persisted message history
2026-10-07T21:15:58.9063564Z PASS: member can leave a fellowship through the server
2026-10-07T21:15:58.9067900Z CLOUD TRANSFER E2E: 36 checks, 0 failures
2026-10-07T21:15:58.9531126Z ##[group]Run if [ -f "$RUNNER_TEMP/nakama/server.pid" ]; then
2026-10-07T21:15:58.9531401Z [36;1mif [ -f "$RUNNER_TEMP/nakama/server.pid" ]; then[0m
2026-10-07T21:15:58.9531631Z [36;1m  nakama_pid="$(cat "$RUNNER_TEMP/nakama/server.pid")"[0m
2026-10-07T21:15:58.9531832Z [36;1m  kill "$nakama_pid" 2>/dev/null || true[0m
2026-10-07T21:15:58.9531990Z [36;1mfi[0m
2026-10-07T21:15:58.9584548Z shell: /usr/bin/bash -e {0}
2026-10-07T21:15:58.9584688Z env:
2026-10-07T21:15:58.9584861Z   JAVA_HOME: /opt/hostedtoolcache/Java_Temurin-Hotspot_jdk/17.0.20-1/x64
2026-10-07T21:15:58.9585128Z   JAVA_HOME_17_X64: /opt/hostedtoolcache/Java_Temurin-Hotspot_jdk/17.0.20-1/x64
2026-10-07T21:15:58.9585406Z   MAVEN_ARGS: -ntp
2026-10-07T21:15:58.9585540Z   ANDROID_HOME: /usr/local/lib/android/sdk
2026-10-07T21:15:58.9585708Z   ANDROID_SDK_ROOT: /usr/local/lib/android/sdk
2026-10-07T21:15:58.9585951Z   GODOT_ANDROID_KEYSTORE_RELEASE_PATH: /home/runner/work/_temp/emberfall-ci-upload.jks
2026-10-07T21:15:58.9586226Z   GODOT_ANDROID_KEYSTORE_RELEASE_USER: emberfall-ci
2026-10-07T21:15:58.9586619Z   GODOT_ANDROID_KEYSTORE_RELEASE_PASSWORD: ***
2026-10-07T21:15:58.9586782Z ##[endgroup]
2026-10-07T21:15:58.9680943Z ##[group]Run XDG_DATA_HOME="$RUNNER_TEMP/emberfall-regions-data" timeout 120s godot --headless --path . --fixed-fps 60 --script tests/regions_smoke.gd
2026-10-07T21:15:58.9681484Z [36;1mXDG_DATA_HOME="$RUNNER_TEMP/emberfall-regions-data" timeout 120s godot --headless --path . --fixed-fps 60 --script tests/regions_smoke.gd[0m
2026-10-07T21:15:58.9726370Z shell: /usr/bin/bash -e {0}
2026-10-07T21:15:58.9726508Z env:
2026-10-07T21:15:58.9726679Z   JAVA_HOME: /opt/hostedtoolcache/Java_Temurin-Hotspot_jdk/17.0.20-1/x64
2026-10-07T21:15:58.9726946Z   JAVA_HOME_17_X64: /opt/hostedtoolcache/Java_Temurin-Hotspot_jdk/17.0.20-1/x64
2026-10-07T21:15:58.9727152Z   MAVEN_ARGS: -ntp
2026-10-07T21:15:58.9727287Z   ANDROID_HOME: /usr/local/lib/android/sdk
2026-10-07T21:15:58.9727454Z   ANDROID_SDK_ROOT: /usr/local/lib/android/sdk
2026-10-07T21:15:58.9727693Z   GODOT_ANDROID_KEYSTORE_RELEASE_PATH: /home/runner/work/_temp/emberfall-ci-upload.jks
2026-10-07T21:15:58.9727966Z   GODOT_ANDROID_KEYSTORE_RELEASE_USER: emberfall-ci
2026-10-07T21:15:58.9728300Z   GODOT_ANDROID_KEYSTORE_RELEASE_PASSWORD: ***
2026-10-07T21:15:58.9728459Z ##[endgroup]
2026-10-07T21:15:58.9931902Z Godot Engine v4.7.2.stable.official.ed1daf0bf - https://godotengine.org
2026-10-07T21:15:59.0132826Z 
2026-10-07T21:16:02.3312073Z PASS: correct world theme for region 0
2026-10-07T21:16:02.3312375Z PASS: distinct stone palette for region 0
2026-10-07T21:16:02.3312599Z PASS: regional enemy names 0
2026-10-07T21:16:02.3312784Z PASS: regional boss name 0
2026-10-07T21:16:02.3312979Z PASS: enemy appearance receives region 0
2026-10-07T21:16:02.3313199Z PASS: water belongs only to the archive 0
2026-10-07T21:16:02.3313408Z PASS: lava belongs only to the citadel 0
2026-10-07T21:16:02.7031759Z PASS: boss regalia creates without runtime errors 0
2026-10-07T21:16:02.7033048Z PASS: scenery does not alter combat state 0
2026-10-07T21:16:04.0828850Z PASS: correct world theme for region 1
2026-10-07T21:16:04.0829731Z PASS: distinct stone palette for region 1
2026-10-07T21:16:04.0830051Z PASS: regional enemy names 1
2026-10-07T21:16:04.0830319Z PASS: regional boss name 1
2026-10-07T21:16:04.0830598Z PASS: enemy appearance receives region 1
2026-10-07T21:16:04.0830901Z PASS: water belongs only to the archive 1
2026-10-07T21:16:04.0831213Z PASS: lava belongs only to the citadel 1
2026-10-07T21:16:04.3480938Z PASS: boss regalia creates without runtime errors 1
2026-10-07T21:16:04.3483139Z PASS: scenery does not alter combat state 1
2026-10-07T21:16:05.7565478Z PASS: correct world theme for region 2
2026-10-07T21:16:05.7565929Z PASS: distinct stone palette for region 2
2026-10-07T21:16:05.7566254Z PASS: regional enemy names 2
2026-10-07T21:16:05.7566517Z PASS: regional boss name 2
2026-10-07T21:16:05.7566802Z PASS: enemy appearance receives region 2
2026-10-07T21:16:05.7567112Z PASS: water belongs only to the archive 2
2026-10-07T21:16:05.7567421Z PASS: lava belongs only to the citadel 2
2026-10-07T21:16:06.0159837Z PASS: boss regalia creates without runtime errors 2
2026-10-07T21:16:06.0161683Z PASS: scenery does not alter combat state 2
2026-10-07T21:16:07.3397078Z PASS: correct world theme for region 3
2026-10-07T21:16:07.3397502Z PASS: distinct stone palette for region 3
2026-10-07T21:16:07.3397801Z PASS: regional enemy names 3
2026-10-07T21:16:07.3398059Z PASS: regional boss name 3
2026-10-07T21:16:07.3398334Z PASS: enemy appearance receives region 3
2026-10-07T21:16:07.3398626Z PASS: water belongs only to the archive 3
2026-10-07T21:16:07.3398940Z PASS: lava belongs only to the citadel 3
2026-10-07T21:16:07.6366785Z PASS: boss regalia creates without runtime errors 3
2026-10-07T21:16:07.6368839Z PASS: scenery does not alter combat state 3
2026-10-07T21:16:07.6734203Z REGIONS SMOKE: 36 checks, 0 failures
2026-10-07T21:16:07.7941334Z ##[group]Run XDG_DATA_HOME="$RUNNER_TEMP/emberfall-gear-data" timeout 120s godot --headless --path . --fixed-fps 60 --script tests/gear_forecast_smoke.gd
2026-10-07T21:16:07.7941944Z [36;1mXDG_DATA_HOME="$RUNNER_TEMP/emberfall-gear-data" timeout 120s godot --headless --path . --fixed-fps 60 --script tests/gear_forecast_smoke.gd[0m
2026-10-07T21:16:07.7942485Z [36;1mXDG_DATA_HOME="$RUNNER_TEMP/emberfall-onboarding-data" timeout 120s godot --headless --path . --fixed-fps 60 --script tests/onboarding_smoke.gd[0m
2026-10-07T21:16:07.7996009Z shell: /usr/bin/bash -e {0}
2026-10-07T21:16:07.7996150Z env:
2026-10-07T21:16:07.7996324Z   JAVA_HOME: /opt/hostedtoolcache/Java_Temurin-Hotspot_jdk/17.0.20-1/x64
2026-10-07T21:16:07.7996598Z   JAVA_HOME_17_X64: /opt/hostedtoolcache/Java_Temurin-Hotspot_jdk/17.0.20-1/x64
2026-10-07T21:16:07.7996811Z   MAVEN_ARGS: -ntp
2026-10-07T21:16:07.7996944Z   ANDROID_HOME: /usr/local/lib/android/sdk
2026-10-07T21:16:07.7997144Z   ANDROID_SDK_ROOT: /usr/local/lib/android/sdk
2026-10-07T21:16:07.7997389Z   GODOT_ANDROID_KEYSTORE_RELEASE_PATH: /home/runner/work/_temp/emberfall-ci-upload.jks
2026-10-07T21:16:07.7997644Z   GODOT_ANDROID_KEYSTORE_RELEASE_USER: emberfall-ci
2026-10-07T21:16:07.7998074Z   GODOT_ANDROID_KEYSTORE_RELEASE_PASSWORD: ***
2026-10-07T21:16:07.7998262Z ##[endgroup]
2026-10-07T21:16:07.8211527Z Godot Engine v4.7.2.stable.official.ed1daf0bf - https://godotengine.org
2026-10-07T21:16:07.8415961Z 
2026-10-07T21:16:10.3442082Z PASS: Vowkeeper: class Life and Armor profile matches its design
2026-10-07T21:16:10.3442611Z PASS: Vowkeeper: comparing gear never mutates equipment
2026-10-07T21:16:10.3443026Z PASS: Vowkeeper: displayed deltas equal actual equip results
2026-10-07T21:16:10.3443452Z PASS: Vowkeeper: weapon and primary attribute affect damage
2026-10-07T21:16:10.3448505Z PASS: Vowkeeper: incomplete assessment cannot present a clear rate
2026-10-07T21:16:10.3906072Z PASS: Vowkeeper: assessment can yield after a bounded batch
2026-10-07T21:16:17.9257835Z PASS: Vowkeeper: forecast matches every actual combat pattern
2026-10-07T21:16:17.9258336Z PASS: Vowkeeper: initial floor is reliable
2026-10-07T21:16:17.9258755Z PASS: Vowkeeper: forecast does not consume runs or alter a live fight
2026-10-07T21:16:17.9266100Z PASS: Vowkeeper: completed forecast is idempotent
2026-10-07T21:16:17.9266525Z PASS: Arcanist: class Life and Armor profile matches its design
2026-10-07T21:16:17.9266801Z PASS: Arcanist: comparing gear never mutates equipment
2026-10-07T21:16:17.9267061Z PASS: Arcanist: displayed deltas equal actual equip results
2026-10-07T21:16:17.9267323Z PASS: Arcanist: weapon and primary attribute affect damage
2026-10-07T21:16:17.9267599Z PASS: Arcanist: incomplete assessment cannot present a clear rate
2026-10-07T21:16:17.9767477Z PASS: Arcanist: assessment can yield after a bounded batch
2026-10-07T21:16:25.5934282Z PASS: Arcanist: forecast matches every actual combat pattern
2026-10-07T21:16:25.5934764Z PASS: Arcanist: initial floor is reliable
2026-10-07T21:16:25.5935175Z PASS: Arcanist: forecast does not consume runs or alter a live fight
2026-10-07T21:16:25.5935766Z PASS: Arcanist: completed forecast is idempotent
2026-10-07T21:16:25.5936282Z PASS: Ranger: class Life and Armor profile matches its design
2026-10-07T21:16:25.5936950Z PASS: Ranger: comparing gear never mutates equipment
2026-10-07T21:16:25.5937324Z PASS: Ranger: displayed deltas equal actual equip results
2026-10-07T21:16:25.5937691Z PASS: Ranger: weapon and primary attribute affect damage
2026-10-07T21:16:25.5942913Z PASS: Ranger: incomplete assessment cannot present a clear rate
2026-10-07T21:16:25.6259655Z PASS: Ranger: assessment can yield after a bounded batch
2026-10-07T21:16:31.4110423Z PASS: Ranger: forecast matches every actual combat pattern
2026-10-07T21:16:31.4110866Z PASS: Ranger: initial floor is reliable
2026-10-07T21:16:31.4111273Z PASS: Ranger: forecast does not consume runs or alter a live fight
2026-10-07T21:16:31.4112251Z PASS: Ranger: completed forecast is idempotent
2026-10-07T21:16:31.4112725Z PASS: ability rank increase also reports additional mana cost
2026-10-07T21:16:31.9397234Z PASS: impossible floor has no estimated victories
2026-10-07T21:16:31.9397800Z PASS: actual fight length is separate from the minimum AFK cycle
2026-10-07T21:16:31.9398325Z PASS: non-weapon item rating is not shown as additional attack
2026-10-07T21:16:31.9399054Z PASS: armor and Vitality comparison shows actual survivability bonuses
2026-10-07T21:16:31.9399523Z PASS: displayed critical chance respects the actual 100 percent maximum
2026-10-07T21:16:32.1066316Z PASS: navigating cancels assessments tied to old UI
2026-10-07T21:16:37.1222836Z PASS: cooperative assessment completes and caches results in the camp
2026-10-07T21:16:37.1307176Z GEAR / FORECAST SMOKE: 38 checks, 0 failures
2026-10-07T21:16:37.2631003Z Godot Engine v4.7.2.stable.official.ed1daf0bf - https://godotengine.org
2026-10-07T21:16:37.2838018Z 
2026-10-07T21:16:39.8271167Z PASS: new save opens class selection
2026-10-07T21:16:39.8271716Z PASS: ChooseVowkeeper fits within landscape viewport
2026-10-07T21:16:39.8272075Z PASS: ChooseArcanist fits within landscape viewport
2026-10-07T21:16:39.8272308Z PASS: ChooseRanger fits within landscape viewport
2026-10-07T21:16:39.8272542Z PASS: ReviewGear fits within landscape viewport
2026-10-07T21:16:39.8272774Z PASS: BeginExpedition fits within landscape viewport
2026-10-07T21:16:40.1038157Z PASS: class choice updates selection and keeps the introduction open
2026-10-07T21:16:40.4471581Z PASS: unfinished selection survives closing the game
2026-10-07T21:16:41.3661911Z PASS: first expedition uses selected class and closes introduction
2026-10-07T21:16:42.2592425Z PASS: returning to a saved expedition never reopens onboarding
2026-10-07T21:16:42.6998907Z PASS: preparation opens class and attribute editor
2026-10-07T21:16:42.8361115Z PASS: spending a point updates the build
2026-10-07T21:16:42.9303823Z PASS: switching classes refunds allocated points exactly
2026-10-07T21:16:43.0679974Z PASS: repeated class changes cannot create attribute points
2026-10-07T21:16:43.4839987Z PASS: manual refund is idempotent
2026-10-07T21:16:43.6282867Z PASS: equipment tab is available without scrolling past the class editor
2026-10-07T21:16:43.7720566Z PASS: equipment swap returns old item to bag with actionable status
2026-10-07T21:16:43.7781637Z PASS: bag tab opens directly
2026-10-07T21:16:44.1348617Z PASS: finished introduction and refunded points persist
2026-10-07T21:16:44.1417117Z ONBOARDING SMOKE: 19 checks, 0 failures
2026-10-07T21:16:44.2983977Z ##[group]Run XDG_DATA_HOME="$RUNNER_TEMP/emberfall-options-data" timeout 120s godot --headless --path . --fixed-fps 60 --script tests/options_smoke.gd
2026-10-07T21:16:44.2984550Z [36;1mXDG_DATA_HOME="$RUNNER_TEMP/emberfall-options-data" timeout 120s godot --headless --path . --fixed-fps 60 --script tests/options_smoke.gd[0m
2026-10-07T21:16:44.3038246Z shell: /usr/bin/bash -e {0}
2026-10-07T21:16:44.3038457Z env:
2026-10-07T21:16:44.3038746Z   JAVA_HOME: /opt/hostedtoolcache/Java_Temurin-Hotspot_jdk/17.0.20-1/x64
2026-10-07T21:16:44.3039185Z   JAVA_HOME_17_X64: /opt/hostedtoolcache/Java_Temurin-Hotspot_jdk/17.0.20-1/x64
2026-10-07T21:16:44.3039492Z   MAVEN_ARGS: -ntp
2026-10-07T21:16:44.3039699Z   ANDROID_HOME: /usr/local/lib/android/sdk
2026-10-07T21:16:44.3039959Z   ANDROID_SDK_ROOT: /usr/local/lib/android/sdk
2026-10-07T21:16:44.3040377Z   GODOT_ANDROID_KEYSTORE_RELEASE_PATH: /home/runner/work/_temp/emberfall-ci-upload.jks
2026-10-07T21:16:44.3040787Z   GODOT_ANDROID_KEYSTORE_RELEASE_USER: emberfall-ci
2026-10-07T21:16:44.3041335Z   GODOT_ANDROID_KEYSTORE_RELEASE_PASSWORD: ***
2026-10-07T21:16:44.3041571Z ##[endgroup]
2026-10-07T21:16:44.3255061Z Godot Engine v4.7.2.stable.official.ed1daf0bf - https://godotengine.org
2026-10-07T21:16:44.3463264Z 
2026-10-07T21:16:44.6836190Z PASS: missing preferences retain safe defaults
2026-10-07T21:16:44.6836711Z PASS: invalid settings are bounded and type checked
2026-10-07T21:16:44.8485488Z PASS: camp: audible PCM with bounded peaks and quiet edges
2026-10-07T21:16:44.8485922Z PASS: camp: synthesis is cached
2026-10-07T21:16:44.8486333Z PASS: camp: inclusive loop boundary is the last valid PCM frame
2026-10-07T21:16:45.0098895Z PASS: dungeon: audible PCM with bounded peaks and quiet edges
2026-10-07T21:16:45.0099340Z PASS: dungeon: synthesis is cached
2026-10-07T21:16:45.0099783Z PASS: dungeon: inclusive loop boundary is the last valid PCM frame
2026-10-07T21:16:45.0104806Z PASS: ui: audible PCM with bounded peaks and quiet edges
2026-10-07T21:16:45.0105208Z PASS: ui: synthesis is cached
2026-10-07T21:16:45.0121462Z PASS: swing: audible PCM with bounded peaks and quiet edges
2026-10-07T21:16:45.0121932Z PASS: swing: synthesis is cached
2026-10-07T21:16:45.0141894Z PASS: bolt: audible PCM with bounded peaks and quiet edges
2026-10-07T21:16:45.0142270Z PASS: bolt: synthesis is cached
2026-10-07T21:16:45.0167633Z PASS: impact: audible PCM with bounded peaks and quiet edges
2026-10-07T21:16:45.0168025Z PASS: impact: synthesis is cached
2026-10-07T21:16:45.0207514Z PASS: arcane_contact: audible PCM with bounded peaks and quiet edges
2026-10-07T21:16:45.0207945Z PASS: arcane_contact: synthesis is cached
2026-10-07T21:16:45.0242685Z PASS: arrow_contact: audible PCM with bounded peaks and quiet edges
2026-10-07T21:16:45.0243110Z PASS: arrow_contact: synthesis is cached
2026-10-07T21:16:45.0288299Z PASS: hurt: audible PCM with bounded peaks and quiet edges
2026-10-07T21:16:45.0288673Z PASS: hurt: synthesis is cached
2026-10-07T21:16:45.0444021Z PASS: oath: audible PCM with bounded peaks and quiet edges
2026-10-07T21:16:45.0444393Z PASS: oath: synthesis is cached
2026-10-07T21:16:45.0591430Z PASS: nova: audible PCM with bounded peaks and quiet edges
2026-10-07T21:16:45.0591802Z PASS: nova: synthesis is cached
2026-10-07T21:16:45.0648174Z PASS: volley: audible PCM with bounded peaks and quiet edges
2026-10-07T21:16:45.0648562Z PASS: volley: synthesis is cached
2026-10-07T21:16:45.0761108Z PASS: warning: audible PCM with bounded peaks and quiet edges
2026-10-07T21:16:45.0761505Z PASS: warning: synthesis is cached
2026-10-07T21:16:45.0770433Z PASS: step: audible PCM with bounded peaks and quiet edges
2026-10-07T21:16:45.0770802Z PASS: step: synthesis is cached
2026-10-07T21:16:45.0843388Z PASS: ward: audible PCM with bounded peaks and quiet edges
2026-10-07T21:16:45.0843760Z PASS: ward: synthesis is cached
2026-10-07T21:16:45.0943024Z PASS: lightning: audible PCM with bounded peaks and quiet edges
2026-10-07T21:16:45.0943734Z PASS: lightning: synthesis is cached
2026-10-07T21:16:45.1139763Z PASS: starfall: audible PCM with bounded peaks and quiet edges
2026-10-07T21:16:45.1140165Z PASS: starfall: synthesis is cached
2026-10-07T21:16:45.1783728Z PASS: victory: audible PCM with bounded peaks and quiet edges
2026-10-07T21:16:45.1784130Z PASS: victory: synthesis is cached
2026-10-07T21:16:45.2111828Z PASS: defeat: audible PCM with bounded peaks and quiet edges
2026-10-07T21:16:45.2112181Z PASS: defeat: synthesis is cached
2026-10-07T21:16:47.5843745Z PASS: Back from armory returns to camp
2026-10-07T21:16:47.5844286Z PASS: duplicate Back delivery within a frame is handled once
2026-10-07T21:16:47.6394627Z PASS: Back at camp opens options instead of quitting
2026-10-07T21:16:47.6395146Z PASS: CloseSettings fits within landscape viewport
2026-10-07T21:16:47.6395716Z PASS: SaveAndExit fits within landscape viewport
2026-10-07T21:16:47.6396092Z PASS: MasterVolume fits within landscape viewport
2026-10-07T21:16:47.6396444Z PASS: MusicVolume fits within landscape viewport
2026-10-07T21:16:47.6396826Z PASS: EffectsVolume fits within landscape viewport
2026-10-07T21:16:47.6397189Z PASS: LargeText fits within landscape viewport
2026-10-07T21:16:47.6397546Z PASS: ReducedMotion fits within landscape viewport
2026-10-07T21:16:47.6552143Z PASS: device report cannot invent measurements before combat
2026-10-07T21:16:47.6692099Z PASS: locally measured frame pacing is readable and copyable from Beta / Privacy
2026-10-07T21:16:47.6891194Z PASS: options exports a copyable save backup code
2026-10-07T21:16:47.6891693Z PASS: camp exposes import and a disabled undo until a restore exists
2026-10-07T21:16:47.6892214Z PASS: invalid backup entered through the UI leaves progress unchanged
2026-10-07T21:16:47.7034551Z PASS: large-text option updates labels already on screen
2026-10-07T21:16:47.7034957Z PASS: large-text preference is enabled
2026-10-07T21:16:47.7044101Z PASS: master mute affects both music and effects
2026-10-07T21:16:47.7044471Z PASS: muted effects never allocate a voice
2026-10-07T21:16:47.7069992Z PASS: music and effects volumes are independent
2026-10-07T21:16:47.7094786Z PASS: battery mode caps presentation at 30 FPS
2026-10-07T21:16:48.4082699Z PASS: battery mode reduces rendering resolution, MSAA and shadows
2026-10-07T21:16:48.4083147Z PASS: battery mode also disables architecture normal-map work
2026-10-07T21:16:48.4083502Z PASS: damage number preference reaches the 3D world
2026-10-07T21:16:48.4083845Z PASS: reduced-motion preference reaches the 3D world
2026-10-07T21:16:48.4084373Z PASS: reduced motion suppresses nonessential impact shake
2026-10-07T21:16:48.4152176Z PASS: opening options pauses an active run
2026-10-07T21:16:48.4153911Z PASS: options menu leaves exact combat state unchanged
2026-10-07T21:16:48.4223377Z PASS: balanced mode restores rendering immediately
2026-10-07T21:16:48.4223882Z PASS: balanced mode restores masonry relief on the same live world
2026-10-07T21:16:48.4224350Z PASS: balanced mode keeps the combat camera steady on impact
2026-10-07T21:16:48.4224837Z PASS: graphics changes cannot affect simulation, runs or rewards
2026-10-07T21:16:48.4264294Z PASS: Back closes menu and resumes previously active run
2026-10-07T21:16:48.4340900Z PASS: closing options preserves a manually paused run
2026-10-07T21:16:48.4341391Z PASS: background suspension stops playback and rejects new cues
2026-10-07T21:16:48.4341867Z PASS: foreground preserves muted music without replaying effects
2026-10-07T21:16:48.4363380Z PASS: unmuting music resumes its playback
2026-10-07T21:16:49.2681474Z PASS: performance samples stay in memory and are not restored from the save
2026-10-07T21:16:49.2682094Z PASS: audio, graphics, readability and motion preferences survive a cold start
2026-10-07T21:16:49.2682996Z PASS: paused expedition survives options and cold start
2026-10-07T21:16:49.2847930Z OPTIONS SMOKE: 82 checks, 0 failures
2026-10-07T21:16:49.4032904Z ##[group]Run XDG_DATA_HOME="$RUNNER_TEMP/emberfall-cloud-identity-data" timeout 120s godot --headless --path . --fixed-fps 60 --script tests/cloud_identity_smoke.gd
2026-10-07T21:16:49.4033544Z [36;1mXDG_DATA_HOME="$RUNNER_TEMP/emberfall-cloud-identity-data" timeout 120s godot --headless --path . --fixed-fps 60 --script tests/cloud_identity_smoke.gd[0m
2026-10-07T21:16:49.4087649Z shell: /usr/bin/bash -e {0}
2026-10-07T21:16:49.4087799Z env:
2026-10-07T21:16:49.4087984Z   JAVA_HOME: /opt/hostedtoolcache/Java_Temurin-Hotspot_jdk/17.0.20-1/x64
2026-10-07T21:16:49.4088264Z   JAVA_HOME_17_X64: /opt/hostedtoolcache/Java_Temurin-Hotspot_jdk/17.0.20-1/x64
2026-10-07T21:16:49.4088483Z   MAVEN_ARGS: -ntp
2026-10-07T21:16:49.4088618Z   ANDROID_HOME: /usr/local/lib/android/sdk
2026-10-07T21:16:49.4088790Z   ANDROID_SDK_ROOT: /usr/local/lib/android/sdk
2026-10-07T21:16:49.4089059Z   GODOT_ANDROID_KEYSTORE_RELEASE_PATH: /home/runner/work/_temp/emberfall-ci-upload.jks
2026-10-07T21:16:49.4089425Z   GODOT_ANDROID_KEYSTORE_RELEASE_USER: emberfall-ci
2026-10-07T21:16:49.4089903Z   GODOT_ANDROID_KEYSTORE_RELEASE_PASSWORD: ***
2026-10-07T21:16:49.4090071Z ##[endgroup]
2026-10-07T21:16:49.4320021Z Godot Engine v4.7.2.stable.official.ed1daf0bf - https://godotengine.org
2026-10-07T21:16:49.4530073Z 
2026-10-07T21:16:49.7830374Z PASS: new install has no local account or transfer key
2026-10-07T21:16:49.7830871Z PASS: malformed and non-hex device IDs are rejected
2026-10-07T21:16:49.7831289Z PASS: hexadecimal IDs accept clipboard case variations
2026-10-07T21:16:49.7831734Z PASS: initial guest ID and transfer key are written atomically
2026-10-07T21:16:49.7832152Z PASS: saved guest ID reloads from the identity file
2026-10-07T21:16:49.7832554Z PASS: saved transfer key reloads for display or revocation
2026-10-07T21:16:49.7833060Z PASS: crash-recovery fixture leaves the previous identity between rename steps
2026-10-07T21:16:49.7834536Z PASS: interrupted identity replacement restores the previous valid account
2026-10-07T21:16:49.7835584Z PASS: invalid replacement cannot overwrite a valid identity
2026-10-07T21:16:49.7837304Z PASS: rotated guest ID replaces the old identity
2026-10-07T21:16:49.7838196Z PASS: rotation clears the consumed transfer key
2026-10-07T21:16:49.7838688Z PASS: successful identity rotation leaves no staging or recovery file behind
2026-10-07T21:16:49.7840616Z PASS: missing guest IDs are generated from 128 random bits and persisted
2026-10-07T21:16:49.7841056Z PASS: generated guest ID survives a cold read
2026-10-07T21:16:49.7843862Z CLOUD IDENTITY SMOKE: 14 checks, 0 failures
2026-10-07T21:16:49.8491937Z ##[group]Run XDG_DATA_HOME="$RUNNER_TEMP/emberfall-ward-data" timeout 120s godot --headless --path . --fixed-fps 60 --script tests/mana_ward_smoke.gd
2026-10-07T21:16:49.8492898Z [36;1mXDG_DATA_HOME="$RUNNER_TEMP/emberfall-ward-data" timeout 120s godot --headless --path . --fixed-fps 60 --script tests/mana_ward_smoke.gd[0m
2026-10-07T21:16:49.8553983Z shell: /usr/bin/bash -e {0}
2026-10-07T21:16:49.8554142Z env:
2026-10-07T21:16:49.8554326Z   JAVA_HOME: /opt/hostedtoolcache/Java_Temurin-Hotspot_jdk/17.0.20-1/x64
2026-10-07T21:16:49.8554614Z   JAVA_HOME_17_X64: /opt/hostedtoolcache/Java_Temurin-Hotspot_jdk/17.0.20-1/x64
2026-10-07T21:16:49.8554830Z   MAVEN_ARGS: -ntp
2026-10-07T21:16:49.8554969Z   ANDROID_HOME: /usr/local/lib/android/sdk
2026-10-07T21:16:49.8555140Z   ANDROID_SDK_ROOT: /usr/local/lib/android/sdk
2026-10-07T21:16:49.8555550Z   GODOT_ANDROID_KEYSTORE_RELEASE_PATH: /home/runner/work/_temp/emberfall-ci-upload.jks
2026-10-07T21:16:49.8555835Z   GODOT_ANDROID_KEYSTORE_RELEASE_USER: emberfall-ci
2026-10-07T21:16:49.8556259Z   GODOT_ANDROID_KEYSTORE_RELEASE_PASSWORD: ***
2026-10-07T21:16:49.8556429Z ##[endgroup]
2026-10-07T21:16:49.8767724Z Godot Engine v4.7.2.stable.official.ed1daf0bf - https://godotengine.org
2026-10-07T21:16:49.8970473Z 
2026-10-07T21:16:50.2845580Z PASS: 35 damage absorbed at a cost of 70 Mana
2026-10-07T21:16:50.2846137Z PASS: visual events report absorbed and actual health damage separately
2026-10-07T21:16:50.2846640Z PASS: partial ward uses only Mana above one ability cast
2026-10-07T21:16:50.2847126Z PASS: reserve prevents absorption without preventing incoming damage
2026-10-07T21:16:50.2847626Z PASS: odd Mana cannot buy fractional absorption or cross the reserve
2026-10-07T21:16:50.2848026Z PASS: empty Mana never becomes negative
2026-10-07T21:16:50.2855914Z PASS: ward applies after armor mitigation
2026-10-07T21:16:50.2875720Z PASS: minimum hit does not create free absorption
2026-10-07T21:16:50.2886039Z PASS: Vowkeeper: ward is exclusive to Arcanist
2026-10-07T21:16:50.2886402Z PASS: Ranger: ward is exclusive to Arcanist
2026-10-07T21:16:50.2886692Z PASS: old expedition checkpoint retains its original rules
2026-10-07T21:16:50.2925482Z PASS: old checkpoint produces exactly the same outcome after update
2026-10-07T21:16:50.2936623Z PASS: ward combat checkpoint restores bit-exactly
2026-10-07T21:16:50.3027507Z PASS: ward checkpoint preserves final outcome and RNG
2026-10-07T21:16:50.3028027Z PASS: invalid ward stat rejected: -0.1
2026-10-07T21:16:50.3028763Z PASS: invalid ward stat rejected: 0.51
2026-10-07T21:16:50.3029389Z PASS: invalid ward stat rejected: inf
2026-10-07T21:16:50.3030044Z PASS: invalid ward stat rejected: nan
2026-10-07T21:16:50.3030638Z PASS: invalid ward stat rejected: ward
2026-10-07T21:16:52.4843022Z PASS: new Arcanist expeditions receive the ward stat
2026-10-07T21:16:52.4843485Z PASS: Spirit adds a usable defensive Mana pool
2026-10-07T21:16:52.5513487Z PASS: live and skipped ward combat remain identical
2026-10-07T21:16:52.5513897Z PASS: automatic combat uses both ward and Nova
2026-10-07T21:16:53.1853640Z PASS: Arcanist world and HUD expose ward feedback
2026-10-07T21:16:53.1854092Z PASS: absorbing damage displays the shield shell
2026-10-07T21:16:53.2134557Z PASS: shield feedback expires without changing the simulation rules
2026-10-07T21:16:53.2187946Z PASS: game save preserves a paused ward-enabled expedition
2026-10-07T21:16:53.2452606Z MANA WARD SMOKE: 27 checks, 0 failures
2026-10-07T21:16:53.3700518Z ##[group]Run XDG_DATA_HOME="$RUNNER_TEMP/emberfall-boss-data" timeout 120s godot --headless --path . --fixed-fps 60 --script tests/boss_patterns_smoke.gd
2026-10-07T21:16:53.3701123Z [36;1mXDG_DATA_HOME="$RUNNER_TEMP/emberfall-boss-data" timeout 120s godot --headless --path . --fixed-fps 60 --script tests/boss_patterns_smoke.gd[0m
2026-10-07T21:16:53.3754845Z shell: /usr/bin/bash -e {0}
2026-10-07T21:16:53.3754993Z env:
2026-10-07T21:16:53.3755173Z   JAVA_HOME: /opt/hostedtoolcache/Java_Temurin-Hotspot_jdk/17.0.20-1/x64
2026-10-07T21:16:53.3755607Z   JAVA_HOME_17_X64: /opt/hostedtoolcache/Java_Temurin-Hotspot_jdk/17.0.20-1/x64
2026-10-07T21:16:53.3755828Z   MAVEN_ARGS: -ntp
2026-10-07T21:16:53.3755968Z   ANDROID_HOME: /usr/local/lib/android/sdk
2026-10-07T21:16:53.3756161Z   ANDROID_SDK_ROOT: /usr/local/lib/android/sdk
2026-10-07T21:16:53.3756415Z   GODOT_ANDROID_KEYSTORE_RELEASE_PATH: /home/runner/work/_temp/emberfall-ci-upload.jks
2026-10-07T21:16:53.3756726Z   GODOT_ANDROID_KEYSTORE_RELEASE_USER: emberfall-ci
2026-10-07T21:16:53.3757194Z   GODOT_ANDROID_KEYSTORE_RELEASE_PASSWORD: ***
2026-10-07T21:16:53.3757366Z ##[endgroup]
2026-10-07T21:16:53.3970432Z Godot Engine v4.7.2.stable.official.ed1daf0bf - https://godotengine.org
2026-10-07T21:16:53.4171952Z 
2026-10-07T21:16:53.7859695Z PASS: bell ring has a safe center and exterior
2026-10-07T21:16:53.7860117Z PASS: tidal lane uses its committed direction
2026-10-07T21:16:53.7860476Z PASS: grave bloom has three distinct blast circles
2026-10-07T21:16:53.7860838Z PASS: furnace cross leaves safe diagonal sectors
2026-10-07T21:16:53.7861227Z PASS: region 0 has two distinct, readable boss telegraphs
2026-10-07T21:16:53.7862838Z PASS: region 0 alternate attack has a reachable safe point
2026-10-07T21:16:53.7865022Z PASS: region 0 automatic dodge avoids its alternate attack
2026-10-07T21:16:53.7870219Z PASS: region 0 boss pattern selection replays from its seed
2026-10-07T21:16:53.7878609Z PASS: region 0 selected warning restores exactly
2026-10-07T21:16:53.7879110Z PASS: region 0 boss alternates shape after a saved warning
2026-10-07T21:16:53.7879539Z PASS: region 1 has two distinct, readable boss telegraphs
2026-10-07T21:16:53.7881499Z PASS: region 1 alternate attack has a reachable safe point
2026-10-07T21:16:53.7882953Z PASS: region 1 automatic dodge avoids its alternate attack
2026-10-07T21:16:53.7888243Z PASS: region 1 boss pattern selection replays from its seed
2026-10-07T21:16:53.7896557Z PASS: region 1 selected warning restores exactly
2026-10-07T21:16:53.7897049Z PASS: region 1 boss alternates shape after a saved warning
2026-10-07T21:16:53.7897495Z PASS: region 2 has two distinct, readable boss telegraphs
2026-10-07T21:16:53.7900192Z PASS: region 2 alternate attack has a reachable safe point
2026-10-07T21:16:53.7902483Z PASS: region 2 automatic dodge avoids its alternate attack
2026-10-07T21:16:53.7907519Z PASS: region 2 boss pattern selection replays from its seed
2026-10-07T21:16:53.7915530Z PASS: region 2 selected warning restores exactly
2026-10-07T21:16:53.7916046Z PASS: region 2 boss alternates shape after a saved warning
2026-10-07T21:16:53.7916511Z PASS: region 3 has two distinct, readable boss telegraphs
2026-10-07T21:16:53.7919179Z PASS: region 3 alternate attack has a reachable safe point
2026-10-07T21:16:53.7921450Z PASS: region 3 automatic dodge avoids its alternate attack
2026-10-07T21:16:53.7926480Z PASS: region 3 boss pattern selection replays from its seed
2026-10-07T21:16:53.7934575Z PASS: region 3 selected warning restores exactly
2026-10-07T21:16:53.7935080Z PASS: region 3 boss alternates shape after a saved warning
2026-10-07T21:16:53.7937374Z PASS: region 0: generated warning validates
2026-10-07T21:16:53.7938830Z PASS: region 0: escape stays inside walkable bounds
2026-10-07T21:16:53.7939814Z PASS: region 0: hero reacts automatically
2026-10-07T21:16:53.7941234Z PASS: region 0: automatic escape avoids actual damage
2026-10-07T21:16:53.7942803Z PASS: region 0: standing in danger takes one resolved hit
2026-10-07T21:16:53.7944488Z PASS: region 0: half-health phase strengthens future attacks
2026-10-07T21:16:53.7944877Z PASS: region 0: awakening announces exactly once
2026-10-07T21:16:53.7949397Z PASS: region 0: mid-cast checkpoint is exact
2026-10-07T21:16:53.7958120Z PASS: region 0: resumed boss phase finishes identically
2026-10-07T21:16:53.7959746Z PASS: region 0: invalid telegraph rejected
2026-10-07T21:16:54.1605727Z PASS: region 0 Vowkeeper: all 64 live/skip outcomes agree
2026-10-07T21:16:54.4643672Z PASS: region 0 Arcanist: all 64 live/skip outcomes agree
2026-10-07T21:16:54.7382268Z PASS: region 0 Ranger: all 64 live/skip outcomes agree
2026-10-07T21:16:58.2624920Z PASS: region 0: restored warning has complete fill, dark backing and orange contour geometry
2026-10-07T21:16:58.2625844Z PASS: region 0: restored warning retains its distinct fill, backing and contour materials
2026-10-07T21:16:58.2626424Z PASS: region 0: dark backing extends beyond the orange danger contour
2026-10-07T21:16:58.2626927Z PASS: region 0: restored warning immediately displays its countdown
2026-10-07T21:16:58.2627341Z PASS: region 0: HUD names the current boss attack
2026-10-07T21:16:58.2627701Z PASS: region 0: paused boss and warning remain frozen
2026-10-07T21:16:58.3080111Z PASS: region 1: generated warning validates
2026-10-07T21:16:58.3081829Z PASS: region 1: escape stays inside walkable bounds
2026-10-07T21:16:58.3083075Z PASS: region 1: hero reacts automatically
2026-10-07T21:16:58.3084801Z PASS: region 1: automatic escape avoids actual damage
2026-10-07T21:16:58.3087721Z PASS: region 1: standing in danger takes one resolved hit
2026-10-07T21:16:58.3090011Z PASS: region 1: half-health phase strengthens future attacks
2026-10-07T21:16:58.3090413Z PASS: region 1: awakening announces exactly once
2026-10-07T21:16:58.3097947Z PASS: region 1: mid-cast checkpoint is exact
2026-10-07T21:16:58.3122463Z PASS: region 1: resumed boss phase finishes identically
2026-10-07T21:16:58.3124789Z PASS: region 1: invalid telegraph rejected
2026-10-07T21:16:59.1644315Z PASS: region 1 Vowkeeper: all 64 live/skip outcomes agree
2026-10-07T21:16:59.9069193Z PASS: region 1 Arcanist: all 64 live/skip outcomes agree
2026-10-07T21:17:00.4997578Z PASS: region 1 Ranger: all 64 live/skip outcomes agree
2026-10-07T21:17:01.9860443Z PASS: region 1: restored warning has complete fill, dark backing and orange contour geometry
2026-10-07T21:17:01.9861158Z PASS: region 1: restored warning retains its distinct fill, backing and contour materials
2026-10-07T21:17:01.9861704Z PASS: region 1: dark backing extends beyond the orange danger contour
2026-10-07T21:17:01.9862177Z PASS: region 1: restored warning immediately displays its countdown
2026-10-07T21:17:01.9862595Z PASS: region 1: HUD names the current boss attack
2026-10-07T21:17:01.9862955Z PASS: region 1: paused boss and warning remain frozen
2026-10-07T21:17:02.0344936Z PASS: region 2: generated warning validates
2026-10-07T21:17:02.0345837Z PASS: region 2: escape stays inside walkable bounds
2026-10-07T21:17:02.0347066Z PASS: region 2: hero reacts automatically
2026-10-07T21:17:02.0348582Z PASS: region 2: automatic escape avoids actual damage
2026-10-07T21:17:02.0350650Z PASS: region 2: standing in danger takes one resolved hit
2026-10-07T21:17:02.0352808Z PASS: region 2: half-health phase strengthens future attacks
2026-10-07T21:17:02.0353156Z PASS: region 2: awakening announces exactly once
2026-10-07T21:17:02.0359977Z PASS: region 2: mid-cast checkpoint is exact
2026-10-07T21:17:02.0405680Z PASS: region 2: resumed boss phase finishes identically
2026-10-07T21:17:02.0407938Z PASS: region 2: invalid telegraph rejected
2026-10-07T21:17:03.5569447Z PASS: region 2 Vowkeeper: all 64 live/skip outcomes agree
2026-10-07T21:17:05.4507408Z PASS: region 2 Arcanist: all 64 live/skip outcomes agree
2026-10-07T21:17:06.6205079Z PASS: region 2 Ranger: all 64 live/skip outcomes agree
2026-10-07T21:17:08.1143240Z PASS: region 2: restored warning has complete fill, dark backing and orange contour geometry
2026-10-07T21:17:08.1144337Z PASS: region 2: restored warning retains its distinct fill, backing and contour materials
2026-10-07T21:17:08.1144883Z PASS: region 2: dark backing extends beyond the orange danger contour
2026-10-07T21:17:08.1145487Z PASS: region 2: restored warning immediately displays its countdown
2026-10-07T21:17:08.1145870Z PASS: region 2: HUD names the current boss attack
2026-10-07T21:17:08.1146212Z PASS: region 2: paused boss and warning remain frozen
2026-10-07T21:17:08.1554653Z PASS: region 3: generated warning validates
2026-10-07T21:17:08.1555619Z PASS: region 3: escape stays inside walkable bounds
2026-10-07T21:17:08.1557427Z PASS: region 3: hero reacts automatically
2026-10-07T21:17:08.1559402Z PASS: region 3: automatic escape avoids actual damage
2026-10-07T21:17:08.1561492Z PASS: region 3: standing in danger takes one resolved hit
2026-10-07T21:17:08.1563800Z PASS: region 3: half-health phase strengthens future attacks
2026-10-07T21:17:08.1564185Z PASS: region 3: awakening announces exactly once
2026-10-07T21:17:08.1570709Z PASS: region 3: mid-cast checkpoint is exact
2026-10-07T21:17:08.1625631Z PASS: region 3: resumed boss phase finishes identically
2026-10-07T21:17:08.1627615Z PASS: region 3: invalid telegraph rejected
2026-10-07T21:17:10.2292436Z PASS: region 3 Vowkeeper: all 64 live/skip outcomes agree
2026-10-07T21:17:12.3916112Z PASS: region 3 Arcanist: all 64 live/skip outcomes agree
2026-10-07T21:17:14.0864614Z PASS: region 3 Ranger: all 64 live/skip outcomes agree
2026-10-07T21:17:15.6662611Z PASS: region 3: restored warning has complete fill, dark backing and orange contour geometry
2026-10-07T21:17:15.6663029Z PASS: region 3: restored warning retains its distinct fill, backing and contour materials
2026-10-07T21:17:15.6663497Z PASS: region 3: dark backing extends beyond the orange danger contour
2026-10-07T21:17:15.6664158Z PASS: region 3: restored warning immediately displays its countdown
2026-10-07T21:17:15.6664402Z PASS: region 3: HUD names the current boss attack
2026-10-07T21:17:15.6664651Z PASS: region 3: paused boss and warning remain frozen
2026-10-07T21:17:15.7103873Z PASS: pre-0.9 checkpoint does not enable new patterns
2026-10-07T21:17:15.7127681Z PASS: legacy circular boss continues exactly
2026-10-07T21:17:15.7143061Z PASS: exact 0.8 reference: region 0 Vowkeeper
2026-10-07T21:17:15.7152153Z PASS: exact 0.8 reference: region 0 Arcanist
2026-10-07T21:17:15.7159736Z PASS: exact 0.8 reference: region 0 Ranger
2026-10-07T21:17:15.7182969Z PASS: exact 0.8 reference: region 1 Vowkeeper
2026-10-07T21:17:15.7203215Z PASS: exact 0.8 reference: region 1 Arcanist
2026-10-07T21:17:15.7217804Z PASS: exact 0.8 reference: region 1 Ranger
2026-10-07T21:17:15.7255724Z PASS: exact 0.8 reference: region 2 Vowkeeper
2026-10-07T21:17:15.7312594Z PASS: exact 0.8 reference: region 2 Arcanist
2026-10-07T21:17:15.7340356Z PASS: exact 0.8 reference: region 2 Ranger
2026-10-07T21:17:15.7401905Z PASS: exact 0.8 reference: region 3 Vowkeeper
2026-10-07T21:17:15.7488954Z PASS: exact 0.8 reference: region 3 Arcanist
2026-10-07T21:17:15.7530197Z PASS: exact 0.8 reference: region 3 Ranger
2026-10-07T21:17:15.7530558Z PASS: malformed geometry rejected: circle
2026-10-07T21:17:15.7530816Z PASS: malformed geometry rejected: beam
2026-10-07T21:17:15.7531135Z PASS: malformed geometry rejected: annulus
2026-10-07T21:17:15.7531543Z PASS: unknown boss pattern variant is rejected
2026-10-07T21:17:15.7531907Z BOSS PATTERNS SMOKE: 122 checks, 0 failures
2026-10-07T21:17:15.8533679Z ##[group]Run XDG_DATA_HOME="$RUNNER_TEMP/emberfall-loot-data" timeout 120s godot --headless --path . --fixed-fps 60 --script tests/class_loot_smoke.gd
2026-10-07T21:17:15.8534236Z [36;1mXDG_DATA_HOME="$RUNNER_TEMP/emberfall-loot-data" timeout 120s godot --headless --path . --fixed-fps 60 --script tests/class_loot_smoke.gd[0m
2026-10-07T21:17:15.8534763Z [36;1mXDG_DATA_HOME="$RUNNER_TEMP/emberfall-tactics-data" timeout 120s godot --headless --path . --fixed-fps 60 --script tests/arcane_tactics_smoke.gd[0m
2026-10-07T21:17:15.8584965Z shell: /usr/bin/bash -e {0}
2026-10-07T21:17:15.8585095Z env:
2026-10-07T21:17:15.8585328Z   JAVA_HOME: /opt/hostedtoolcache/Java_Temurin-Hotspot_jdk/17.0.20-1/x64
2026-10-07T21:17:15.8585597Z   JAVA_HOME_17_X64: /opt/hostedtoolcache/Java_Temurin-Hotspot_jdk/17.0.20-1/x64
2026-10-07T21:17:15.8585804Z   MAVEN_ARGS: -ntp
2026-10-07T21:17:15.8585931Z   ANDROID_HOME: /usr/local/lib/android/sdk
2026-10-07T21:17:15.8586115Z   ANDROID_SDK_ROOT: /usr/local/lib/android/sdk
2026-10-07T21:17:15.8586352Z   GODOT_ANDROID_KEYSTORE_RELEASE_PATH: /home/runner/work/_temp/emberfall-ci-upload.jks
2026-10-07T21:17:15.8586597Z   GODOT_ANDROID_KEYSTORE_RELEASE_USER: emberfall-ci
2026-10-07T21:17:15.8587029Z   GODOT_ANDROID_KEYSTORE_RELEASE_PASSWORD: ***
2026-10-07T21:17:15.8587186Z ##[endgroup]
2026-10-07T21:17:15.8788927Z Godot Engine v4.7.2.stable.official.ed1daf0bf - https://godotengine.org
2026-10-07T21:17:15.8980987Z 
2026-10-07T21:17:18.0127167Z PASS: Vowkeeper: all 5000 finds include the class primary attribute
2026-10-07T21:17:18.0127714Z PASS: Vowkeeper: quality controls affix count without duplicates
2026-10-07T21:17:18.0128138Z PASS: Vowkeeper: item values and all ten tiers stay valid
2026-10-07T21:17:18.0128559Z PASS: Vowkeeper: every item has a name from its class and slot
2026-10-07T21:17:18.0128971Z PASS: Vowkeeper: all qualities and slots remain obtainable
2026-10-07T21:17:18.0129309Z PASS: Vowkeeper: boss loot is always rare or better
2026-10-07T21:17:18.0129580Z PASS: Vowkeeper: same seed reproduces the entire item
2026-10-07T21:17:18.0612348Z PASS: Arcanist: all 5000 finds include the class primary attribute
2026-10-07T21:17:18.0612829Z PASS: Arcanist: quality controls affix count without duplicates
2026-10-07T21:17:18.0613257Z PASS: Arcanist: item values and all ten tiers stay valid
2026-10-07T21:17:18.0613674Z PASS: Arcanist: every item has a name from its class and slot
2026-10-07T21:17:18.0614467Z PASS: Arcanist: all qualities and slots remain obtainable
2026-10-07T21:17:18.0614851Z PASS: Arcanist: boss loot is always rare or better
2026-10-07T21:17:18.0615230Z PASS: Arcanist: same seed reproduces the entire item
2026-10-07T21:17:18.1107266Z PASS: Ranger: all 5000 finds include the class primary attribute
2026-10-07T21:17:18.1107737Z PASS: Ranger: quality controls affix count without duplicates
2026-10-07T21:17:18.1108149Z PASS: Ranger: item values and all ten tiers stay valid
2026-10-07T21:17:18.1108565Z PASS: Ranger: every item has a name from its class and slot
2026-10-07T21:17:18.1108968Z PASS: Ranger: all qualities and slots remain obtainable
2026-10-07T21:17:18.1109335Z PASS: Ranger: boss loot is always rare or better
2026-10-07T21:17:18.1109699Z PASS: Ranger: same seed reproduces the entire item
2026-10-07T21:17:18.1116495Z PASS: tier input stays within T1–T10
2026-10-07T21:17:18.1116798Z PASS: class changes affixes and names without changing quality or sell value
2026-10-07T21:17:18.1117109Z PASS: watched and offline rewards produce identical gear
2026-10-07T21:17:18.1117361Z PASS: watched and offline Gold and XP remain identical
2026-10-07T21:17:18.1117612Z PASS: completed expedition class determines the drops
2026-10-07T21:17:18.8446386Z PASS: attunement never prevents another class from equipping an item
2026-10-07T21:17:18.8458626Z PASS: class metadata and existing equipment survive save/load without rerolling
2026-10-07T21:17:18.8465789Z PASS: item card explains attunement and cross-class use
2026-10-07T21:17:18.8668928Z CLASS LOOT SMOKE: 29 checks, 0 failures
2026-10-07T21:17:19.0113389Z Godot Engine v4.7.2.stable.official.ed1daf0bf - https://godotengine.org
2026-10-07T21:17:19.0311526Z 
2026-10-07T21:17:19.3983241Z PASS: Arcanist moves between attacks at walking speed
2026-10-07T21:17:19.3983807Z PASS: spacing is visible in the action and grants no Mana or dodge reset
2026-10-07T21:17:19.3984324Z PASS: committed casting remains stationary and completes normally
2026-10-07T21:17:19.3986181Z PASS: spacing does not enter an announced ground hazard
2026-10-07T21:17:19.3988007Z PASS: Vowkeeper: Arcanist spacing is not applied
2026-10-07T21:17:19.3989665Z PASS: Ranger: Arcanist spacing is not applied
2026-10-07T21:17:19.3991419Z PASS: old expeditions retain stationary spell recovery
2026-10-07T21:17:19.3996197Z PASS: repositioning remains inside the narrow bridge and encounter area
2026-10-07T21:17:19.3998134Z PASS: Nova uses legacy 3.2 radius without hitting beyond it
2026-10-07T21:17:19.3998637Z PASS: Nova presentation receives the actual impact center and radius
2026-10-07T21:17:19.4000169Z PASS: Nova uses 4.5 radius without hitting beyond it
2026-10-07T21:17:19.4000628Z PASS: Nova presentation receives the actual impact center and radius
2026-10-07T21:17:19.4007337Z PASS: checkpoint after repositioning restores exactly
2026-10-07T21:17:19.4082092Z PASS: resumed tactics preserve final combat and RNG
2026-10-07T21:17:19.4082941Z PASS: invalid tactics flag rejected: -1
2026-10-07T21:17:19.4083887Z PASS: invalid tactics flag rejected: 2
2026-10-07T21:17:19.4084762Z PASS: invalid tactics flag rejected: 1.0
2026-10-07T21:17:19.4085762Z PASS: invalid tactics flag rejected: enabled
2026-10-07T21:17:19.8560184Z PASS: region 0: all 64 Arcanist tactics outcomes match live/skip
2026-10-07T21:17:21.0659277Z PASS: region 1: all 64 Arcanist tactics outcomes match live/skip
2026-10-07T21:17:24.0568407Z PASS: region 2: all 64 Arcanist tactics outcomes match live/skip
2026-10-07T21:17:28.4139644Z PASS: region 3: all 64 Arcanist tactics outcomes match live/skip
2026-10-07T21:17:28.4166927Z PASS: exact 0.9 Arcanist reference on floor 1.0
2026-10-07T21:17:28.4228006Z PASS: exact 0.9 Arcanist reference on floor 11.0
2026-10-07T21:17:28.4379589Z PASS: exact 0.9 Arcanist reference on floor 21.0
2026-10-07T21:17:28.4551001Z PASS: exact 0.9 Arcanist reference on floor 31.0
2026-10-07T21:17:30.6597359Z PASS: new Arcanist expeditions enable the tactics rules
2026-10-07T21:17:31.4212132Z PASS: world displays a Nova pulse with the simulated radius
2026-10-07T21:17:31.4212630Z PASS: Nova effect expires and releases its scene node
2026-10-07T21:17:31.4491906Z ARCANE TACTICS SMOKE: 29 checks, 0 failures
2026-10-07T21:17:31.6160017Z ##[group]Run XDG_DATA_HOME="$RUNNER_TEMP/emberfall-journey-data" timeout 600s godot --headless --path . --fixed-fps 60 --script tests/journey_smoke.gd
2026-10-07T21:17:31.6160574Z [36;1mXDG_DATA_HOME="$RUNNER_TEMP/emberfall-journey-data" timeout 600s godot --headless --path . --fixed-fps 60 --script tests/journey_smoke.gd[0m
2026-10-07T21:17:31.6213395Z shell: /usr/bin/bash -e {0}
2026-10-07T21:17:31.6213536Z env:
2026-10-07T21:17:31.6213709Z   JAVA_HOME: /opt/hostedtoolcache/Java_Temurin-Hotspot_jdk/17.0.20-1/x64
2026-10-07T21:17:31.6213980Z   JAVA_HOME_17_X64: /opt/hostedtoolcache/Java_Temurin-Hotspot_jdk/17.0.20-1/x64
2026-10-07T21:17:31.6214190Z   MAVEN_ARGS: -ntp
2026-10-07T21:17:31.6214321Z   ANDROID_HOME: /usr/local/lib/android/sdk
2026-10-07T21:17:31.6214504Z   ANDROID_SDK_ROOT: /usr/local/lib/android/sdk
2026-10-07T21:17:31.6214751Z   GODOT_ANDROID_KEYSTORE_RELEASE_PATH: /home/runner/work/_temp/emberfall-ci-upload.jks
2026-10-07T21:17:31.6215025Z   GODOT_ANDROID_KEYSTORE_RELEASE_USER: emberfall-ci
2026-10-07T21:17:31.6215548Z   GODOT_ANDROID_KEYSTORE_RELEASE_PASSWORD: ***
2026-10-07T21:17:31.6215714Z ##[endgroup]
2026-10-07T21:17:31.6432494Z Godot Engine v4.7.2.stable.official.ed1daf0bf - https://godotengine.org
2026-10-07T21:17:31.6630386Z 
2026-10-07T21:17:33.7657827Z PASS: seed 0 reproduces its route, enemy lineups and spawns
2026-10-07T21:17:33.7658134Z PASS: run seed 0 reproduces its passage bends
2026-10-07T21:17:33.7658367Z PASS: run seed 0 reproduces its wandering corridor
2026-10-07T21:17:33.7658601Z PASS: run seed 0 reproduces its exploratory corridor
2026-10-07T21:17:33.8747639Z PASS: seed 1 reproduces its route, enemy lineups and spawns
2026-10-07T21:17:33.8747924Z PASS: run seed 1 reproduces its passage bends
2026-10-07T21:17:33.8748184Z PASS: run seed 1 reproduces its wandering corridor
2026-10-07T21:17:33.8748415Z PASS: run seed 1 reproduces its exploratory corridor
2026-10-07T21:17:33.9928143Z PASS: seed 2 reproduces its route, enemy lineups and spawns
2026-10-07T21:17:33.9928660Z PASS: run seed 2 reproduces its passage bends
2026-10-07T21:17:33.9929042Z PASS: run seed 2 reproduces its wandering corridor
2026-10-07T21:17:33.9929441Z PASS: run seed 2 reproduces its exploratory corridor
2026-10-07T21:17:34.0954039Z PASS: seed 3 reproduces its route, enemy lineups and spawns
2026-10-07T21:17:34.0954493Z PASS: run seed 3 reproduces its passage bends
2026-10-07T21:17:34.0954877Z PASS: run seed 3 reproduces its wandering corridor
2026-10-07T21:17:34.0955426Z PASS: run seed 3 reproduces its exploratory corridor
2026-10-07T21:17:34.2067784Z PASS: seed 4 reproduces its route, enemy lineups and spawns
2026-10-07T21:17:34.2068257Z PASS: run seed 4 reproduces its passage bends
2026-10-07T21:17:34.2068644Z PASS: run seed 4 reproduces its wandering corridor
2026-10-07T21:17:34.2069065Z PASS: run seed 4 reproduces its exploratory corridor
2026-10-07T21:17:34.3247717Z PASS: seed 5 reproduces its route, enemy lineups and spawns
2026-10-07T21:17:34.3248202Z PASS: run seed 5 reproduces its passage bends
2026-10-07T21:17:34.3248586Z PASS: run seed 5 reproduces its wandering corridor
2026-10-07T21:17:34.3248983Z PASS: run seed 5 reproduces its exploratory corridor
2026-10-07T21:17:34.4431454Z PASS: seed 6 reproduces its route, enemy lineups and spawns
2026-10-07T21:17:34.4431898Z PASS: run seed 6 reproduces its passage bends
2026-10-07T21:17:34.4432270Z PASS: run seed 6 reproduces its wandering corridor
2026-10-07T21:17:34.4432661Z PASS: run seed 6 reproduces its exploratory corridor
2026-10-07T21:17:34.5535007Z PASS: seed 7 reproduces its route, enemy lineups and spawns
2026-10-07T21:17:34.5535608Z PASS: run seed 7 reproduces its passage bends
2026-10-07T21:17:34.5535994Z PASS: run seed 7 reproduces its wandering corridor
2026-10-07T21:17:34.5536794Z PASS: run seed 7 reproduces its exploratory corridor
2026-10-07T21:17:34.6706671Z PASS: seed 8 reproduces its route, enemy lineups and spawns
2026-10-07T21:17:34.6707135Z PASS: run seed 8 reproduces its passage bends
2026-10-07T21:17:34.6707937Z PASS: run seed 8 reproduces its wandering corridor
2026-10-07T21:17:34.6708333Z PASS: run seed 8 reproduces its exploratory corridor
2026-10-07T21:17:34.7736904Z PASS: seed 9 reproduces its route, enemy lineups and spawns
2026-10-07T21:17:34.7737335Z PASS: run seed 9 reproduces its passage bends
2026-10-07T21:17:34.7737714Z PASS: run seed 9 reproduces its wandering corridor
2026-10-07T21:17:34.7738113Z PASS: run seed 9 reproduces its exploratory corridor
2026-10-07T21:17:34.8775444Z PASS: seed 10 reproduces its route, enemy lineups and spawns
2026-10-07T21:17:34.8775901Z PASS: run seed 10 reproduces its passage bends
2026-10-07T21:17:34.8776283Z PASS: run seed 10 reproduces its wandering corridor
2026-10-07T21:17:34.8776681Z PASS: run seed 10 reproduces its exploratory corridor
2026-10-07T21:17:34.9817516Z PASS: seed 11 reproduces its route, enemy lineups and spawns
2026-10-07T21:17:34.9817979Z PASS: run seed 11 reproduces its passage bends
2026-10-07T21:17:34.9818392Z PASS: run seed 11 reproduces its wandering corridor
2026-10-07T21:17:34.9818793Z PASS: run seed 11 reproduces its exploratory corridor
2026-10-07T21:17:35.0849105Z PASS: seed 12 reproduces its route, enemy lineups and spawns
2026-10-07T21:17:35.0849560Z PASS: run seed 12 reproduces its passage bends
2026-10-07T21:17:35.0849940Z PASS: run seed 12 reproduces its wandering corridor
2026-10-07T21:17:35.0850334Z PASS: run seed 12 reproduces its exploratory corridor
2026-10-07T21:17:35.1877226Z PASS: seed 13 reproduces its route, enemy lineups and spawns
2026-10-07T21:17:35.1877663Z PASS: run seed 13 reproduces its passage bends
2026-10-07T21:17:35.1878042Z PASS: run seed 13 reproduces its wandering corridor
2026-10-07T21:17:35.1878439Z PASS: run seed 13 reproduces its exploratory corridor
2026-10-07T21:17:35.2868241Z PASS: seed 14 reproduces its route, enemy lineups and spawns
2026-10-07T21:17:35.2868670Z PASS: run seed 14 reproduces its passage bends
2026-10-07T21:17:35.2869032Z PASS: run seed 14 reproduces its wandering corridor
2026-10-07T21:17:35.2869434Z PASS: run seed 14 reproduces its exploratory corridor
2026-10-07T21:17:35.3948235Z PASS: seed 15 reproduces its route, enemy lineups and spawns
2026-10-07T21:17:35.3948528Z PASS: run seed 15 reproduces its passage bends
2026-10-07T21:17:35.3948770Z PASS: run seed 15 reproduces its wandering corridor
2026-10-07T21:17:35.3949010Z PASS: run seed 15 reproduces its exploratory corridor
2026-10-07T21:17:35.5050272Z PASS: seed 16 reproduces its route, enemy lineups and spawns
2026-10-07T21:17:35.5050550Z PASS: run seed 16 reproduces its passage bends
2026-10-07T21:17:35.5050783Z PASS: run seed 16 reproduces its wandering corridor
2026-10-07T21:17:35.5051029Z PASS: run seed 16 reproduces its exploratory corridor
2026-10-07T21:17:35.6136630Z PASS: seed 17 reproduces its route, enemy lineups and spawns
2026-10-07T21:17:35.6137086Z PASS: run seed 17 reproduces its passage bends
2026-10-07T21:17:35.6137469Z PASS: run seed 17 reproduces its wandering corridor
2026-10-07T21:17:35.6137878Z PASS: run seed 17 reproduces its exploratory corridor
2026-10-07T21:17:35.7308277Z PASS: seed 18 reproduces its route, enemy lineups and spawns
2026-10-07T21:17:35.7308722Z PASS: run seed 18 reproduces its passage bends
2026-10-07T21:17:35.7309102Z PASS: run seed 18 reproduces its wandering corridor
2026-10-07T21:17:35.7309490Z PASS: run seed 18 reproduces its exploratory corridor
2026-10-07T21:17:35.8292331Z PASS: seed 19 reproduces its route, enemy lineups and spawns
2026-10-07T21:17:35.8292761Z PASS: run seed 19 reproduces its passage bends
2026-10-07T21:17:35.8293125Z PASS: run seed 19 reproduces its wandering corridor
2026-10-07T21:17:35.8293507Z PASS: run seed 19 reproduces its exploratory corridor
2026-10-07T21:17:35.9437382Z PASS: seed 20 reproduces its route, enemy lineups and spawns
2026-10-07T21:17:35.9438226Z PASS: run seed 20 reproduces its passage bends
2026-10-07T21:17:35.9438597Z PASS: run seed 20 reproduces its wandering corridor
2026-10-07T21:17:35.9438980Z PASS: run seed 20 reproduces its exploratory corridor
2026-10-07T21:17:36.0422858Z PASS: seed 21 reproduces its route, enemy lineups and spawns
2026-10-07T21:17:36.0423289Z PASS: run seed 21 reproduces its passage bends
2026-10-07T21:17:36.0423655Z PASS: run seed 21 reproduces its wandering corridor
2026-10-07T21:17:36.0424039Z PASS: run seed 21 reproduces its exploratory corridor
2026-10-07T21:17:36.1448740Z PASS: seed 22 reproduces its route, enemy lineups and spawns
2026-10-07T21:17:36.1449193Z PASS: run seed 22 reproduces its passage bends
2026-10-07T21:17:36.1449578Z PASS: run seed 22 reproduces its wandering corridor
2026-10-07T21:17:36.1449984Z PASS: run seed 22 reproduces its exploratory corridor
2026-10-07T21:17:36.2446644Z PASS: seed 23 reproduces its route, enemy lineups and spawns
2026-10-07T21:17:36.2447156Z PASS: run seed 23 reproduces its passage bends
2026-10-07T21:17:36.2447520Z PASS: run seed 23 reproduces its wandering corridor
2026-10-07T21:17:36.2447909Z PASS: run seed 23 reproduces its exploratory corridor
2026-10-07T21:17:36.3476433Z PASS: seed 24 reproduces its route, enemy lineups and spawns
2026-10-07T21:17:36.3476723Z PASS: run seed 24 reproduces its passage bends
2026-10-07T21:17:36.3476943Z PASS: run seed 24 reproduces its wandering corridor
2026-10-07T21:17:36.3477175Z PASS: run seed 24 reproduces its exploratory corridor
2026-10-07T21:17:36.4492464Z PASS: seed 25 reproduces its route, enemy lineups and spawns
2026-10-07T21:17:36.4492757Z PASS: run seed 25 reproduces its passage bends
2026-10-07T21:17:36.4492978Z PASS: run seed 25 reproduces its wandering corridor
2026-10-07T21:17:36.4493240Z PASS: run seed 25 reproduces its exploratory corridor
2026-10-07T21:17:36.5492693Z PASS: seed 26 reproduces its route, enemy lineups and spawns
2026-10-07T21:17:36.5492985Z PASS: run seed 26 reproduces its passage bends
2026-10-07T21:17:36.5493241Z PASS: run seed 26 reproduces its wandering corridor
2026-10-07T21:17:36.5493478Z PASS: run seed 26 reproduces its exploratory corridor
2026-10-07T21:17:36.6496318Z PASS: seed 27 reproduces its route, enemy lineups and spawns
2026-10-07T21:17:36.6496773Z PASS: run seed 27 reproduces its passage bends
2026-10-07T21:17:36.6497150Z PASS: run seed 27 reproduces its wandering corridor
2026-10-07T21:17:36.6497538Z PASS: run seed 27 reproduces its exploratory corridor
2026-10-07T21:17:36.7515646Z PASS: seed 28 reproduces its route, enemy lineups and spawns
2026-10-07T21:17:36.7516096Z PASS: run seed 28 reproduces its passage bends
2026-10-07T21:17:36.7516469Z PASS: run seed 28 reproduces its wandering corridor
2026-10-07T21:17:36.7516862Z PASS: run seed 28 reproduces its exploratory corridor
2026-10-07T21:17:36.8502052Z PASS: seed 29 reproduces its route, enemy lineups and spawns
2026-10-07T21:17:36.8502486Z PASS: run seed 29 reproduces its passage bends
2026-10-07T21:17:36.8502885Z PASS: run seed 29 reproduces its wandering corridor
2026-10-07T21:17:36.8503262Z PASS: run seed 29 reproduces its exploratory corridor
2026-10-07T21:17:36.9519719Z PASS: seed 30 reproduces its route, enemy lineups and spawns
2026-10-07T21:17:36.9520175Z PASS: run seed 30 reproduces its passage bends
2026-10-07T21:17:36.9520560Z PASS: run seed 30 reproduces its wandering corridor
2026-10-07T21:17:36.9520953Z PASS: run seed 30 reproduces its exploratory corridor
2026-10-07T21:17:37.0655801Z PASS: seed 31 reproduces its route, enemy lineups and spawns
2026-10-07T21:17:37.0656229Z PASS: run seed 31 reproduces its passage bends
2026-10-07T21:17:37.0656599Z PASS: run seed 31 reproduces its wandering corridor
2026-10-07T21:17:37.0656985Z PASS: run seed 31 reproduces its exploratory corridor
2026-10-07T21:17:37.1673493Z PASS: seed 32 reproduces its route, enemy lineups and spawns
2026-10-07T21:17:37.1673944Z PASS: run seed 32 reproduces its passage bends
2026-10-07T21:17:37.1674325Z PASS: run seed 32 reproduces its wandering corridor
2026-10-07T21:17:37.1675090Z PASS: run seed 32 reproduces its exploratory corridor
2026-10-07T21:17:37.2729289Z PASS: seed 33 reproduces its route, enemy lineups and spawns
2026-10-07T21:17:37.2729996Z PASS: run seed 33 reproduces its passage bends
2026-10-07T21:17:37.2730376Z PASS: run seed 33 reproduces its wandering corridor
2026-10-07T21:17:37.2730767Z PASS: run seed 33 reproduces its exploratory corridor
2026-10-07T21:17:37.3804704Z PASS: seed 34 reproduces its route, enemy lineups and spawns
2026-10-07T21:17:37.3805146Z PASS: run seed 34 reproduces its passage bends
2026-10-07T21:17:37.3805661Z PASS: run seed 34 reproduces its wandering corridor
2026-10-07T21:17:37.3806073Z PASS: run seed 34 reproduces its exploratory corridor
2026-10-07T21:17:37.4816631Z PASS: seed 35 reproduces its route, enemy lineups and spawns
2026-10-07T21:17:37.4817067Z PASS: run seed 35 reproduces its passage bends
2026-10-07T21:17:37.4817430Z PASS: run seed 35 reproduces its wandering corridor
2026-10-07T21:17:37.4825734Z PASS: run seed 35 reproduces its exploratory corridor
2026-10-07T21:17:37.5805182Z PASS: seed 36 reproduces its route, enemy lineups and spawns
2026-10-07T21:17:37.5805732Z PASS: run seed 36 reproduces its passage bends
2026-10-07T21:17:37.5806118Z PASS: run seed 36 reproduces its wandering corridor
2026-10-07T21:17:37.5806502Z PASS: run seed 36 reproduces its exploratory corridor
2026-10-07T21:17:37.6881020Z PASS: seed 37 reproduces its route, enemy lineups and spawns
2026-10-07T21:17:37.6881436Z PASS: run seed 37 reproduces its passage bends
2026-10-07T21:17:37.6881808Z PASS: run seed 37 reproduces its wandering corridor
2026-10-07T21:17:37.6882189Z PASS: run seed 37 reproduces its exploratory corridor
2026-10-07T21:17:37.7926749Z PASS: seed 38 reproduces its route, enemy lineups and spawns
2026-10-07T21:17:37.7927185Z PASS: run seed 38 reproduces its passage bends
2026-10-07T21:17:37.7928854Z PASS: run seed 38 reproduces its wandering corridor
2026-10-07T21:17:37.7929254Z PASS: run seed 38 reproduces its exploratory corridor
2026-10-07T21:17:37.9255835Z PASS: seed 39 reproduces its route, enemy lineups and spawns
2026-10-07T21:17:37.9256273Z PASS: run seed 39 reproduces its passage bends
2026-10-07T21:17:37.9256672Z PASS: run seed 39 reproduces its wandering corridor
2026-10-07T21:17:37.9257065Z PASS: run seed 39 reproduces its exploratory corridor
2026-10-07T21:17:38.0343634Z PASS: seed 40 reproduces its route, enemy lineups and spawns
2026-10-07T21:17:38.0344059Z PASS: run seed 40 reproduces its passage bends
2026-10-07T21:17:38.0344431Z PASS: run seed 40 reproduces its wandering corridor
2026-10-07T21:17:38.0345624Z PASS: run seed 40 reproduces its exploratory corridor
2026-10-07T21:17:38.1467059Z PASS: seed 41 reproduces its route, enemy lineups and spawns
2026-10-07T21:17:38.1467507Z PASS: run seed 41 reproduces its passage bends
2026-10-07T21:17:38.1467891Z PASS: run seed 41 reproduces its wandering corridor
2026-10-07T21:17:38.1468293Z PASS: run seed 41 reproduces its exploratory corridor
2026-10-07T21:17:38.2472632Z PASS: seed 42 reproduces its route, enemy lineups and spawns
2026-10-07T21:17:38.2473054Z PASS: run seed 42 reproduces its passage bends
2026-10-07T21:17:38.2475733Z PASS: run seed 42 reproduces its wandering corridor
2026-10-07T21:17:38.2476121Z PASS: run seed 42 reproduces its exploratory corridor
2026-10-07T21:17:38.3461256Z PASS: seed 43 reproduces its route, enemy lineups and spawns
2026-10-07T21:17:38.3461664Z PASS: run seed 43 reproduces its passage bends
2026-10-07T21:17:38.3462028Z PASS: run seed 43 reproduces its wandering corridor
2026-10-07T21:17:38.3462403Z PASS: run seed 43 reproduces its exploratory corridor
2026-10-07T21:17:38.4528270Z PASS: seed 44 reproduces its route, enemy lineups and spawns
2026-10-07T21:17:38.4528845Z PASS: run seed 44 reproduces its passage bends
2026-10-07T21:17:38.4529418Z PASS: run seed 44 reproduces its wandering corridor
2026-10-07T21:17:38.4529816Z PASS: run seed 44 reproduces its exploratory corridor
2026-10-07T21:17:38.5509760Z PASS: seed 45 reproduces its route, enemy lineups and spawns
2026-10-07T21:17:38.5510170Z PASS: run seed 45 reproduces its passage bends
2026-10-07T21:17:38.5510537Z PASS: run seed 45 reproduces its wandering corridor
2026-10-07T21:17:38.5511170Z PASS: run seed 45 reproduces its exploratory corridor
2026-10-07T21:17:38.6497644Z PASS: seed 46 reproduces its route, enemy lineups and spawns
2026-10-07T21:17:38.6498069Z PASS: run seed 46 reproduces its passage bends
2026-10-07T21:17:38.6498445Z PASS: run seed 46 reproduces its wandering corridor
2026-10-07T21:17:38.6498836Z PASS: run seed 46 reproduces its exploratory corridor
2026-10-07T21:17:38.7673786Z PASS: seed 47 reproduces its route, enemy lineups and spawns
2026-10-07T21:17:38.7674226Z PASS: run seed 47 reproduces its passage bends
2026-10-07T21:17:38.7674603Z PASS: run seed 47 reproduces its wandering corridor
2026-10-07T21:17:38.7674999Z PASS: run seed 47 reproduces its exploratory corridor
2026-10-07T21:17:38.8693303Z PASS: seed 48 reproduces its route, enemy lineups and spawns
2026-10-07T21:17:38.8693769Z PASS: run seed 48 reproduces its passage bends
2026-10-07T21:17:38.8694152Z PASS: run seed 48 reproduces its wandering corridor
2026-10-07T21:17:38.8694561Z PASS: run seed 48 reproduces its exploratory corridor
2026-10-07T21:17:38.9721364Z PASS: seed 49 reproduces its route, enemy lineups and spawns
2026-10-07T21:17:38.9721814Z PASS: run seed 49 reproduces its passage bends
2026-10-07T21:17:38.9722195Z PASS: run seed 49 reproduces its wandering corridor
2026-10-07T21:17:38.9722607Z PASS: run seed 49 reproduces its exploratory corridor
2026-10-07T21:17:39.0739884Z PASS: seed 50 reproduces its route, enemy lineups and spawns
2026-10-07T21:17:39.0740351Z PASS: run seed 50 reproduces its passage bends
2026-10-07T21:17:39.0740736Z PASS: run seed 50 reproduces its wandering corridor
2026-10-07T21:17:39.0741141Z PASS: run seed 50 reproduces its exploratory corridor
2026-10-07T21:17:39.1778604Z PASS: seed 51 reproduces its route, enemy lineups and spawns
2026-10-07T21:17:39.1779102Z PASS: run seed 51 reproduces its passage bends
2026-10-07T21:17:39.1779489Z PASS: run seed 51 reproduces its wandering corridor
2026-10-07T21:17:39.1779890Z PASS: run seed 51 reproduces its exploratory corridor
2026-10-07T21:17:39.2792811Z PASS: seed 52 reproduces its route, enemy lineups and spawns
2026-10-07T21:17:39.2793245Z PASS: run seed 52 reproduces its passage bends
2026-10-07T21:17:39.2793621Z PASS: run seed 52 reproduces its wandering corridor
2026-10-07T21:17:39.2795722Z PASS: run seed 52 reproduces its exploratory corridor
2026-10-07T21:17:39.3807359Z PASS: seed 53 reproduces its route, enemy lineups and spawns
2026-10-07T21:17:39.3807808Z PASS: run seed 53 reproduces its passage bends
2026-10-07T21:17:39.3808186Z PASS: run seed 53 reproduces its wandering corridor
2026-10-07T21:17:39.3808584Z PASS: run seed 53 reproduces its exploratory corridor
2026-10-07T21:17:39.4828322Z PASS: seed 54 reproduces its route, enemy lineups and spawns
2026-10-07T21:17:39.4828791Z PASS: run seed 54 reproduces its passage bends
2026-10-07T21:17:39.4829196Z PASS: run seed 54 reproduces its wandering corridor
2026-10-07T21:17:39.4829589Z PASS: run seed 54 reproduces its exploratory corridor
2026-10-07T21:17:39.5818381Z PASS: seed 55 reproduces its route, enemy lineups and spawns
2026-10-07T21:17:39.5818800Z PASS: run seed 55 reproduces its passage bends
2026-10-07T21:17:39.5819160Z PASS: run seed 55 reproduces its wandering corridor
2026-10-07T21:17:39.5819537Z PASS: run seed 55 reproduces its exploratory corridor
2026-10-07T21:17:39.6839482Z PASS: seed 56 reproduces its route, enemy lineups and spawns
2026-10-07T21:17:39.6839952Z PASS: run seed 56 reproduces its passage bends
2026-10-07T21:17:39.6840335Z PASS: run seed 56 reproduces its wandering corridor
2026-10-07T21:17:39.6840733Z PASS: run seed 56 reproduces its exploratory corridor
2026-10-07T21:17:39.7878592Z PASS: seed 57 reproduces its route, enemy lineups and spawns
2026-10-07T21:17:39.7879050Z PASS: run seed 57 reproduces its passage bends
2026-10-07T21:17:39.7879677Z PASS: run seed 57 reproduces its wandering corridor
2026-10-07T21:17:39.7885752Z PASS: run seed 57 reproduces its exploratory corridor
2026-10-07T21:17:39.8912449Z PASS: seed 58 reproduces its route, enemy lineups and spawns
2026-10-07T21:17:39.8912914Z PASS: run seed 58 reproduces its passage bends
2026-10-07T21:17:39.8913294Z PASS: run seed 58 reproduces its wandering corridor
2026-10-07T21:17:39.8913697Z PASS: run seed 58 reproduces its exploratory corridor
2026-10-07T21:17:39.9938223Z PASS: seed 59 reproduces its route, enemy lineups and spawns
2026-10-07T21:17:39.9938678Z PASS: run seed 59 reproduces its passage bends
2026-10-07T21:17:39.9939057Z PASS: run seed 59 reproduces its wandering corridor
2026-10-07T21:17:39.9939464Z PASS: run seed 59 reproduces its exploratory corridor
2026-10-07T21:17:40.0956329Z PASS: seed 60 reproduces its route, enemy lineups and spawns
2026-10-07T21:17:40.0956795Z PASS: run seed 60 reproduces its passage bends
2026-10-07T21:17:40.0957176Z PASS: run seed 60 reproduces its wandering corridor
2026-10-07T21:17:40.0957610Z PASS: run seed 60 reproduces its exploratory corridor
2026-10-07T21:17:40.2133275Z PASS: seed 61 reproduces its route, enemy lineups and spawns
2026-10-07T21:17:40.2133749Z PASS: run seed 61 reproduces its passage bends
2026-10-07T21:17:40.2134131Z PASS: run seed 61 reproduces its wandering corridor
2026-10-07T21:17:40.2134540Z PASS: run seed 61 reproduces its exploratory corridor
2026-10-07T21:17:40.3317751Z PASS: seed 62 reproduces its route, enemy lineups and spawns
2026-10-07T21:17:40.3318180Z PASS: run seed 62 reproduces its passage bends
2026-10-07T21:17:40.3318562Z PASS: run seed 62 reproduces its wandering corridor
2026-10-07T21:17:40.3325732Z PASS: run seed 62 reproduces its exploratory corridor
2026-10-07T21:17:40.4339603Z PASS: seed 63 reproduces its route, enemy lineups and spawns
2026-10-07T21:17:40.4340028Z PASS: run seed 63 reproduces its passage bends
2026-10-07T21:17:40.4340379Z PASS: run seed 63 reproduces its wandering corridor
2026-10-07T21:17:40.4340778Z PASS: run seed 63 reproduces its exploratory corridor
2026-10-07T21:17:40.5402370Z PASS: 64 seeds create varied but repeatable route shapes
2026-10-07T21:17:40.5402855Z PASS: every run seed varies where the hero turns through a passage
2026-10-07T21:17:40.5403309Z PASS: new runs take varied S-bends instead of the same straight corridor
2026-10-07T21:17:40.5403792Z PASS: new runs vary their exploratory route and choose different side passages
2026-10-07T21:17:40.5404274Z PASS: per-run passage variation preserves travel distance and AFK timing
2026-10-07T21:17:40.5404705Z PASS: per-run passage bends stay inside generated corridors
2026-10-07T21:17:40.5405031Z PASS: new route variation adds at most 1.5 metres of travel per passage
2026-10-07T21:17:40.5406383Z PASS: new S-bend routes stay on the generated floor
2026-10-07T21:17:40.5406652Z PASS: scouting routes and their side passages stay on the generated floor
2026-10-07T21:17:40.5406904Z PASS: 64 seeds create varied enemy compositions
2026-10-07T21:17:40.5483161Z PASS: the newer seed bank creates at least 250 distinct route patterns
2026-10-07T21:17:40.5483626Z PASS: the newer seed bank creates at least 230 distinct pack lineups
2026-10-07T21:17:40.5484120Z PASS: the newer seed bank creates at least 250 independently varied spawn formations
2026-10-07T21:17:40.5484552Z PASS: all randomized spawns stay within their room
2026-10-07T21:17:40.5484876Z PASS: randomized enemy spawns do not overlap
2026-10-07T21:17:40.5485231Z PASS: random pack roles keep the six-room enemy count at 26
2026-10-07T21:17:40.5485688Z PASS: region 0 has a distinct floor plan
2026-10-07T21:17:40.5629028Z PASS: region 0: every travel segment is on the floor
2026-10-07T21:17:40.5641591Z PASS: Vowkeeper/0 initial journey restores
2026-10-07T21:17:40.8915030Z PASS: Vowkeeper/0 hero and enemies stay on walkable floor
2026-10-07T21:17:40.8915675Z PASS: Vowkeeper/0 completes 26 enemies and each objective once
2026-10-07T21:17:40.8916120Z PASS: Vowkeeper/0 produces two timed, seed-bound ambush arrivals
2026-10-07T21:17:40.9013099Z PASS: Vowkeeper/0 watched and skipped outcomes match
2026-10-07T21:17:40.9696732Z PASS: Vowkeeper/0 travel and interaction checkpoints preserve final result
2026-10-07T21:17:40.9709292Z PASS: Arcanist/0 initial journey restores
2026-10-07T21:17:41.2640493Z PASS: Arcanist/0 hero and enemies stay on walkable floor
2026-10-07T21:17:41.2640984Z PASS: Arcanist/0 completes 26 enemies and each objective once
2026-10-07T21:17:41.2641425Z PASS: Arcanist/0 produces two timed, seed-bound ambush arrivals
2026-10-07T21:17:41.2721402Z PASS: Arcanist/0 watched and skipped outcomes match
2026-10-07T21:17:41.3311078Z PASS: Arcanist/0 travel and interaction checkpoints preserve final result
2026-10-07T21:17:41.3323494Z PASS: Ranger/0 initial journey restores
2026-10-07T21:17:41.6221700Z PASS: Ranger/0 hero and enemies stay on walkable floor
2026-10-07T21:17:41.6222144Z PASS: Ranger/0 completes 26 enemies and each objective once
2026-10-07T21:17:41.6222589Z PASS: Ranger/0 produces two timed, seed-bound ambush arrivals
2026-10-07T21:17:41.6294461Z PASS: Ranger/0 watched and skipped outcomes match
2026-10-07T21:17:41.6827154Z PASS: Ranger/0 travel and interaction checkpoints preserve final result
2026-10-07T21:17:41.6828505Z PASS: region 1 has a distinct floor plan
2026-10-07T21:17:41.6984986Z PASS: region 1: every travel segment is on the floor
2026-10-07T21:17:41.6995988Z PASS: Vowkeeper/1 initial journey restores
2026-10-07T21:17:42.0470676Z PASS: Vowkeeper/1 hero and enemies stay on walkable floor
2026-10-07T21:17:42.0471064Z PASS: Vowkeeper/1 completes 26 enemies and each objective once
2026-10-07T21:17:42.0471350Z PASS: Vowkeeper/1 produces two timed, seed-bound ambush arrivals
2026-10-07T21:17:42.0578006Z PASS: Vowkeeper/1 watched and skipped outcomes match
2026-10-07T21:17:42.1430055Z PASS: Vowkeeper/1 travel and interaction checkpoints preserve final result
2026-10-07T21:17:42.1442835Z PASS: Arcanist/1 initial journey restores
2026-10-07T21:17:42.4558876Z PASS: Arcanist/1 hero and enemies stay on walkable floor
2026-10-07T21:17:42.4559421Z PASS: Arcanist/1 completes 26 enemies and each objective once
2026-10-07T21:17:42.4559971Z PASS: Arcanist/1 produces two timed, seed-bound ambush arrivals
2026-10-07T21:17:42.4657533Z PASS: Arcanist/1 watched and skipped outcomes match
2026-10-07T21:17:42.5347243Z PASS: Arcanist/1 travel and interaction checkpoints preserve final result
2026-10-07T21:17:42.5358934Z PASS: Ranger/1 initial journey restores
2026-10-07T21:17:42.8210264Z PASS: Ranger/1 hero and enemies stay on walkable floor
2026-10-07T21:17:42.8210786Z PASS: Ranger/1 completes 26 enemies and each objective once
2026-10-07T21:17:42.8211237Z PASS: Ranger/1 produces two timed, seed-bound ambush arrivals
2026-10-07T21:17:42.8292508Z PASS: Ranger/1 watched and skipped outcomes match
2026-10-07T21:17:42.8882077Z PASS: Ranger/1 travel and interaction checkpoints preserve final result
2026-10-07T21:17:42.8883851Z PASS: region 2 has a distinct floor plan
2026-10-07T21:17:42.9040801Z PASS: region 2: every travel segment is on the floor
2026-10-07T21:17:42.9051991Z PASS: Vowkeeper/2 initial journey restores
2026-10-07T21:17:43.2381299Z PASS: Vowkeeper/2 hero and enemies stay on walkable floor
2026-10-07T21:17:43.2381870Z PASS: Vowkeeper/2 completes 26 enemies and each objective once
2026-10-07T21:17:43.2382370Z PASS: Vowkeeper/2 produces two timed, seed-bound ambush arrivals
2026-10-07T21:17:43.2488625Z PASS: Vowkeeper/2 watched and skipped outcomes match
2026-10-07T21:17:43.3325198Z PASS: Vowkeeper/2 travel and interaction checkpoints preserve final result
2026-10-07T21:17:43.3337547Z PASS: Arcanist/2 initial journey restores
2026-10-07T21:17:43.6024294Z PASS: Arcanist/2 hero and enemies stay on walkable floor
2026-10-07T21:17:43.6024830Z PASS: Arcanist/2 completes 26 enemies and each objective once
2026-10-07T21:17:43.6025469Z PASS: Arcanist/2 produces two timed, seed-bound ambush arrivals
2026-10-07T21:17:43.6124648Z PASS: Arcanist/2 watched and skipped outcomes match
2026-10-07T21:17:43.6974441Z PASS: Arcanist/2 travel and interaction checkpoints preserve final result
2026-10-07T21:17:43.6986613Z PASS: Ranger/2 initial journey restores
2026-10-07T21:17:43.9870727Z PASS: Ranger/2 hero and enemies stay on walkable floor
2026-10-07T21:17:43.9871215Z PASS: Ranger/2 completes 26 enemies and each objective once
2026-10-07T21:17:43.9871675Z PASS: Ranger/2 produces two timed, seed-bound ambush arrivals
2026-10-07T21:17:43.9967543Z PASS: Ranger/2 watched and skipped outcomes match
2026-10-07T21:17:44.0699837Z PASS: Ranger/2 travel and interaction checkpoints preserve final result
2026-10-07T21:17:44.0701625Z PASS: region 3 has a distinct floor plan
2026-10-07T21:17:44.0857919Z PASS: region 3: every travel segment is on the floor
2026-10-07T21:17:44.0869099Z PASS: Vowkeeper/3 initial journey restores
2026-10-07T21:17:44.5373463Z PASS: Vowkeeper/3 hero and enemies stay on walkable floor
2026-10-07T21:17:44.5374008Z PASS: Vowkeeper/3 completes 26 enemies and each objective once
2026-10-07T21:17:44.5374546Z PASS: Vowkeeper/3 produces two timed, seed-bound ambush arrivals
2026-10-07T21:17:44.5564033Z PASS: Vowkeeper/3 watched and skipped outcomes match
2026-10-07T21:17:44.7137686Z PASS: Vowkeeper/3 travel and interaction checkpoints preserve final result
2026-10-07T21:17:44.7150287Z PASS: Arcanist/3 initial journey restores
2026-10-07T21:17:45.0659908Z PASS: Arcanist/3 hero and enemies stay on walkable floor
2026-10-07T21:17:45.0660448Z PASS: Arcanist/3 completes 26 enemies and each objective once
2026-10-07T21:17:45.0660964Z PASS: Arcanist/3 produces two timed, seed-bound ambush arrivals
2026-10-07T21:17:45.0895476Z PASS: Arcanist/3 watched and skipped outcomes match
2026-10-07T21:17:45.3044373Z PASS: Arcanist/3 travel and interaction checkpoints preserve final result
2026-10-07T21:17:45.3057038Z PASS: Ranger/3 initial journey restores
2026-10-07T21:17:45.6325583Z PASS: Ranger/3 hero and enemies stay on walkable floor
2026-10-07T21:17:45.6326095Z PASS: Ranger/3 completes 26 enemies and each objective once
2026-10-07T21:17:45.6326595Z PASS: Ranger/3 produces two timed, seed-bound ambush arrivals
2026-10-07T21:17:45.6437932Z PASS: Ranger/3 watched and skipped outcomes match
2026-10-07T21:17:45.7359187Z PASS: Ranger/3 travel and interaction checkpoints preserve final result
2026-10-07T21:17:53.5184620Z PASS: Vowkeeper: all 256 starting-floor patterns are winnable with starter gear
2026-10-07T21:17:53.5185204Z PASS: Vowkeeper: all 256 patterns agree live/skip
2026-10-07T21:18:01.3464620Z PASS: Arcanist: all 256 starting-floor patterns are winnable with starter gear
2026-10-07T21:18:01.3465235Z PASS: Arcanist: all 256 patterns agree live/skip
2026-10-07T21:18:07.3437210Z PASS: Ranger: all 256 starting-floor patterns are winnable with starter gear
2026-10-07T21:18:07.3437701Z PASS: Ranger: all 256 patterns agree live/skip
2026-10-07T21:18:07.3482436Z PASS: 0.10 checkpoint keeps exact old outcome: Vowkeeper/1
2026-10-07T21:18:07.3554090Z PASS: 0.10 checkpoint keeps exact old outcome: Vowkeeper/11
2026-10-07T21:18:07.3579945Z PASS: 0.10 checkpoint keeps exact old outcome: Vowkeeper/21
2026-10-07T21:18:07.3596077Z PASS: 0.10 checkpoint keeps exact old outcome: Vowkeeper/31
2026-10-07T21:18:07.3639671Z PASS: 0.10 checkpoint keeps exact old outcome: Arcanist/1
2026-10-07T21:18:07.3769901Z PASS: 0.10 checkpoint keeps exact old outcome: Arcanist/11
2026-10-07T21:18:07.3830500Z PASS: 0.10 checkpoint keeps exact old outcome: Arcanist/21
2026-10-07T21:18:07.3894129Z PASS: 0.10 checkpoint keeps exact old outcome: Arcanist/31
2026-10-07T21:18:07.3918351Z PASS: 0.10 checkpoint keeps exact old outcome: Ranger/1
2026-10-07T21:18:07.3953045Z PASS: 0.10 checkpoint keeps exact old outcome: Ranger/11
2026-10-07T21:18:07.3972127Z PASS: 0.10 checkpoint keeps exact old outcome: Ranger/21
2026-10-07T21:18:07.3985586Z PASS: 0.10 checkpoint keeps exact old outcome: Ranger/31
2026-10-07T21:18:07.3990238Z PASS: ambush arrives immediately when its room is already clear
2026-10-07T21:18:07.5169460Z PASS: the pattern bank varies which rooms and enemies create ambushes
2026-10-07T21:18:07.5170510Z PASS: seed-bound ambushes use many distinct room-edge entry points
2026-10-07T21:18:07.5171358Z PASS: every ambush entry point is on walkable room floor
2026-10-07T21:18:07.5172086Z PASS: ambushes enter from the outer half of their chamber
2026-10-07T21:18:07.5185123Z PASS: ambushes enter at least 1.8 metres from the active group
2026-10-07T21:18:07.5203601Z PASS: checkpoint during a dungeon ambush restores
2026-10-07T21:18:07.5444102Z PASS: live and restored ambush runs finish identically
2026-10-07T21:18:07.5447768Z PASS: new campaign expeditions carry generation-6 exploration routes and tactical movement state
2026-10-07T21:18:07.6351419Z PASS: Vowkeeper combat steps vary by seed while staying in melee reach
2026-10-07T21:18:07.6351982Z PASS: Arcanist combat steps vary by seed while holding spell distance
2026-10-07T21:18:07.6352495Z PASS: Ranger combat steps vary by seed while holding firing distance
2026-10-07T21:18:07.6353058Z PASS: random combat steps and their destinations stay inside the active chamber
2026-10-07T21:18:07.6353615Z PASS: class combat steps preserve melee and ranged attack distances
2026-10-07T21:18:07.6354142Z PASS: a saved movement step resumes with exactly the same state and RNG
2026-10-07T21:18:07.6354640Z PASS: the same class and run seed reproduce the same combat step
2026-10-07T21:18:07.6355144Z PASS: a ready attack fires immediately while a reposition step is pending
2026-10-07T21:18:07.6364254Z PASS: generation-4 expeditions restore without the new movement state
2026-10-07T21:18:07.6366133Z PASS: generation-5 checkpoints cannot resume without their movement state
2026-10-07T21:18:07.6367059Z PASS: invalid journey flag rejected: -1
2026-10-07T21:18:07.6368641Z PASS: invalid journey flag rejected: 2
2026-10-07T21:18:07.6369806Z PASS: invalid journey flag rejected: 1.0
2026-10-07T21:18:07.6371068Z PASS: invalid journey flag rejected: yes
2026-10-07T21:18:07.6372371Z PASS: missing journey field rejected: travel_index
2026-10-07T21:18:07.6373553Z PASS: missing journey field rejected: channel
2026-10-07T21:18:07.6374901Z PASS: missing journey field rejected: well_used
2026-10-07T21:18:07.6376266Z PASS: missing journey field rejected: seal_broken
2026-10-07T21:18:07.6377582Z PASS: missing journey field rejected: chest_open
2026-10-07T21:18:07.6385989Z PASS: new journey stops at its four-minute safety limit
2026-10-07T21:18:07.6389609Z PASS: old checkpoint keeps its three-minute limit
2026-10-07T21:18:07.6390773Z PASS: invalid current travel leg rejected
2026-10-07T21:18:07.6392329Z PASS: closed sanctum cannot resume beyond its seal
2026-10-07T21:18:07.6400283Z PASS: mid-well channel restores
2026-10-07T21:18:07.6400902Z PASS: well restores actual Life once
2026-10-07T21:18:07.6401203Z PASS: well cannot grant duplicate healing
2026-10-07T21:18:08.9478844Z PASS: in-run route map is present
2026-10-07T21:18:08.9479203Z PASS: in-run route map uses the enlarged landscape footprint
2026-10-07T21:18:08.9479492Z PASS: combat objective and pack labels use readable base sizes
2026-10-07T21:18:08.9479903Z PASS: well, seal, chest and closed gate are rendered
2026-10-07T21:18:08.9480269Z PASS: breaking the seal opens the visible gate
2026-10-07T21:18:08.9480599Z PASS: opened chest displays its loot beam
2026-10-07T21:18:08.9481949Z PASS: the reliquary displays the same named, quality-rated item awarded to the player
2026-10-07T21:18:08.9482670Z PASS: the recovered 3D relic shows its item name in the dungeon
2026-10-07T21:18:08.9636136Z JOURNEY SMOKE: 413 checks, 0 failures
2026-10-07T21:18:09.0677581Z ##[group]Run XDG_DATA_HOME="$RUNNER_TEMP/emberfall-rotation-data" timeout 120s godot --headless --path . --fixed-fps 60 --script tests/skill_rotation_smoke.gd
2026-10-07T21:18:09.0678170Z [36;1mXDG_DATA_HOME="$RUNNER_TEMP/emberfall-rotation-data" timeout 120s godot --headless --path . --fixed-fps 60 --script tests/skill_rotation_smoke.gd[0m
2026-10-07T21:18:09.0731293Z shell: /usr/bin/bash -e {0}
2026-10-07T21:18:09.0731436Z env:
2026-10-07T21:18:09.0731746Z   JAVA_HOME: /opt/hostedtoolcache/Java_Temurin-Hotspot_jdk/17.0.20-1/x64
2026-10-07T21:18:09.0732019Z   JAVA_HOME_17_X64: /opt/hostedtoolcache/Java_Temurin-Hotspot_jdk/17.0.20-1/x64
2026-10-07T21:18:09.0732233Z   MAVEN_ARGS: -ntp
2026-10-07T21:18:09.0732365Z   ANDROID_HOME: /usr/local/lib/android/sdk
2026-10-07T21:18:09.0732533Z   ANDROID_SDK_ROOT: /usr/local/lib/android/sdk
2026-10-07T21:18:09.0732780Z   GODOT_ANDROID_KEYSTORE_RELEASE_PATH: /home/runner/work/_temp/emberfall-ci-upload.jks
2026-10-07T21:18:09.0733056Z   GODOT_ANDROID_KEYSTORE_RELEASE_USER: emberfall-ci
2026-10-07T21:18:09.0733425Z   GODOT_ANDROID_KEYSTORE_RELEASE_PASSWORD: ***
2026-10-07T21:18:09.0733591Z ##[endgroup]
2026-10-07T21:18:09.0944400Z Godot Engine v4.7.2.stable.official.ed1daf0bf - https://godotengine.org
2026-10-07T21:18:09.1149306Z 
2026-10-07T21:18:11.1930616Z PASS: Vowkeeper: two distinct class techniques by default
2026-10-07T21:18:11.1930953Z PASS: Vowkeeper: malformed/duplicate choices normalize
2026-10-07T21:18:11.1931559Z PASS: bastion: suitable situation starts a cast
2026-10-07T21:18:11.1931927Z PASS: bastion: actual Mana and cooldown charged once
2026-10-07T21:18:11.1937292Z PASS: bastion: in-flight cast checkpoint is exact
2026-10-07T21:18:11.2083852Z PASS: bastion: cast continuation preserves final RNG and combat
2026-10-07T21:18:11.2084265Z PASS: bastion: protection duration is applied
2026-10-07T21:18:11.2084670Z PASS: bastion: Guard reduces real incoming damage by 45 percent
2026-10-07T21:18:11.2085065Z PASS: bastion: cooling technique cannot repeat
2026-10-07T21:18:11.2086042Z PASS: bastion: insufficient Mana prevents casting
2026-10-07T21:18:11.2087579Z PASS: sunder: suitable situation starts a cast
2026-10-07T21:18:11.2087929Z PASS: sunder: actual Mana and cooldown charged once
2026-10-07T21:18:11.2092710Z PASS: sunder: in-flight cast checkpoint is exact
2026-10-07T21:18:11.2233438Z PASS: sunder: cast continuation preserves final RNG and combat
2026-10-07T21:18:11.2233822Z PASS: sunder: impact deals real damage
2026-10-07T21:18:11.2234177Z PASS: sunder: cooling technique cannot repeat
2026-10-07T21:18:11.2235831Z PASS: sunder: insufficient Mana prevents casting
2026-10-07T21:18:11.2237306Z PASS: judgment: suitable situation starts a cast
2026-10-07T21:18:11.2237668Z PASS: judgment: actual Mana and cooldown charged once
2026-10-07T21:18:11.2242362Z PASS: judgment: in-flight cast checkpoint is exact
2026-10-07T21:18:11.2381789Z PASS: judgment: cast continuation preserves final RNG and combat
2026-10-07T21:18:11.2382188Z PASS: judgment: impact deals real damage
2026-10-07T21:18:11.2382517Z PASS: judgment: cooling technique cannot repeat
2026-10-07T21:18:11.2383952Z PASS: judgment: insufficient Mana prevents casting
2026-10-07T21:18:11.2384338Z PASS: Arcanist: two distinct class techniques by default
2026-10-07T21:18:11.2384728Z PASS: Arcanist: malformed/duplicate choices normalize
2026-10-07T21:18:11.2385952Z PASS: frost_ward: suitable situation starts a cast
2026-10-07T21:18:11.2386318Z PASS: frost_ward: actual Mana and cooldown charged once
2026-10-07T21:18:11.2390956Z PASS: frost_ward: in-flight cast checkpoint is exact
2026-10-07T21:18:11.2529155Z PASS: frost_ward: cast continuation preserves final RNG and combat
2026-10-07T21:18:11.2529569Z PASS: frost_ward: protection duration is applied
2026-10-07T21:18:11.2529983Z PASS: frost_ward: Guard reduces real incoming damage by 45 percent
2026-10-07T21:18:11.2530366Z PASS: Frost Mantle slows nearby melee enemies
2026-10-07T21:18:11.2530592Z PASS: frost_ward: cooling technique cannot repeat
2026-10-07T21:18:11.2531551Z PASS: frost_ward: insufficient Mana prevents casting
2026-10-07T21:18:11.2532710Z PASS: chain: suitable situation starts a cast
2026-10-07T21:18:11.2533049Z PASS: chain: actual Mana and cooldown charged once
2026-10-07T21:18:11.2537750Z PASS: chain: in-flight cast checkpoint is exact
2026-10-07T21:18:11.2664366Z PASS: chain: cast continuation preserves final RNG and combat
2026-10-07T21:18:11.2664746Z PASS: chain: impact deals real damage
2026-10-07T21:18:11.2665232Z PASS: lightning jumps to three nearby targets
2026-10-07T21:18:11.2665665Z PASS: chain: cooling technique cannot repeat
2026-10-07T21:18:11.2666847Z PASS: chain: insufficient Mana prevents casting
2026-10-07T21:18:11.2668299Z PASS: starfall: suitable situation starts a cast
2026-10-07T21:18:11.2668659Z PASS: starfall: actual Mana and cooldown charged once
2026-10-07T21:18:11.2673209Z PASS: starfall: in-flight cast checkpoint is exact
2026-10-07T21:18:11.2803421Z PASS: starfall: cast continuation preserves final RNG and combat
2026-10-07T21:18:11.2803805Z PASS: starfall: impact deals real damage
2026-10-07T21:18:11.2804139Z PASS: starfall: cooling technique cannot repeat
2026-10-07T21:18:11.2805918Z PASS: starfall: insufficient Mana prevents casting
2026-10-07T21:18:11.2806315Z PASS: Ranger: two distinct class techniques by default
2026-10-07T21:18:11.2806683Z PASS: Ranger: malformed/duplicate choices normalize
2026-10-07T21:18:11.2807529Z PASS: smoke: suitable situation starts a cast
2026-10-07T21:18:11.2807872Z PASS: smoke: actual Mana and cooldown charged once
2026-10-07T21:18:11.2812482Z PASS: smoke: in-flight cast checkpoint is exact
2026-10-07T21:18:11.2928969Z PASS: smoke: cast continuation preserves final RNG and combat
2026-10-07T21:18:11.2929354Z PASS: smoke: protection duration is applied
2026-10-07T21:18:11.2929724Z PASS: smoke: Guard reduces real incoming damage by 45 percent
2026-10-07T21:18:11.2930085Z PASS: Cinder Veil schedules an actual retreat
2026-10-07T21:18:11.2930405Z PASS: smoke: cooling technique cannot repeat
2026-10-07T21:18:11.2931371Z PASS: smoke: insufficient Mana prevents casting
2026-10-07T21:18:11.2933341Z PASS: rain: suitable situation starts a cast
2026-10-07T21:18:11.2933673Z PASS: rain: actual Mana and cooldown charged once
2026-10-07T21:18:11.2938239Z PASS: rain: in-flight cast checkpoint is exact
2026-10-07T21:18:11.3043440Z PASS: rain: cast continuation preserves final RNG and combat
2026-10-07T21:18:11.3043886Z PASS: rain: impact deals real damage
2026-10-07T21:18:11.3044248Z PASS: Thornfall slows targets
2026-10-07T21:18:11.3044539Z PASS: rain: cooling technique cannot repeat
2026-10-07T21:18:11.3045630Z PASS: rain: insufficient Mana prevents casting
2026-10-07T21:18:11.3047179Z PASS: marked: suitable situation starts a cast
2026-10-07T21:18:11.3047529Z PASS: marked: actual Mana and cooldown charged once
2026-10-07T21:18:11.3047859Z PASS: marked: impact deals real damage
2026-10-07T21:18:11.3048172Z PASS: marked: cooling technique cannot repeat
2026-10-07T21:18:11.3048682Z PASS: marked: insufficient Mana prevents casting
2026-10-07T21:18:11.3050183Z PASS: starfall: moving out of marked ground avoids impact without refunding Mana
2026-10-07T21:18:11.3051590Z PASS: rain: moving out of marked ground avoids impact without refunding Mana
2026-10-07T21:18:11.3052832Z PASS: protection is held while healthy and safe
2026-10-07T21:18:11.3053231Z PASS: ground danger can trigger protection before losing Life
2026-10-07T21:18:11.3054401Z PASS: existing Guard is not overwritten with a redundant protection cast
2026-10-07T21:18:11.3055880Z PASS: signature precedes equipped offensive techniques
2026-10-07T21:18:11.3112982Z PASS: ready offensive techniques vary between eligible seeded casts
2026-10-07T21:18:11.3113434Z PASS: the same expedition seed chooses the same technique
2026-10-07T21:18:11.3114357Z PASS: automatic evasion cancels the cast without refunding cooldown
2026-10-07T21:18:11.3116314Z PASS: invalid rotation flag rejected: -1
2026-10-07T21:18:11.3116978Z PASS: invalid rotation flag rejected: 2
2026-10-07T21:18:11.3117926Z PASS: invalid rotation flag rejected: 1.0
2026-10-07T21:18:11.3118507Z PASS: invalid rotation flag rejected: on
2026-10-07T21:18:11.3119350Z PASS: invalid checkpoint loadout rejected: ["chain", "chain"]
2026-10-07T21:18:11.3120114Z PASS: invalid checkpoint loadout rejected: ["chain", "marked"]
2026-10-07T21:18:11.3120822Z PASS: invalid checkpoint loadout rejected: ["chain"]
2026-10-07T21:18:11.3121555Z PASS: invalid checkpoint loadout rejected: chain
2026-10-07T21:18:11.3122312Z PASS: invalid technique cooldown rejected: -1.0
2026-10-07T21:18:11.3123046Z PASS: invalid technique cooldown rejected: inf
2026-10-07T21:18:11.3123819Z PASS: invalid technique cooldown rejected: ready
2026-10-07T21:18:11.3124580Z PASS: invalid technique cooldown rejected: 99.0
2026-10-07T21:18:11.3125440Z PASS: new combat cannot restore without technique state
2026-10-07T21:18:11.3127102Z PASS: foreign pending technique rejected
2026-10-07T21:18:13.2337560Z PASS: Vowkeeper: 64 live/skip outcomes agree including rotation state
2026-10-07T21:18:13.2338160Z PASS: Vowkeeper: starter builds clear all variants and actually use techniques
2026-10-07T21:18:13.5445072Z PASS: Vowkeeper: pair ["sunder", "judgment"] matches in every region
2026-10-07T21:18:13.8632126Z PASS: Vowkeeper: pair ["bastion", "judgment"] matches in every region
2026-10-07T21:18:14.1816764Z PASS: Vowkeeper: pair ["bastion", "sunder"] matches in every region
2026-10-07T21:18:16.2024166Z PASS: Arcanist: 64 live/skip outcomes agree including rotation state
2026-10-07T21:18:16.2024787Z PASS: Arcanist: starter builds clear all variants and actually use techniques
2026-10-07T21:18:16.8031986Z PASS: Arcanist: pair ["chain", "starfall"] matches in every region
2026-10-07T21:18:17.5070044Z PASS: Arcanist: pair ["frost_ward", "starfall"] matches in every region
2026-10-07T21:18:18.2057215Z PASS: Arcanist: pair ["frost_ward", "chain"] matches in every region
2026-10-07T21:18:19.7217638Z PASS: Ranger: 64 live/skip outcomes agree including rotation state
2026-10-07T21:18:19.7218041Z PASS: Ranger: starter builds clear all variants and actually use techniques
2026-10-07T21:18:19.9846152Z PASS: Ranger: pair ["rain", "marked"] matches in every region
2026-10-07T21:18:20.2412309Z PASS: Ranger: pair ["smoke", "marked"] matches in every region
2026-10-07T21:18:20.5092814Z PASS: Ranger: pair ["smoke", "rain"] matches in every region
2026-10-07T21:18:20.5166617Z PASS: 0.11 expedition preserved exactly: Vowkeeper/1
2026-10-07T21:18:20.5265570Z PASS: 0.11 expedition preserved exactly: Vowkeeper/11
2026-10-07T21:18:20.5288995Z PASS: 0.11 expedition preserved exactly: Vowkeeper/21
2026-10-07T21:18:20.5305047Z PASS: 0.11 expedition preserved exactly: Vowkeeper/31
2026-10-07T21:18:20.5369507Z PASS: 0.11 expedition preserved exactly: Arcanist/1
2026-10-07T21:18:20.5493621Z PASS: 0.11 expedition preserved exactly: Arcanist/11
2026-10-07T21:18:20.5669375Z PASS: 0.11 expedition preserved exactly: Arcanist/21
2026-10-07T21:18:20.5711599Z PASS: 0.11 expedition preserved exactly: Arcanist/31
2026-10-07T21:18:20.5758899Z PASS: 0.11 expedition preserved exactly: Ranger/1
2026-10-07T21:18:20.5810643Z PASS: 0.11 expedition preserved exactly: Ranger/11
2026-10-07T21:18:20.5828131Z PASS: 0.11 expedition preserved exactly: Ranger/21
2026-10-07T21:18:20.5840490Z PASS: 0.11 expedition preserved exactly: Ranger/31
2026-10-07T21:18:21.0597464Z PASS: skills editor renders class choices and real equip actions
2026-10-07T21:18:21.0598045Z PASS: cards and equip buttons pass drag events to the page scroller
2026-10-07T21:18:21.0681159Z PASS: equipping replaces the chosen technique slot
2026-10-07T21:18:21.0765964Z PASS: equipping an already slotted technique swaps priorities
2026-10-07T21:18:21.1030343Z PASS: each class retains its own loadout
2026-10-07T21:18:21.9515990Z PASS: loadouts cannot change during a running expedition
2026-10-07T21:18:21.9516316Z PASS: combat HUD shows both equipped technique cooldowns
2026-10-07T21:18:22.7757780Z PASS: class loadouts survive a cold start
2026-10-07T21:18:22.7759632Z PASS: paused rotation checkpoint resumes exactly after cold start
2026-10-07T21:18:22.7765972Z PASS: technique effects render without altering simulation
2026-10-07T21:18:22.7766847Z PASS: technique effects release their temporary nodes
2026-10-07T21:18:22.7904967Z SKILL ROTATION SMOKE: 135 checks, 0 failures
2026-10-07T21:18:22.9054643Z ##[group]Run XDG_DATA_HOME="$RUNNER_TEMP/emberfall-contracts-data" timeout 120s godot --headless --path . --fixed-fps 60 --script tests/contracts_smoke.gd
2026-10-07T21:18:22.9055434Z [36;1mXDG_DATA_HOME="$RUNNER_TEMP/emberfall-contracts-data" timeout 120s godot --headless --path . --fixed-fps 60 --script tests/contracts_smoke.gd[0m
2026-10-07T21:18:22.9106857Z shell: /usr/bin/bash -e {0}
2026-10-07T21:18:22.9106994Z env:
2026-10-07T21:18:22.9107163Z   JAVA_HOME: /opt/hostedtoolcache/Java_Temurin-Hotspot_jdk/17.0.20-1/x64
2026-10-07T21:18:22.9107425Z   JAVA_HOME_17_X64: /opt/hostedtoolcache/Java_Temurin-Hotspot_jdk/17.0.20-1/x64
2026-10-07T21:18:22.9107627Z   MAVEN_ARGS: -ntp
2026-10-07T21:18:22.9107758Z   ANDROID_HOME: /usr/local/lib/android/sdk
2026-10-07T21:18:22.9107922Z   ANDROID_SDK_ROOT: /usr/local/lib/android/sdk
2026-10-07T21:18:22.9108158Z   GODOT_ANDROID_KEYSTORE_RELEASE_PATH: /home/runner/work/_temp/emberfall-ci-upload.jks
2026-10-07T21:18:22.9108422Z   GODOT_ANDROID_KEYSTORE_RELEASE_USER: emberfall-ci
2026-10-07T21:18:22.9108781Z   GODOT_ANDROID_KEYSTORE_RELEASE_PASSWORD: ***
2026-10-07T21:18:22.9108939Z ##[endgroup]
2026-10-07T21:18:22.9310100Z Godot Engine v4.7.2.stable.official.ed1daf0bf - https://godotengine.org
2026-10-07T21:18:22.9503261Z 
2026-10-07T21:18:23.3163329Z PASS: hunt contract accepts a real slot
2026-10-07T21:18:23.3163736Z PASS: trial tier fixes its enemy floor
2026-10-07T21:18:23.3164041Z PASS: malformed contract rejected: {  }
2026-10-07T21:18:23.3164453Z PASS: malformed contract rejected: { "version": 1, "mode": "unknown" }
2026-10-07T21:18:23.3164986Z PASS: malformed contract rejected: { "version": 1, "mode": "hunt", "slot": "Gold" }
2026-10-07T21:18:23.3165636Z PASS: malformed contract rejected: { "version": 1, "mode": "trial", "tier": 0 }
2026-10-07T21:18:23.3165980Z PASS: malformed contract rejected: { "version": 1.0, "mode": "hunt", "slot": "Boots" }
2026-10-07T21:18:23.3166378Z PASS: malformed contract rejected: { "version": 1, "mode": "trial", "tier": 1, "bonus": 900 }
2026-10-07T21:18:23.3166661Z PASS: trial cannot claim another tier's floor
2026-10-07T21:18:25.5272291Z PASS: 0.12 checkpoint preserved: Vowkeeper/1
2026-10-07T21:18:25.5351996Z PASS: 0.12 checkpoint preserved: Vowkeeper/11
2026-10-07T21:18:25.5375513Z PASS: 0.12 checkpoint preserved: Vowkeeper/21
2026-10-07T21:18:25.5381773Z PASS: 0.12 checkpoint preserved: Vowkeeper/31
2026-10-07T21:18:25.5440764Z PASS: 0.12 checkpoint preserved: Arcanist/1
2026-10-07T21:18:25.5553072Z PASS: 0.12 checkpoint preserved: Arcanist/11
2026-10-07T21:18:25.5681557Z PASS: 0.12 checkpoint preserved: Arcanist/21
2026-10-07T21:18:25.5729835Z PASS: 0.12 checkpoint preserved: Arcanist/31
2026-10-07T21:18:25.5774968Z PASS: 0.12 checkpoint preserved: Ranger/1
2026-10-07T21:18:25.5832497Z PASS: 0.12 checkpoint preserved: Ranger/11
2026-10-07T21:18:25.5866439Z PASS: 0.12 checkpoint preserved: Ranger/21
2026-10-07T21:18:25.5879078Z PASS: 0.12 checkpoint preserved: Ranger/31
2026-10-07T21:18:25.5898961Z PASS: 192 ordinary campaign drops remain exactly unchanged
2026-10-07T21:18:25.5908196Z PASS: focused Weapon drops preserve class attributes, tier and boss quality
2026-10-07T21:18:25.5917259Z PASS: focused Helmet drops preserve class attributes, tier and boss quality
2026-10-07T21:18:25.5926365Z PASS: focused Chest drops preserve class attributes, tier and boss quality
2026-10-07T21:18:25.5935750Z PASS: focused Gloves drops preserve class attributes, tier and boss quality
2026-10-07T21:18:25.5944841Z PASS: focused Boots drops preserve class attributes, tier and boss quality
2026-10-07T21:18:25.5954764Z PASS: focused Amulet drops preserve class attributes, tier and boss quality
2026-10-07T21:18:25.5963575Z PASS: hunts have actual increased health and incoming damage
2026-10-07T21:18:25.5964009Z PASS: trial difficulty and timer are actual simulation rules
2026-10-07T21:18:27.7320114Z PASS: Vowkeeper hunt: all 64 live/skip outcomes match
2026-10-07T21:18:27.7321051Z CONTRACT_BALANCE Vowkeeper hunt 64/64 starting-gear wins
2026-10-07T21:18:30.1423341Z PASS: Vowkeeper trial: all 64 live/skip outcomes match
2026-10-07T21:18:30.1423835Z CONTRACT_BALANCE Vowkeeper trial 64/64 starting-gear wins
2026-10-07T21:18:30.1730550Z PASS: Vowkeeper hunt: checkpoint continuation exact
2026-10-07T21:18:30.2117488Z PASS: Vowkeeper trial: checkpoint continuation exact
2026-10-07T21:18:32.5139515Z PASS: Arcanist hunt: all 64 live/skip outcomes match
2026-10-07T21:18:32.5140019Z CONTRACT_BALANCE Arcanist hunt 64/64 starting-gear wins
2026-10-07T21:18:34.8840142Z PASS: Arcanist trial: all 64 live/skip outcomes match
2026-10-07T21:18:34.8840664Z CONTRACT_BALANCE Arcanist trial 64/64 starting-gear wins
2026-10-07T21:18:34.9778888Z PASS: Arcanist hunt: checkpoint continuation exact
2026-10-07T21:18:35.0420101Z PASS: Arcanist trial: checkpoint continuation exact
2026-10-07T21:18:36.6909315Z PASS: Ranger hunt: all 64 live/skip outcomes match
2026-10-07T21:18:36.6909795Z CONTRACT_BALANCE Ranger hunt 64/64 starting-gear wins
2026-10-07T21:18:38.3283683Z PASS: Ranger trial: all 64 live/skip outcomes match
2026-10-07T21:18:38.3284200Z CONTRACT_BALANCE Ranger trial 64/64 starting-gear wins
2026-10-07T21:18:38.3513525Z PASS: Ranger hunt: checkpoint continuation exact
2026-10-07T21:18:38.3751282Z PASS: Ranger trial: checkpoint continuation exact
2026-10-07T21:18:38.4243015Z PASS: trial fails at deadline even while hero survives
2026-10-07T21:18:38.4243922Z PASS: corrupt contract checkpoint rejected
2026-10-07T21:18:38.4245530Z PASS: corrupt contract checkpoint rejected
2026-10-07T21:18:38.4246424Z PASS: corrupt contract checkpoint rejected
2026-10-07T21:18:38.4434196Z PASS: world hunt choices and start button exist
2026-10-07T21:18:38.4489121Z PASS: slot selection changes the real AFK farm goal
2026-10-07T21:18:39.1753910Z PASS: visible farming carries the selected hunt contract
2026-10-07T21:18:39.1754397Z PASS: running hunt selection is locked
2026-10-07T21:18:39.2651819Z PASS: skip awards targeted loot without campaign progression
2026-10-07T21:18:39.4529395Z PASS: trial entry exists after campaign unlock
2026-10-07T21:18:39.8729756Z PASS: trial has countdown, locked repeat and visible original portal
2026-10-07T21:18:39.8730286Z PASS: trials cannot enable automatic repeat
2026-10-07T21:18:39.8966111Z PASS: trial first clear grants Epic loot and separate progression
2026-10-07T21:18:39.8966676Z PASS: duplicate first-clear reward cannot be granted twice
2026-10-07T21:18:39.8967087Z PASS: trial defeat grants no rewards or progression
2026-10-07T21:18:40.4577866Z PASS: next trial uses its own level beyond campaign floor
2026-10-07T21:18:40.9341137Z PASS: cold load retains hunt choice, trial progress and paused trial
2026-10-07T21:18:41.8125670Z PASS: cached AFK hunts equal individually simulated runs and rewards
2026-10-07T21:18:41.8126250Z PASS: AFK target applies to every relic without campaign advancement
2026-10-07T21:18:42.5945109Z PASS: background trial finishes once then selected hunt resumes
2026-10-07T21:18:42.6123037Z PASS: duplicate resume adds no trial reward
2026-10-07T21:18:42.7613839Z PASS: first campaign clear is required for hunts and trials
2026-10-07T21:18:42.9095976Z PASS: full bag sells trial relic once and displays actual total Gold
2026-10-07T21:18:43.2005483Z PASS: offline trial defeat is visible even without monetary rewards
2026-10-07T21:18:43.3445025Z PASS: zero-reward defeat report can be acknowledged
2026-10-07T21:18:43.4952085Z PASS: all 30 trials have a terminal completion state
2026-10-07T21:18:43.7221005Z CONTRACTS SMOKE: 68 checks, 0 failures
2026-10-07T21:18:43.8326735Z ##[group]Run XDG_DATA_HOME="$RUNNER_TEMP/emberfall-visuals-data" timeout 120s godot --headless --path . --fixed-fps 60 --script tests/visuals_smoke.gd
2026-10-07T21:18:43.8327304Z [36;1mXDG_DATA_HOME="$RUNNER_TEMP/emberfall-visuals-data" timeout 120s godot --headless --path . --fixed-fps 60 --script tests/visuals_smoke.gd[0m
2026-10-07T21:18:43.8380706Z shell: /usr/bin/bash -e {0}
2026-10-07T21:18:43.8380851Z env:
2026-10-07T21:18:43.8381029Z   JAVA_HOME: /opt/hostedtoolcache/Java_Temurin-Hotspot_jdk/17.0.20-1/x64
2026-10-07T21:18:43.8381304Z   JAVA_HOME_17_X64: /opt/hostedtoolcache/Java_Temurin-Hotspot_jdk/17.0.20-1/x64
2026-10-07T21:18:43.8381666Z   MAVEN_ARGS: -ntp
2026-10-07T21:18:43.8381803Z   ANDROID_HOME: /usr/local/lib/android/sdk
2026-10-07T21:18:43.8381977Z   ANDROID_SDK_ROOT: /usr/local/lib/android/sdk
2026-10-07T21:18:43.8382223Z   GODOT_ANDROID_KEYSTORE_RELEASE_PATH: /home/runner/work/_temp/emberfall-ci-upload.jks
2026-10-07T21:18:43.8382499Z   GODOT_ANDROID_KEYSTORE_RELEASE_USER: emberfall-ci
2026-10-07T21:18:43.8382877Z   GODOT_ANDROID_KEYSTORE_RELEASE_PASSWORD: ***
2026-10-07T21:18:43.8383042Z ##[endgroup]
2026-10-07T21:18:43.8595029Z Godot Engine v4.7.2.stable.official.ed1daf0bf - https://godotengine.org
2026-10-07T21:18:43.8799215Z 
2026-10-07T21:18:46.0195077Z PASS: shared architectural profile surfaces face outward
2026-10-07T21:18:46.0195786Z PASS: beveled paver top surfaces face upward
2026-10-07T21:18:46.3107550Z PASS: Vowkeeper: 3D actor retains contact shadow and native GPU skinning
2026-10-07T21:18:46.3830905Z PASS: Vowkeeper: spatial geometry, animation clips and movement stay finite
2026-10-07T21:18:46.4742440Z PASS: Arcanist: 3D actor retains contact shadow and native GPU skinning
2026-10-07T21:18:46.5096243Z PASS: Arcanist: spatial geometry, animation clips and movement stay finite
2026-10-07T21:18:46.7749707Z PASS: Ranger: 3D actor retains contact shadow and native GPU skinning
2026-10-07T21:18:46.8309272Z PASS: Ranger: spatial geometry, animation clips and movement stay finite
2026-10-07T21:18:46.8748796Z PASS: raider: 3D actor retains contact shadow and native GPU skinning
2026-10-07T21:18:46.8842378Z PASS: raider: spatial geometry, animation clips and movement stay finite
2026-10-07T21:18:47.0679482Z PASS: bulwark: 3D actor retains contact shadow and native GPU skinning
2026-10-07T21:18:47.0779267Z PASS: bulwark: spatial geometry, animation clips and movement stay finite
2026-10-07T21:18:47.1735024Z PASS: hexer: 3D actor retains contact shadow and native GPU skinning
2026-10-07T21:18:47.1834176Z PASS: hexer: spatial geometry, animation clips and movement stay finite
2026-10-07T21:18:47.2991728Z PASS: elite: 3D actor retains contact shadow and native GPU skinning
2026-10-07T21:18:47.3102930Z PASS: elite: spatial geometry, animation clips and movement stay finite
2026-10-07T21:18:47.4253023Z PASS: boss: 3D actor retains contact shadow and native GPU skinning
2026-10-07T21:18:47.4353322Z PASS: boss: spatial geometry, animation clips and movement stay finite
2026-10-07T21:18:47.7099151Z PASS: Vowkeeper: actual signature style supplies stronger action emphasis
2026-10-07T21:18:47.8758804Z PASS: Arcanist: actual signature style supplies stronger action emphasis
2026-10-07T21:18:48.2223294Z PASS: Ranger: actual signature style supplies stronger action emphasis
2026-10-07T21:18:48.3844328Z PASS: repeated characters share the authored 3D geometry
2026-10-07T21:18:48.5552341Z PASS: running cadence advances with actual travel speed
2026-10-07T21:18:48.5574459Z PASS: continuous locomotion alternates grounded left/right support
2026-10-07T21:18:48.5588890Z PASS: attack motion reaches its contact state at the configured release
2026-10-07T21:18:48.5602886Z PASS: enemy reacts to an actual hit with a short surface flash and lean
2026-10-07T21:18:48.5603421Z PASS: rapid attacks queue without restarting the current swing
2026-10-07T21:18:48.5616965Z PASS: queued swing begins after recovery
2026-10-07T21:18:48.5883914Z PASS: death animation displays the continuous skinned corpse
2026-10-07T21:18:49.0074767Z PASS: region 0: visual setup does not alter combat or RNG
2026-10-07T21:18:49.0075220Z PASS: region 0: mist and dust are present
2026-10-07T21:18:49.0075788Z PASS: region 0: animated regional surfaces retained
2026-10-07T21:18:49.0078347Z PASS: region 0: court and regional paving remain unshadowed with one guardian inlay
2026-10-07T21:18:49.0082473Z PASS: region 0: Battery removes decorative lighting without changing combat
2026-10-07T21:18:49.0083982Z PASS: region 0: quality returns while reduced motion freezes beam drift
2026-10-07T21:18:49.0093982Z PASS: region 0: hazard shading reflects actual countdown
2026-10-07T21:18:49.0094799Z PASS: region 0: countdown preserves the full collision footprint
2026-10-07T21:18:49.0095413Z PASS: region 0: spell release originates at the animated casting palm
2026-10-07T21:18:49.0095889Z PASS: region 0: ranged projectile travels toward its target
2026-10-07T21:18:49.0105661Z PASS: region 0: combat VFX clean up without affecting simulation
2026-10-07T21:18:49.3391828Z PASS: region 1: visual setup does not alter combat or RNG
2026-10-07T21:18:49.3393414Z PASS: region 1: mist and dust are present
2026-10-07T21:18:49.3393707Z PASS: region 1: animated regional surfaces retained
2026-10-07T21:18:49.3396374Z PASS: region 1: court and regional paving remain unshadowed with one guardian inlay
2026-10-07T21:18:49.3400407Z PASS: region 1: Battery removes decorative lighting without changing combat
2026-10-07T21:18:49.3401917Z PASS: region 1: quality returns while reduced motion freezes beam drift
2026-10-07T21:18:49.3404738Z PASS: region 1: hazard shading reflects actual countdown
2026-10-07T21:18:49.3405090Z PASS: region 1: countdown preserves the full collision footprint
2026-10-07T21:18:49.3405687Z PASS: region 1: spell release originates at the animated casting palm
2026-10-07T21:18:49.3406220Z PASS: region 1: ranged projectile travels toward its target
2026-10-07T21:18:49.3415213Z PASS: region 1: combat VFX clean up without affecting simulation
2026-10-07T21:18:49.6970927Z PASS: region 2: visual setup does not alter combat or RNG
2026-10-07T21:18:49.6971371Z PASS: region 2: mist and dust are present
2026-10-07T21:18:49.6971727Z PASS: region 2: animated regional surfaces retained
2026-10-07T21:18:49.6974120Z PASS: region 2: court and regional paving remain unshadowed with one guardian inlay
2026-10-07T21:18:49.6978032Z PASS: region 2: Battery removes decorative lighting without changing combat
2026-10-07T21:18:49.6979525Z PASS: region 2: quality returns while reduced motion freezes beam drift
2026-10-07T21:18:49.6987282Z PASS: region 2: hazard shading reflects actual countdown
2026-10-07T21:18:49.6987777Z PASS: region 2: countdown preserves the full collision footprint
2026-10-07T21:18:49.6988293Z PASS: region 2: spell release originates at the animated casting palm
2026-10-07T21:18:49.6988783Z PASS: region 2: ranged projectile travels toward its target
2026-10-07T21:18:49.6997676Z PASS: region 2: combat VFX clean up without affecting simulation
2026-10-07T21:18:50.1030733Z PASS: region 3: visual setup does not alter combat or RNG
2026-10-07T21:18:50.1031205Z PASS: region 3: mist and dust are present
2026-10-07T21:18:50.1031562Z PASS: region 3: animated regional surfaces retained
2026-10-07T21:18:50.1034408Z PASS: region 3: court and regional paving remain unshadowed with one guardian inlay
2026-10-07T21:18:50.1038808Z PASS: region 3: Battery removes decorative lighting without changing combat
2026-10-07T21:18:50.1040509Z PASS: region 3: quality returns while reduced motion freezes beam drift
2026-10-07T21:18:50.1043754Z PASS: region 3: hazard shading reflects actual countdown
2026-10-07T21:18:50.1044238Z PASS: region 3: countdown preserves the full collision footprint
2026-10-07T21:18:50.1044737Z PASS: region 3: spell release originates at the animated casting palm
2026-10-07T21:18:50.1045216Z PASS: region 3: ranged projectile travels toward its target
2026-10-07T21:18:50.1054829Z PASS: region 3: combat VFX clean up without affecting simulation
2026-10-07T21:18:50.1153159Z VISUALS SMOKE: 73 checks, 0 failures
2026-10-07T21:18:50.2475773Z Post job cleanup.
2026-10-07T21:18:50.3046863Z Post job cleanup.
2026-10-07T21:18:50.3656146Z [command]/usr/bin/git version
2026-10-07T21:18:50.3703011Z git version 2.55.0
2026-10-07T21:18:50.3711019Z Temporarily overriding HOME='/home/runner/work/_temp/9cb67e58-61d6-4407-83b5-42d373b95a99' before making global git config changes
2026-10-07T21:18:50.3711598Z Adding repository directory to the temporary git global config as a safe directory
2026-10-07T21:18:50.3714837Z [command]/usr/bin/git config --global --add safe.directory /home/runner/work/Emberfall-Ashen-Veil/Emberfall-Ashen-Veil
2026-10-07T21:18:50.3741180Z Removing SSH command configuration
2026-10-07T21:18:50.3745706Z [command]/usr/bin/git config --local --name-only --get-regexp core\.sshCommand
2026-10-07T21:18:50.3772104Z [command]/usr/bin/git submodule foreach --recursive sh -c "git config --local --name-only --get-regexp 'core\.sshCommand' && git config --local --unset-all 'core.sshCommand' || :"
2026-10-07T21:18:50.3981855Z Removing HTTP extra header
2026-10-07T21:18:50.3987061Z [command]/usr/bin/git config --local --name-only --get-regexp http\.https\:\/\/github\.com\/\.extraheader
2026-10-07T21:18:50.4022199Z [command]/usr/bin/git submodule foreach --recursive sh -c "git config --local --name-only --get-regexp 'http\.https\:\/\/github\.com\/\.extraheader' && git config --local --unset-all 'http.https://github.com/.extraheader' || :"
2026-10-07T21:18:50.4220714Z Removing includeIf entries pointing to credentials config files
2026-10-07T21:18:50.4227126Z [command]/usr/bin/git config --local --name-only --get-regexp ^includeIf\.gitdir:
2026-10-07T21:18:50.4253685Z includeif.gitdir:/home/runner/work/Emberfall-Ashen-Veil/Emberfall-Ashen-Veil/.git.path
2026-10-07T21:18:50.4254473Z includeif.gitdir:/home/runner/work/Emberfall-Ashen-Veil/Emberfall-Ashen-Veil/.git/worktrees/*.path
2026-10-07T21:18:50.4255026Z includeif.gitdir:/github/workspace/.git.path
2026-10-07T21:18:50.4255536Z includeif.gitdir:/github/workspace/.git/worktrees/*.path
2026-10-07T21:18:50.4261264Z [command]/usr/bin/git config --local --get-all includeif.gitdir:/home/runner/work/Emberfall-Ashen-Veil/Emberfall-Ashen-Veil/.git.path
2026-10-07T21:18:50.4286150Z /home/runner/work/_temp/git-credentials-b6f6e622-94d1-473a-bcf4-3018d6510537.config
2026-10-07T21:18:50.4293436Z [command]/usr/bin/git config --local --unset includeif.gitdir:/home/runner/work/Emberfall-Ashen-Veil/Emberfall-Ashen-Veil/.git.path \/home\/runner\/work\/_temp\/git\-credentials\-b6f6e622\-94d1\-473a\-bcf4\-3018d6510537\.config
2026-10-07T21:18:50.4326415Z [command]/usr/bin/git config --local --get-all includeif.gitdir:/home/runner/work/Emberfall-Ashen-Veil/Emberfall-Ashen-Veil/.git/worktrees/*.path
2026-10-07T21:18:50.4348993Z /home/runner/work/_temp/git-credentials-b6f6e622-94d1-473a-bcf4-3018d6510537.config
2026-10-07T21:18:50.4354634Z [command]/usr/bin/git config --local --unset includeif.gitdir:/home/runner/work/Emberfall-Ashen-Veil/Emberfall-Ashen-Veil/.git/worktrees/*.path \/home\/runner\/work\/_temp\/git\-credentials\-b6f6e622\-94d1\-473a\-bcf4\-3018d6510537\.config
2026-10-07T21:18:50.4385512Z [command]/usr/bin/git config --local --get-all includeif.gitdir:/github/workspace/.git.path
2026-10-07T21:18:50.4407006Z /github/runner_temp/git-credentials-b6f6e622-94d1-473a-bcf4-3018d6510537.config
2026-10-07T21:18:50.4413066Z [command]/usr/bin/git config --local --unset includeif.gitdir:/github/workspace/.git.path \/github\/runner_temp\/git\-credentials\-b6f6e622\-94d1\-473a\-bcf4\-3018d6510537\.config
2026-10-07T21:18:50.4446114Z [command]/usr/bin/git config --local --get-all includeif.gitdir:/github/workspace/.git/worktrees/*.path
2026-10-07T21:18:50.4468450Z /github/runner_temp/git-credentials-b6f6e622-94d1-473a-bcf4-3018d6510537.config
2026-10-07T21:18:50.4474413Z [command]/usr/bin/git config --local --unset includeif.gitdir:/github/workspace/.git/worktrees/*.path \/github\/runner_temp\/git\-credentials\-b6f6e622\-94d1\-473a\-bcf4\-3018d6510537\.config
2026-10-07T21:18:50.4510150Z [command]/usr/bin/git submodule foreach --recursive git config --local --show-origin --name-only --get-regexp remote.origin.url
2026-10-07T21:18:50.4699603Z Removing credentials config '/home/runner/work/_temp/git-credentials-b6f6e622-94d1-473a-bcf4-3018d6510537.config'
2026-10-07T21:18:50.4801902Z Print service container logs: a4e601b22c9e42c2ace65bb4f67eae06_postgres16_9059fd
2026-10-07T21:18:50.4804568Z ##[command]/usr/bin/docker logs --details 44512c1e937515161d87d54cc120ef242af221d4e505d73353fe3c34f33e0da1
2026-10-07T21:18:50.4901879Z  The files belonging to this database system will be owned by user "postgres".
2026-10-07T21:18:50.4902704Z  This user must also own the server process.
2026-10-07T21:18:50.4903033Z  
2026-10-07T21:18:50.4903286Z  The database cluster will be initialized with locale "en_US.utf8".
2026-10-07T21:18:50.4904892Z  initdb: warning: enabling "trust" authentication for local connections
2026-10-07T21:18:50.4905450Z  initdb: hint: You can change this by editing pg_hba.conf or using the option -A, or --auth-local and --auth-host, the next time you run initdb.
2026-10-07T21:18:50.4906327Z  2026-10-07 21:06:30.910 UTC [1] LOG:  starting PostgreSQL 16.15 (Debian 16.15-1.pgdg13+2) on x86_64-pc-linux-gnu, compiled by gcc (Debian 14.2.0-19) 14.2.0, 64-bit
2026-10-07T21:18:50.4906959Z  2026-10-07 21:06:30.910 UTC [1] LOG:  listening on IPv4 address "0.0.0.0", port 5432
2026-10-07T21:18:50.4907374Z  2026-10-07 21:06:30.910 UTC [1] LOG:  listening on IPv6 address "::", port 5432
2026-10-07T21:18:50.4907826Z  2026-10-07 21:06:30.922 UTC [1] LOG:  listening on Unix socket "/var/run/postgresql/.s.PGSQL.5432"
2026-10-07T21:18:50.4908319Z  2026-10-07 21:06:30.924 UTC [64] LOG:  database system was shut down at 2026-10-07 21:06:30 UTC
2026-10-07T21:18:50.4908765Z  2026-10-07 21:06:30.927 UTC [1] LOG:  database system is ready to accept connections
2026-10-07T21:18:50.4909152Z  2026-10-07 21:11:30.996 UTC [62] LOG:  checkpoint starting: time
2026-10-07T21:18:50.4909960Z  2026-10-07 21:11:35.207 UTC [62] LOG:  checkpoint complete: wrote 45 buffers (0.3%); 0 WAL file(s) added, 0 removed, 0 recycled; write=4.208 s, sync=0.001 s, total=4.211 s; sync files=12, longest=0.001 s, average=0.001 s; distance=261 kB, estimate=261 kB; lsn=0/1960560, redo lsn=0/1960528
2026-10-07T21:18:50.4910546Z  2026-10-07 21:16:30.301 UTC [62] LOG:  checkpoint starting: time
2026-10-07T21:18:50.4911109Z  2026-10-07 21:16:59.759 UTC [62] LOG:  checkpoint complete: wrote 295 buffers (1.8%); 0 WAL file(s) added, 0 removed, 0 recycled; write=29.454 s, sync=0.002 s, total=29.458 s; sync files=206, longest=0.001 s, average=0.001 s; distance=1478 kB, estimate=1478 kB; lsn=0/1AD1FB8, redo lsn=0/1AD1F80
2026-10-07T21:18:50.4911693Z  The default database encoding has accordingly been set to "UTF8".
2026-10-07T21:18:50.4911959Z  The default text search configuration will be set to "english".
2026-10-07T21:18:50.4912146Z  
2026-10-07T21:18:50.4912264Z  Data page checksums are disabled.
2026-10-07T21:18:50.4912410Z  
2026-10-07T21:18:50.4912581Z  fixing permissions on existing directory /var/lib/postgresql/data ... ok
2026-10-07T21:18:50.4912806Z  creating subdirectories ... ok
2026-10-07T21:18:50.4912990Z  selecting dynamic shared memory implementation ... posix
2026-10-07T21:18:50.4913194Z  selecting default max_connections ... 100
2026-10-07T21:18:50.4913370Z  selecting default shared_buffers ... 128MB
2026-10-07T21:18:50.4913536Z  selecting default time zone ... Etc/UTC
2026-10-07T21:18:50.4913701Z  creating configuration files ... ok
2026-10-07T21:18:50.4913864Z  running bootstrap script ... ok
2026-10-07T21:18:50.4914035Z  performing post-bootstrap initialization ... ok
2026-10-07T21:18:50.4914216Z  syncing data to disk ... ok
2026-10-07T21:18:50.4914351Z  
2026-10-07T21:18:50.4914451Z  
2026-10-07T21:18:50.4914585Z  Success. You can now start the database server using:
2026-10-07T21:18:50.4914761Z  
2026-10-07T21:18:50.4914901Z      pg_ctl -D /var/lib/postgresql/data -l logfile start
2026-10-07T21:18:50.4915074Z  
2026-10-07T21:18:50.4915637Z  waiting for server to start....2026-10-07 21:06:30.625 UTC [48] LOG:  starting PostgreSQL 16.15 (Debian 16.15-1.pgdg13+2) on x86_64-pc-linux-gnu, compiled by gcc (Debian 14.2.0-19) 14.2.0, 64-bit
2026-10-07T21:18:50.4916671Z  2026-10-07 21:06:30.625 UTC [48] LOG:  listening on Unix socket "/var/run/postgresql/.s.PGSQL.5432"
2026-10-07T21:18:50.4917159Z  2026-10-07 21:06:30.627 UTC [51] LOG:  database system was shut down at 2026-10-07 21:06:30 UTC
2026-10-07T21:18:50.4917594Z  2026-10-07 21:06:30.630 UTC [48] LOG:  database system is ready to accept connections
2026-10-07T21:18:50.4917916Z   done
2026-10-07T21:18:50.4918200Z  server started
2026-10-07T21:18:50.4918377Z  CREATE DATABASE
2026-10-07T21:18:50.4918548Z  
2026-10-07T21:18:50.4918695Z  
2026-10-07T21:18:50.4918963Z  /usr/local/bin/docker-entrypoint.sh: ignoring /docker-entrypoint-initdb.d/*
2026-10-07T21:18:50.4919299Z  
2026-10-07T21:18:50.4919605Z  waiting for server to shut down...2026-10-07 21:06:30.794 UTC [48] LOG:  received fast shutdown request
2026-10-07T21:18:50.4920047Z  .2026-10-07 21:06:30.813 UTC [48] LOG:  aborting any active transactions
2026-10-07T21:18:50.4920546Z  2026-10-07 21:06:30.814 UTC [48] LOG:  background worker "logical replication launcher" (PID 54) exited with exit code 1
2026-10-07T21:18:50.4921012Z  2026-10-07 21:06:30.814 UTC [49] LOG:  shutting down
2026-10-07T21:18:50.4921350Z  2026-10-07 21:06:30.815 UTC [49] LOG:  checkpoint starting: shutdown immediate
2026-10-07T21:18:50.4922254Z  2026-10-07 21:06:30.884 UTC [49] LOG:  checkpoint complete: wrote 926 buffers (5.7%); 0 WAL file(s) added, 0 removed, 0 recycled; write=0.059 s, sync=0.010 s, total=0.070 s; sync files=301, longest=0.009 s, average=0.001 s; distance=4273 kB, estimate=4273 kB; lsn=0/191F0F0, redo lsn=0/191F0F0
2026-10-07T21:18:50.4923145Z  2026-10-07 21:06:30.891 UTC [48] LOG:  database system is shut down
2026-10-07T21:18:50.4923428Z   done
2026-10-07T21:18:50.4923624Z  server stopped
2026-10-07T21:18:50.4923802Z  
2026-10-07T21:18:50.4924014Z  PostgreSQL init process complete; ready for start up.
2026-10-07T21:18:50.4924286Z  
2026-10-07T21:18:50.4930768Z Stop and remove container: a4e601b22c9e42c2ace65bb4f67eae06_postgres16_9059fd
2026-10-07T21:18:50.4933944Z ##[command]/usr/bin/docker rm --force 44512c1e937515161d87d54cc120ef242af221d4e505d73353fe3c34f33e0da1
2026-10-07T21:18:50.6038896Z 44512c1e937515161d87d54cc120ef242af221d4e505d73353fe3c34f33e0da1
2026-10-07T21:18:50.6064662Z Remove container network: github_network_83cab93bc22d431d8d46ce1317b2ed51
2026-10-07T21:18:50.6068554Z ##[command]/usr/bin/docker network rm github_network_83cab93bc22d431d8d46ce1317b2ed51
2026-10-07T21:18:50.6784328Z github_network_83cab93bc22d431d8d46ce1317b2ed51
2026-10-07T21:18:50.6838411Z Cleaning up orphan processes
2026-10-07T21:18:50.7149680Z Terminate orphan process: pid (5799) (java)
