2026-10-07T21:06:14.6787400Z Current runner version: '2.337.0'
2026-10-07T21:06:14.6813929Z ##[group]Runner Image Provisioner
2026-10-07T21:06:14.6814873Z Hosted Compute Agent
2026-10-07T21:06:14.6815510Z Version: 20260901.588
2026-10-07T21:06:14.6816692Z Commit: f88ec8081b781fac6c440065ac7ff9e710ce3d0b
2026-10-07T21:06:14.6817509Z Build Date: 2026-09-01T19:56:44Z
2026-10-07T21:06:14.6818214Z Worker ID: {1eb99940-f73d-415d-a746-7e8be654387d}
2026-10-07T21:06:14.6818928Z Azure Region: northcentralus
2026-10-07T21:06:14.6819635Z ##[endgroup]
2026-10-07T21:06:14.6821213Z ##[group]Operating System
2026-10-07T21:06:14.6821924Z Ubuntu
2026-10-07T21:06:14.6822486Z 24.04.5
2026-10-07T21:06:14.6823027Z LTS
2026-10-07T21:06:14.6823635Z ##[endgroup]
2026-10-07T21:06:14.6824244Z ##[group]Runner Image
2026-10-07T21:06:14.6824897Z Image: ubuntu-24.04
2026-10-07T21:06:14.6825500Z Version: 20260927.320.1
2026-10-07T21:06:14.6827148Z Included Software: https://github.com/actions/runner-images/blob/ubuntu24/20260927.320/images/ubuntu/Ubuntu2404-Readme.md
2026-10-07T21:06:14.6828733Z Image Release: https://github.com/actions/runner-images/releases/tag/ubuntu24%2F20260927.320
2026-10-07T21:06:14.6829758Z ##[endgroup]
2026-10-07T21:06:14.6830945Z ##[group]GITHUB_TOKEN Permissions
2026-10-07T21:06:14.6833022Z Contents: read
2026-10-07T21:06:14.6833699Z Metadata: read
2026-10-07T21:06:14.6834282Z ##[endgroup]
2026-10-07T21:06:14.6836988Z Secret source: Actions
2026-10-07T21:06:14.6837954Z Cache mode: write
2026-10-07T21:06:14.6838784Z Prepare workflow directory
2026-10-07T21:06:14.7194393Z Prepare all required actions
2026-10-07T21:06:14.7244561Z Getting action download info
2026-10-07T21:06:15.0169226Z Download action repository 'actions/checkout@v7' (SHA:3d3c42e5aac5ba805825da76410c181273ba90b1)
2026-10-07T21:06:15.1288947Z Download action repository 'actions/setup-java@v6' (SHA:de7274f081f381c8f8158605e0321c36c376e2e6)
2026-10-07T21:06:15.6429413Z Download action repository 'android-actions/setup-android@v4' (SHA:be39fa834029ff78f1a44aa3bb0819b8fc2bd8fd)
2026-10-07T21:06:15.8721265Z Download action repository 'ReactiveCircus/android-emulator-runner@v2' (SHA:a421e43855164a8197daf9d8d40fe71c6996bb0d)
2026-10-07T21:06:16.1987017Z Download action repository 'actions/upload-artifact@v7' (SHA:cf430e030ddbb5b0abf93d22962f4752f3646cd9)
2026-10-07T21:06:16.9024969Z Complete job name: offline-runtime
2026-10-07T21:06:16.9977790Z ##[group]Run actions/checkout@v7
2026-10-07T21:06:16.9978502Z with:
2026-10-07T21:06:16.9978912Z   repository: Philmenting/Emberfall-Ashen-Veil
2026-10-07T21:06:16.9982197Z   token: ***
2026-10-07T21:06:16.9982571Z   ssh-strict: true
2026-10-07T21:06:16.9982928Z   ssh-user: git
2026-10-07T21:06:16.9983289Z   persist-credentials: true
2026-10-07T21:06:16.9983677Z   clean: true
2026-10-07T21:06:16.9984038Z   sparse-checkout-cone-mode: true
2026-10-07T21:06:16.9984456Z   fetch-depth: 1
2026-10-07T21:06:16.9984810Z   fetch-tags: false
2026-10-07T21:06:16.9985171Z   show-progress: true
2026-10-07T21:06:16.9985522Z   lfs: false
2026-10-07T21:06:16.9985889Z   submodules: false
2026-10-07T21:06:16.9986491Z   set-safe-directory: true
2026-10-07T21:06:16.9986901Z   allow-unsafe-pr-checkout: false
2026-10-07T21:06:16.9987512Z ##[endgroup]
2026-10-07T21:06:17.1017736Z Syncing repository: Philmenting/Emberfall-Ashen-Veil
2026-10-07T21:06:17.1019806Z ##[group]Getting Git version info
2026-10-07T21:06:17.1020571Z Working directory is '/home/runner/work/Emberfall-Ashen-Veil/Emberfall-Ashen-Veil'
2026-10-07T21:06:17.1021527Z [command]/usr/bin/git version
2026-10-07T21:06:17.1109462Z git version 2.55.0
2026-10-07T21:06:17.1165422Z ##[endgroup]
2026-10-07T21:06:17.1179658Z Temporarily overriding HOME='/home/runner/work/_temp/a370c559-2f8c-41c3-8e62-ed88244b814a' before making global git config changes
2026-10-07T21:06:17.1181354Z Adding repository directory to the temporary git global config as a safe directory
2026-10-07T21:06:17.1182983Z [command]/usr/bin/git config --global --add safe.directory /home/runner/work/Emberfall-Ashen-Veil/Emberfall-Ashen-Veil
2026-10-07T21:06:17.1207709Z Deleting the contents of '/home/runner/work/Emberfall-Ashen-Veil/Emberfall-Ashen-Veil'
2026-10-07T21:06:17.1218461Z ##[group]Determining repository object format
2026-10-07T21:06:17.1219584Z ##[endgroup]
2026-10-07T21:06:17.1220479Z ##[group]Initializing the repository
2026-10-07T21:06:17.1231847Z [command]/usr/bin/git init /home/runner/work/Emberfall-Ashen-Veil/Emberfall-Ashen-Veil
2026-10-07T21:06:17.1305044Z hint: Using 'master' as the name for the initial branch. This default branch name
2026-10-07T21:06:17.1306554Z hint: will change to "main" in Git 3.0. To configure the initial branch name
2026-10-07T21:06:17.1308056Z hint: to use in all of your new repositories, which will suppress this warning,
2026-10-07T21:06:17.1308930Z hint: call:
2026-10-07T21:06:17.1309450Z hint:
2026-10-07T21:06:17.1310119Z hint: 	git config --global init.defaultBranch <name>
2026-10-07T21:06:17.1310921Z hint:
2026-10-07T21:06:17.1311623Z hint: Names commonly chosen instead of 'master' are 'main', 'trunk' and
2026-10-07T21:06:17.1312715Z hint: 'development'. The just-created branch can be renamed via this command:
2026-10-07T21:06:17.1313567Z hint:
2026-10-07T21:06:17.1314094Z hint: 	git branch -m <name>
2026-10-07T21:06:17.1314669Z hint:
2026-10-07T21:06:17.1315435Z hint: Disable this message with "git config set advice.defaultBranchName false"
2026-10-07T21:06:17.1316905Z Initialized empty Git repository in /home/runner/work/Emberfall-Ashen-Veil/Emberfall-Ashen-Veil/.git/
2026-10-07T21:06:17.1331361Z [command]/usr/bin/git remote add origin https://github.com/Philmenting/Emberfall-Ashen-Veil
2026-10-07T21:06:17.1381706Z ##[endgroup]
2026-10-07T21:06:17.1382366Z ##[group]Disabling automatic garbage collection
2026-10-07T21:06:17.1386684Z [command]/usr/bin/git config --local gc.auto 0
2026-10-07T21:06:17.1422146Z ##[endgroup]
2026-10-07T21:06:17.1423066Z ##[group]Setting up auth
2026-10-07T21:06:17.1423561Z Removing SSH command configuration
2026-10-07T21:06:17.1429865Z [command]/usr/bin/git config --local --name-only --get-regexp core\.sshCommand
2026-10-07T21:06:17.1467587Z [command]/usr/bin/git submodule foreach --recursive sh -c "git config --local --name-only --get-regexp 'core\.sshCommand' && git config --local --unset-all 'core.sshCommand' || :"
2026-10-07T21:06:17.1845448Z Removing HTTP extra header
2026-10-07T21:06:17.1853476Z [command]/usr/bin/git config --local --name-only --get-regexp http\.https\:\/\/github\.com\/\.extraheader
2026-10-07T21:06:17.1901885Z [command]/usr/bin/git submodule foreach --recursive sh -c "git config --local --name-only --get-regexp 'http\.https\:\/\/github\.com\/\.extraheader' && git config --local --unset-all 'http.https://github.com/.extraheader' || :"
2026-10-07T21:06:17.2167004Z Removing includeIf entries pointing to credentials config files
2026-10-07T21:06:17.2172051Z [command]/usr/bin/git config --local --name-only --get-regexp ^includeIf\.gitdir:
2026-10-07T21:06:17.2212145Z [command]/usr/bin/git submodule foreach --recursive git config --local --show-origin --name-only --get-regexp remote.origin.url
2026-10-07T21:06:17.2461946Z [command]/usr/bin/git config --file /home/runner/work/_temp/git-credentials-e8146677-92c5-443a-80c9-b8ff099a2158.config http.https://github.com/.extraheader AUTHORIZATION: basic ***
2026-10-07T21:06:17.2507033Z [command]/usr/bin/git config --local includeIf.gitdir:/home/runner/work/Emberfall-Ashen-Veil/Emberfall-Ashen-Veil/.git.path /home/runner/work/_temp/git-credentials-e8146677-92c5-443a-80c9-b8ff099a2158.config
2026-10-07T21:06:17.2544409Z [command]/usr/bin/git config --local includeIf.gitdir:/home/runner/work/Emberfall-Ashen-Veil/Emberfall-Ashen-Veil/.git/worktrees/*.path /home/runner/work/_temp/git-credentials-e8146677-92c5-443a-80c9-b8ff099a2158.config
2026-10-07T21:06:17.2587461Z [command]/usr/bin/git config --local includeIf.gitdir:/github/workspace/.git.path /github/runner_temp/git-credentials-e8146677-92c5-443a-80c9-b8ff099a2158.config
2026-10-07T21:06:17.2631401Z [command]/usr/bin/git config --local includeIf.gitdir:/github/workspace/.git/worktrees/*.path /github/runner_temp/git-credentials-e8146677-92c5-443a-80c9-b8ff099a2158.config
2026-10-07T21:06:17.2668838Z ##[endgroup]
2026-10-07T21:06:17.2669511Z ##[group]Fetching the repository
2026-10-07T21:06:17.2676660Z [command]/usr/bin/git -c protocol.version=2 fetch --no-tags --prune --no-recurse-submodules --depth=1 origin +46ba36f6cd0871ae469cdb4ce9c04f32b479f0f5:refs/remotes/pull/5/merge
2026-10-07T21:07:45.8793500Z From https://github.com/Philmenting/Emberfall-Ashen-Veil
2026-10-07T21:07:45.8794425Z  * [new ref]         46ba36f6cd0871ae469cdb4ce9c04f32b479f0f5 -> pull/5/merge
2026-10-07T21:07:45.8798420Z ##[endgroup]
2026-10-07T21:07:45.8799727Z ##[group]Determining the checkout info
2026-10-07T21:07:45.8800441Z ##[endgroup]
2026-10-07T21:07:45.8804646Z [command]/usr/bin/git sparse-checkout disable
2026-10-07T21:07:45.8869407Z [command]/usr/bin/git config --local --unset-all extensions.worktreeConfig
2026-10-07T21:07:45.8899465Z ##[group]Checking out the ref
2026-10-07T21:07:45.8907055Z [command]/usr/bin/git checkout --progress --force refs/remotes/pull/5/merge
2026-10-07T21:07:46.9011461Z Updating files:  57% (1137/1992)
2026-10-07T21:07:46.9218183Z Updating files:  58% (1156/1992)
2026-10-07T21:07:46.9719832Z Updating files:  59% (1176/1992)
2026-10-07T21:07:47.0436350Z Updating files:  60% (1196/1992)
2026-10-07T21:07:47.0772890Z Updating files:  61% (1216/1992)
2026-10-07T21:07:47.1148474Z Updating files:  62% (1236/1992)
2026-10-07T21:07:47.1392205Z Updating files:  63% (1255/1992)
2026-10-07T21:07:47.1678301Z Updating files:  64% (1275/1992)
2026-10-07T21:07:47.2083947Z Updating files:  65% (1295/1992)
2026-10-07T21:07:47.2595050Z Updating files:  66% (1315/1992)
2026-10-07T21:07:47.2939502Z Updating files:  67% (1335/1992)
2026-10-07T21:07:47.3170577Z Updating files:  68% (1355/1992)
2026-10-07T21:07:47.3476403Z Updating files:  69% (1375/1992)
2026-10-07T21:07:47.3695805Z Updating files:  70% (1395/1992)
2026-10-07T21:07:47.3915469Z Updating files:  71% (1415/1992)
2026-10-07T21:07:47.4109295Z Updating files:  72% (1435/1992)
2026-10-07T21:07:47.4469158Z Updating files:  73% (1455/1992)
2026-10-07T21:07:47.4784767Z Updating files:  74% (1475/1992)
2026-10-07T21:07:47.5116334Z Updating files:  75% (1494/1992)
2026-10-07T21:07:47.5548405Z Updating files:  76% (1514/1992)
2026-10-07T21:07:47.5855218Z Updating files:  77% (1534/1992)
2026-10-07T21:07:47.5864945Z Updating files:  78% (1554/1992)
2026-10-07T21:07:47.5874997Z Updating files:  79% (1574/1992)
2026-10-07T21:07:47.5891028Z Updating files:  80% (1594/1992)
2026-10-07T21:07:47.5906707Z Updating files:  81% (1614/1992)
2026-10-07T21:07:47.5917435Z Updating files:  82% (1634/1992)
2026-10-07T21:07:47.5928464Z Updating files:  83% (1654/1992)
2026-10-07T21:07:47.5943860Z Updating files:  84% (1674/1992)
2026-10-07T21:07:47.5951296Z Updating files:  85% (1694/1992)
2026-10-07T21:07:47.5958228Z Updating files:  86% (1714/1992)
2026-10-07T21:07:47.5969962Z Updating files:  87% (1734/1992)
2026-10-07T21:07:47.5979432Z Updating files:  88% (1753/1992)
2026-10-07T21:07:47.5990813Z Updating files:  89% (1773/1992)
2026-10-07T21:07:47.5999923Z Updating files:  90% (1793/1992)
2026-10-07T21:07:47.6027468Z Updating files:  91% (1813/1992)
2026-10-07T21:07:47.6038238Z Updating files:  92% (1833/1992)
2026-10-07T21:07:47.6049872Z Updating files:  93% (1853/1992)
2026-10-07T21:07:47.6060138Z Updating files:  94% (1873/1992)
2026-10-07T21:07:47.6072093Z Updating files:  95% (1893/1992)
2026-10-07T21:07:47.6083196Z Updating files:  96% (1913/1992)
2026-10-07T21:07:47.6093844Z Updating files:  97% (1933/1992)
2026-10-07T21:07:47.6108026Z Updating files:  98% (1953/1992)
2026-10-07T21:07:47.6126633Z Updating files:  99% (1973/1992)
2026-10-07T21:07:47.6127011Z Updating files: 100% (1992/1992)
2026-10-07T21:07:47.6127311Z Updating files: 100% (1992/1992), done.
2026-10-07T21:07:47.6164294Z Note: switching to 'refs/remotes/pull/5/merge'.
2026-10-07T21:07:47.6164709Z 
2026-10-07T21:07:47.6165007Z You are in 'detached HEAD' state. You can look around, make experimental
2026-10-07T21:07:47.6166260Z changes and commit them, and you can discard any commits you make in this
2026-10-07T21:07:47.6167031Z state without impacting any branches by switching back to a branch.
2026-10-07T21:07:47.6167490Z 
2026-10-07T21:07:47.6167792Z If you want to create a new branch to retain commits you create, you may
2026-10-07T21:07:47.6168501Z do so (now or later) by using -c with the switch command. Example:
2026-10-07T21:07:47.6168873Z 
2026-10-07T21:07:47.6169041Z   git switch -c <new-branch-name>
2026-10-07T21:07:47.6169328Z 
2026-10-07T21:07:47.6169527Z Or undo this operation with:
2026-10-07T21:07:47.6169781Z 
2026-10-07T21:07:47.6169902Z   git switch -
2026-10-07T21:07:47.6170076Z 
2026-10-07T21:07:47.6170393Z Turn off this advice by setting config variable advice.detachedHead to false
2026-10-07T21:07:47.6170833Z 
2026-10-07T21:07:47.6171333Z HEAD is now at 46ba36f Merge 1cc13152a83c6631590d4df32ca298700a417df7 into 610c343073e7186589cba92c3fefb55a4db68e12
2026-10-07T21:07:47.6316355Z ##[endgroup]
2026-10-07T21:07:47.6374719Z [command]/usr/bin/git log -1 --format=%H
2026-10-07T21:07:47.6411387Z 46ba36f6cd0871ae469cdb4ce9c04f32b479f0f5
2026-10-07T21:07:47.6758168Z ##[group]Run actions/setup-java@v6
2026-10-07T21:07:47.6758460Z with:
2026-10-07T21:07:47.6758676Z   distribution: temurin
2026-10-07T21:07:47.6758910Z   java-version: 17
2026-10-07T21:07:47.6759128Z   java-package: jdk
2026-10-07T21:07:47.6759350Z   check-latest: false
2026-10-07T21:07:47.6759569Z   force-download: false
2026-10-07T21:07:47.6759799Z   set-default: true
2026-10-07T21:07:47.6760007Z   server-id: github
2026-10-07T21:07:47.6760246Z   mvn-repositories-include-central: true
2026-10-07T21:07:47.6760581Z   mvn-repositories-prioritize-central: true
2026-10-07T21:07:47.6760889Z   overwrite-settings: true
2026-10-07T21:07:47.6761137Z   cache-read-only: false
2026-10-07T21:07:47.6761368Z   job-status: success
2026-10-07T21:07:47.6764240Z   token: ***
2026-10-07T21:07:47.6764477Z   show-download-progress: false
2026-10-07T21:07:47.6764804Z   problem-matcher: true
2026-10-07T21:07:47.6765075Z ##[endgroup]
2026-10-07T21:07:47.7519483Z ##[group]Installed distributions
2026-10-07T21:07:47.7681434Z Resolved Java 17.0.20+1 from tool-cache
2026-10-07T21:07:47.7681892Z Setting Java 17.0.20+1 as the default
2026-10-07T21:07:47.7689924Z 
2026-10-07T21:07:47.7690232Z Java configuration:
2026-10-07T21:07:47.7690596Z   Distribution: temurin
2026-10-07T21:07:47.7690933Z   Version: 17.0.20+1
2026-10-07T21:07:47.7691417Z   Path: /opt/hostedtoolcache/Java_Temurin-Hotspot_jdk/17.0.20-1/x64
2026-10-07T21:07:47.7691813Z 
2026-10-07T21:07:47.7692132Z ##[endgroup]
2026-10-07T21:07:47.7725885Z Creating settings.xml with server-id: github
2026-10-07T21:07:47.7731019Z Creating toolchains.xml for JDK version 17 from temurin
2026-10-07T21:07:47.7731564Z Writing to /home/runner/.m2/settings.xml
2026-10-07T21:07:47.7734063Z Writing to /home/runner/.m2/toolchains.xml
2026-10-07T21:07:47.7743560Z Configured MAVEN_ARGS to include -ntp to suppress Maven transfer progress logs. Set 'show-download-progress: true' to keep the download progress output.
2026-10-07T21:07:47.7956682Z ##[group]Run android-actions/setup-android@v4
2026-10-07T21:07:47.7957021Z with:
2026-10-07T21:07:47.7957246Z   packages: platform-tools
2026-10-07T21:07:47.7957513Z   cmdline-tools-version: 15859902
2026-10-07T21:07:47.7957797Z   accept-android-sdk-licenses: true
2026-10-07T21:07:47.7958097Z   log-accepted-android-sdk-licenses: true
2026-10-07T21:07:47.7958375Z env:
2026-10-07T21:07:47.7958674Z   JAVA_HOME: /opt/hostedtoolcache/Java_Temurin-Hotspot_jdk/17.0.20-1/x64
2026-10-07T21:07:47.7959158Z   JAVA_HOME_17_X64: /opt/hostedtoolcache/Java_Temurin-Hotspot_jdk/17.0.20-1/x64
2026-10-07T21:07:47.7959572Z   MAVEN_ARGS: -ntp
2026-10-07T21:07:47.7959796Z ##[endgroup]
2026-10-07T21:07:47.9044295Z Found preinstalled sdkmanager in /usr/local/lib/android/sdk/cmdline-tools/latest with following source.properties:
2026-10-07T21:07:47.9045294Z Pkg.Revision=12.0
2026-10-07T21:07:47.9045697Z Pkg.Path=cmdline-tools;12.0
2026-10-07T21:07:47.9046519Z Pkg.Desc=Android SDK Command-line Tools
2026-10-07T21:07:47.9046801Z 
2026-10-07T21:07:47.9046937Z Wrong version in preinstalled sdkmanager
2026-10-07T21:07:47.9047566Z Downloading commandline tools from https://dl.google.com/android/repository/commandlinetools-linux-15859902_latest.zip
2026-10-07T21:07:50.5532906Z [command]/usr/bin/unzip -o -q /home/runner/work/_temp/8c24aa2f-5031-47da-a734-6ccb11d71bca
2026-10-07T21:07:51.4904685Z Accepting Android SDK licenses
2026-10-07T21:07:51.4908770Z [command]/usr/local/lib/android/sdk/cmdline-tools/22.0/bin/sdkmanager --licenses
2026-10-07T21:07:53.2115584Z WARNING: The SDK Manager CLI tool (sdkmanager) is deprecated. Use Android CLI instead.
2026-10-07T21:07:53.2117351Z The 'android' binary can also be found in the cmdline-tools directory, and 'android sdk' is the replacement for 'sdkmanager'.
2026-10-07T21:07:53.2118748Z To learn more about the Android CLI and how to use it, see the documentation (https://d.android.com/tools/agents/android-cli)
2026-10-07T21:07:53.2119615Z 
2026-10-07T21:07:56.0087644Z Loading local repository...                                                     
2026-10-07T21:07:56.0096806Z [=========                              ] 25% Loading local repository...       
2026-10-07T21:07:57.4717337Z [=========                              ] 25% Fetch remote repository...        
2026-10-07T21:07:57.8637940Z [==========                             ] 26% Fetch remote repository...        
2026-10-07T21:07:57.8639041Z [============                           ] 31% Fetch remote repository...        
2026-10-07T21:07:57.8981234Z [============                           ] 32% Fetch remote repository...        
2026-10-07T21:07:57.9023378Z [=============                          ] 33% Fetch remote repository...        
2026-10-07T21:07:57.9904749Z [=============                          ] 35% Fetch remote repository...        
2026-10-07T21:07:57.9911484Z [==============                         ] 36% Fetch remote repository...        
2026-10-07T21:07:58.0047411Z [==============                         ] 37% Fetch remote repository...        
2026-10-07T21:07:58.0048447Z [===============                        ] 38% Fetch remote repository...        
2026-10-07T21:07:58.0173014Z [===============                        ] 39% Fetch remote repository...        
2026-10-07T21:07:58.0198101Z [================                       ] 40% Fetch remote repository...        
2026-10-07T21:07:58.0310056Z [================                       ] 41% Fetch remote repository...        
2026-10-07T21:07:58.0337148Z [================                       ] 42% Fetch remote repository...        
2026-10-07T21:07:58.0429720Z [=================                      ] 44% Fetch remote repository...        
2026-10-07T21:07:58.0433250Z [=================                      ] 45% Fetch remote repository...        
2026-10-07T21:07:58.0624452Z [==================                     ] 46% Fetch remote repository...        
2026-10-07T21:07:58.0626380Z [==================                     ] 47% Fetch remote repository...        
2026-10-07T21:07:58.0764189Z [===================                    ] 48% Fetch remote repository...        
2026-10-07T21:07:58.0767553Z [===================                    ] 49% Fetch remote repository...        
2026-10-07T21:07:58.0898155Z [====================                   ] 50% Fetch remote repository...        
2026-10-07T21:07:58.0908851Z [====================                   ] 51% Fetch remote repository...        
2026-10-07T21:07:58.1038834Z [====================                   ] 53% Fetch remote repository...        
2026-10-07T21:07:58.1066976Z [=====================                  ] 54% Fetch remote repository...        
2026-10-07T21:07:58.1147250Z [=====================                  ] 55% Fetch remote repository...        
2026-10-07T21:07:58.1148272Z [======================                 ] 56% Fetch remote repository...        
2026-10-07T21:07:58.1260622Z [======================                 ] 57% Fetch remote repository...        
2026-10-07T21:07:58.1265457Z [=======================                ] 58% Fetch remote repository...        
2026-10-07T21:07:58.1389770Z [=======================                ] 59% Fetch remote repository...        
2026-10-07T21:07:58.1392919Z [========================               ] 60% Fetch remote repository...        
2026-10-07T21:07:58.1489947Z [========================               ] 61% Fetch remote repository...        
2026-10-07T21:07:58.1495783Z [=========================              ] 63% Fetch remote repository...        
2026-10-07T21:07:58.1610664Z [=========================              ] 64% Fetch remote repository...        
2026-10-07T21:07:58.1612321Z [=========================              ] 65% Fetch remote repository...        
2026-10-07T21:07:58.1732784Z [==========================             ] 66% Fetch remote repository...        
2026-10-07T21:07:58.1734315Z [==========================             ] 67% Fetch remote repository...        
2026-10-07T21:07:58.1982588Z [===========================            ] 68% Fetch remote repository...        
2026-10-07T21:07:58.1984587Z [===========================            ] 69% Fetch remote repository...        
2026-10-07T21:07:58.2201308Z [============================           ] 70% Fetch remote repository...        
2026-10-07T21:07:58.2202405Z [============================           ] 72% Fetch remote repository...        
2026-10-07T21:07:58.2645879Z [=============================          ] 73% Fetch remote repository...        
2026-10-07T21:07:58.2647321Z [=============================          ] 74% Fetch remote repository...        
2026-10-07T21:07:58.2741609Z [=============================          ] 75% Fetch remote repository...        
2026-10-07T21:07:58.2868895Z [=============================          ] 75% Computing updates...              
2026-10-07T21:07:58.2897533Z [=======================================] 100% Computing updates...             
2026-10-07T21:07:58.3337291Z 6 of 7 SDK package licenses not accepted.
2026-10-07T21:07:58.3354693Z Review licenses that have not been accepted (y/N)? 
2026-10-07T21:07:58.3398937Z 1/6: License android-googletv-license:
2026-10-07T21:07:58.3399887Z ---------------------------------------
2026-10-07T21:07:58.3429287Z Terms and Conditions
2026-10-07T21:07:58.3457998Z 
2026-10-07T21:07:58.3481835Z This is the Google TV Add-on for the Android Software Development Kit License Agreement.
2026-10-07T21:07:58.3482524Z 
2026-10-07T21:07:58.3482786Z 1. Introduction
2026-10-07T21:07:58.3483081Z 
2026-10-07T21:07:58.3484530Z 1.1 The Google TV Add-on for the Android Software Development Kit (referred to in this License Agreement as the "Google TV Add-on" and specifically including the Android system files, packaged APIs, and Google APIs add-ons) is licensed to you subject to the terms of this License Agreement. This License Agreement forms a legally binding contract between you and Google in relation to your use of the Google TV Add-on.
2026-10-07T21:07:58.3486554Z 
2026-10-07T21:07:58.3487581Z 1.2 "Google" means Google Inc., a Delaware corporation with principal place of business at 1600 Amphitheatre Parkway, Mountain View, CA 94043, United States.
2026-10-07T21:07:58.3488525Z 
2026-10-07T21:07:58.3488695Z 2. Accepting this License Agreement
2026-10-07T21:07:58.3488978Z 
2026-10-07T21:07:58.3489719Z 2.1 In order to use the Google TV Add-on, you must first agree to this License Agreement. You may not use the Google TV Add-on if you do not accept this License Agreement.
2026-10-07T21:07:58.3490494Z 
2026-10-07T21:07:58.3490672Z 2.2 You can accept this License Agreement by:
2026-10-07T21:07:58.3490957Z 
2026-10-07T21:07:58.3491421Z (A) clicking to accept or agree to this License Agreement, where this option is made available to you; or
2026-10-07T21:07:58.3491989Z 
2026-10-07T21:07:58.3492768Z (B) by actually using the Google TV Add-on. In this case, you agree that use of the Google TV Add-on constitutes acceptance of the License Agreement from that point onwards.
2026-10-07T21:07:58.3494004Z 
2026-10-07T21:07:58.3495354Z 2.3 You may not use the Google TV Add-on and may not accept the Licensing Agreement if you are a person barred from receiving the Google TV Add-on under the laws of the United States or other countries including the country in which you are resident or from which you use the Google TV Add-on.
2026-10-07T21:07:58.3497072Z 
2026-10-07T21:07:58.3498939Z 2.4 If you are agreeing to be bound by this License Agreement on behalf of your employer or other entity, you represent and warrant that you have full legal authority to bind your employer or such entity to this License Agreement. If you do not have the requisite authority, you may not accept the Licensing Agreement or use the Google TV Add-on on behalf of your employer or other entity.
2026-10-07T21:07:58.3500806Z 
2026-10-07T21:07:58.3501005Z 3. Google TV Add-on License from Google
2026-10-07T21:07:58.3501309Z 
2026-10-07T21:07:58.3502499Z 3.1 Subject to the terms of this License Agreement, Google grants you a limited, worldwide, royalty-free, non- assignable and non-exclusive license to use the Google TV Add-on solely to develop applications to run on the Google TV platform.
2026-10-07T21:07:58.3503829Z 
2026-10-07T21:07:58.3505840Z 3.2 You agree that Google or third parties own all legal right, title and interest in and to the Google TV Add-on, including any Intellectual Property Rights that subsist in the Google TV Add-on. "Intellectual Property Rights" means any and all rights under patent law, copyright law, trade secret law, trademark law, and any and all other proprietary rights. Google reserves all rights not expressly granted to you.
2026-10-07T21:07:58.3507986Z 
2026-10-07T21:07:58.3510985Z 3.3 Except to the extent required by applicable third party licenses, you may not copy (except for backup purposes), modify, adapt, redistribute, decompile, reverse engineer, disassemble, or create derivative works of the Google TV Add-on or any part of the Google TV Add-on. Except to the extent required by applicable third party licenses, you may not load any part of the Google TV Add-on onto a mobile handset, television, or any other hardware device except a personal computer, combine any part of the Google TV Add-on with other software, or distribute any software or device incorporating a part of the Google TV Add-on.
2026-10-07T21:07:58.3514361Z 
2026-10-07T21:07:58.3515562Z 3.4 Use, reproduction and distribution of components of the Google TV Add-on licensed under an open source software license are governed solely by the terms of that open source software license and not this License Agreement.
2026-10-07T21:07:58.3517275Z 
2026-10-07T21:07:58.3520178Z 3.5 You agree that the form and nature of the Google TV Add-on that Google provides may change without prior notice to you and that future versions of the Google TV Add-on may be incompatible with applications developed on previous versions of the Google TV Add-on. You agree that Google may stop (permanently or temporarily) providing the Google TV Add-on (or any features within the Google TV Add-on) to you or to users generally at Google's sole discretion, without prior notice to you.
2026-10-07T21:07:58.3521807Z 
2026-10-07T21:07:58.3523129Z 3.6 Nothing in this License Agreement gives you a right to use any of Google's or it’s licensors’ trade names, trademarks, service marks, logos, domain names, or other distinctive brand features.
2026-10-07T21:07:58.3523814Z 
2026-10-07T21:07:58.3524417Z 3.7 You agree that you will not remove, obscure, or alter any proprietary rights notices (including copyright and trademark notices) that may be affixed to or contained within the Google TV Add-on.
2026-10-07T21:07:58.3525074Z 
2026-10-07T21:07:58.3525191Z 4. Use of the Google TV Add-on by You
2026-10-07T21:07:58.3525378Z 
2026-10-07T21:07:58.3526606Z 4.1 Google agrees that it obtains no right, title or interest from you (or your licensors) under this License Agreement in or to any software applications that you develop using the Google TV Add-on, including any intellectual property rights that subsist in those applications.
2026-10-07T21:07:58.3527984Z 
2026-10-07T21:07:58.3529110Z 4.2 You agree to use the Google TV Add-on and write applications only for purposes that are permitted by (a) this License Agreement and (b) any applicable law, regulation or generally accepted practices or guidelines in the relevant jurisdictions (including any laws regarding the export of data or software to and from the United States or other relevant countries).
2026-10-07T21:07:58.3530254Z 
2026-10-07T21:07:58.3532684Z 4.3 You agree that if you use the Google TV Add-on to develop applications for general public users, you will protect the privacy and legal rights of those users. If the users provide you with user names, passwords, or other login information or personal information, your must make the users aware that the information will be available to your application, and you must provide legally adequate privacy notice and protection for those users. If your application stores personal or sensitive information provided by users, it must do so securely. If the user provides your application with Google Account information, your application may only use that information to access the user's Google Account when, and for the limited purposes for which, the user has given you explicit permission to do so.
2026-10-07T21:07:58.3535116Z 
2026-10-07T21:07:58.3537091Z 4.4 You agree that you will not engage in any activity with the Google TV Add-on, including the development or distribution of an application, that interferes with, disrupts, damages, or accesses in an unauthorized manner the servers, networks, or other properties or services of any third party including, but not limited to, Google, Multichannel Video Program Distributors or any mobile communications carrier.
2026-10-07T21:07:58.3540096Z 
2026-10-07T21:07:58.3541451Z 4.5 You agree that you are solely responsible for (and that Google has no responsibility to you or to any third party for) any data, content, or resources that you create, transmit or display through the Google TV platform and/or applications for the Google TV platform, and for the consequences of your actions (including any loss or damage which Google may suffer) by doing so.
2026-10-07T21:07:58.3542659Z 
2026-10-07T21:07:58.3543830Z 4.6 You agree that you are solely responsible for (and that Google has no responsibility to you or to any third party for) any breach of your obligations under this License Agreement, any applicable third party contract or Terms of Service, or any applicable law or regulation, and for the consequences (including any loss or damage which Google or any third party may suffer) of any such breach.
2026-10-07T21:07:58.3545035Z 
2026-10-07T21:07:58.3545152Z 5. Your Developer Credentials
2026-10-07T21:07:58.3545321Z 
2026-10-07T21:07:58.3546507Z 5.1 You agree that you are responsible for maintaining the confidentiality of any developer credentials that may be issued to you by Google or which you may choose yourself and that you will be solely responsible for all applications that are developed under your developer credentials.
2026-10-07T21:07:58.3547469Z 
2026-10-07T21:07:58.3547589Z 6. Privacy and Information
2026-10-07T21:07:58.3547749Z 
2026-10-07T21:07:58.3549314Z 6.1 In order to continually innovate and improve the Google TV Add-on, Google may collect certain usage statistics from the software including but not limited to a unique identifier, associated IP address, version number of the software, and information on which tools and/or services in the Google TV Add-on are being used and how they are being used. Before any of this information is collected, the Google TV Add-on will notify you and seek your consent. If you withhold consent, the information will not be collected.
2026-10-07T21:07:58.3550897Z 
2026-10-07T21:07:58.3551305Z 6.2 The data collected is examined in the aggregate to improve the Google TV Add-on and is maintained in accordance with Google's Privacy Policy.
2026-10-07T21:07:58.3551796Z 
2026-10-07T21:07:58.3552077Z 7. Third Party Applications for the Google TV Platform
2026-10-07T21:07:58.3552310Z 
2026-10-07T21:07:58.3554120Z 7.1 If you use the Google TV Add-on to run applications developed by a third party or that access data, content or resources provided by a third party, you agree that Google is not responsible for those applications, data, content, or resources. You understand that all data, content or resources which you may access through such third party applications are the sole responsibility of the person from which they originated and that Google is not liable for any loss or damage that you may experience as a result of the use or access of any of those third party applications, data, content, or resources.
2026-10-07T21:07:58.3556111Z 
2026-10-07T21:07:58.3557662Z 7.2 You should be aware the data, content, and resources presented to you through such a third party application may be protected by intellectual property rights which are owned by the providers (or by other persons or companies on their behalf). You may not modify, rent, lease, loan, sell, distribute or create derivative works based on these data, content, or resources (either in whole or in part) unless you have been specifically given permission to do so by the relevant owners.
2026-10-07T21:07:58.3559173Z 
2026-10-07T21:07:58.3559975Z 7.3 You acknowledge that your use of such third party applications, data, content, or resources may be subject to separate terms between you and the relevant third party. In that case, this License Agreement does not affect your legal relationship with these third parties.
2026-10-07T21:07:58.3560836Z 
2026-10-07T21:07:58.3560946Z 8. Using Google TV APIs
2026-10-07T21:07:58.3561094Z 
2026-10-07T21:07:58.3563752Z 8.1 If you use any Google TV API to retrieve data from Google, you acknowledge that the data (“Google TV API Content”) may be protected by intellectual property rights which are owned by Google or those parties that provide the data (or by other persons or companies on their behalf). Your use of any such API may be subject to additional Terms of Service. You may not modify, rent, lease, loan, sell, distribute or create derivative works based on this data (either in whole or in part) unless allowed by the relevant Terms of Service. Some portions of the Google TV API Content are licensed to Google by third parties, including but not limited to Tribune Media Services
2026-10-07T21:07:58.3565797Z 
2026-10-07T21:07:58.3566727Z 8.2 If you use any API to retrieve a user's data from Google, you acknowledge and agree that you shall retrieve data only with the user's explicit consent and only when, and for the limited purposes for which, the user has given you permission to do so.
2026-10-07T21:07:58.3567524Z 
2026-10-07T21:07:58.3567802Z 8.3 Except as explicitly permitted in Section 3 (Google TV Add-on License from Google), you must:
2026-10-07T21:07:58.3568167Z 
2026-10-07T21:07:58.3568698Z (a) not modify nor format the Google TV API Content except to the extent reasonably and technically necessary to optimize the display such Google TV API Content in your application;
2026-10-07T21:07:58.3569312Z 
2026-10-07T21:07:58.3570053Z (b) not edit the Google TV API Content in a manner that renders the Google TV API Content inaccurate of alters its inherent meaning (provided that displaying excerpts will not violate the foregoing); or
2026-10-07T21:07:58.3570719Z 
2026-10-07T21:07:58.3571000Z (c) not create any commercial audience measurement tool or service using the Google TV API Content
2026-10-07T21:07:58.3571359Z 
2026-10-07T21:07:58.3571474Z 9. Terminating this License Agreement
2026-10-07T21:07:58.3571659Z 
2026-10-07T21:07:58.3571966Z 9.1 This License Agreement will continue to apply until terminated by either you or Google as set out below.
2026-10-07T21:07:58.3572356Z 
2026-10-07T21:07:58.3572763Z 9.2 If you want to terminate this License Agreement, you may do so by ceasing your use of the Google TV Add-on and any relevant developer credentials.
2026-10-07T21:07:58.3573251Z 
2026-10-07T21:07:58.3573442Z 9.3 Google may at any time, terminate this License Agreement with you if:
2026-10-07T21:07:58.3573842Z 
2026-10-07T21:07:58.3574022Z (A) you have breached any provision of this License Agreement; or
2026-10-07T21:07:58.3574268Z 
2026-10-07T21:07:58.3574388Z (B) Google is required to do so by law; or
2026-10-07T21:07:58.3574579Z 
2026-10-07T21:07:58.3575172Z (C) the partner with whom Google offered certain parts of Google TV Add-on (such as APIs) to you has terminated its relationship with Google or ceased to offer certain parts of the Google TV Add-on to you; or
2026-10-07T21:07:58.3575844Z 
2026-10-07T21:07:58.3577016Z (D) Google decides to no longer providing the Google TV Add-on or certain parts of the Google TV Add-on to users in the country in which you are resident or from which you use the service, or the provision of the Google TV Add-on or certain Google TV Add-on services to you by Google is, in Google's sole discretion, no longer commercially viable.
2026-10-07T21:07:58.3578070Z 
2026-10-07T21:07:58.3579417Z 9.4 When this License Agreement comes to an end, all of the legal rights, obligations and liabilities that you and Google have benefited from, been subject to (or which have accrued over time whilst this License Agreement has been in force) or which are expressed to continue indefinitely, shall be unaffected by this cessation, and the provisions of paragraph 14.7 shall continue to apply to such rights, obligations and liabilities indefinitely.
2026-10-07T21:07:58.3580804Z 
2026-10-07T21:07:58.3580908Z 10. DISCLAIMER OF WARRANTIES
2026-10-07T21:07:58.3581071Z 
2026-10-07T21:07:58.3581654Z 10.1 YOU EXPRESSLY UNDERSTAND AND AGREE THAT YOUR USE OF THE GOOGLE TV ADD-ON IS AT YOUR SOLE RISK AND THAT THE GOOGLE TV ADD-ON IS PROVIDED "AS IS" AND "AS AVAILABLE" WITHOUT WARRANTY OF ANY KIND FROM GOOGLE.
2026-10-07T21:07:58.3582293Z 
2026-10-07T21:07:58.3583133Z 10.2 YOUR USE OF THE GOOGLE TV ADD-ON AND ANY MATERIAL DOWNLOADED OR OTHERWISE OBTAINED THROUGH THE USE OF THE GOOGLE TV ADD-ON IS AT YOUR OWN DISCRETION AND RISK AND YOU ARE SOLELY RESPONSIBLE FOR ANY DAMAGE TO YOUR COMPUTER SYSTEM OR OTHER DEVICE OR LOSS OF DATA THAT RESULTS FROM SUCH USE.
2026-10-07T21:07:58.3584036Z 
2026-10-07T21:07:58.3584832Z 10.3 GOOGLE FURTHER EXPRESSLY DISCLAIMS ALL WARRANTIES AND CONDITIONS OF ANY KIND, WHETHER EXPRESS OR IMPLIED, INCLUDING, BUT NOT LIMITED TO THE IMPLIED WARRANTIES AND CONDITIONS OF MERCHANTABILITY, FITNESS FOR A PARTICULAR PURPOSE AND NON-INFRINGEMENT.
2026-10-07T21:07:58.3585695Z 
2026-10-07T21:07:58.3585797Z 11. LIMITATION OF LIABILITY
2026-10-07T21:07:58.3586133Z 
2026-10-07T21:07:58.3587513Z 11.1 YOU EXPRESSLY UNDERSTAND AND AGREE THAT GOOGLE, ITS SUBSIDIARIES AND AFFILIATES, AND ITS LICENSORS SHALL NOT BE LIABLE TO YOU UNDER ANY THEORY OF LIABILITY FOR ANY DIRECT, INDIRECT, INCIDENTAL, SPECIAL CONSEQUENTIAL OR EXEMPLARY DAMAGES THAT MAY BE INCURRED BY YOU, INCLUDING ANY LOSS OF DATA, WHETHER OR NOT GOOGLE OR ITS REPRESENTATIVES HAVE BEEN ADVISED OF OR SHOULD HAVE BEEN AWARE OF THE POSSIBILITY OF ANY SUCH LOSSES ARISING.
2026-10-07T21:07:58.3588918Z 
2026-10-07T21:07:58.3589014Z 12. Indemnification
2026-10-07T21:07:58.3589307Z 
2026-10-07T21:07:58.3591606Z 12.1 To the maximum extent permitted by law, you agree to defend, indemnify and hold harmless Google, its affiliates and their respective directors, officers, employees and agents from and against any and all claims, actions, suits or proceedings, as well as any and all losses, liabilities, damages, costs and expenses (including reasonable attorneys fees) arising out of or accruing from (a) your use of the Google TV Add-on, (b) any application you develop on the Google TV Add-on that infringes any copyright, trademark, trade secret, trade dress, patent or other intellectual property right of any person or defames any person or violates their rights of publicity or privacy, and (c) any non-compliance by you with this License Agreement.
2026-10-07T21:07:58.3593982Z 
2026-10-07T21:07:58.3594100Z 13. Changes to the License Agreement
2026-10-07T21:07:58.3594279Z 
2026-10-07T21:07:58.3594717Z 13.1 Google may make changes to the License Agreement as it distributes new versions of the Google TV Add-on.
2026-10-07T21:07:58.3595115Z 
2026-10-07T21:07:58.3595208Z 14. General Legal Terms
2026-10-07T21:07:58.3595356Z 
2026-10-07T21:07:58.3596515Z 14.1 This License Agreement constitute the whole legal agreement between you and Google and govern your use of the Google TV Add-on (excluding any services which Google may provide to you under a separate written agreement), and completely replace any prior agreements between you and Google in relation to the Google TV Add-on.
2026-10-07T21:07:58.3597582Z 
2026-10-07T21:07:58.3598534Z 14.2 You agree that if Google does not exercise or enforce any legal right or remedy which is contained in this License Agreement (or which Google has the benefit of under any applicable law), this will not be taken to be a formal waiver of Google's rights and that those rights or remedies will still be available to Google.
2026-10-07T21:07:58.3599535Z 
2026-10-07T21:07:58.3600575Z 14.3 If any court of law, having the jurisdiction to decide on this matter, rules that any provision of this License Agreement is invalid, then that provision will be removed from this License Agreement without affecting the rest of this License Agreement. The remaining provisions of this License Agreement will continue to be valid and enforceable.
2026-10-07T21:07:58.3601695Z 
2026-10-07T21:07:58.3603493Z 14.4 You acknowledge and agree that Google’s API data licensors and each member of the group of companies of which Google is the parent shall be third party beneficiaries to this License Agreement and that such other companies shall be entitled to directly enforce, and rely upon, any provision of this License Agreement that confers a benefit on (or rights in favor of) them. Other than this, no other person or company shall be third party beneficiaries to this License Agreement.
2026-10-07T21:07:58.3605014Z 
2026-10-07T21:07:58.3605899Z 14.5 EXPORT RESTRICTIONS. THE GOOGLE TV ADD-ON IS SUBJECT TO UNITED STATES EXPORT LAWS AND REGULATIONS. YOU MUST COMPLY WITH ALL DOMESTIC AND INTERNATIONAL EXPORT LAWS AND REGULATIONS THAT APPLY TO THE GOOGLE TV ADD-ON. THESE LAWS INCLUDE RESTRICTIONS ON DESTINATIONS, END USERS AND END USE.
2026-10-07T21:07:58.3607112Z 
2026-10-07T21:07:58.3608151Z 14.6 The rights granted in this License Agreement may not be assigned or transferred by either you or Google without the prior written approval of the other party. Neither you nor Google shall be permitted to delegate their responsibilities or obligations under this License Agreement without the prior written approval of the other party.
2026-10-07T21:07:58.3609247Z 
2026-10-07T21:07:58.3611204Z 14.7 This License Agreement, and your relationship with Google under this License Agreement, shall be governed by the laws of the State of California without regard to its conflict of laws provisions. You and Google agree to submit to the exclusive jurisdiction of the courts located within the county of Santa Clara, California to resolve any legal matter arising from this License Agreement. Notwithstanding this, you agree that Google shall still be allowed to apply for injunctive remedies (or an equivalent type of urgent legal relief) in any jurisdiction.
2026-10-07T21:07:58.3613015Z 
2026-10-07T21:07:58.3613020Z 
2026-10-07T21:07:58.3613112Z August 15, 2011
2026-10-07T21:07:58.3613336Z ---------------------------------------
2026-10-07T21:07:58.3613625Z Accept? (y/N): 
2026-10-07T21:07:58.3613868Z 2/6: License android-googlexr-license:
2026-10-07T21:07:58.3614152Z ---------------------------------------
2026-10-07T21:07:58.3615128Z To get started with the Android XR Emulator System Image SDK, you must agree to the following terms and conditions. As described below, please note that this is a preview, emulated version of the Android XR OS, subject to change, that you use at your own risk.
2026-10-07T21:07:58.3616160Z 
2026-10-07T21:07:58.3616372Z This is the Android XR Emulator System Image SDK License Agreement
2026-10-07T21:07:58.3616766Z 
2026-10-07T21:07:58.3616855Z 1. Introduction
2026-10-07T21:07:58.3616976Z 
2026-10-07T21:07:58.3618336Z 1.1 The Android Android XR Emulator System Image SDK (referred to in the License Agreement as the "SDK" and specifically including the Android system files,, packaged APIs, library files (if and when they are made available), and Google applications and APIs add-ons) is licensed to you subject to the terms of the License Agreement. The License Agreement forms a legally binding contract between you and Google in relation to your use of the SDK.
2026-10-07T21:07:58.3619713Z 
2026-10-07T21:07:58.3620364Z 1.2 "Android" means the Android software stack for devices, as made available under the Android Open Source Project, which is located at the following URL: https://source.android.com/, as updated from time to time.
2026-10-07T21:07:58.3621073Z 
2026-10-07T21:07:58.3621697Z 1.3 "Google" means Google LLC, organized under the laws of the State of Delaware, USA, and operating under the laws of the USA with principal place of business at 1600 Amphitheatre Parkway, Mountain View, CA 94043, USA.
2026-10-07T21:07:58.3622391Z 
2026-10-07T21:07:58.3622505Z 2. Accepting this License Agreement
2026-10-07T21:07:58.3622675Z 
2026-10-07T21:07:58.3623067Z 2.1 In order to use the SDK, you must first agree to the License Agreement. You may not use the SDK if you do not accept the License Agreement.
2026-10-07T21:07:58.3623531Z 
2026-10-07T21:07:58.3623815Z 2.2 By clicking to accept and/or using this SDK, you hereby agree to the terms of the License Agreement.
2026-10-07T21:07:58.3624178Z 
2026-10-07T21:07:58.3624895Z 2.3 You may not use the SDK and may not accept the License Agreement if you are a person barred from receiving the SDK under the laws of the United States or other countries, including the country in which you are resident or from which you use the SDK.
2026-10-07T21:07:58.3625684Z 
2026-10-07T21:07:58.3626916Z 2.4 If you are agreeing to be bound by the License Agreement on behalf of your employer or other entity, you represent and warrant that you have full legal authority to bind your employer or such entity to the License Agreement. If you do not have the requisite authority, you may not accept the License Agreement or use the SDK on behalf of your employer or other entity.
2026-10-07T21:07:58.3628062Z 
2026-10-07T21:07:58.3628172Z 3. SDK License from Google
2026-10-07T21:07:58.3628330Z 
2026-10-07T21:07:58.3629030Z 3.1 Subject to the terms of the License Agreement, Google grants you a limited, worldwide, royalty-free, non-assignable, non-exclusive, and non-sublicensable license to use the SDK solely to develop applications for Android XR.
2026-10-07T21:07:58.3629793Z 
2026-10-07T21:07:58.3630432Z 3.2 You may not use this SDK to develop applications for other platforms or to develop another SDK. You are of course free to develop applications for other platforms provided that this SDK is not used for that purpose.
2026-10-07T21:07:58.3631139Z 
2026-10-07T21:07:58.3632440Z 3.3 You agree that Google or third parties own all legal right, title and interest in and to the SDK, including any Intellectual Property Rights that subsist in the SDK. "Intellectual Property Rights" means any and all rights under patent law, copyright law, trade secret law, trademark law, and any and all other proprietary rights. Google reserves all rights not expressly granted to you.
2026-10-07T21:07:58.3633712Z 
2026-10-07T21:07:58.3635401Z 3.4 You may not use the SDK for any purpose not expressly permitted by the License Agreement. Except to the extent required by applicable third party licenses, you may not (a) copy (except for backup purposes), modify, adapt, redistribute, decompile, reverse engineer, disassemble, or create derivative works of the SDK or any part of the SDK; or (b) load any part of the SDK onto a mobile handset or any other hardware device except a personal computer, combine any part of the SDK with other software, or distribute any software or device incorporating a part of the SDK.
2026-10-07T21:07:58.3637252Z 
2026-10-07T21:07:58.3638646Z 3.5 Use, reproduction and distribution of components of the SDK licensed under an open source software license are governed solely by the terms of that open source software license and not the License Agreement. You agree to remain a licensee in good standing in regard to such open source software licenses under all the rights granted and to refrain from any actions that may terminate, suspend, or breach such rights.
2026-10-07T21:07:58.3640591Z 
2026-10-07T21:07:58.3641860Z 3.6 You agree that the form and nature of the SDK that Google provides may change without prior notice to you and that future versions of the SDK may be incompatible with applications developed on previous versions of the SDK. You agree that Google may stop (permanently or temporarily) providing the SDK (or any features within the SDK) to you or to users generally at Google's sole discretion, without prior notice to you.
2026-10-07T21:07:58.3643168Z 
2026-10-07T21:07:58.3643680Z 3.7 Nothing in the License Agreement gives you a right to use any of Google's trade names, trademarks, service marks, logos, domain names, or other distinctive brand features.
2026-10-07T21:07:58.3644252Z 
2026-10-07T21:07:58.3644798Z 3.8 You agree that you will not remove, obscure, or alter any proprietary rights notices (including copyright and trademark notices) that may be affixed to or contained within the SDK.
2026-10-07T21:07:58.3645407Z 
2026-10-07T21:07:58.3645504Z 4. Use of the SDK by You
2026-10-07T21:07:58.3645655Z 
2026-10-07T21:07:58.3646711Z 4.1 Google agrees that it obtains no right, title or interest from you (or your licensors) under the License Agreement in or to any software applications that you develop using the SDK, including any intellectual property rights that subsist in those applications.
2026-10-07T21:07:58.3647577Z 
2026-10-07T21:07:58.3648644Z 4.2 You agree to use the SDK and write applications only for purposes that are permitted by (a) the License Agreement and (b) any applicable law, regulation or generally accepted practices or guidelines in the relevant jurisdictions (including any laws regarding the export of data or software to and from the United States or other relevant countries).
2026-10-07T21:07:58.3649751Z 
2026-10-07T21:07:58.3654956Z 4.3 You agree that if you use the SDK to develop applications for general public users, you will protect the privacy and legal rights of those users. If the users provide you with user names, passwords, or other login information or personal information, you must make the users aware that the information will be available to your application, and you must provide legally adequate privacy notice and protection for those users. If your application stores personal or sensitive information provided by users, it must do so securely. If the user provides your application with Google Account information, your application may only use that information to access the user's Google Account when, and for the limited purposes for which, the user has given you permission to do so.
2026-10-07T21:07:58.3657860Z 
2026-10-07T21:07:58.3659179Z 4.4 You agree that you will not engage in any activity with the SDK, including the development or distribution of an application, that interferes with, disrupts, damages, or accesses in an unauthorized manner the servers, networks, or other properties or services of any third party including, but not limited to, Google or any mobile communications carrier.
2026-10-07T21:07:58.3660334Z 
2026-10-07T21:07:58.3661394Z 4.5 You agree that you are solely responsible for (and that Google has no responsibility to you or to any third party for) any data, content, or resources that you create, transmit or display through Android and/or applications for Android, and for the consequences of your actions (including any loss or damage which Google may suffer) by doing so.
2026-10-07T21:07:58.3662475Z 
2026-10-07T21:07:58.3663637Z 4.6 You agree that you are solely responsible for (and that Google has no responsibility to you or to any third party for) any breach of your obligations under the License Agreement, any applicable third party contract or Terms of Service, or any applicable law or regulation, and for the consequences (including any loss or damage which Google or any third party may suffer) of any such breach.
2026-10-07T21:07:58.3664996Z 
2026-10-07T21:07:58.3665880Z 4.7 The SDK is in development, and your testing and feedback are an important part of the development process. By using the SDK, you acknowledge that implementation of some features are still under development and that you should not rely on the SDK having the full functionality of a stable release.
2026-10-07T21:07:58.3678002Z 
2026-10-07T21:07:58.3678192Z 5. Your Developer Credentials
2026-10-07T21:07:58.3678451Z 
2026-10-07T21:07:58.3679968Z 5.1 You agree that you are responsible for maintaining the confidentiality of any developer credentials that may be issued to you by Google or which you may choose yourself and that you will be solely responsible for all applications that are developed under your developer credentials.
2026-10-07T21:07:58.3681647Z 
2026-10-07T21:07:58.3681817Z 6. Privacy and Information
2026-10-07T21:07:58.3682070Z 
2026-10-07T21:07:58.3684624Z 6.1 In order to continually innovate and improve the SDK, Google may collect certain usage statistics from the software including but not limited to a unique identifier, associated IP address, version number of the software, and information on which tools and/or services in the SDK are being used and how they are being used. Before any of this information is collected, the SDK will notify you and seek your consent. If you withhold consent, the information will not be collected.
2026-10-07T21:07:58.3687871Z 
2026-10-07T21:07:58.3688961Z 6.2 The data collected is examined in the aggregate to improve the SDK and is maintained in accordance with Google's Privacy Policy, which is located at the following URL: https://policies.google.com/privacy
2026-10-07T21:07:58.3690177Z 
2026-10-07T21:07:58.3690640Z 6.3 Anonymized and aggregated sets of the data may be shared with Google partners to improve the SDK.
2026-10-07T21:07:58.3691278Z 
2026-10-07T21:07:58.3691445Z 7. Third Party Applications
2026-10-07T21:07:58.3691701Z 
2026-10-07T21:07:58.3694848Z 7.1 If you use the SDK to run applications developed by a third party or that access data, content or resources provided by a third party, you agree that Google is not responsible for those applications, data, content, or resources. You understand that all data, content or resources which you may access through such third party applications are the sole responsibility of the person from which they originated and that Google is not liable for any loss or damage that you may experience as a result of the use or access of any of those third party applications, data, content, or resources.
2026-10-07T21:07:58.3698266Z 
2026-10-07T21:07:58.3701089Z 7.2 You should be aware that the data, content, and resources presented to you through such a third party application may be protected by intellectual property rights which are owned by the providers (or by other persons or companies on their behalf). You may not modify, rent, lease, loan, sell, distribute or create derivative works based on these data, content, or resources (either in whole or in part) unless you have been specifically given permission to do so by the relevant owners.
2026-10-07T21:07:58.3703812Z 
2026-10-07T21:07:58.3705223Z 7.3 You acknowledge that your use of such third party applications, data, content, or resources may be subject to separate terms between you and the relevant third party. In that case, the License Agreement does not affect your legal relationship with these third parties.
2026-10-07T21:07:58.3706904Z 
2026-10-07T21:07:58.3707057Z 8. Using Android APIs
2026-10-07T21:07:58.3707277Z 
2026-10-07T21:07:58.3707420Z 8.1 Google Data APIs
2026-10-07T21:07:58.3707635Z 
2026-10-07T21:07:58.3710211Z 8.1.1 If you use any API to retrieve data from Google, you acknowledge that the data may be protected by intellectual property rights which are owned by Google or those parties that provide the data (or by other persons or companies on their behalf). Your use of any such API may be subject to additional Terms of Service. You may not modify, rent, lease, loan, sell, distribute or create derivative works based on this data (either in whole or in part) unless allowed by the relevant Terms of Service.
2026-10-07T21:07:58.3713073Z 
2026-10-07T21:07:58.3717499Z 8.1.2 If you use any API to retrieve a user's data from Google, you acknowledge and agree that you shall retrieve data only with the user's explicit consent and only when, and for the limited purposes for which, the user has given you permission to do so. If you use the Android Recognition Service API, documented at the following URL: https://developer.android.com/reference/android/speech/RecognitionService, as updated from time to time, you acknowledge that the use of the API is subject to the Data Processing Addendum for Products where Google is a Data Processor, which is located at the following URL: https://privacy.google.com/businesses/gdprprocessorterms/, as updated from time to time. By clicking to accept, you hereby agree to the terms of the Data Processing Addendum for Products where Google is a Data Processor.
2026-10-07T21:07:58.3721785Z 
2026-10-07T21:07:58.3721957Z 9. Terminating this License Agreement
2026-10-07T21:07:58.3722251Z 
2026-10-07T21:07:58.3722757Z 9.1 The License Agreement will continue to apply until terminated by either you or Google as set out below.
2026-10-07T21:07:58.3723410Z 
2026-10-07T21:07:58.3724034Z 9.2 If you want to terminate the License Agreement, you may do so by ceasing your use of the SDK and any relevant developer credentials.
2026-10-07T21:07:58.3724802Z 
2026-10-07T21:07:58.3728280Z 9.3 Google may at any time, terminate the License Agreement with you if: (A) you have breached any provision of the License Agreement; or (B) Google is required to do so by law; or (C) the partner with whom Google offered certain parts of SDK (such as APIs) to you has terminated its relationship with Google or ceased to offer certain parts of the SDK to you; or (D) Google decides to no longer provide the SDK or certain parts of the SDK to users in the country in which you are resident or from which you use the service, or the provision of the SDK or certain SDK services to you by Google is, in Google's sole discretion, no longer commercially viable.
2026-10-07T21:07:58.3731719Z 
2026-10-07T21:07:58.3734059Z 9.4 When the License Agreement comes to an end, all of the legal rights, obligations and liabilities that you and Google have benefited from, been subject to (or which have accrued over time whilst the License Agreement has been in force) or which are expressed to continue indefinitely, shall be unaffected by this cessation, and the provisions of paragraph 14.7 shall continue to apply to such rights, obligations and liabilities indefinitely.
2026-10-07T21:07:58.3736698Z 
2026-10-07T21:07:58.3736856Z 10. DISCLAIMER OF WARRANTIES
2026-10-07T21:07:58.3737258Z 
2026-10-07T21:07:58.3738316Z 10.1 YOU EXPRESSLY UNDERSTAND AND AGREE THAT YOUR USE OF THE SDK IS AT YOUR SOLE RISK AND THAT THE SDK IS PROVIDED "AS IS" AND "AS AVAILABLE" WITHOUT WARRANTY OF ANY KIND FROM GOOGLE.
2026-10-07T21:07:58.3739331Z 
2026-10-07T21:07:58.3740671Z 10.2 YOUR USE OF THE SDK AND ANY MATERIAL DOWNLOADED OR OTHERWISE OBTAINED THROUGH THE USE OF THE SDK IS AT YOUR OWN DISCRETION AND RISK AND YOU ARE SOLELY RESPONSIBLE FOR ANY DAMAGE TO YOUR COMPUTER SYSTEM OR OTHER DEVICE OR LOSS OF DATA THAT RESULTS FROM SUCH USE.
2026-10-07T21:07:58.3742149Z 
2026-10-07T21:07:58.3743483Z 10.3 GOOGLE FURTHER EXPRESSLY DISCLAIMS ALL WARRANTIES AND CONDITIONS OF ANY KIND, WHETHER EXPRESS OR IMPLIED, INCLUDING, BUT NOT LIMITED TO THE IMPLIED WARRANTIES AND CONDITIONS OF MERCHANTABILITY, FITNESS FOR A PARTICULAR PURPOSE AND NON-INFRINGEMENT.
2026-10-07T21:07:58.3744976Z 
2026-10-07T21:07:58.3745139Z 11. LIMITATION OF LIABILITY
2026-10-07T21:07:58.3745383Z 
2026-10-07T21:07:58.3747881Z 11.1 YOU EXPRESSLY UNDERSTAND AND AGREE THAT GOOGLE, ITS SUBSIDIARIES AND AFFILIATES, AND ITS LICENSORS SHALL NOT BE LIABLE TO YOU UNDER ANY THEORY OF LIABILITY FOR ANY DIRECT, INDIRECT, INCIDENTAL, SPECIAL, CONSEQUENTIAL OR EXEMPLARY DAMAGES THAT MAY BE INCURRED BY YOU, INCLUDING ANY LOSS OF DATA, WHETHER OR NOT GOOGLE OR ITS REPRESENTATIVES HAVE BEEN ADVISED OF OR SHOULD HAVE BEEN AWARE OF THE POSSIBILITY OF ANY SUCH LOSSES ARISING.
2026-10-07T21:07:58.3750519Z 
2026-10-07T21:07:58.3750659Z 12. Indemnification
2026-10-07T21:07:58.3750872Z 
2026-10-07T21:07:58.3754705Z 12.1 To the maximum extent permitted by law, you agree to defend, indemnify and hold harmless Google, its affiliates and their respective directors, officers, employees and agents from and against any and all claims, actions, suits or proceedings, as well as any and all losses, liabilities, damages, costs and expenses (including reasonable attorneys fees) arising out of or accruing from (a) your use of the SDK, (b) any application you develop on the SDK that infringes any copyright, trademark, trade secret, trade dress, patent or other intellectual property right of any person or defames any person or violates their rights of publicity or privacy, and (c) any non-compliance by you with the License Agreement.
2026-10-07T21:07:58.3758765Z 
2026-10-07T21:07:58.3758929Z 13. Changes to the License Agreement
2026-10-07T21:07:58.3759223Z 
2026-10-07T21:07:58.3760392Z 13.1 Google may make changes to the License Agreement as it distributes new versions of the SDK. When these changes are made, Google will make a new version of the License Agreement available on the website where the SDK is made available.
2026-10-07T21:07:58.3761707Z 
2026-10-07T21:07:58.3761858Z 14. General Legal Terms
2026-10-07T21:07:58.3762070Z 
2026-10-07T21:07:58.3763623Z 14.1 The License Agreement constitutes the whole legal agreement between you and Google and governs your use of the SDK (excluding any services which Google may provide to you under a separate written agreement), and completely replaces any prior agreements between you and Google in relation to the SDK.
2026-10-07T21:07:58.3765226Z 
2026-10-07T21:07:58.3766910Z 14.2 You agree that if Google does not exercise or enforce any legal right or remedy which is contained in the License Agreement (or which Google has the benefit of under any applicable law), this will not be taken to be a formal waiver of Google's rights and that those rights or remedies will still be available to Google.
2026-10-07T21:07:58.3768591Z 
2026-10-07T21:07:58.3770348Z 14.3 If any court of law, having the jurisdiction to decide on this matter, rules that any provision of the License Agreement is invalid, then that provision will be removed from the License Agreement without affecting the rest of the License Agreement. The remaining provisions of the License Agreement will continue to be valid and enforceable.
2026-10-07T21:07:58.3772318Z 
2026-10-07T21:07:58.3774839Z 14.4 You acknowledge and agree that each member of the group of companies of which Google is the parent shall be third party beneficiaries to the License Agreement and that such other companies shall be entitled to directly enforce, and rely upon, any provision of the License Agreement that confers a benefit on (or rights in favor of) them. Other than this, no other person or company shall be third party beneficiaries to the License Agreement.
2026-10-07T21:07:58.3777531Z 
2026-10-07T21:07:58.3778928Z 14.5 EXPORT RESTRICTIONS. THE SDK IS SUBJECT TO UNITED STATES EXPORT LAWS AND REGULATIONS. YOU MUST COMPLY WITH ALL DOMESTIC AND INTERNATIONAL EXPORT LAWS AND REGULATIONS THAT APPLY TO THE SDK. THESE LAWS INCLUDE RESTRICTIONS ON DESTINATIONS, END USERS AND END USE.
2026-10-07T21:07:58.3780480Z 
2026-10-07T21:07:58.3782295Z 14.6 The rights granted in the License Agreement may not be assigned or transferred by either you or Google without the prior written approval of the other party. Neither you nor Google shall be permitted to delegate their responsibilities or obligations under the License Agreement without the prior written approval of the other party.
2026-10-07T21:07:58.3784234Z 
2026-10-07T21:07:58.3787110Z 14.7 The License Agreement, and your relationship with Google under the License Agreement, shall be governed by the laws of the State of California without regard to its conflict of laws provisions. You and Google agree to submit to the exclusive jurisdiction of the courts located within the county of Santa Clara, California to resolve any legal matter arising from the License Agreement. Notwithstanding this, you agree that Google shall still be allowed to apply for injunctive remedies (or an equivalent type of urgent legal relief) in any jurisdiction.
2026-10-07T21:07:58.3789987Z ---------------------------------------
2026-10-07T21:07:58.3790269Z Accept? (y/N): 
2026-10-07T21:07:58.3790516Z 3/6: License android-sdk-arm-dbt-license:
2026-10-07T21:07:58.3790812Z ---------------------------------------
2026-10-07T21:07:58.3791072Z Terms and Conditions
2026-10-07T21:07:58.3791214Z 
2026-10-07T21:07:58.3791378Z This is the Android Software Development Kit License Agreement
2026-10-07T21:07:58.3791746Z 
2026-10-07T21:07:58.3791865Z 1. Introduction
2026-10-07T21:07:58.3792032Z 
2026-10-07T21:07:58.3793458Z 1.1 The Android Software Development Kit (referred to in the License Agreement as the "SDK" and specifically including the Android system files, packaged APIs, and Google APIs add-ons) is licensed to you subject to the terms of the License Agreement. The License Agreement forms a legally binding contract between you and Google in relation to your use of the SDK.
2026-10-07T21:07:58.3794608Z 
2026-10-07T21:07:58.3795246Z 1.2 "Android" means the Android software stack for devices, as made available under the Android Open Source Project, which is located at the following URL: http://source.android.com/, as updated from time to time.
2026-10-07T21:07:58.3796164Z 
2026-10-07T21:07:58.3797254Z 1.3 A "compatible implementation" means any Android device that (i) complies with the Android Compatibility Definition document, which can be found at the Android compatibility website (http://source.android.com/compatibility) and which may be updated from time to time; and (ii) successfully passes the Android Compatibility Test Suite (CTS).
2026-10-07T21:07:58.3798364Z 
2026-10-07T21:07:58.3798830Z 1.4 "Google" means Google Inc., a Delaware corporation with principal place of business at 1600 Amphitheatre Parkway, Mountain View, CA 94043, United States.
2026-10-07T21:07:58.3799357Z 
2026-10-07T21:07:58.3799362Z 
2026-10-07T21:07:58.3799476Z 2. Accepting the License Agreement
2026-10-07T21:07:58.3799657Z 
2026-10-07T21:07:58.3800236Z 2.1 In order to use the SDK, you must first agree to the License Agreement. You may not use the SDK if you do not accept the License Agreement.
2026-10-07T21:07:58.3801031Z 
2026-10-07T21:07:58.3801364Z 2.2 By clicking to accept, you hereby agree to the terms of the License Agreement.
2026-10-07T21:07:58.3801728Z 
2026-10-07T21:07:58.3802653Z 2.3 You may not use the SDK and may not accept the License Agreement if you are a person barred from receiving the SDK under the laws of the United States or other countries, including the country in which you are resident or from which you use the SDK.
2026-10-07T21:07:58.3803456Z 
2026-10-07T21:07:58.3804533Z 2.4 If you are agreeing to be bound by the License Agreement on behalf of your employer or other entity, you represent and warrant that you have full legal authority to bind your employer or such entity to the License Agreement. If you do not have the requisite authority, you may not accept the License Agreement or use the SDK on behalf of your employer or other entity.
2026-10-07T21:07:58.3805661Z 
2026-10-07T21:07:58.3805666Z 
2026-10-07T21:07:58.3805765Z 3. SDK License from Google
2026-10-07T21:07:58.3806196Z 
2026-10-07T21:07:58.3806979Z 3.1 Subject to the terms of the License Agreement, Google grants you a limited, worldwide, royalty-free, non-assignable, non-exclusive, and non-sublicensable license to use the SDK solely to develop applications for compatible implementations of Android.
2026-10-07T21:07:58.3807974Z 
2026-10-07T21:07:58.3808993Z 3.2 You may not use this SDK to develop applications for other platforms (including non-compatible implementations of Android) or to develop another SDK. You are of course free to develop applications for other platforms, including non-compatible implementations of Android, provided that this SDK is not used for that purpose.
2026-10-07T21:07:58.3810068Z 
2026-10-07T21:07:58.3811235Z 3.3 You agree that Google or third parties own all legal right, title and interest in and to the SDK, including any Intellectual Property Rights that subsist in the SDK. "Intellectual Property Rights" means any and all rights under patent law, copyright law, trade secret law, trademark law, and any and all other proprietary rights. Google reserves all rights not expressly granted to you.
2026-10-07T21:07:58.3812458Z 
2026-10-07T21:07:58.3813480Z 3.4 You may not use the SDK for any purpose not expressly permitted by the License Agreement. Except to the extent required by applicable third party licenses, you may not copy (except for backup purposes), modify, adapt, redistribute, decompile, reverse engineer, disassemble, or create derivative works of the SDK or any part of the SDK.
2026-10-07T21:07:58.3814550Z 
2026-10-07T21:07:58.3815203Z 3.5 Use, reproduction and distribution of components of the SDK licensed under an open source software license are governed solely by the terms of that open source software license and not the License Agreement.
2026-10-07T21:07:58.3815893Z 
2026-10-07T21:07:58.3817351Z 3.6 You agree that the form and nature of the SDK that Google provides may change without prior notice to you and that future versions of the SDK may be incompatible with applications developed on previous versions of the SDK. You agree that Google may stop (permanently or temporarily) providing the SDK (or any features within the SDK) to you or to users generally at Google's sole discretion, without prior notice to you.
2026-10-07T21:07:58.3818877Z 
2026-10-07T21:07:58.3819391Z 3.7 Nothing in the License Agreement gives you a right to use any of Google's trade names, trademarks, service marks, logos, domain names, or other distinctive brand features.
2026-10-07T21:07:58.3819969Z 
2026-10-07T21:07:58.3820512Z 3.8 You agree that you will not remove, obscure, or alter any proprietary rights notices (including copyright and trademark notices) that may be affixed to or contained within the SDK.
2026-10-07T21:07:58.3821125Z 
2026-10-07T21:07:58.3821131Z 
2026-10-07T21:07:58.3821230Z 4. Use of the SDK by You
2026-10-07T21:07:58.3821383Z 
2026-10-07T21:07:58.3822157Z 4.1 Google agrees that it obtains no right, title or interest from you (or your licensors) under the License Agreement in or to any software applications that you develop using the SDK, including any intellectual property rights that subsist in those applications.
2026-10-07T21:07:58.3823006Z 
2026-10-07T21:07:58.3824183Z 4.2 You agree to use the SDK and write applications only for purposes that are permitted by (a) the License Agreement and (b) any applicable law, regulation or generally accepted practices or guidelines in the relevant jurisdictions (including any laws regarding the export of data or software to and from the United States or other relevant countries).
2026-10-07T21:07:58.3825329Z 
2026-10-07T21:07:58.3827882Z 4.3 You agree that if you use the SDK to develop applications for general public users, you will protect the privacy and legal rights of those users. If the users provide you with user names, passwords, or other login information or personal information, you must make the users aware that the information will be available to your application, and you must provide legally adequate privacy notice and protection for those users. If your application stores personal or sensitive information provided by users, it must do so securely. If the user provides your application with Google Account information, your application may only use that information to access the user's Google Account when, and for the limited purposes for which, the user has given you permission to do so.
2026-10-07T21:07:58.3830390Z 
2026-10-07T21:07:58.3831462Z 4.4 You agree that you will not engage in any activity with the SDK, including the development or distribution of an application, that interferes with, disrupts, damages, or accesses in an unauthorized manner the servers, networks, or other properties or services of any third party including, but not limited to, Google or any mobile communications carrier.
2026-10-07T21:07:58.3832579Z 
2026-10-07T21:07:58.3833603Z 4.5 You agree that you are solely responsible for (and that Google has no responsibility to you or to any third party for) any data, content, or resources that you create, transmit or display through Android and/or applications for Android, and for the consequences of your actions (including any loss or damage which Google may suffer) by doing so.
2026-10-07T21:07:58.3834694Z 
2026-10-07T21:07:58.3835850Z 4.6 You agree that you are solely responsible for (and that Google has no responsibility to you or to any third party for) any breach of your obligations under the License Agreement, any applicable third party contract or Terms of Service, or any applicable law or regulation, and for the consequences (including any loss or damage which Google or any third party may suffer) of any such breach.
2026-10-07T21:07:58.3837535Z 
2026-10-07T21:07:58.3839077Z 4.7 This software enables the execution of intellectual property owned by Arm Limited. You agree that your use of the software, that allows execution of ARM Instruction Set Architecture (“ISA”) compliant executables for application development and debug only on x86 desktop, laptop, customer on-premise servers, and customer-procured cloud-based environments.
2026-10-07T21:07:58.3840276Z 
2026-10-07T21:07:58.3840382Z 5. Your Developer Credentials
2026-10-07T21:07:58.3840555Z 
2026-10-07T21:07:58.3841416Z 5.1 You agree that you are responsible for maintaining the confidentiality of any developer credentials that may be issued to you by Google or which you may choose yourself and that you will be solely responsible for all applications that are developed under your developer credentials.
2026-10-07T21:07:58.3842432Z 
2026-10-07T21:07:58.3842587Z 6. Privacy and Information
2026-10-07T21:07:58.3842820Z 
2026-10-07T21:07:58.3845290Z 6.1 In order to continually innovate and improve the SDK, Google may collect certain usage statistics from the software including but not limited to a unique identifier, associated IP address, version number of the software, and information on which tools and/or services in the SDK are being used and how they are being used. Before any of this information is collected, the SDK will notify you and seek your consent. If you withhold consent, the information will not be collected.
2026-10-07T21:07:58.3847096Z 
2026-10-07T21:07:58.3847477Z 6.2 The data collected is examined in the aggregate to improve the SDK and is maintained in accordance with Google's Privacy Policy.
2026-10-07T21:07:58.3847936Z 
2026-10-07T21:07:58.3847941Z 
2026-10-07T21:07:58.3848060Z 7. Third Party Applications
2026-10-07T21:07:58.3848215Z 
2026-10-07T21:07:58.3850202Z 7.1 If you use the SDK to run applications developed by a third party or that access data, content or resources provided by a third party, you agree that Google is not responsible for those applications, data, content, or resources. You understand that all data, content or resources which you may access through such third party applications are the sole responsibility of the person from which they originated and that Google is not liable for any loss or damage that you may experience as a result of the use or access of any of those third party applications, data, content, or resources.
2026-10-07T21:07:58.3852022Z 
2026-10-07T21:07:58.3853482Z 7.2 You should be aware the data, content, and resources presented to you through such a third party application may be protected by intellectual property rights which are owned by the providers (or by other persons or companies on their behalf). You may not modify, rent, lease, loan, sell, distribute or create derivative works based on these data, content, or resources (either in whole or in part) unless you have been specifically given permission to do so by the relevant owners.
2026-10-07T21:07:58.3855118Z 
2026-10-07T21:07:58.3856040Z 7.3 You acknowledge that your use of such third party applications, data, content, or resources may be subject to separate terms between you and the relevant third party. In that case, the License Agreement does not affect your legal relationship with these third parties.
2026-10-07T21:07:58.3856923Z 
2026-10-07T21:07:58.3856928Z 
2026-10-07T21:07:58.3857022Z 8. Using Android APIs
2026-10-07T21:07:58.3857169Z 
2026-10-07T21:07:58.3857254Z 8.1 Google Data APIs
2026-10-07T21:07:58.3857395Z 
2026-10-07T21:07:58.3858859Z 8.1.1 If you use any API to retrieve data from Google, you acknowledge that the data may be protected by intellectual property rights which are owned by Google or those parties that provide the data (or by other persons or companies on their behalf). Your use of any such API may be subject to additional Terms of Service. You may not modify, rent, lease, loan, sell, distribute or create derivative works based on this data (either in whole or in part) unless allowed by the relevant Terms of Service.
2026-10-07T21:07:58.3860362Z 
2026-10-07T21:07:58.3862882Z 8.1.2 If you use any API to retrieve a user's data from Google, you acknowledge and agree that you shall retrieve data only with the user's explicit consent and only when, and for the limited purposes for which, the user has given you permission to do so. If you use the Android Recognition Service API, documented at the following URL: https://developer.android.com/reference/android/speech/RecognitionService, as updated from time to time, you acknowledge that the use of the API is subject to the Data Processing Addendum for Products where Google is a Data Processor, which is located at the following URL: https://privacy.google.com/businesses/gdprprocessorterms/, as updated from time to time. By clicking to accept, you hereby agree to the terms of the Data Processing Addendum for Products where Google is a Data Processor.
2026-10-07T21:07:58.3865417Z 
2026-10-07T21:07:58.3865422Z 
2026-10-07T21:07:58.3865540Z 9. Terminating the License Agreement
2026-10-07T21:07:58.3865726Z 
2026-10-07T21:07:58.3866130Z 9.1 The License Agreement will continue to apply until terminated by either you or Google as set out below.
2026-10-07T21:07:58.3866531Z 
2026-10-07T21:07:58.3866899Z 9.2 If you want to terminate the License Agreement, you may do so by ceasing your use of the SDK and any relevant developer credentials.
2026-10-07T21:07:58.3867362Z 
2026-10-07T21:07:58.3869413Z 9.3 Google may at any time, terminate the License Agreement with you if: (A) you have breached any provision of the License Agreement; or (B) Google is required to do so by law; or (C) the partner with whom Google offered certain parts of SDK (such as APIs) to you has terminated its relationship with Google or ceased to offer certain parts of the SDK to you; or (D) Google decides to no longer provide the SDK or certain parts of the SDK to users in the country in which you are resident or from which you use the service, or the provision of the SDK or certain SDK services to you by Google is, in Google's sole discretion, no longer commercially viable.
2026-10-07T21:07:58.3871342Z 
2026-10-07T21:07:58.3872660Z 9.4 When the License Agreement comes to an end, all of the legal rights, obligations and liabilities that you and Google have benefited from, been subject to (or which have accrued over time whilst the License Agreement has been in force) or which are expressed to continue indefinitely, shall be unaffected by this cessation, and the provisions of paragraph 14.7 shall continue to apply to such rights, obligations and liabilities indefinitely.
2026-10-07T21:07:58.3874022Z 
2026-10-07T21:07:58.3874028Z 
2026-10-07T21:07:58.3874131Z 10. DISCLAIMER OF WARRANTIES
2026-10-07T21:07:58.3874287Z 
2026-10-07T21:07:58.3874800Z 10.1 YOU EXPRESSLY UNDERSTAND AND AGREE THAT YOUR USE OF THE SDK IS AT YOUR SOLE RISK AND THAT THE SDK IS PROVIDED "AS IS" AND "AS AVAILABLE" WITHOUT WARRANTY OF ANY KIND FROM GOOGLE.
2026-10-07T21:07:58.3875498Z 
2026-10-07T21:07:58.3876459Z 10.2 YOUR USE OF THE SDK AND ANY MATERIAL DOWNLOADED OR OTHERWISE OBTAINED THROUGH THE USE OF THE SDK IS AT YOUR OWN DISCRETION AND RISK AND YOU ARE SOLELY RESPONSIBLE FOR ANY DAMAGE TO YOUR COMPUTER SYSTEM OR OTHER DEVICE OR LOSS OF DATA THAT RESULTS FROM SUCH USE.
2026-10-07T21:07:58.3877303Z 
2026-10-07T21:07:58.3878071Z 10.3 GOOGLE FURTHER EXPRESSLY DISCLAIMS ALL WARRANTIES AND CONDITIONS OF ANY KIND, WHETHER EXPRESS OR IMPLIED, INCLUDING, BUT NOT LIMITED TO THE IMPLIED WARRANTIES AND CONDITIONS OF MERCHANTABILITY, FITNESS FOR A PARTICULAR PURPOSE AND NON-INFRINGEMENT.
2026-10-07T21:07:58.3878911Z 
2026-10-07T21:07:58.3878916Z 
2026-10-07T21:07:58.3879018Z 11. LIMITATION OF LIABILITY
2026-10-07T21:07:58.3879167Z 
2026-10-07T21:07:58.3880488Z 11.1 YOU EXPRESSLY UNDERSTAND AND AGREE THAT GOOGLE, ITS SUBSIDIARIES AND AFFILIATES, AND ITS LICENSORS SHALL NOT BE LIABLE TO YOU UNDER ANY THEORY OF LIABILITY FOR ANY DIRECT, INDIRECT, INCIDENTAL, SPECIAL, CONSEQUENTIAL OR EXEMPLARY DAMAGES THAT MAY BE INCURRED BY YOU, INCLUDING ANY LOSS OF DATA, WHETHER OR NOT GOOGLE OR ITS REPRESENTATIVES HAVE BEEN ADVISED OF OR SHOULD HAVE BEEN AWARE OF THE POSSIBILITY OF ANY SUCH LOSSES ARISING.
2026-10-07T21:07:58.3881849Z 
2026-10-07T21:07:58.3881854Z 
2026-10-07T21:07:58.3881947Z 12. Indemnification
2026-10-07T21:07:58.3882081Z 
2026-10-07T21:07:58.3884231Z 12.1 To the maximum extent permitted by law, you agree to defend, indemnify and hold harmless Google, its affiliates and their respective directors, officers, employees and agents from and against any and all claims, actions, suits or proceedings, as well as any and all losses, liabilities, damages, costs and expenses (including reasonable attorneys fees) arising out of or accruing from (a) your use of the SDK, (b) any application you develop on the SDK that infringes any copyright, trademark, trade secret, trade dress, patent or other intellectual property right of any person or defames any person or violates their rights of publicity or privacy, and (c) any non-compliance by you with the License Agreement.
2026-10-07T21:07:58.3886515Z 
2026-10-07T21:07:58.3886521Z 
2026-10-07T21:07:58.3886631Z 13. Changes to the License Agreement
2026-10-07T21:07:58.3886812Z 
2026-10-07T21:07:58.3887506Z 13.1 Google may make changes to the License Agreement as it distributes new versions of the SDK. When these changes are made, Google will make a new version of the License Agreement available on the website where the SDK is made available.
2026-10-07T21:07:58.3888264Z 
2026-10-07T21:07:58.3888269Z 
2026-10-07T21:07:58.3888366Z 14. General Legal Terms
2026-10-07T21:07:58.3888504Z 
2026-10-07T21:07:58.3889596Z 14.1 The License Agreement constitutes the whole legal agreement between you and Google and governs your use of the SDK (excluding any services which Google may provide to you under a separate written agreement), and completely replaces any prior agreements between you and Google in relation to the SDK.
2026-10-07T21:07:58.3890610Z 
2026-10-07T21:07:58.3891532Z 14.2 You agree that if Google does not exercise or enforce any legal right or remedy which is contained in the License Agreement (or which Google has the benefit of under any applicable law), this will not be taken to be a formal waiver of Google's rights and that those rights or remedies will still be available to Google.
2026-10-07T21:07:58.3892527Z 
2026-10-07T21:07:58.3893551Z 14.3 If any court of law, having the jurisdiction to decide on this matter, rules that any provision of the License Agreement is invalid, then that provision will be removed from the License Agreement without affecting the rest of the License Agreement. The remaining provisions of the License Agreement will continue to be valid and enforceable.
2026-10-07T21:07:58.3894633Z 
2026-10-07T21:07:58.3896059Z 14.4 You acknowledge and agree that each member of the group of companies of which Google is the parent shall be third party beneficiaries to the License Agreement and that such other companies shall be entitled to directly enforce, and rely upon, any provision of the License Agreement that confers a benefit on (or rights in favor of) them. Other than this, no other person or company shall be third party beneficiaries to the License Agreement.
2026-10-07T21:07:58.3897794Z 
2026-10-07T21:07:58.3899145Z 14.5 EXPORT RESTRICTIONS. THE SDK IS SUBJECT TO UNITED STATES EXPORT LAWS AND REGULATIONS. YOU MUST COMPLY WITH ALL DOMESTIC AND INTERNATIONAL EXPORT LAWS AND REGULATIONS THAT APPLY TO THE SDK. THESE LAWS INCLUDE RESTRICTIONS ON DESTINATIONS, END USERS AND END USE.
2026-10-07T21:07:58.3900011Z 
2026-10-07T21:07:58.3901050Z 14.6 The rights granted in the License Agreement may not be assigned or transferred by either you or Google without the prior written approval of the other party. Neither you nor Google shall be permitted to delegate their responsibilities or obligations under the License Agreement without the prior written approval of the other party.
2026-10-07T21:07:58.3902140Z 
2026-10-07T21:07:58.3903814Z 14.7 The License Agreement, and your relationship with Google under the License Agreement, shall be governed by the laws of the State of California without regard to its conflict of laws provisions. You and Google agree to submit to the exclusive jurisdiction of the courts located within the county of Santa Clara, California to resolve any legal matter arising from the License Agreement. Notwithstanding this, you agree that Google shall still be allowed to apply for injunctive remedies (or an equivalent type of urgent legal relief) in any jurisdiction.
2026-10-07T21:07:58.3905533Z 
2026-10-07T21:07:58.3905539Z 
2026-10-07T21:07:58.3905634Z January 16, 2019
2026-10-07T21:07:58.3905863Z ---------------------------------------
2026-10-07T21:07:58.3906313Z Accept? (y/N): 
2026-10-07T21:07:58.3906557Z 4/6: License android-sdk-preview-license:
2026-10-07T21:07:58.3906851Z ---------------------------------------
2026-10-07T21:07:58.3908161Z To get started with the Android SDK Preview, you must agree to the following terms and conditions. As described below, please note that this is a preview version of the Android SDK, subject to change, that you use at your own risk. The Android SDK Preview is not a stable release, and may contain errors and defects that can result in serious damage to your computer systems, devices and data.
2026-10-07T21:07:58.3909360Z 
2026-10-07T21:07:58.3909570Z This is the Android SDK Preview License Agreement (the "License Agreement").
2026-10-07T21:07:58.3909862Z 
2026-10-07T21:07:58.3909955Z 1. Introduction
2026-10-07T21:07:58.3910081Z 
2026-10-07T21:07:58.3911793Z 1.1 The Android SDK Preview (referred to in the License Agreement as the “Preview” and specifically including the Android system files, packaged APIs, and Preview library files, if and when they are made available) is licensed to you subject to the terms of the License Agreement. The License Agreement forms a legally binding contract between you and Google in relation to your use of the Preview.
2026-10-07T21:07:58.3913078Z 
2026-10-07T21:07:58.3913712Z 1.2 "Android" means the Android software stack for devices, as made available under the Android Open Source Project, which is located at the following URL: http://source.android.com/, as updated from time to time.
2026-10-07T21:07:58.3914399Z 
2026-10-07T21:07:58.3914870Z 1.3 "Google" means Google Inc., a Delaware corporation with principal place of business at 1600 Amphitheatre Parkway, Mountain View, CA 94043, United States.
2026-10-07T21:07:58.3915440Z 
2026-10-07T21:07:58.3915552Z 2. Accepting the License Agreement
2026-10-07T21:07:58.3915731Z 
2026-10-07T21:07:58.3916352Z 2.1 In order to use the Preview, you must first agree to the License Agreement. You may not use the Preview if you do not accept the License Agreement.
2026-10-07T21:07:58.3916850Z 
2026-10-07T21:07:58.3917146Z 2.2 By clicking to accept and/or using the Preview, you hereby agree to the terms of the License Agreement.
2026-10-07T21:07:58.3917669Z 
2026-10-07T21:07:58.3918443Z 2.3 You may not use the Preview and may not accept the License Agreement if you are a person barred from receiving the Preview under the laws of the United States or other countries including the country in which you are resident or from which you use the Preview.
2026-10-07T21:07:58.3919270Z 
2026-10-07T21:07:58.3920580Z 2.4 If you will use the Preview internally within your company or organization you agree to be bound by the License Agreement on behalf of your employer or other entity, and you represent and warrant that you have full legal authority to bind your employer or such entity to the License Agreement. If you do not have the requisite authority, you may not accept the License Agreement or use the Preview on behalf of your employer or other entity.
2026-10-07T21:07:58.3921935Z 
2026-10-07T21:07:58.3922051Z 3. Preview License from Google
2026-10-07T21:07:58.3922214Z 
2026-10-07T21:07:58.3923175Z 3.1 Subject to the terms of the License Agreement, Google grants you a royalty-free, non-assignable, non-exclusive, non-sublicensable, limited, revocable license to use the Preview, personally or internally within your company or organization, solely to develop applications to run on the Android platform.
2026-10-07T21:07:58.3924167Z 
2026-10-07T21:07:58.3925366Z 3.2 You agree that Google or third parties owns all legal right, title and interest in and to the Preview, including any Intellectual Property Rights that subsist in the Preview. "Intellectual Property Rights" means any and all rights under patent law, copyright law, trade secret law, trademark law, and any and all other proprietary rights. Google reserves all rights not expressly granted to you.
2026-10-07T21:07:58.3927089Z 
2026-10-07T21:07:58.3930172Z 3.3 You may not use the Preview for any purpose not expressly permitted by the License Agreement. Except to the extent required by applicable third party licenses, you may not: (a) copy (except for backup purposes), modify, adapt, redistribute, decompile, reverse engineer, disassemble, or create derivative works of the Preview or any part of the Preview; or (b) load any part of the Preview onto a mobile handset or any other hardware device except a personal computer, combine any part of the Preview with other software, or distribute any software or device incorporating a part of the Preview.
2026-10-07T21:07:58.3933455Z 
2026-10-07T21:07:58.3934737Z 3.4 You agree that you will not take any actions that may cause or result in the fragmentation of Android, including but not limited to distributing, participating in the creation of, or promoting in any way a software development kit derived from the Preview.
2026-10-07T21:07:58.3936354Z 
2026-10-07T21:07:58.3938814Z 3.5 Use, reproduction and distribution of components of the Preview licensed under an open source software license are governed solely by the terms of that open source software license and not the License Agreement. You agree to remain a licensee in good standing in regard to such open source software licenses under all the rights granted and to refrain from any actions that may terminate, suspend, or breach such rights.
2026-10-07T21:07:58.3941090Z 
2026-10-07T21:07:58.3943394Z 3.6 You agree that the form and nature of the Preview that Google provides may change without prior notice to you and that future versions of the Preview may be incompatible with applications developed on previous versions of the Preview. You agree that Google may stop (permanently or temporarily) providing the Preview (or any features within the Preview) to you or to users generally at Google's sole discretion, without prior notice to you.
2026-10-07T21:07:58.3945780Z 
2026-10-07T21:07:58.3946772Z 3.7 Nothing in the License Agreement gives you a right to use any of Google's trade names, trademarks, service marks, logos, domain names, or other distinctive brand features.
2026-10-07T21:07:58.3947761Z 
2026-10-07T21:07:58.3948456Z 3.8 You agree that you will not remove, obscure, or alter any proprietary rights notices (including copyright and trademark notices) that may be affixed to or contained within the Preview.
2026-10-07T21:07:58.3949298Z 
2026-10-07T21:07:58.3949415Z 4. Use of the Preview by You
2026-10-07T21:07:58.3949580Z 
2026-10-07T21:07:58.3950498Z 4.1 Google agrees that nothing in the License Agreement gives Google any right, title or interest from you (or your licensors) under the License Agreement in or to any software applications that you develop using the Preview, including any intellectual property rights that subsist in those applications.
2026-10-07T21:07:58.3951474Z 
2026-10-07T21:07:58.3952539Z 4.2 You agree to use the Preview and write applications only for purposes that are permitted by (a) the License Agreement, and (b) any applicable law, regulation or generally accepted practices or guidelines in the relevant jurisdictions (including any laws regarding the export of data or software to and from the United States or other relevant countries).
2026-10-07T21:07:58.3953674Z 
2026-10-07T21:07:58.3955884Z 4.3 You agree that if you use the Preview to develop applications, you will protect the privacy and legal rights of users. If users provide you with user names, passwords, or other login information or personal information, you must make the users aware that the information will be available to your application, and you must provide legally adequate privacy notice and protection for those users. If your application stores personal or sensitive information provided by users, it must do so securely. If users provide you with Google Account information, your application may only use that information to access the user's Google Account when, and for the limited purposes for which, each user has given you permission to do so.
2026-10-07T21:07:58.3959485Z 
2026-10-07T21:07:58.3960409Z 4.4 You agree that you will not engage in any activity with the Preview, including the development or distribution of an application, that interferes with, disrupts, damages, or accesses in an unauthorized manner the servers, networks, or other properties or services of Google or any third party.
2026-10-07T21:07:58.3961386Z 
2026-10-07T21:07:58.3962427Z 4.5 You agree that you are solely responsible for (and that Google has no responsibility to you or to any third party for) any data, content, or resources that you create, transmit or display through Android and/or applications for Android, and for the consequences of your actions (including any loss or damage which Google may suffer) by doing so.
2026-10-07T21:07:58.3963511Z 
2026-10-07T21:07:58.3964663Z 4.6 You agree that you are solely responsible for (and that Google has no responsibility to you or to any third party for) any breach of your obligations under the License Agreement, any applicable third party contract or Terms of Service, or any applicable law or regulation, and for the consequences (including any loss or damage which Google or any third party may suffer) of any such breach.
2026-10-07T21:07:58.3965883Z 
2026-10-07T21:07:58.3967659Z 4.7 The Preview is in development, and your testing and feedback are an important part of the development process. By using the Preview, you acknowledge that implementation of some features are still under development and that you should not rely on the Preview having the full functionality of a stable release. You agree not to publicly distribute or ship any application using this Preview as this Preview will no longer be supported after the official Android SDK is released.
2026-10-07T21:07:58.3969146Z 
2026-10-07T21:07:58.3969262Z 5. Your Developer Credentials
2026-10-07T21:07:58.3969432Z 
2026-10-07T21:07:58.3970277Z 5.1 You agree that you are responsible for maintaining the confidentiality of any developer credentials that may be issued to you by Google or which you may choose yourself and that you will be solely responsible for all applications that are developed under your developer credentials.
2026-10-07T21:07:58.3971188Z 
2026-10-07T21:07:58.3971292Z 6. Privacy and Information
2026-10-07T21:07:58.3971560Z 
2026-10-07T21:07:58.3973056Z 6.1 In order to continually innovate and improve the Preview, Google may collect certain usage statistics from the software including but not limited to a unique identifier, associated IP address, version number of the software, and information on which tools and/or services in the Preview are being used and how they are being used. Before any of this information is collected, the Preview will notify you and seek your consent. If you withhold consent, the information will not be collected.
2026-10-07T21:07:58.3974579Z 
2026-10-07T21:07:58.3975170Z 6.2 The data collected is examined in the aggregate to improve the Preview and is maintained in accordance with Google's Privacy Policy located at http://www.google.com/policies/privacy/.
2026-10-07T21:07:58.3975809Z 
2026-10-07T21:07:58.3976182Z 7. Third Party Applications
2026-10-07T21:07:58.3976346Z 
2026-10-07T21:07:58.3978517Z 7.1 If you use the Preview to run applications developed by a third party or that access data, content or resources provided by a third party, you agree that Google is not responsible for those applications, data, content, or resources. You understand that all data, content or resources which you may access through such third party applications are the sole responsibility of the person from which they originated and that Google is not liable for any loss or damage that you may experience as a result of the use or access of any of those third party applications, data, content, or resources.
2026-10-07T21:07:58.3980719Z 
2026-10-07T21:07:58.3982389Z 7.2 You should be aware the data, content, and resources presented to you through such a third party application may be protected by intellectual property rights which are owned by the providers (or by other persons or companies on their behalf). You may not modify, rent, lease, loan, sell, distribute or create derivative works based on these data, content, or resources (either in whole or in part) unless you have been specifically given permission to do so by the relevant owners.
2026-10-07T21:07:58.3984127Z 
2026-10-07T21:07:58.3984628Z 7.3 You acknowledge that your use of such third party applications, data, content, or resources may be subject to separate terms between you and the relevant third party.
2026-10-07T21:07:58.3985303Z 
2026-10-07T21:07:58.3985409Z 8. Using Google APIs
2026-10-07T21:07:58.3985600Z 
2026-10-07T21:07:58.3985724Z 8.1 Google APIs
2026-10-07T21:07:58.3985856Z 
2026-10-07T21:07:58.3988449Z 8.1.1 If you use any API to retrieve data from Google, you acknowledge that the data may be protected by intellectual property rights which are owned by Google or those parties that provide the data (or by other persons or companies on their behalf). Your use of any such API may be subject to additional Terms of Service. You may not modify, rent, lease, loan, sell, distribute or create derivative works based on this data (either in whole or in part) unless allowed by the relevant Terms of Service.
2026-10-07T21:07:58.3990696Z 
2026-10-07T21:07:58.3992128Z 8.1.2 If you use any API to retrieve a user's data from Google, you acknowledge and agree that you shall retrieve data only with the user's explicit consent and only when, and for the limited purposes for which, the user has given you permission to do so.
2026-10-07T21:07:58.3993418Z 
2026-10-07T21:07:58.3993539Z 9. Terminating the License Agreement
2026-10-07T21:07:58.3993735Z 
2026-10-07T21:07:58.3994042Z 9.1 the License Agreement will continue to apply until terminated by either you or Google as set out below.
2026-10-07T21:07:58.3994436Z 
2026-10-07T21:07:58.3994927Z 9.2 If you want to terminate the License Agreement, you may do so by ceasing your use of the Preview and any relevant developer credentials.
2026-10-07T21:07:58.3995423Z 
2026-10-07T21:07:58.3995776Z 9.3 Google may at any time, terminate the License Agreement, with or without cause, upon notice to you.
2026-10-07T21:07:58.3996341Z 
2026-10-07T21:07:58.3997912Z 9.4 The License Agreement will automatically terminate without notice or other action upon the earlier of: (A) when Google ceases to provide the Preview or certain parts of the Preview to users in the country in which you are resident or from which you use the service; and (B) Google issues a final release version of the Android SDK.
2026-10-07T21:07:58.3999599Z 
2026-10-07T21:07:58.4000415Z 9.5 When the License Agreement is terminated, the license granted to you in the License Agreement will terminate, you will immediately cease all use of the Preview, and the provisions of paragraphs 10, 11, 12 and 14 shall survive indefinitely.
2026-10-07T21:07:58.4001306Z 
2026-10-07T21:07:58.4001403Z 10. DISCLAIMERS
2026-10-07T21:07:58.4001527Z 
2026-10-07T21:07:58.4002166Z 10.1 YOU EXPRESSLY UNDERSTAND AND AGREE THAT YOUR USE OF THE PREVIEW IS AT YOUR SOLE RISK AND THAT THE PREVIEW IS PROVIDED "AS IS" AND "AS AVAILABLE" WITHOUT WARRANTY OF ANY KIND FROM GOOGLE.
2026-10-07T21:07:58.4002886Z 
2026-10-07T21:07:58.4004964Z 10.2 YOUR USE OF THE PREVIEW AND ANY MATERIAL DOWNLOADED OR OTHERWISE OBTAINED THROUGH THE USE OF THE PREVIEW IS AT YOUR OWN DISCRETION AND RISK AND YOU ARE SOLELY RESPONSIBLE FOR ANY DAMAGE TO YOUR COMPUTER SYSTEM OR OTHER DEVICE OR LOSS OF DATA THAT RESULTS FROM SUCH USE. WITHOUT LIMITING THE FOREGOING, YOU UNDERSTAND THAT THE PREVIEW IS NOT A STABLE RELEASE AND MAY CONTAIN ERRORS, DEFECTS AND SECURITY VULNERABILITIES THAT CAN RESULT IN SIGNIFICANT DAMAGE, INCLUDING THE COMPLETE, IRRECOVERABLE LOSS OF USE OF YOUR COMPUTER SYSTEM OR OTHER DEVICE.
2026-10-07T21:07:58.4007305Z 
2026-10-07T21:07:58.4008209Z 10.3 GOOGLE FURTHER EXPRESSLY DISCLAIMS ALL WARRANTIES AND CONDITIONS OF ANY KIND, WHETHER EXPRESS OR IMPLIED, INCLUDING, BUT NOT LIMITED TO THE IMPLIED WARRANTIES AND CONDITIONS OF MERCHANTABILITY, FITNESS FOR A PARTICULAR PURPOSE AND NON-INFRINGEMENT.
2026-10-07T21:07:58.4009183Z 
2026-10-07T21:07:58.4009291Z 11. LIMITATION OF LIABILITY
2026-10-07T21:07:58.4009453Z 
2026-10-07T21:07:58.4010970Z 11.1 YOU EXPRESSLY UNDERSTAND AND AGREE THAT GOOGLE, ITS SUBSIDIARIES AND AFFILIATES, AND ITS LICENSORS SHALL NOT BE LIABLE TO YOU UNDER ANY THEORY OF LIABILITY FOR ANY DIRECT, INDIRECT, INCIDENTAL, SPECIAL, CONSEQUENTIAL OR EXEMPLARY DAMAGES THAT MAY BE INCURRED BY YOU, INCLUDING ANY LOSS OF DATA, WHETHER OR NOT GOOGLE OR ITS REPRESENTATIVES HAVE BEEN ADVISED OF OR SHOULD HAVE BEEN AWARE OF THE POSSIBILITY OF ANY SUCH LOSSES ARISING.
2026-10-07T21:07:58.4012550Z 
2026-10-07T21:07:58.4012646Z 12. Indemnification
2026-10-07T21:07:58.4012775Z 
2026-10-07T21:07:58.4016728Z 12.1 To the maximum extent permitted by law, you agree to defend, indemnify and hold harmless Google, its affiliates and their respective directors, officers, employees and agents from and against any and all claims, actions, suits or proceedings, as well as any and all losses, liabilities, damages, costs and expenses (including reasonable attorneys’ fees) arising out of or accruing from (a) your use of the Preview, (b) any application you develop on the Preview that infringes any Intellectual Property Rights of any person or defames any person or violates their rights of publicity or privacy, and (c) any non-compliance by you of the License Agreement.
2026-10-07T21:07:58.4019280Z 
2026-10-07T21:07:58.4019401Z 13. Changes to the License Agreement
2026-10-07T21:07:58.4019592Z 
2026-10-07T21:07:58.4020430Z 13.1 Google may make changes to the License Agreement as it distributes new versions of the Preview. When these changes are made, Google will make a new version of the License Agreement available on the website where the Preview is made available.
2026-10-07T21:07:58.4021333Z 
2026-10-07T21:07:58.4021435Z 14. General Legal Terms
2026-10-07T21:07:58.4021578Z 
2026-10-07T21:07:58.4022625Z 14.1 the License Agreement constitutes the whole legal agreement between you and Google and governs your use of the Preview (excluding any services which Google may provide to you under a separate written agreement), and completely replaces any prior agreements between you and Google in relation to the Preview.
2026-10-07T21:07:58.4023789Z 
2026-10-07T21:07:58.4024826Z 14.2 You agree that if Google does not exercise or enforce any legal right or remedy which is contained in the License Agreement (or which Google has the benefit of under any applicable law), this will not be taken to be a formal waiver of Google's rights and that those rights or remedies will still be available to Google.
2026-10-07T21:07:58.4025817Z 
2026-10-07T21:07:58.4027136Z 14.3 If any court of law, having the jurisdiction to decide on this matter, rules that any provision of the License Agreement is invalid, then that provision will be removed from the License Agreement without affecting the rest of the License Agreement. The remaining provisions of the License Agreement will continue to be valid and enforceable.
2026-10-07T21:07:58.4028235Z 
2026-10-07T21:07:58.4029683Z 14.4 You acknowledge and agree that each member of the group of companies of which Google is the parent shall be third party beneficiaries to the License Agreement and that such other companies shall be entitled to directly enforce, and rely upon, any provision of the License Agreement that confers a benefit on (or rights in favor of) them. Other than this, no other person or company shall be third party beneficiaries to the License Agreement.
2026-10-07T21:07:58.4031090Z 
2026-10-07T21:07:58.4031919Z 14.5 EXPORT RESTRICTIONS. THE PREVIEW IS SUBJECT TO UNITED STATES EXPORT LAWS AND REGULATIONS. YOU MUST COMPLY WITH ALL DOMESTIC AND INTERNATIONAL EXPORT LAWS AND REGULATIONS THAT APPLY TO THE PREVIEW. THESE LAWS INCLUDE RESTRICTIONS ON DESTINATIONS, END USERS AND END USE.
2026-10-07T21:07:58.4032804Z 
2026-10-07T21:07:58.4033753Z 14.6 The License Agreement may not be assigned or transferred by you without the prior written approval of Google, and any attempted assignment without such approval will be void. You shall not delegate your responsibilities or obligations under the License Agreement without the prior written approval of Google.
2026-10-07T21:07:58.4034760Z 
2026-10-07T21:07:58.4036719Z 14.7 The License Agreement, and your relationship with Google under the License Agreement, shall be governed by the laws of the State of California without regard to its conflict of laws provisions. You and Google agree to submit to the exclusive jurisdiction of the courts located within the county of Santa Clara, California to resolve any legal matter arising from the License Agreement. Notwithstanding this, you agree that Google shall still be allowed to apply for injunctive remedies (or an equivalent type of urgent legal relief) in any jurisdiction.
2026-10-07T21:07:58.4038483Z 
2026-10-07T21:07:58.4038577Z June 2014.
2026-10-07T21:07:58.4038797Z ---------------------------------------
2026-10-07T21:07:58.4039071Z Accept? (y/N): 
2026-10-07T21:07:58.4039301Z 5/6: License google-gdk-license:
2026-10-07T21:07:58.4039567Z ---------------------------------------
2026-10-07T21:07:58.4039908Z This is a Developer Preview of the GDK that is subject to change.
2026-10-07T21:07:58.4040179Z 
2026-10-07T21:07:58.4040278Z Terms and Conditions
2026-10-07T21:07:58.4040418Z 
2026-10-07T21:07:58.4040704Z This is the Glass Development Kit License Agreement.
2026-10-07T21:07:58.4040925Z 
2026-10-07T21:07:58.4041022Z 1. Introduction
2026-10-07T21:07:58.4041140Z 
2026-10-07T21:07:58.4042363Z 1.1 The Glass Development Kit (referred to in this License Agreement as the "GDK" and specifically including the Android system files, packaged APIs, and GDK library files, if and when they are made available) is licensed to you subject to the terms of this License Agreement. This License Agreement forms a legally binding contract between you and Google in relation to your use of the GDK.
2026-10-07T21:07:58.4043586Z 
2026-10-07T21:07:58.4043811Z 1.2 "Glass" means Glass devices and the Glass software stack for use on Glass devices.
2026-10-07T21:07:58.4044137Z 
2026-10-07T21:07:58.4044142Z 
2026-10-07T21:07:58.4044777Z 1.3 "Android" means the Android software stack for devices, as made available under the Android Open Source Project, which is located at the following URL: http://source.android.com/, as updated from time to time.
2026-10-07T21:07:58.4045602Z 
2026-10-07T21:07:58.4046229Z 1.4 "Google" means Google Inc., a Delaware corporation with principal place of business at 1600 Amphitheatre Parkway, Mountain View, CA 94043, United States.
2026-10-07T21:07:58.4046765Z 
2026-10-07T21:07:58.4046875Z 2. Accepting this License Agreement
2026-10-07T21:07:58.4047058Z 
2026-10-07T21:07:58.4047451Z 2.1 In order to use the GDK, you must first agree to this License Agreement. You may not use the GDK if you do not accept this License Agreement.
2026-10-07T21:07:58.4047923Z 
2026-10-07T21:07:58.4048154Z 2.2 By clicking to accept, you hereby agree to the terms of this License Agreement.
2026-10-07T21:07:58.4048459Z 
2026-10-07T21:07:58.4049296Z 2.3 You may not use the GDK and may not accept the License Agreement if you are a person barred from receiving the GDK under the laws of the United States or other countries including the country in which you are resident or from which you use the GDK.
2026-10-07T21:07:58.4050097Z 
2026-10-07T21:07:58.4051177Z 2.4 If you are agreeing to be bound by this License Agreement on behalf of your employer or other entity, you represent and warrant that you have full legal authority to bind your employer or such entity to this License Agreement. If you do not have the requisite authority, you may not accept the License Agreement or use the GDK on behalf of your employer or other entity.
2026-10-07T21:07:58.4052361Z 
2026-10-07T21:07:58.4052472Z 3. GDK License from Google
2026-10-07T21:07:58.4052634Z 
2026-10-07T21:07:58.4053368Z 3.1 Subject to the terms of this License Agreement, Google grants you a limited, worldwide, royalty-free, non-assignable and non-exclusive license to use the GDK solely to develop applications to run on the Glass platform for Glass devices.
2026-10-07T21:07:58.4054147Z 
2026-10-07T21:07:58.4055312Z 3.2 You agree that Google or third parties own all legal right, title and interest in and to the GDK, including any Intellectual Property Rights that subsist in the GDK. "Intellectual Property Rights" means any and all rights under patent law, copyright law, trade secret law, trademark law, and any and all other proprietary rights. Google reserves all rights not expressly granted to you.
2026-10-07T21:07:58.4056754Z 
2026-10-07T21:07:58.4058629Z 3.3 You may not use the GDK for any purpose not expressly permitted by this License Agreement. Except to the extent required by applicable third party licenses, you may not: (a) copy (except for backup purposes), modify, adapt, redistribute, decompile, reverse engineer, disassemble, or create derivative works of the GDK or any part of the GDK; or (b) load any part of the GDK onto a mobile handset or wearable computing device or any other hardware device except a Glass device personal computer, combine any part of the GDK with other software, or distribute any software or device incorporating a part of the GDK.
2026-10-07T21:07:58.4060498Z 
2026-10-07T21:07:58.4061390Z 3.4 You agree that you will not take any actions that may cause or result in the fragmentation of Glass, including but not limited to distributing, participating in the creation of, or promoting in any way a software development kit derived from the GDK.
2026-10-07T21:07:58.4062211Z 
2026-10-07T21:07:58.4062831Z 3.5 Use, reproduction and distribution of components of the GDK licensed under an open source software license are governed solely by the terms of that open source software license and not this License Agreement.
2026-10-07T21:07:58.4063527Z 
2026-10-07T21:07:58.4064778Z 3.6 You agree that the form and nature of the GDK that Google provides may change without prior notice to you and that future versions of the GDK may be incompatible with applications developed on previous versions of the GDK. You agree that Google may stop (permanently or temporarily) providing the GDK (or any features within the GDK) to you or to users generally at Google's sole discretion, without prior notice to you.
2026-10-07T21:07:58.4066451Z 
2026-10-07T21:07:58.4066963Z 3.7 Nothing in this License Agreement gives you a right to use any of Google's trade names, trademarks, service marks, logos, domain names, or other distinctive brand features.
2026-10-07T21:07:58.4067543Z 
2026-10-07T21:07:58.4068077Z 3.8 You agree that you will not remove, obscure, or alter any proprietary rights notices (including copyright and trademark notices) that may be affixed to or contained within the GDK.
2026-10-07T21:07:58.4068694Z 
2026-10-07T21:07:58.4068699Z 
2026-10-07T21:07:58.4069782Z 3.9 Your use of any Android system files, packaged APIs, or other components of the GDK which are part of the Android Software Development Kit is subject to the terms of the Android Software Development Kit License Agreement located at http://developer.android.com/sdk/terms.html. These terms are hereby incorporated by reference into this License Agreement.
2026-10-07T21:07:58.4070909Z 
2026-10-07T21:07:58.4071009Z 4. Use of the GDK by You
2026-10-07T21:07:58.4071165Z 
2026-10-07T21:07:58.4071949Z 4.1 Google agrees that it obtains no right, title or interest from you (or your licensors) under this License Agreement in or to any software applications that you develop using the GDK, including any intellectual property rights that subsist in those applications.
2026-10-07T21:07:58.4072801Z 
2026-10-07T21:07:58.4074403Z 4.2 You agree to use the GDK and write applications only for purposes that are permitted by (a) this License Agreement, (b) the Glass Platform Developer Policies (located at https://developers.google.com/glass/policies, and hereby incorporated into this License Agreement by reference), and (c) any applicable law, regulation or generally accepted practices or guidelines in the relevant jurisdictions (including any laws regarding the export of data or software to and from the United States or other relevant countries).
2026-10-07T21:07:58.4076397Z 
2026-10-07T21:07:58.4078783Z 4.3 You agree that if you use the GDK to develop applications for general public users, you will protect the privacy and legal rights of those users. If the users provide you with user names, passwords, or other login information or personal information, you must make the users aware that the information will be available to your application, and you must provide legally adequate privacy notice and protection for those users. If your application stores personal or sensitive information provided by users, it must do so securely. If the user provides your application with Google Account information, your application may only use that information to access the user's Google Account when, and for the limited purposes for which, the user has given you permission to do so.
2026-10-07T21:07:58.4081172Z 
2026-10-07T21:07:58.4082135Z 4.4 You agree that you will not engage in any activity with the GDK, including the development or distribution of an application, that interferes with, disrupts, damages, or accesses in an unauthorized manner the servers, networks, or other properties or services of any third party including, but not limited to, Google.
2026-10-07T21:07:58.4083148Z 
2026-10-07T21:07:58.4084376Z 4.5 You agree that you are solely responsible for (and that Google has no responsibility to you or to any third party for) any data, content, or resources that you create, transmit or display through Glass and/or applications for Glass, and for the consequences of your actions (including any loss or damage which Google may suffer) by doing so.
2026-10-07T21:07:58.4085470Z 
2026-10-07T21:07:58.4086740Z 4.6 You agree that you are solely responsible for (and that Google has no responsibility to you or to any third party for) any breach of your obligations under this License Agreement, any applicable third party contract or Terms of Service, or any applicable law or regulation, and for the consequences (including any loss or damage which Google or any third party may suffer) of any such breach.
2026-10-07T21:07:58.4087954Z 
2026-10-07T21:07:58.4087959Z 
2026-10-07T21:07:58.4089087Z 4.7 The GDK is in development, and your testing and feedback are an important part of the development process. By using the GDK, you acknowledge that implementation of some features are still under development and that you should not rely on the GDK, Glass devices, Glass system software, Google Mirror API, or Glass services having the full functionality of a stable release.
2026-10-07T21:07:58.4090393Z 
2026-10-07T21:07:58.4090498Z 5. Your Developer Credentials
2026-10-07T21:07:58.4090668Z 
2026-10-07T21:07:58.4091517Z 5.1 You agree that you are responsible for maintaining the confidentiality of any developer credentials that may be issued to you by Google or which you may choose yourself and that you will be solely responsible for all applications that are developed under your developer credentials.
2026-10-07T21:07:58.4092427Z 
2026-10-07T21:07:58.4092534Z 6. Privacy and Information
2026-10-07T21:07:58.4092682Z 
2026-10-07T21:07:58.4092687Z 
2026-10-07T21:07:58.4094120Z 6.1 In order to continually innovate and improve the GDK, Google may collect certain usage statistics from the software including but not limited to a unique identifier, associated IP address, version number of the software, and information on which tools and/or services in the GDK are being used and how they are being used. Before any of this information is collected, the GDK will notify you and seek your consent. If you withhold consent, the information will not be collected.
2026-10-07T21:07:58.4095595Z 
2026-10-07T21:07:58.4096068Z 6.2 The data collected is examined in the aggregate to improve the GDK and is maintained in accordance with Google's Privacy Policy.
2026-10-07T21:07:58.4096518Z 
2026-10-07T21:07:58.4096625Z 7. Third Party Applications
2026-10-07T21:07:58.4096778Z 
2026-10-07T21:07:58.4098558Z 7.1 If you use the GDK to run applications developed by a third party or that access data, content or resources provided by a third party, you agree that Google is not responsible for those applications, data, content, or resources. You understand that all data, content or resources which you may access through such third party applications are the sole responsibility of the person from which they originated and that Google is not liable for any loss or damage that you may experience as a result of the use or access of any of those third party applications, data, content, or resources.
2026-10-07T21:07:58.4100343Z 
2026-10-07T21:07:58.4101782Z 7.2 You should be aware the data, content, and resources presented to you through such a third party application may be protected by intellectual property rights which are owned by the providers (or by other persons or companies on their behalf). You may not modify, rent, lease, loan, sell, distribute or create derivative works based on these data, content, or resources (either in whole or in part) unless you have been specifically given permission to do so by the relevant owners.
2026-10-07T21:07:58.4103252Z 
2026-10-07T21:07:58.4104173Z 7.3 You acknowledge that your use of such third party applications, data, content, or resources may be subject to separate terms between you and the relevant third party. In that case, this License Agreement does not affect your legal relationship with these third parties.
2026-10-07T21:07:58.4105056Z 
2026-10-07T21:07:58.4105146Z 8. Using Google APIs
2026-10-07T21:07:58.4105292Z 
2026-10-07T21:07:58.4105379Z 8.1 Google APIs
2026-10-07T21:07:58.4105508Z 
2026-10-07T21:07:58.4107291Z 8.1.1 If you use any API to retrieve data from Google, you acknowledge that the data may be protected by intellectual property rights which are owned by Google or those parties that provide the data (or by other persons or companies on their behalf). Your use of any such API may be subject to additional Terms of Service. You may not modify, rent, lease, loan, sell, distribute or create derivative works based on this data (either in whole or in part) unless allowed by the relevant Terms of Service.
2026-10-07T21:07:58.4108804Z 
2026-10-07T21:07:58.4109533Z 8.1.2 If you use any API to retrieve a user's data from Google, you acknowledge and agree that you shall retrieve data only with the user's explicit consent and only when, and for the limited purposes for which, the user has given you permission to do so.
2026-10-07T21:07:58.4110477Z 
2026-10-07T21:07:58.4110590Z 9. Terminating this License Agreement
2026-10-07T21:07:58.4110777Z 
2026-10-07T21:07:58.4111091Z 9.1 This License Agreement will continue to apply until terminated by either you or Google as set out below.
2026-10-07T21:07:58.4111477Z 
2026-10-07T21:07:58.4111854Z 9.2 If you want to terminate this License Agreement, you may do so by ceasing your use of the GDK and any relevant developer credentials.
2026-10-07T21:07:58.4112308Z 
2026-10-07T21:07:58.4114195Z 9.3 Google may at any time, terminate this License Agreement with you if: (A) you have breached any provision of this License Agreement; or (B) Google is required to do so by law; or (C) the partner with whom Google offered certain parts of GDK (such as APIs) to you has terminated its relationship with Google or ceased to offer certain parts of the GDK to you; or (D) Google decides to no longer provide the GDK or certain parts of the GDK to users in the country in which you are resident or from which you use the service, or the provision of the GDK or certain GDK services to you by Google is, in Google's sole discretion, no longer commercially viable.
2026-10-07T21:07:58.4116347Z 
2026-10-07T21:07:58.4117696Z 9.4 When this License Agreement comes to an end, all of the legal rights, obligations and liabilities that you and Google have benefited from, been subject to (or which have accrued over time whilst this License Agreement has been in force) or which are expressed to continue indefinitely, shall be unaffected by this cessation, and the provisions of paragraph 14.7 shall continue to apply to such rights, obligations and liabilities indefinitely.
2026-10-07T21:07:58.4119071Z 
2026-10-07T21:07:58.4119172Z 10. DISCLAIMER OF WARRANTIES
2026-10-07T21:07:58.4119338Z 
2026-10-07T21:07:58.4119844Z 10.1 YOU EXPRESSLY UNDERSTAND AND AGREE THAT YOUR USE OF THE GDK IS AT YOUR SOLE RISK AND THAT THE GDK IS PROVIDED "AS IS" AND "AS AVAILABLE" WITHOUT WARRANTY OF ANY KIND FROM GOOGLE.
2026-10-07T21:07:58.4120423Z 
2026-10-07T21:07:58.4121186Z 10.2 YOUR USE OF THE GDK AND ANY MATERIAL DOWNLOADED OR OTHERWISE OBTAINED THROUGH THE USE OF THE GDK IS AT YOUR OWN DISCRETION AND RISK AND YOU ARE SOLELY RESPONSIBLE FOR ANY DAMAGE TO YOUR COMPUTER SYSTEM OR OTHER DEVICE OR LOSS OF DATA THAT RESULTS FROM SUCH USE.
2026-10-07T21:07:58.4122009Z 
2026-10-07T21:07:58.4122780Z 10.3 GOOGLE FURTHER EXPRESSLY DISCLAIMS ALL WARRANTIES AND CONDITIONS OF ANY KIND, WHETHER EXPRESS OR IMPLIED, INCLUDING, BUT NOT LIMITED TO THE IMPLIED WARRANTIES AND CONDITIONS OF MERCHANTABILITY, FITNESS FOR A PARTICULAR PURPOSE AND NON-INFRINGEMENT.
2026-10-07T21:07:58.4123618Z 
2026-10-07T21:07:58.4123716Z 11. LIMITATION OF LIABILITY
2026-10-07T21:07:58.4123875Z 
2026-10-07T21:07:58.4125310Z 11.1 YOU EXPRESSLY UNDERSTAND AND AGREE THAT GOOGLE, ITS SUBSIDIARIES AND AFFILIATES, AND ITS LICENSORS SHALL NOT BE LIABLE TO YOU UNDER ANY THEORY OF LIABILITY FOR ANY DIRECT, INDIRECT, INCIDENTAL, SPECIAL, CONSEQUENTIAL OR EXEMPLARY DAMAGES THAT MAY BE INCURRED BY YOU, INCLUDING ANY LOSS OF DATA, WHETHER OR NOT GOOGLE OR ITS REPRESENTATIVES HAVE BEEN ADVISED OF OR SHOULD HAVE BEEN AWARE OF THE POSSIBILITY OF ANY SUCH LOSSES ARISING.
2026-10-07T21:07:58.4126836Z 
2026-10-07T21:07:58.4126991Z 12. Indemnification
2026-10-07T21:07:58.4127189Z 
2026-10-07T21:07:58.4129519Z 12.1 To the maximum extent permitted by law, you agree to defend, indemnify and hold harmless Google, its affiliates and their respective directors, officers, employees and agents from and against any and all claims, actions, suits or proceedings, as well as any and all losses, liabilities, damages, costs and expenses (including reasonable attorneys fees) arising out of or accruing from (a) your use of the GDK, (b) any application you develop on the GDK that infringes any copyright, trademark, trade secret, trade dress, patent or other intellectual property right of any person or defames any person or violates their rights of publicity or privacy, and (c) any non-compliance by you with this License Agreement.
2026-10-07T21:07:58.4131857Z 
2026-10-07T21:07:58.4131976Z 13. Changes to the License Agreement
2026-10-07T21:07:58.4132155Z 
2026-10-07T21:07:58.4132852Z 13.1 Google may make changes to the License Agreement as it distributes new versions of the GDK. When these changes are made, Google will make a new version of the License Agreement available on the website where the GDK is made available.
2026-10-07T21:07:58.4133613Z 
2026-10-07T21:07:58.4133703Z 14. General Legal Terms
2026-10-07T21:07:58.4133848Z 
2026-10-07T21:07:58.4134753Z 14.1 This License Agreement constitutes the whole legal agreement between you and Google and governs your use of the GDK (excluding any services which Google may provide to you under a separate written agreement), and completely replaces any prior agreements between you and Google in relation to the GDK.
2026-10-07T21:07:58.4135734Z 
2026-10-07T21:07:58.4136789Z 14.2 You agree that if Google does not exercise or enforce any legal right or remedy which is contained in this License Agreement (or which Google has the benefit of under any applicable law), this will not be taken to be a formal waiver of Google's rights and that those rights or remedies will still be available to Google.
2026-10-07T21:07:58.4137790Z 
2026-10-07T21:07:58.4138841Z 14.3 If any court of law, having the jurisdiction to decide on this matter, rules that any provision of this License Agreement is invalid, then that provision will be removed from this License Agreement without affecting the rest of this License Agreement. The remaining provisions of this License Agreement will continue to be valid and enforceable.
2026-10-07T21:07:58.4139937Z 
2026-10-07T21:07:58.4141266Z 14.4 You acknowledge and agree that each member of the group of companies of which Google is the parent shall be third party beneficiaries to this License Agreement and that such other companies shall be entitled to directly enforce, and rely upon, any provision of this License Agreement that confers a benefit on (or rights in favor of) them. Other than this, no other person or company shall be third party beneficiaries to this License Agreement.
2026-10-07T21:07:58.4142643Z 
2026-10-07T21:07:58.4143440Z 14.5 EXPORT RESTRICTIONS. THE GDK IS SUBJECT TO UNITED STATES EXPORT LAWS AND REGULATIONS. YOU MUST COMPLY WITH ALL DOMESTIC AND INTERNATIONAL EXPORT LAWS AND REGULATIONS THAT APPLY TO THE GDK. THESE LAWS INCLUDE RESTRICTIONS ON DESTINATIONS, END USERS AND END USE.
2026-10-07T21:07:58.4144293Z 
2026-10-07T21:07:58.4145313Z 14.6 The rights granted in this License Agreement may not be assigned or transferred by either you or Google without the prior written approval of the other party. Neither you nor Google shall be permitted to delegate their responsibilities or obligations under this License Agreement without the prior written approval of the other party.
2026-10-07T21:07:58.4146625Z 
2026-10-07T21:07:58.4148477Z 14.7 This License Agreement, and your relationship with Google under this License Agreement, shall be governed by the laws of the State of California without regard to its conflict of laws provisions. You and Google agree to submit to the exclusive jurisdiction of the courts located within the county of Santa Clara, California to resolve any legal matter arising from this License Agreement. Notwithstanding this, you agree that Google shall still be allowed to apply for injunctive remedies (or an equivalent type of urgent legal relief) in any jurisdiction.
2026-10-07T21:07:58.4150278Z 
2026-10-07T21:07:58.4150371Z November 19, 2013
2026-10-07T21:07:58.4150600Z ---------------------------------------
2026-10-07T21:07:58.4150868Z Accept? (y/N): 
2026-10-07T21:07:58.4151122Z 6/6: License mips-android-sysimage-license:
2026-10-07T21:07:58.4151422Z ---------------------------------------
2026-10-07T21:07:58.4153601Z MIPS Technologies, Inc. (“MIPS”) Internal Evaluation License Agreement for MIPS Android™ System Images for Android Software Development Kit (SDK): This Internal Evaluation License Agreement (this "Agreement") is entered into by and between MIPS and you (as an individual developer or a legal entity -- identified below as “Recipient”). MIPS shall make the Evaluation Software available to Recipient as described in accordance with the terms and conditions set forth below.
2026-10-07T21:07:58.4155261Z 
2026-10-07T21:07:58.4157363Z By clicking on the “Accept” button, downloading, installing, or otherwise using the Evaluation Materials (defined below), you agree to be bound by the terms of this Agreement effective as of the date you click “Accept” (the “Effective Date”), and if doing so on behalf of an entity, you represent that you are authorized to bind the entity to the terms and conditions of this Agreement. If you do not agree to be bound by the terms and conditions of this Agreement, do not download, install, or use the Evaluation Materials.
2026-10-07T21:07:58.4159600Z 
2026-10-07T21:07:58.4159814Z 1. DEFINITIONS. These terms shall have the following meanings:
2026-10-07T21:07:58.4160084Z 
2026-10-07T21:07:58.4160704Z 1.1 “MIPS” shall mean MIPS Technologies, Inc., a Delaware corporation having a principal place of business at: 955 East Arques Ave., Sunnyvale, CA 94085
2026-10-07T21:07:58.4161231Z 
2026-10-07T21:07:58.4161794Z 1.2 “Evaluation Software” shall mean MIPS Android™ emulator system images for Android Software Development Kit (SDK), as made available to Recipient.
2026-10-07T21:07:58.4162325Z 
2026-10-07T21:07:58.4163462Z 1.3 “Evaluation Materials" means, collectively, the Evaluation Software (in source and/or object code form) and documentation (including, without limitation, any design documents, specifications, reference manuals, and other related materials) related to the Evaluation Software as made available to Recipient.
2026-10-07T21:07:58.4164492Z 
2026-10-07T21:07:58.4168360Z 1.4 “Open Source Software” means any software that requires (as a condition of use, modification and/or distribution of such software) that such software or other software incorporated into, derived from or distributed with such software (a) be disclosed or distributed in source code form; or (b) be licensed by the user to third parties for the purpose of making and/or distributing derivative works; or (c) be redistributable at no charge. Open Source Software includes, without limitation, software licensed or distributed under any of the following licenses or distribution models, or licenses or distribution models substantially similar to any of the following: (a) GNU’s General Public License (GPL) or Lesser/Library GPL (LGPL), (b) the Artistic License (e.g., PERL), (c) the Mozilla Public License, (d) the Netscape Public License, (e) the Sun Community Source License (SCSL), (f) the Sun Industry Source License (SISL), (g) the Apache Software license and (h) the Common Public License (CPL).
2026-10-07T21:07:58.4171482Z 
2026-10-07T21:07:58.4172774Z 1.5 “Pre-Release Materials” means “alpha” or “beta” designated pre-release features, which may not be fully functional, which MIPS may substantially modify in producing any production version of the Evaluation Materials, and/or which is still under development by MIPS and/or MIPS’ suppliers.
2026-10-07T21:07:58.4173775Z 
2026-10-07T21:07:58.4175543Z 2. PURPOSE. MIPS desires to make the Evaluation Materials available to Recipient solely for Recipient's internal evaluation of the Evaluation Software to evaluate the desirability of cooperating with MIPS in developing products that are compatible with the Evaluation Software and/or to advise MIPS as to possible modifications to the Evaluation Software. Recipient may not disclose, distribute, modify (except to facilitate the above-mentioned internal evaluation), or make commercial use of the Evaluation Materials or any modifications of the Evaluation Materials.
2026-10-07T21:07:58.4177560Z 
2026-10-07T21:07:58.4178905Z THE EVALUATION MATERIALS ARE PROVIDED FOR EVALUATION PURPOSES ONLY AND MAY NOT BE MODIFIED (EXCEPT TO FACILITATE THE INTERNAL EVALUATION) OR DISTRIBUTED BY RECIPIENT OR INCORPORATED INTO RECIPIENT’S PRODUCTS OR SOFTWARE. PLEASE CONTACT A MIPS SALES REPRESENTATIVE TO LEARN ABOUT THE AVAILABILITY AND COST OF A COMMERCIAL VERSION OF THE EVALUATION SOFTWARE.
2026-10-07T21:07:58.4180225Z 
2026-10-07T21:07:58.4181184Z 3. TITLE. Title to the Evaluation Materials remains with MIPS or its suppliers. Recipient shall not mortgage, pledge or encumber the Evaluation Materials in any way. Recipient shall return all Evaluation Materials, keeping no copies, upon termination or expiration of this Agreement.
2026-10-07T21:07:58.4182625Z 
2026-10-07T21:07:58.4187382Z 4. LICENSE. MIPS grants Recipient a royalty-free, personal, nontransferable, nonexclusive license under its copyrights to use the Evaluation Software only for the purposes described in paragraph 2 above and only for a period beginning on the Effective Date and extending to the first anniversary of the Effective Date (the “Evaluation Period”). Unless otherwise communicated in writing by MIPS to Recipient, to the extent the Evaluation Software is provided in more than one delivery or release (each, a “Release”) the license grant in this Section 4 and the Evaluation Period shall apply to each Release, in which case the Evaluation Period shall begin on the date that the Release is made generally available and continue to the first anniversary of such date. Recipient may not make modifications to the Evaluation Software. Recipient shall not disassemble, reverse-engineer, or decompile any software that is not provided to Recipient in source code form.
2026-10-07T21:07:58.4190418Z 
2026-10-07T21:07:58.4190423Z 
2026-10-07T21:07:58.4191454Z EXCEPT AS PROVIDED HEREIN, NO OTHER LICENSE, EXPRESS OR IMPLIED, BY ESTOPPEL OR OTHERWISE, TO ANY OTHER MIPS INTELLECTUAL PROPERTY RIGHTS IS GRANTED TO THE RECIPIENT. OTHER THAN AS EXPLICITLY SET FORTH IN PARAGRAPH 2 ABOVE, NO RIGHT TO COPY, TO REPRODUCE, TO MODIFY, OR TO CREATE DERIVATIVE WORKS OF, THE EVALUATION MATERIALS IS GRANTED HEREIN.
2026-10-07T21:07:58.4192557Z 
2026-10-07T21:07:58.4193343Z 5. NO OBLIGATION. Recipient shall have no duty to purchase or license any product from MIPS. MIPS and its suppliers shall have no obligation to provide support for, or develop a non-evaluation version of, the Evaluation Software or to license any version of it.
2026-10-07T21:07:58.4194190Z 
2026-10-07T21:07:58.4198201Z 6. MODIFICATIONS. This Agreement does not obligate Recipient to provide MIPS with comments or suggestions regarding Evaluation Materials. However, should Recipient provide MIPS with comments or suggestions for the modification, correction, improvement or enhancement of (a) the Evaluation Materials or (b) MIPS products or processes which may embody the Evaluation Materials, then Recipient agrees to grant and hereby grants to MIPS a non-exclusive, irrevocable, worldwide, fully paid-up, royalty-free license, with the right to sublicense MIPS’ licensees and customers, under Recipient’s Intellectual property rights, to use and disclose such comments and suggestions in any manner MIPS chooses and to display, perform, copy, make, have made, use, sell, offer to sell, import, and otherwise dispose of MIPS’ and its sublicensee’s products embodying such comments and suggestions in any manner and via any media MIPS chooses, without reference to the source.
2026-10-07T21:07:58.4201260Z 
2026-10-07T21:07:58.4202897Z 7. WARRANTY DISCLAIMER. MIPS AND ITS SUPPLIERS MAKE NO WARRANTIES WITH RESPECT TO EVALUATION MATERIALS, EITHER EXPRESS OR IMPLIED, INCLUDING ANY IMPLIED WARRANTIES OF MERCHANTABILITY OR FITNESS FOR A PARTICULAR PURPOSE, OR ANY IMPLIED WARRANTY OF NONINFRINGEMENT WITH RESPECT TO THIRD PARTY INTELLECTUAL PROPERTY. RECIPIENT ACKNOWLEDGES AND AGREES THAT THE EVALUATION MATERIALS ARE PROVIDED “AS IS,” WITHOUT WARRANTY OF ANY KIND.
2026-10-07T21:07:58.4204293Z 
2026-10-07T21:07:58.4206288Z 8. LIMITATION OF LIABILITY. MIPS AND ITS SUPPLIERS SHALL NOT BE LIABLE FOR ANY PROPERTY DAMAGE, PERSONAL INJURY, LOSS OF PROFITS, INTERRUPTION OF BUSINESS OR FOR ANY DIRECT, INDIRECT, SPECIAL, CONSEQUENTIAL OR INCIDENTAL DAMAGES, HOWEVER CAUSED OR ALLEGED, WHETHER FOR BREACH OF WARRANTY, CONTRACT, STRICT LIABILITY OR OTHERWISE, INCLUDING WITHOUT LIMITATION, UNDER TORT OR OTHER LEGAL THEORY. MIPS AND ITS SUPPLIERS DISCLAIM ANY AND ALL LIABILITY, INCLUDING LIABILITY FOR INFRINGEMENT OF ANY INTELLECTUAL PROPERTY RIGHTS OF ANY KIND RELATING TO THE EVALUATION MATERIALS.
2026-10-07T21:07:58.4208654Z 
2026-10-07T21:07:58.4209455Z 9. EXPIRATION. MIPS may terminate this Agreement immediately after a breach by Recipient or otherwise at MIPS’ reasonable discretion and upon five (5) business days’ notice to Recipient.
2026-10-07T21:07:58.4210438Z 
2026-10-07T21:07:58.4210563Z 10. GENERAL.
2026-10-07T21:07:58.4210738Z 
2026-10-07T21:07:58.4215484Z 10.1 Controlling Law. This Agreement shall be governed by California law excluding its choice of law rules. With the exception of MIPS’ rights to enforce its intellectual property rights and any confidentiality obligations under this Agreement or any licenses distributed with the Evaluation Materials, all disputes and any claims arising under or relating to this Agreement shall be subject to the exclusive jurisdiction and venue of the state and federal courts located in Santa Clara County, California. Each party hereby agrees to jurisdiction and venue in the courts set forth in the preceding sentence. The parties agree that the United Nations Convention on Contracts for the International Sale of Goods is specifically excluded from application to this Agreement. The parties consent to the personal jurisdiction of the above courts.
2026-10-07T21:07:58.4220800Z 
2026-10-07T21:07:58.4223729Z 10.2 Remedies. Recipient acknowledges and agrees that any breach of confidentiality obligations under this Agreement or any licenses distributed with the Evaluation Materials, as well as any disclosure, commercialization, or public use of the Evaluation Materials, would cause irreparable injury to MIPS, and therefore Recipient agrees to consent to, and hereby consents to, the grant of an injunction by any court of competent jurisdiction in the event of an actual or threatened breach.
2026-10-07T21:07:58.4226769Z 
2026-10-07T21:07:58.4230309Z 10.3 Assignment. Recipient may not delegate, assign or transfer this Agreement, the license granted or any of Recipient’s rights, obligations, or duties hereunder, expressly, by implication, by operation of law, by way of merger (regardless of whether Recipient is the surviving entity) or acquisition, or otherwise and any attempt to do so, without MIPS’ express prior written consent, shall be ineffective, null and void. MIPS may freely assign this Agreement, and its rights and obligations hereunder, in its sole discretion.
2026-10-07T21:07:58.4233372Z 
2026-10-07T21:07:58.4236465Z 10.4 Entire Agreement. This Agreement constitutes the entire agreement between Recipient and MIPS and supersedes in their entirety any and all oral or written agreements previously existing between Recipient and MIPS with respect to the subject matter hereof. This Agreement may only be amended or supplemented by a writing that refers explicitly to this Agreement and that is signed or otherwise accepted by duly authorized representatives of Recipient and MIPS.
2026-10-07T21:07:58.4239293Z 
2026-10-07T21:07:58.4241880Z 10.5 Severability. In the event that any provision of this Agreement is finally adjudicated to be unenforceable or invalid under any applicable law, such unenforceability or invalidity shall not render this Agreement unenforceable or invalid as a whole, and, in such event, such unenforceable or invalid provision shall be interpreted so as to best accomplish the objectives of such provision within the limits of applicable law or applicable court decisions.
2026-10-07T21:07:58.4244602Z 
2026-10-07T21:07:58.4253890Z 10.6 Export Regulations / Export Control. Recipient shall not export, either directly or indirectly, any product, service or technical data or system incorporating the Evaluation Materials without first obtaining any required license or other necessary approval from the U.S. Department of Commerce or any other governing agency or department of the United States Government. In the event any product is exported from the United States or re-exported from a foreign destination by Recipient, Recipient shall ensure that the distribution and export/re-export or import of the product is in compliance with all applicable laws, regulations, orders, or other restrictions of the U.S. Export Administration Regulations and the appropriate foreign government. Recipient agrees that neither it nor any of its subsidiaries will export/re-export any technical data, process, product, or service, directly or indirectly, to any country for which the United States government or any agency thereof or the foreign government from where it is shipping requires an export license, or other governmental approval, without first obtaining such license or approval. Recipient also agrees to implement measures to ensure that foreign national employees are authorized to receive any information controlled by U.S. export control laws. An export is "deemed" to take place when information is released to a foreign national wherever located.
2026-10-07T21:07:58.4265183Z 
2026-10-07T21:07:58.4270304Z 10.7 Special Terms for Pre-Release Materials. If so indicated in the description of the Evaluation Software, the Evaluation Software may contain Pre-Release Materials. Recipient hereby understands, acknowledges and agrees that: (i) Pre-Release Materials may not be fully tested and may contain bugs or errors; (ii) Pre-Release materials are not suitable for commercial release in their current state; (iii) regulatory approvals for Pre-Release Materials (such as UL or FCC) have not been obtained, and Pre-Release Materials may therefore not be certified for use in certain countries or environments or may not be suitable for certain applications and (iv) MIPS can provide no assurance that it will ever produce or make generally available a production version of the Pre-Release Materials . MIPS is not under any obligation to develop and/or release or offer for sale or license a final product based upon the Pre-Release Materials and may unilaterally elect to abandon the Pre-Release Materials or any such development platform at any time and without any obligation or liability whatsoever to Recipient or any other person.
2026-10-07T21:07:58.4274124Z 
2026-10-07T21:07:58.4274967Z ANY PRE-RELEASE MATERIALS ARE NON-QUALIFIED AND, AS SUCH, ARE PROVIDED “AS IS” AND “AS AVAILABLE”, POSSIBLY WITH FAULTS, AND WITHOUT REPRESENTATION OR WARRANTY OF ANY KIND.
2026-10-07T21:07:58.4275608Z 
2026-10-07T21:07:58.4278089Z 10.8 Open Source Software. In the event Open Source software is included with Evaluation Software, such Open Source software is licensed pursuant to the applicable Open Source software license agreement identified in the Open Source software comments in the applicable source code file(s) and/or file header as indicated in the Evaluation Software. Additional detail may be available (where applicable) in the accompanying on-line documentation. With respect to the Open Source software, nothing in this Agreement limits any rights under, or grants rights that supersede, the terms of any applicable Open Source software license agreement.
2026-10-07T21:07:58.4280230Z ---------------------------------------
2026-10-07T21:07:58.4280559Z Accept? (y/N): All SDK package licenses accepted
2026-10-07T21:07:58.4280777Z 
2026-10-07T21:07:58.4281027Z [command]/usr/local/lib/android/sdk/cmdline-tools/22.0/bin/sdkmanager platform-tools
2026-10-07T21:07:58.4819514Z WARNING: The SDK Manager CLI tool (sdkmanager) is deprecated. Use Android CLI instead.
2026-10-07T21:07:58.4821088Z The 'android' binary can also be found in the cmdline-tools directory, and 'android sdk' is the replacement for 'sdkmanager'.
2026-10-07T21:07:58.4822979Z To learn more about the Android CLI and how to use it, see the documentation (https://d.android.com/tools/agents/android-cli)
2026-10-07T21:07:58.4824126Z 
2026-10-07T21:07:59.2605084Z Loading package information...                                                  
2026-10-07T21:07:59.3451478Z Loading local repository...                                                     
2026-10-07T21:07:59.3452650Z [                                       ] 3% Loading local repository...        
2026-10-07T21:07:59.3549875Z [                                       ] 3% Fetch remote repository...         
2026-10-07T21:07:59.6829386Z [=                                      ] 3% Fetch remote repository...         
2026-10-07T21:07:59.7510782Z [=                                      ] 4% Fetch remote repository...         
2026-10-07T21:07:59.7847534Z [=                                      ] 5% Fetch remote repository...         
2026-10-07T21:07:59.8245362Z [==                                     ] 5% Fetch remote repository...         
2026-10-07T21:07:59.8931965Z [==                                     ] 6% Fetch remote repository...         
2026-10-07T21:07:59.9390538Z [==                                     ] 7% Fetch remote repository...         
2026-10-07T21:07:59.9416961Z [==                                     ] 7% Computing updates...               
2026-10-07T21:07:59.9525845Z [===                                    ] 8% Computing updates...               
2026-10-07T21:07:59.9685446Z [===                                    ] 10% Computing updates...              
2026-10-07T21:07:59.9686758Z [=======================================] 100% Computing updates...             
2026-10-07T21:07:59.9688126Z 
2026-10-07T21:08:00.0097281Z ##[group]Run sdkmanager --install 'platform-tools' 'platforms;android-35' 'build-tools;35.0.1' 'platforms;android-36' 'build-tools;36.1.0'
2026-10-07T21:08:00.0098308Z [36;1msdkmanager --install 'platform-tools' 'platforms;android-35' 'build-tools;35.0.1' 'platforms;android-36' 'build-tools;36.1.0'[0m
2026-10-07T21:08:00.0340630Z shell: /usr/bin/bash -e {0}
2026-10-07T21:08:00.0340945Z env:
2026-10-07T21:08:00.0341293Z   JAVA_HOME: /opt/hostedtoolcache/Java_Temurin-Hotspot_jdk/17.0.20-1/x64
2026-10-07T21:08:00.0341833Z   JAVA_HOME_17_X64: /opt/hostedtoolcache/Java_Temurin-Hotspot_jdk/17.0.20-1/x64
2026-10-07T21:08:00.0342220Z   MAVEN_ARGS: -ntp
2026-10-07T21:08:00.0342466Z   ANDROID_HOME: /usr/local/lib/android/sdk
2026-10-07T21:08:00.0342788Z   ANDROID_SDK_ROOT: /usr/local/lib/android/sdk
2026-10-07T21:08:00.0343078Z ##[endgroup]
2026-10-07T21:08:00.1478628Z WARNING: The SDK Manager CLI tool (sdkmanager) is deprecated. Use Android CLI instead.
2026-10-07T21:08:00.1489824Z The 'android' binary can also be found in the cmdline-tools directory, and 'android sdk' is the replacement for 'sdkmanager'.
2026-10-07T21:08:00.1497456Z To learn more about the Android CLI and how to use it, see the documentation (https://d.android.com/tools/agents/android-cli)
2026-10-07T21:08:00.1516988Z 
2026-10-07T21:08:00.9517914Z Loading package information...                                                  
2026-10-07T21:08:01.0546742Z Loading local repository...                                                     
2026-10-07T21:08:01.0551036Z [                                       ] 3% Loading local repository...        
2026-10-07T21:08:01.0649910Z [                                       ] 3% Fetch remote repository...         
2026-10-07T21:08:01.4218538Z [=                                      ] 3% Fetch remote repository...         
2026-10-07T21:08:01.4974355Z [=                                      ] 4% Fetch remote repository...         
2026-10-07T21:08:01.5406958Z [=                                      ] 5% Fetch remote repository...         
2026-10-07T21:08:01.5863210Z [==                                     ] 5% Fetch remote repository...         
2026-10-07T21:08:01.6575225Z [==                                     ] 6% Fetch remote repository...         
2026-10-07T21:08:01.7347674Z [==                                     ] 7% Fetch remote repository...         
2026-10-07T21:08:01.7367512Z [==                                     ] 7% Computing updates...               
2026-10-07T21:08:01.7458256Z [===                                    ] 8% Computing updates...               
2026-10-07T21:08:01.7534489Z [===                                    ] 10% Computing updates...              
2026-10-07T21:08:01.7535764Z [=======================================] 100% Computing updates...             
2026-10-07T21:08:01.7536830Z 
2026-10-07T21:08:01.7798809Z ##[group]Run mkdir -p "$RUNNER_TEMP/godot" "$HOME/.local/share/godot/export_templates/4.7.2.stable"
2026-10-07T21:08:01.7799504Z [36;1mmkdir -p "$RUNNER_TEMP/godot" "$HOME/.local/share/godot/export_templates/4.7.2.stable"[0m
2026-10-07T21:08:01.7800071Z [36;1mcurl --fail --location --retry 3 --output "$RUNNER_TEMP/godot/godot.zip" \[0m
2026-10-07T21:08:01.7800801Z [36;1m  https://github.com/godotengine/godot-builds/releases/download/4.7.2-stable/Godot_v4.7.2-stable_linux.x86_64.zip[0m
2026-10-07T21:08:01.7801495Z [36;1munzip -q "$RUNNER_TEMP/godot/godot.zip" -d "$RUNNER_TEMP/godot"[0m
2026-10-07T21:08:01.7802085Z [36;1msudo install -m 0755 "$RUNNER_TEMP/godot/Godot_v4.7.2-stable_linux.x86_64" /usr/local/bin/godot[0m
2026-10-07T21:08:01.7802707Z [36;1mcurl --fail --location --retry 3 --output "$RUNNER_TEMP/godot/templates.tpz" \[0m
2026-10-07T21:08:01.7803470Z [36;1m  https://github.com/godotengine/godot-builds/releases/download/4.7.2-stable/Godot_v4.7.2-stable_export_templates.tpz[0m
2026-10-07T21:08:01.7804160Z [36;1munzip -q "$RUNNER_TEMP/godot/templates.tpz" -d "$RUNNER_TEMP/godot/templates"[0m
2026-10-07T21:08:01.7804787Z [36;1mcp "$RUNNER_TEMP/godot/templates/templates/"* "$HOME/.local/share/godot/export_templates/4.7.2.stable/"[0m
2026-10-07T21:08:01.7875007Z shell: /usr/bin/bash -e {0}
2026-10-07T21:08:01.7875276Z env:
2026-10-07T21:08:01.7875598Z   JAVA_HOME: /opt/hostedtoolcache/Java_Temurin-Hotspot_jdk/17.0.20-1/x64
2026-10-07T21:08:01.7876310Z   JAVA_HOME_17_X64: /opt/hostedtoolcache/Java_Temurin-Hotspot_jdk/17.0.20-1/x64
2026-10-07T21:08:01.7876698Z   MAVEN_ARGS: -ntp
2026-10-07T21:08:01.7876965Z   ANDROID_HOME: /usr/local/lib/android/sdk
2026-10-07T21:08:01.7877269Z   ANDROID_SDK_ROOT: /usr/local/lib/android/sdk
2026-10-07T21:08:01.7877553Z ##[endgroup]
2026-10-07T21:08:01.8060948Z   % Total    % Received % Xferd  Average Speed   Time    Time     Time  Current
2026-10-07T21:08:01.8061874Z                                  Dload  Upload   Total   Spent    Left  Speed
2026-10-07T21:08:01.8062263Z 
2026-10-07T21:08:01.9280163Z   0     0    0     0    0     0      0      0 --:--:-- --:--:-- --:--:--     0
2026-10-07T21:08:01.9280932Z   0     0    0     0    0     0      0      0 --:--:-- --:--:-- --:--:--     0
2026-10-07T21:08:02.0340258Z 
2026-10-07T21:08:02.2096950Z  18 74.2M   18 13.7M    0     0  60.1M      0  0:00:01 --:--:--  0:00:01 60.1M
2026-10-07T21:08:02.2097594Z 100 74.2M  100 74.2M    0     0   183M      0 --:--:-- --:--:-- --:--:--  345M
2026-10-07T21:08:03.3796577Z   % Total    % Received % Xferd  Average Speed   Time    Time     Time  Current
2026-10-07T21:08:03.3797462Z                                  Dload  Upload   Total   Spent    Left  Speed
2026-10-07T21:08:03.3799394Z 
2026-10-07T21:08:03.5487696Z   0     0    0     0    0     0      0      0 --:--:-- --:--:-- --:--:--     0
2026-10-07T21:08:03.5488520Z   0     0    0     0    0     0      0      0 --:--:-- --:--:-- --:--:--     0
2026-10-07T21:08:04.0321563Z 
2026-10-07T21:08:05.0378774Z  14 1221M   14  180M    0     0   277M      0  0:00:04 --:--:--  0:00:04  277M
2026-10-07T21:08:06.0308545Z  49 1221M   49  598M    0     0   361M      0  0:00:03  0:00:01  0:00:02  415M
2026-10-07T21:08:06.4112899Z  86 1221M   86 1051M    0     0   396M      0  0:00:03  0:00:02  0:00:01  435M
2026-10-07T21:08:06.4113584Z 100 1221M  100 1221M    0     0   403M      0  0:00:03  0:00:03 --:--:--  437M
2026-10-07T21:08:24.5165487Z ##[group]Run mkdir -p "$HOME/.config/godot" "$HOME/.android"
2026-10-07T21:08:24.5166341Z [36;1mmkdir -p "$HOME/.config/godot" "$HOME/.android"[0m
2026-10-07T21:08:24.5167057Z [36;1mkeytool -genkeypair -keystore "$RUNNER_TEMP/debug.keystore" -storepass android \[0m
2026-10-07T21:08:24.5168345Z [36;1m  -alias androiddebugkey -keypass android -keyalg RSA -keysize 2048 -validity 10000 \[0m
2026-10-07T21:08:24.5169156Z [36;1m  -dname 'CN=Android Debug,O=Android,C=US'[0m
2026-10-07T21:08:24.5169760Z [36;1mcat > "$HOME/.config/godot/editor_settings-4.7.tres" <<EOF[0m
2026-10-07T21:08:24.5170383Z [36;1m[gd_resource type="EditorSettings" format=3][0m
2026-10-07T21:08:24.5170854Z [36;1m[0m
2026-10-07T21:08:24.5171142Z [36;1m[resource][0m
2026-10-07T21:08:24.5171458Z [36;1m[0m
2026-10-07T21:08:24.5171789Z [36;1mexport/android/java_sdk_path = "$JAVA_HOME"[0m
2026-10-07T21:08:24.5172307Z [36;1mexport/android/android_sdk_path = "$ANDROID_HOME"[0m
2026-10-07T21:08:24.5172824Z [36;1mEOF[0m
2026-10-07T21:08:24.5263727Z shell: /usr/bin/bash -e {0}
2026-10-07T21:08:24.5264142Z env:
2026-10-07T21:08:24.5264650Z   JAVA_HOME: /opt/hostedtoolcache/Java_Temurin-Hotspot_jdk/17.0.20-1/x64
2026-10-07T21:08:24.5265459Z   JAVA_HOME_17_X64: /opt/hostedtoolcache/Java_Temurin-Hotspot_jdk/17.0.20-1/x64
2026-10-07T21:08:24.5266251Z   MAVEN_ARGS: -ntp
2026-10-07T21:08:24.5266632Z   ANDROID_HOME: /usr/local/lib/android/sdk
2026-10-07T21:08:24.5267104Z   ANDROID_SDK_ROOT: /usr/local/lib/android/sdk
2026-10-07T21:08:24.5267543Z ##[endgroup]
2026-10-07T21:08:26.9785874Z Generating 2,048 bit RSA key pair and self-signed certificate (SHA256withRSA) with a validity of 10,000 days
2026-10-07T21:08:26.9794369Z 	for: CN=Android Debug, O=Android, C=US
2026-10-07T21:08:27.1520040Z ##[group]Run python3 -m unittest discover -s tests -p 'test_android*.py' -v
2026-10-07T21:08:27.1520616Z [36;1mpython3 -m unittest discover -s tests -p 'test_android*.py' -v[0m
2026-10-07T21:08:27.1590759Z shell: /usr/bin/bash -e {0}
2026-10-07T21:08:27.1591029Z env:
2026-10-07T21:08:27.1591356Z   JAVA_HOME: /opt/hostedtoolcache/Java_Temurin-Hotspot_jdk/17.0.20-1/x64
2026-10-07T21:08:27.1591872Z   JAVA_HOME_17_X64: /opt/hostedtoolcache/Java_Temurin-Hotspot_jdk/17.0.20-1/x64
2026-10-07T21:08:27.1592283Z   MAVEN_ARGS: -ntp
2026-10-07T21:08:27.1592523Z   ANDROID_HOME: /usr/local/lib/android/sdk
2026-10-07T21:08:27.1592830Z   ANDROID_SDK_ROOT: /usr/local/lib/android/sdk
2026-10-07T21:08:27.1593127Z ##[endgroup]
2026-10-07T21:08:27.3302993Z test_complete_profile_is_measurement_with_touch_pending_and_no_release_pass (test_android_device_probe.ObserverLifecycle.test_complete_profile_is_measurement_with_touch_pending_and_no_release_pass) ... ok
2026-10-07T21:08:27.3680801Z test_live_failure_never_becomes_a_profile_pass (test_android_device_probe.ObserverLifecycle.test_live_failure_never_becomes_a_profile_pass) ... ok
2026-10-07T21:08:27.3682813Z test_all_known_emulator_signals_are_refused (test_android_device_probe.ProbeContracts.test_all_known_emulator_signals_are_refused) ... ok
2026-10-07T21:08:27.3686289Z test_android_service_parsers_preserve_units_and_missing_data (test_android_device_probe.ProbeContracts.test_android_service_parsers_preserve_units_and_missing_data) ... ok
2026-10-07T21:08:27.3696604Z test_fixture_requires_all_distinct_cases_matching_apk_and_real_time (test_android_device_probe.ProbeContracts.test_fixture_requires_all_distinct_cases_matching_apk_and_real_time) ... ok
2026-10-07T21:08:27.3698752Z test_identity_is_bounded_and_does_not_store_raw_serial (test_android_device_probe.ProbeContracts.test_identity_is_bounded_and_does_not_store_raw_serial) ... ok
2026-10-07T21:08:27.3722557Z test_manifest_gate_refuses_shipping_or_online_or_nondebuggable_apks (test_android_device_probe.ProbeContracts.test_manifest_gate_refuses_shipping_or_online_or_nondebuggable_apks) ... ok
2026-10-07T21:08:27.3733885Z test_missing_adb_is_explicit_unavailable_not_a_measurement (test_android_device_probe.ProbeContracts.test_missing_adb_is_explicit_unavailable_not_a_measurement) ... ok
2026-10-07T21:08:27.3736475Z test_process_cpu_stat_accepts_names_with_spaces_and_parentheses (test_android_device_probe.ProbeContracts.test_process_cpu_stat_accepts_names_with_spaces_and_parentheses) ... ok
2026-10-07T21:08:27.3739136Z test_subprocess_target_is_selected_without_a_host_shell (test_android_device_probe.ProbeContracts.test_subprocess_target_is_selected_without_a_host_shell) ... ok
2026-10-07T21:08:27.3741514Z test_target_selection_never_implicitly_chooses_among_multiple_devices (test_android_device_probe.ProbeContracts.test_target_selection_never_implicitly_chooses_among_multiple_devices) ... ok
2026-10-07T21:08:27.3746291Z test_unavailable_optional_services_do_not_hide_other_samples (test_android_device_probe.ProbeContracts.test_unavailable_optional_services_do_not_hide_other_samples) ... ok
2026-10-07T21:08:27.3748696Z test_usb_charging_or_missing_power_state_never_claims_battery_drain (test_android_device_probe.ProbeContracts.test_usb_charging_or_missing_power_state_never_claims_battery_drain) ... ok
2026-10-07T21:08:27.3751187Z test_complete_bound_native_scene_receipt_passes (test_android_release.AndroidNativeArtReportChecks.test_complete_bound_native_scene_receipt_passes) ... ok
2026-10-07T21:08:27.3753419Z test_duplicate_or_missing_scenarios_are_rejected (test_android_release.AndroidNativeArtReportChecks.test_duplicate_or_missing_scenarios_are_rejected) ... ok
2026-10-07T21:08:27.3755904Z test_missing_native_clip_binding_anatomy_or_visible_geometry_fails (test_android_release.AndroidNativeArtReportChecks.test_missing_native_clip_binding_anatomy_or_visible_geometry_fails) ... ok
2026-10-07T21:08:27.3758504Z test_old_hidden_proxy_receipt_cannot_pass (test_android_release.AndroidNativeArtReportChecks.test_old_hidden_proxy_receipt_cannot_pass) ... ok
2026-10-07T21:08:27.3760897Z test_original_motion_sampling_and_progress_thresholds_are_required (test_android_release.AndroidNativeArtReportChecks.test_original_motion_sampling_and_progress_thresholds_are_required) ... ok
2026-10-07T21:08:27.3803355Z test_activity_error_with_zero_adb_exit_fails_before_waiting (test_android_release.AndroidRuntimeChecks.test_activity_error_with_zero_adb_exit_fails_before_waiting) ... ok
2026-10-07T21:08:27.3845866Z test_evidence_write_errors_do_not_replace_original_process_failure (test_android_release.AndroidRuntimeChecks.test_evidence_write_errors_do_not_replace_original_process_failure) ... ok
2026-10-07T21:08:27.3903283Z test_live_process_start_grace_and_both_markers_pass (test_android_release.AndroidRuntimeChecks.test_live_process_start_grace_and_both_markers_pass) ... ok
2026-10-07T21:08:27.3954093Z test_live_process_without_marker_still_times_out_at_original_deadline (test_android_release.AndroidRuntimeChecks.test_live_process_without_marker_still_times_out_at_original_deadline) ... ok
2026-10-07T21:08:27.3987361Z test_missing_device_preserves_original_failure_and_other_diagnostics (test_android_release.AndroidRuntimeChecks.test_missing_device_preserves_original_failure_and_other_diagnostics) ... ok
2026-10-07T21:08:27.4036921Z test_observed_process_loss_fails_even_if_a_marker_was_buffered (test_android_release.AndroidRuntimeChecks.test_observed_process_loss_fails_even_if_a_marker_was_buffered) ... ok
2026-10-07T21:08:27.4136210Z test_pidof_absence_during_grace_is_not_a_transport_error (test_android_release.AndroidRuntimeChecks.test_pidof_absence_during_grace_is_not_a_transport_error) ... ok
2026-10-07T21:08:27.4179464Z test_runtime_error_precedes_marker_success (test_android_release.AndroidRuntimeChecks.test_runtime_error_precedes_marker_success) ... ok
2026-10-07T21:08:27.4234827Z test_unrequested_process_restart_does_not_pass_from_old_marker (test_android_release.AndroidRuntimeChecks.test_unrequested_process_restart_does_not_pass_from_old_marker) ... ok
2026-10-07T21:08:27.4343825Z test_all_four_packages_share_one_import_and_use_their_actual_scene_architecture (test_android_release.QaExportChecks.test_all_four_packages_share_one_import_and_use_their_actual_scene_architecture) ... ok
2026-10-07T21:08:27.4536578Z test_crash_and_zero_exit_import_errors_stop_before_export_without_retry (test_android_release.QaExportChecks.test_crash_and_zero_exit_import_errors_stop_before_export_without_retry) ... ok
2026-10-07T21:08:27.4594655Z test_existing_editor_section_keeps_other_settings (test_android_release.QaExportChecks.test_existing_editor_section_keeps_other_settings) ... ok
2026-10-07T21:08:27.4663877Z test_export_error_stops_remaining_packages (test_android_release.QaExportChecks.test_export_error_stops_remaining_packages) ... ok
2026-10-07T21:08:27.4733794Z test_export_success_without_artifact_fails (test_android_release.QaExportChecks.test_export_success_without_artifact_fails) ... ok
2026-10-07T21:08:27.4797705Z test_qa_preserves_runtime_json_licences_and_offline_filter (test_android_release.QaExportChecks.test_qa_preserves_runtime_json_licences_and_offline_filter) ... ok
2026-10-07T21:08:27.4882354Z test_serial_import_isolated_from_shipping_settings_and_assets (test_android_release.QaExportChecks.test_serial_import_isolated_from_shipping_settings_and_assets) ... ok
2026-10-07T21:08:27.4884111Z test_16kb_segment_passes (test_android_release.ReleaseChecks.test_16kb_segment_passes) ... ok
2026-10-07T21:08:27.4885595Z test_4kb_and_misaligned_segments_fail (test_android_release.ReleaseChecks.test_4kb_and_misaligned_segments_fail) ... ok
2026-10-07T21:08:27.4898594Z test_current_release_identity_and_store_limits (test_android_release.ReleaseChecks.test_current_release_identity_and_store_limits) ... ok
2026-10-07T21:08:27.4906302Z test_missing_arm64_library_fails (test_android_release.ReleaseChecks.test_missing_arm64_library_fails) ... ok
2026-10-07T21:08:27.4946618Z test_missing_publication_details_never_report_ready (test_android_release.ReleaseChecks.test_missing_publication_details_never_report_ready) ... ok
2026-10-07T21:08:27.4947598Z 
2026-10-07T21:08:27.4947967Z ----------------------------------------------------------------------
2026-10-07T21:08:27.4948519Z Ran 39 tests in 0.170s
2026-10-07T21:08:27.4948740Z 
2026-10-07T21:08:27.4948863Z OK
2026-10-07T21:08:27.4950091Z {"status": "measured_touch_pending", "report": "/tmp/tmp5nf_nmur/output/device-profile.json", "reason": null, "physical_device_measured": true}
2026-10-07T21:08:27.4952195Z {"status": "failed", "report": "/tmp/tmpm4b6p9fe/output/device-profile.json", "reason": "Activity start reported an error: Error type 3\nError: Activity does not exist", "physical_device_measured": false}
2026-10-07T21:08:27.4954304Z {"status": "failed", "report": "/tmp/tmpic7cir4x/output/device-profile.json", "reason": "The QA process disappeared or failed to start", "physical_device_measured": false}
2026-10-07T21:08:27.4956521Z {"status": "failed", "report": "/tmp/tmpl8i45q3l/output/device-profile.json", "reason": "The QA process restarted before finishing the profile", "physical_device_measured": false}
2026-10-07T21:08:27.4958456Z {"status": "failed", "report": "/tmp/tmpsrn2vrsg/output/device-profile.json", "reason": "The fixture failed: missing combat", "physical_device_measured": false}
2026-10-07T21:08:27.4960485Z {"status": "failed", "report": "/tmp/tmpsul1j5wq/output/device-profile.json", "reason": "The QA process reported a script/runtime/shader error; see qa-logcat.txt", "physical_device_measured": false}
2026-10-07T21:08:27.4962639Z {"status": "failed", "report": "/tmp/tmp8llaau21/output/device-profile.json", "reason": "Timed out without all six real-time class/quality measurements", "physical_device_measured": false}
2026-10-07T21:08:27.4964729Z {"status": "unavailable", "report": "/tmp/tmpvxi8jlfo/device-profile.json", "reason": "adb is unavailable; no physical Android device could be inspected", "physical_device_measured": false}
2026-10-07T21:08:27.5173087Z ##[group]Run mkdir -p build
2026-10-07T21:08:27.5173407Z [36;1mmkdir -p build[0m
2026-10-07T21:08:27.5173648Z [36;1mpackages=()[0m
2026-10-07T21:08:27.5173884Z [36;1mif [ "" != "true" ]; then[0m
2026-10-07T21:08:27.5174367Z [36;1m  packages+=(--package res://tests/android_beta_flow.tscn build/emberfall-afk-qa.apk x86_64)[0m
2026-10-07T21:08:27.5174835Z [36;1mfi[0m
2026-10-07T21:08:27.5175271Z [36;1mpackages+=(--package res://tests/android_success_flow.tscn build/emberfall-success-qa.apk x86_64)[0m
2026-10-07T21:08:27.5176362Z [36;1mpackages+=(--package res://tests/android_art_flow.tscn build/emberfall-art-qa.apk x86_64)[0m
2026-10-07T21:08:27.5177037Z [36;1mpackages+=(--package res://tests/android_device_probe.tscn build/emberfall-pixel-probe.apk arm64-v8a)[0m
2026-10-07T21:08:27.5177709Z [36;1mpython3 scripts/export_android_qa.py "${packages[@]}" 2>&1 | tee build/android-qa-export.log[0m
2026-10-07T21:08:27.5250295Z shell: /usr/bin/bash --noprofile --norc -e -o pipefail {0}
2026-10-07T21:08:27.5250670Z env:
2026-10-07T21:08:27.5251010Z   JAVA_HOME: /opt/hostedtoolcache/Java_Temurin-Hotspot_jdk/17.0.20-1/x64
2026-10-07T21:08:27.5251514Z   JAVA_HOME_17_X64: /opt/hostedtoolcache/Java_Temurin-Hotspot_jdk/17.0.20-1/x64
2026-10-07T21:08:27.5251897Z   MAVEN_ARGS: -ntp
2026-10-07T21:08:27.5252137Z   ANDROID_HOME: /usr/local/lib/android/sdk
2026-10-07T21:08:27.5252442Z   ANDROID_SDK_ROOT: /usr/local/lib/android/sdk
2026-10-07T21:08:27.5252847Z   GODOT_ANDROID_KEYSTORE_DEBUG_PATH: /home/runner/work/_temp/debug.keystore
2026-10-07T21:08:27.5253276Z   GODOT_ANDROID_KEYSTORE_DEBUG_USER: androiddebugkey
2026-10-07T21:08:27.5253609Z   GODOT_ANDROID_KEYSTORE_DEBUG_PASSWORD: android
2026-10-07T21:08:27.5253896Z ##[endgroup]
2026-10-07T21:08:27.7064872Z Importing the isolated QA project once for 4 package(s), with serial asset imports.
2026-10-07T21:09:19.4609686Z Godot Engine v4.7.2.stable.official.ed1daf0bf - https://godotengine.org
2026-10-07T21:09:19.4610204Z 
2026-10-07T21:09:19.4632202Z [   0% ] [90m[1mfirst_scan_filesystem[22m | Started Project initialization (5 steps)[39m[0m
2026-10-07T21:09:19.4633601Z [   0% ] [90m[1mfirst_scan_filesystem[22m | Scanning file structure...[39m[0m
2026-10-07T21:09:19.4634663Z [  16% ] [90m[1mfirst_scan_filesystem[22m | Loading global class names...[39m[0m
2026-10-07T21:09:19.4635643Z [  33% ] [90m[1mfirst_scan_filesystem[22m | Verifying GDExtensions...[39m[0m
2026-10-07T21:09:19.4636832Z [  50% ] [90m[1mfirst_scan_filesystem[22m | Creating autoload scripts...[39m[0m
2026-10-07T21:09:19.4637801Z [  66% ] [90m[1mfirst_scan_filesystem[22m | Initializing plugins...[39m[0m
2026-10-07T21:09:19.4638629Z [  83% ] [90m[1mfirst_scan_filesystem[22m | Starting file scan...[39m[0m
2026-10-07T21:09:19.4639336Z [92m[ DONE ][39m [1mfirst_scan_filesystem[22m
2026-10-07T21:09:19.4639778Z [0m
2026-10-07T21:09:19.4640671Z [   0% ] [90m[1mupdate_scripts_classes[22m | Started Registering global classes... (204 steps)[39m[0m
2026-10-07T21:09:19.4641725Z [   0% ] [90m[1mupdate_scripts_classes[22m | NakamaAPI[39m[0m
2026-10-07T21:09:19.4642575Z [   0% ] [90m[1mupdate_scripts_classes[22m | NakamaRTAPI[39m[0m
2026-10-07T21:09:19.4643494Z [   0% ] [90m[1mupdate_scripts_classes[22m | NakamaRTMessage[39m[0m
2026-10-07T21:09:19.4644366Z [   1% ] [90m[1mupdate_scripts_classes[22m | NakamaSession[39m[0m
2026-10-07T21:09:19.4645290Z [   1% ] [90m[1mupdate_scripts_classes[22m | NakamaStorageObjectId[39m[0m
2026-10-07T21:09:19.4646361Z [   2% ] [90m[1mupdate_scripts_classes[22m | NakamaWriteStorageObject[39m[0m
2026-10-07T21:09:19.4646982Z [   2% ] [90m[1mupdate_scripts_classes[22m | NakamaClient[39m[0m
2026-10-07T21:09:19.4647529Z [   3% ] [90m[1mupdate_scripts_classes[22m | NakamaHTTPAdapter[39m[0m
2026-10-07T21:09:19.4648102Z [   3% ] [90m[1mupdate_scripts_classes[22m | SatoriAsyncResult[39m[0m
2026-10-07T21:09:19.4648652Z [   4% ] [90m[1mupdate_scripts_classes[22m | SatoriException[39m[0m
2026-10-07T21:09:19.4649573Z [   4% ] [90m[1mupdate_scripts_classes[22m | SatoriLogger[39m[0m
2026-10-07T21:09:19.4650139Z [   5% ] [90m[1mupdate_scripts_classes[22m | SatoriSerializer[39m[0m
2026-10-07T21:09:19.4650657Z [   5% ] [90m[1mupdate_scripts_classes[22m | Event[39m[0m
2026-10-07T21:09:19.4651153Z [   6% ] [90m[1mupdate_scripts_classes[22m | SatoriAPI[39m[0m
2026-10-07T21:09:19.4651838Z [   6% ] [90m[1mupdate_scripts_classes[22m | SatoriClient[39m[0m
2026-10-07T21:09:19.4652376Z [   7% ] [90m[1mupdate_scripts_classes[22m | SatoriHTTPAdapter[39m[0m
2026-10-07T21:09:19.4653103Z [   7% ] [90m[1mupdate_scripts_classes[22m | SatoriSession[39m[0m
2026-10-07T21:09:19.4653625Z [   8% ] [90m[1mupdate_scripts_classes[22m | NakamaSocket[39m[0m
2026-10-07T21:09:19.4654178Z [   8% ] [90m[1mupdate_scripts_classes[22m | NakamaSocketAdapter[39m[0m
2026-10-07T21:09:19.4654752Z [   9% ] [90m[1mupdate_scripts_classes[22m | NakamaAsyncResult[39m[0m
2026-10-07T21:09:19.4655302Z [   9% ] [90m[1mupdate_scripts_classes[22m | NakamaException[39m[0m
2026-10-07T21:09:19.4655833Z [  10% ] [90m[1mupdate_scripts_classes[22m | NakamaLogger[39m[0m
2026-10-07T21:09:19.4657943Z [  10% ] [90m[1mupdate_scripts_classes[22m | NakamaMultiplayerBridge[39m[0m
2026-10-07T21:09:19.4658553Z [  11% ] [90m[1mupdate_scripts_classes[22m | NakamaMultiplayerPeer[39m[0m
2026-10-07T21:09:19.4659134Z [  11% ] [90m[1mupdate_scripts_classes[22m | NakamaSerializer[39m[0m
2026-10-07T21:09:19.4659633Z [  12% ] [90m[1mupdate_scripts_classes[22m | [39m[0m
2026-10-07T21:09:19.4660082Z [  12% ] [90m[1mupdate_scripts_classes[22m | [39m[0m
2026-10-07T21:09:19.4660499Z [  13% ] [90m[1mupdate_scripts_classes[22m | [39m[0m
2026-10-07T21:09:19.4660929Z [  13% ] [90m[1mupdate_scripts_classes[22m | [39m[0m
2026-10-07T21:09:19.4661346Z [  14% ] [90m[1mupdate_scripts_classes[22m | [39m[0m
2026-10-07T21:09:19.4661761Z [  14% ] [90m[1mupdate_scripts_classes[22m | [39m[0m
2026-10-07T21:09:19.4662177Z [  15% ] [90m[1mupdate_scripts_classes[22m | [39m[0m
2026-10-07T21:09:19.4662591Z [  15% ] [90m[1mupdate_scripts_classes[22m | [39m[0m
2026-10-07T21:09:19.4663009Z [  16% ] [90m[1mupdate_scripts_classes[22m | [39m[0m
2026-10-07T21:09:19.4663418Z [  16% ] [90m[1mupdate_scripts_classes[22m | [39m[0m
2026-10-07T21:09:19.4663830Z [  17% ] [90m[1mupdate_scripts_classes[22m | [39m[0m
2026-10-07T21:09:19.4664250Z [  17% ] [90m[1mupdate_scripts_classes[22m | [39m[0m
2026-10-07T21:09:19.4664679Z [  18% ] [90m[1mupdate_scripts_classes[22m | [39m[0m
2026-10-07T21:09:19.4665101Z [  18% ] [90m[1mupdate_scripts_classes[22m | [39m[0m
2026-10-07T21:09:19.4665514Z [  19% ] [90m[1mupdate_scripts_classes[22m | [39m[0m
2026-10-07T21:09:19.4666200Z [  19% ] [90m[1mupdate_scripts_classes[22m | [39m[0m
2026-10-07T21:09:19.4666676Z [  20% ] [90m[1mupdate_scripts_classes[22m | [39m[0m
2026-10-07T21:09:19.4667103Z [  20% ] [90m[1mupdate_scripts_classes[22m | [39m[0m
2026-10-07T21:09:19.4667519Z [  20% ] [90m[1mupdate_scripts_classes[22m | [39m[0m
2026-10-07T21:09:19.4667932Z [  21% ] [90m[1mupdate_scripts_classes[22m | [39m[0m
2026-10-07T21:09:19.4668347Z [  21% ] [90m[1mupdate_scripts_classes[22m | [39m[0m
2026-10-07T21:09:19.4668758Z [  22% ] [90m[1mupdate_scripts_classes[22m | [39m[0m
2026-10-07T21:09:19.4669177Z [  22% ] [90m[1mupdate_scripts_classes[22m | [39m[0m
2026-10-07T21:09:19.4669589Z [  23% ] [90m[1mupdate_scripts_classes[22m | [39m[0m
2026-10-07T21:09:19.4670006Z [  23% ] [90m[1mupdate_scripts_classes[22m | [39m[0m
2026-10-07T21:09:19.4670417Z [  24% ] [90m[1mupdate_scripts_classes[22m | [39m[0m
2026-10-07T21:09:19.4670829Z [  24% ] [90m[1mupdate_scripts_classes[22m | [39m[0m
2026-10-07T21:09:19.4671241Z [  25% ] [90m[1mupdate_scripts_classes[22m | [39m[0m
2026-10-07T21:09:19.4671653Z [  25% ] [90m[1mupdate_scripts_classes[22m | [39m[0m
2026-10-07T21:09:19.4672291Z [  26% ] [90m[1mupdate_scripts_classes[22m | [39m[0m
2026-10-07T21:09:19.4672717Z [  26% ] [90m[1mupdate_scripts_classes[22m | [39m[0m
2026-10-07T21:09:19.4673130Z [  27% ] [90m[1mupdate_scripts_classes[22m | [39m[0m
2026-10-07T21:09:19.4673548Z [  27% ] [90m[1mupdate_scripts_classes[22m | [39m[0m
2026-10-07T21:09:19.4673962Z [  28% ] [90m[1mupdate_scripts_classes[22m | [39m[0m
2026-10-07T21:09:19.4674376Z [  28% ] [90m[1mupdate_scripts_classes[22m | [39m[0m
2026-10-07T21:09:19.4674792Z [  29% ] [90m[1mupdate_scripts_classes[22m | [39m[0m
2026-10-07T21:09:19.4675342Z [  29% ] [90m[1mupdate_scripts_classes[22m | [39m[0m
2026-10-07T21:09:19.4675757Z [  30% ] [90m[1mupdate_scripts_classes[22m | [39m[0m
2026-10-07T21:09:19.4676403Z [  30% ] [90m[1mupdate_scripts_classes[22m | [39m[0m
2026-10-07T21:09:19.4676845Z [  31% ] [90m[1mupdate_scripts_classes[22m | [39m[0m
2026-10-07T21:09:19.4677282Z [  31% ] [90m[1mupdate_scripts_classes[22m | [39m[0m
2026-10-07T21:09:19.4677708Z [  32% ] [90m[1mupdate_scripts_classes[22m | [39m[0m
2026-10-07T21:09:19.4678128Z [  32% ] [90m[1mupdate_scripts_classes[22m | [39m[0m
2026-10-07T21:09:19.4678552Z [  33% ] [90m[1mupdate_scripts_classes[22m | [39m[0m
2026-10-07T21:09:19.4678964Z [  33% ] [90m[1mupdate_scripts_classes[22m | [39m[0m
2026-10-07T21:09:19.4679380Z [  34% ] [90m[1mupdate_scripts_classes[22m | [39m[0m
2026-10-07T21:09:19.4679795Z [  34% ] [90m[1mupdate_scripts_classes[22m | [39m[0m
2026-10-07T21:09:19.4680206Z [  35% ] [90m[1mupdate_scripts_classes[22m | [39m[0m
2026-10-07T21:09:19.4680625Z [  35% ] [90m[1mupdate_scripts_classes[22m | [39m[0m
2026-10-07T21:09:19.4681040Z [  36% ] [90m[1mupdate_scripts_classes[22m | [39m[0m
2026-10-07T21:09:19.4681462Z [  36% ] [90m[1mupdate_scripts_classes[22m | [39m[0m
2026-10-07T21:09:19.4681875Z [  37% ] [90m[1mupdate_scripts_classes[22m | [39m[0m
2026-10-07T21:09:19.4682288Z [  37% ] [90m[1mupdate_scripts_classes[22m | [39m[0m
2026-10-07T21:09:19.4682704Z [  38% ] [90m[1mupdate_scripts_classes[22m | [39m[0m
2026-10-07T21:09:19.4683118Z [  38% ] [90m[1mupdate_scripts_classes[22m | [39m[0m
2026-10-07T21:09:19.4683533Z [  39% ] [90m[1mupdate_scripts_classes[22m | [39m[0m
2026-10-07T21:09:19.4683948Z [  39% ] [90m[1mupdate_scripts_classes[22m | [39m[0m
2026-10-07T21:09:19.4684366Z [  40% ] [90m[1mupdate_scripts_classes[22m | [39m[0m
2026-10-07T21:09:19.4684780Z [  40% ] [90m[1mupdate_scripts_classes[22m | [39m[0m
2026-10-07T21:09:19.4685206Z [  40% ] [90m[1mupdate_scripts_classes[22m | [39m[0m
2026-10-07T21:09:19.4685629Z [  41% ] [90m[1mupdate_scripts_classes[22m | [39m[0m
2026-10-07T21:09:19.4686310Z [  41% ] [90m[1mupdate_scripts_classes[22m | [39m[0m
2026-10-07T21:09:19.4686740Z [  42% ] [90m[1mupdate_scripts_classes[22m | [39m[0m
2026-10-07T21:09:19.4687159Z [  42% ] [90m[1mupdate_scripts_classes[22m | [39m[0m
2026-10-07T21:09:19.4687584Z [  43% ] [90m[1mupdate_scripts_classes[22m | [39m[0m
2026-10-07T21:09:19.4687999Z [  43% ] [90m[1mupdate_scripts_classes[22m | [39m[0m
2026-10-07T21:09:19.4688414Z [  44% ] [90m[1mupdate_scripts_classes[22m | [39m[0m
2026-10-07T21:09:19.4688831Z [  44% ] [90m[1mupdate_scripts_classes[22m | [39m[0m
2026-10-07T21:09:19.4689243Z [  45% ] [90m[1mupdate_scripts_classes[22m | [39m[0m
2026-10-07T21:09:19.4689661Z [  45% ] [90m[1mupdate_scripts_classes[22m | [39m[0m
2026-10-07T21:09:19.4690077Z [  46% ] [90m[1mupdate_scripts_classes[22m | [39m[0m
2026-10-07T21:09:19.4690498Z [  46% ] [90m[1mupdate_scripts_classes[22m | [39m[0m
2026-10-07T21:09:19.4690913Z [  47% ] [90m[1mupdate_scripts_classes[22m | [39m[0m
2026-10-07T21:09:19.4691361Z [  47% ] [90m[1mupdate_scripts_classes[22m | [39m[0m
2026-10-07T21:09:19.4691774Z [  48% ] [90m[1mupdate_scripts_classes[22m | [39m[0m
2026-10-07T21:09:19.4692189Z [  48% ] [90m[1mupdate_scripts_classes[22m | [39m[0m
2026-10-07T21:09:19.4692877Z [  49% ] [90m[1mupdate_scripts_classes[22m | [39m[0m
2026-10-07T21:09:19.4693528Z [  49% ] [90m[1mupdate_scripts_classes[22m | [39m[0m
2026-10-07T21:09:19.4694215Z [  50% ] [90m[1mupdate_scripts_classes[22m | [39m[0m
2026-10-07T21:09:19.4694876Z [  50% ] [90m[1mupdate_scripts_classes[22m | [39m[0m
2026-10-07T21:09:19.4695563Z [  51% ] [90m[1mupdate_scripts_classes[22m | [39m[0m
2026-10-07T21:09:19.4696392Z [  51% ] [90m[1mupdate_scripts_classes[22m | [39m[0m
2026-10-07T21:09:19.4697069Z [  52% ] [90m[1mupdate_scripts_classes[22m | [39m[0m
2026-10-07T21:09:19.4697951Z [  52% ] [90m[1mupdate_scripts_classes[22m | [39m[0m
2026-10-07T21:09:19.4698647Z [  53% ] [90m[1mupdate_scripts_classes[22m | [39m[0m
2026-10-07T21:09:19.4699357Z [  53% ] [90m[1mupdate_scripts_classes[22m | [39m[0m
2026-10-07T21:09:19.4700048Z [  54% ] [90m[1mupdate_scripts_classes[22m | [39m[0m
2026-10-07T21:09:19.4700752Z [  54% ] [90m[1mupdate_scripts_classes[22m | [39m[0m
2026-10-07T21:09:19.4701206Z [  55% ] [90m[1mupdate_scripts_classes[22m | [39m[0m
2026-10-07T21:09:19.4701624Z [  55% ] [90m[1mupdate_scripts_classes[22m | [39m[0m
2026-10-07T21:09:19.4702037Z [  56% ] [90m[1mupdate_scripts_classes[22m | [39m[0m
2026-10-07T21:09:19.4702450Z [  56% ] [90m[1mupdate_scripts_classes[22m | [39m[0m
2026-10-07T21:09:19.4702870Z [  57% ] [90m[1mupdate_scripts_classes[22m | [39m[0m
2026-10-07T21:09:19.4703282Z [  57% ] [90m[1mupdate_scripts_classes[22m | [39m[0m
2026-10-07T21:09:19.4703696Z [  58% ] [90m[1mupdate_scripts_classes[22m | [39m[0m
2026-10-07T21:09:19.4704115Z [  58% ] [90m[1mupdate_scripts_classes[22m | [39m[0m
2026-10-07T21:09:19.4704529Z [  59% ] [90m[1mupdate_scripts_classes[22m | [39m[0m
2026-10-07T21:09:19.4704939Z [  59% ] [90m[1mupdate_scripts_classes[22m | [39m[0m
2026-10-07T21:09:19.4705353Z [  60% ] [90m[1mupdate_scripts_classes[22m | [39m[0m
2026-10-07T21:09:19.4705774Z [  60% ] [90m[1mupdate_scripts_classes[22m | [39m[0m
2026-10-07T21:09:19.4706496Z [  60% ] [90m[1mupdate_scripts_classes[22m | [39m[0m
2026-10-07T21:09:19.4707096Z [  61% ] [90m[1mupdate_scripts_classes[22m | [39m[0m
2026-10-07T21:09:19.4707770Z [  61% ] [90m[1mupdate_scripts_classes[22m | [39m[0m
2026-10-07T21:09:19.4708195Z [  62% ] [90m[1mupdate_scripts_classes[22m | [39m[0m
2026-10-07T21:09:19.4708607Z [  62% ] [90m[1mupdate_scripts_classes[22m | [39m[0m
2026-10-07T21:09:19.4709019Z [  63% ] [90m[1mupdate_scripts_classes[22m | [39m[0m
2026-10-07T21:09:19.4709435Z [  63% ] [90m[1mupdate_scripts_classes[22m | [39m[0m
2026-10-07T21:09:19.4709848Z [  64% ] [90m[1mupdate_scripts_classes[22m | [39m[0m
2026-10-07T21:09:19.4710257Z [  64% ] [90m[1mupdate_scripts_classes[22m | [39m[0m
2026-10-07T21:09:19.4710931Z [  65% ] [90m[1mupdate_scripts_classes[22m | [39m[0m
2026-10-07T21:09:19.4711645Z [  65% ] [90m[1mupdate_scripts_classes[22m | [39m[0m
2026-10-07T21:09:19.4712354Z [  66% ] [90m[1mupdate_scripts_classes[22m | [39m[0m
2026-10-07T21:09:19.4713076Z [  66% ] [90m[1mupdate_scripts_classes[22m | [39m[0m
2026-10-07T21:09:19.4713803Z [  67% ] [90m[1mupdate_scripts_classes[22m | [39m[0m
2026-10-07T21:09:19.4714466Z [  67% ] [90m[1mupdate_scripts_classes[22m | [39m[0m
2026-10-07T21:09:19.4714883Z [  68% ] [90m[1mupdate_scripts_classes[22m | [39m[0m
2026-10-07T21:09:19.4715298Z [  68% ] [90m[1mupdate_scripts_classes[22m | [39m[0m
2026-10-07T21:09:19.4715711Z [  69% ] [90m[1mupdate_scripts_classes[22m | [39m[0m
2026-10-07T21:09:19.4716332Z [  69% ] [90m[1mupdate_scripts_classes[22m | [39m[0m
2026-10-07T21:09:19.4716761Z [  70% ] [90m[1mupdate_scripts_classes[22m | [39m[0m
2026-10-07T21:09:19.4717184Z [  70% ] [90m[1mupdate_scripts_classes[22m | [39m[0m
2026-10-07T21:09:19.4717597Z [  71% ] [90m[1mupdate_scripts_classes[22m | [39m[0m
2026-10-07T21:09:19.4718009Z [  71% ] [90m[1mupdate_scripts_classes[22m | [39m[0m
2026-10-07T21:09:19.4718647Z [  72% ] [90m[1mupdate_scripts_classes[22m | [39m[0m
2026-10-07T21:09:19.4719064Z [  72% ] [90m[1mupdate_scripts_classes[22m | [39m[0m
2026-10-07T21:09:19.4719709Z [  73% ] [90m[1mupdate_scripts_classes[22m | [39m[0m
2026-10-07T21:09:19.4720440Z [  73% ] [90m[1mupdate_scripts_classes[22m | [39m[0m
2026-10-07T21:09:19.4720941Z [  74% ] [90m[1mupdate_scripts_classes[22m | [39m[0m
2026-10-07T21:09:19.4721368Z [  74% ] [90m[1mupdate_scripts_classes[22m | [39m[0m
2026-10-07T21:09:19.4721786Z [  75% ] [90m[1mupdate_scripts_classes[22m | [39m[0m
2026-10-07T21:09:19.4722465Z [  75% ] [90m[1mupdate_scripts_classes[22m | [39m[0m
2026-10-07T21:09:19.4722880Z [  76% ] [90m[1mupdate_scripts_classes[22m | [39m[0m
2026-10-07T21:09:19.4723292Z [  76% ] [90m[1mupdate_scripts_classes[22m | [39m[0m
2026-10-07T21:09:19.4723705Z [  77% ] [90m[1mupdate_scripts_classes[22m | [39m[0m
2026-10-07T21:09:19.4724120Z [  77% ] [90m[1mupdate_scripts_classes[22m | [39m[0m
2026-10-07T21:09:19.4724537Z [  78% ] [90m[1mupdate_scripts_classes[22m | [39m[0m
2026-10-07T21:09:19.4724946Z [  78% ] [90m[1mupdate_scripts_classes[22m | [39m[0m
2026-10-07T21:09:19.4725358Z [  79% ] [90m[1mupdate_scripts_classes[22m | [39m[0m
2026-10-07T21:09:19.4725769Z [  79% ] [90m[1mupdate_scripts_classes[22m | [39m[0m
2026-10-07T21:09:19.4726401Z [  80% ] [90m[1mupdate_scripts_classes[22m | [39m[0m
2026-10-07T21:09:19.4726814Z [  80% ] [90m[1mupdate_scripts_classes[22m | [39m[0m
2026-10-07T21:09:19.4727237Z [  80% ] [90m[1mupdate_scripts_classes[22m | [39m[0m
2026-10-07T21:09:19.4727657Z [  81% ] [90m[1mupdate_scripts_classes[22m | [39m[0m
2026-10-07T21:09:19.4728069Z [  81% ] [90m[1mupdate_scripts_classes[22m | [39m[0m
2026-10-07T21:09:19.4728480Z [  82% ] [90m[1mupdate_scripts_classes[22m | [39m[0m
2026-10-07T21:09:19.4728891Z [  82% ] [90m[1mupdate_scripts_classes[22m | [39m[0m
2026-10-07T21:09:19.4729303Z [  83% ] [90m[1mupdate_scripts_classes[22m | [39m[0m
2026-10-07T21:09:19.4729719Z [  83% ] [90m[1mupdate_scripts_classes[22m | [39m[0m
2026-10-07T21:09:19.4730137Z [  84% ] [90m[1mupdate_scripts_classes[22m | [39m[0m
2026-10-07T21:09:19.4730551Z [  84% ] [90m[1mupdate_scripts_classes[22m | [39m[0m
2026-10-07T21:09:19.4730963Z [  85% ] [90m[1mupdate_scripts_classes[22m | [39m[0m
2026-10-07T21:09:19.4731375Z [  85% ] [90m[1mupdate_scripts_classes[22m | [39m[0m
2026-10-07T21:09:19.4731783Z [  86% ] [90m[1mupdate_scripts_classes[22m | [39m[0m
2026-10-07T21:09:19.4732196Z [  86% ] [90m[1mupdate_scripts_classes[22m | [39m[0m
2026-10-07T21:09:19.4732610Z [  87% ] [90m[1mupdate_scripts_classes[22m | [39m[0m
2026-10-07T21:09:19.4733026Z [  87% ] [90m[1mupdate_scripts_classes[22m | [39m[0m
2026-10-07T21:09:19.4733437Z [  88% ] [90m[1mupdate_scripts_classes[22m | [39m[0m
2026-10-07T21:09:19.4733849Z [  88% ] [90m[1mupdate_scripts_classes[22m | [39m[0m
2026-10-07T21:09:19.4734260Z [  89% ] [90m[1mupdate_scripts_classes[22m | [39m[0m
2026-10-07T21:09:19.4734674Z [  89% ] [90m[1mupdate_scripts_classes[22m | [39m[0m
2026-10-07T21:09:19.4735086Z [  90% ] [90m[1mupdate_scripts_classes[22m | [39m[0m
2026-10-07T21:09:19.4735497Z [  90% ] [90m[1mupdate_scripts_classes[22m | [39m[0m
2026-10-07T21:09:19.4735915Z [  91% ] [90m[1mupdate_scripts_classes[22m | [39m[0m
2026-10-07T21:09:19.4736601Z [  91% ] [90m[1mupdate_scripts_classes[22m | [39m[0m
2026-10-07T21:09:19.4737016Z [  92% ] [90m[1mupdate_scripts_classes[22m | [39m[0m
2026-10-07T21:09:19.4737430Z [  92% ] [90m[1mupdate_scripts_classes[22m | [39m[0m
2026-10-07T21:09:19.4737849Z [  93% ] [90m[1mupdate_scripts_classes[22m | [39m[0m
2026-10-07T21:09:19.4738262Z [  93% ] [90m[1mupdate_scripts_classes[22m | [39m[0m
2026-10-07T21:09:19.4738674Z [  94% ] [90m[1mupdate_scripts_classes[22m | [39m[0m
2026-10-07T21:09:19.4739086Z [  94% ] [90m[1mupdate_scripts_classes[22m | [39m[0m
2026-10-07T21:09:19.4739646Z [  95% ] [90m[1mupdate_scripts_classes[22m | [39m[0m
2026-10-07T21:09:19.4740069Z [  95% ] [90m[1mupdate_scripts_classes[22m | [39m[0m
2026-10-07T21:09:19.4740480Z [  96% ] [90m[1mupdate_scripts_classes[22m | [39m[0m
2026-10-07T21:09:19.4740889Z [  96% ] [90m[1mupdate_scripts_classes[22m | [39m[0m
2026-10-07T21:09:19.4741298Z [  97% ] [90m[1mupdate_scripts_classes[22m | [39m[0m
2026-10-07T21:09:19.4741713Z [  97% ] [90m[1mupdate_scripts_classes[22m | [39m[0m
2026-10-07T21:09:19.4742125Z [  98% ] [90m[1mupdate_scripts_classes[22m | [39m[0m
2026-10-07T21:09:19.4742539Z [  98% ] [90m[1mupdate_scripts_classes[22m | [39m[0m
2026-10-07T21:09:19.4743102Z [  99% ] [90m[1mupdate_scripts_classes[22m | [39m[0m
2026-10-07T21:09:19.4743515Z [92m[ DONE ][39m [1mupdate_scripts_classes[22m
2026-10-07T21:09:19.4743824Z [0m
2026-10-07T21:09:19.4744333Z [   0% ] [90m[1m_update_scan_actions[22m | Started Scanning actions... (115 steps)[39m[0m
2026-10-07T21:09:19.4744958Z [   0% ] [90m[1m_update_scan_actions[22m | arcanist.png[39m[0m
2026-10-07T21:09:19.4745474Z [   0% ] [90m[1m_update_scan_actions[22m | bulwark.png[39m[0m
2026-10-07T21:09:19.4746136Z [   1% ] [90m[1m_update_scan_actions[22m | elite.png[39m[0m
2026-10-07T21:09:19.4746685Z [   2% ] [90m[1m_update_scan_actions[22m | guardian_0.png[39m[0m
2026-10-07T21:09:19.4747189Z [   3% ] [90m[1m_update_scan_actions[22m | guardian_1.png[39m[0m
2026-10-07T21:09:19.4747705Z [   4% ] [90m[1m_update_scan_actions[22m | guardian_2.png[39m[0m
2026-10-07T21:09:19.4748188Z [   5% ] [90m[1m_update_scan_actions[22m | guardian_3.png[39m[0m
2026-10-07T21:09:19.4748670Z [   6% ] [90m[1m_update_scan_actions[22m | hexer.png[39m[0m
2026-10-07T21:09:19.4749153Z [   6% ] [90m[1m_update_scan_actions[22m | raider.png[39m[0m
2026-10-07T21:09:19.4749623Z [   7% ] [90m[1m_update_scan_actions[22m | ranger.png[39m[0m
2026-10-07T21:09:19.4750108Z [   8% ] [90m[1m_update_scan_actions[22m | vowkeeper.png[39m[0m
2026-10-07T21:09:19.4750606Z [   9% ] [90m[1m_update_scan_actions[22m | arcanist.png[39m[0m
2026-10-07T21:09:19.4751103Z [  10% ] [90m[1m_update_scan_actions[22m | guardian_0.png[39m[0m
2026-10-07T21:09:19.4751592Z [  11% ] [90m[1m_update_scan_actions[22m | guardian_1.png[39m[0m
2026-10-07T21:09:19.4752085Z [  12% ] [90m[1m_update_scan_actions[22m | guardian_2.png[39m[0m
2026-10-07T21:09:19.4752569Z [  12% ] [90m[1m_update_scan_actions[22m | guardian_3.png[39m[0m
2026-10-07T21:09:19.4753045Z [  13% ] [90m[1m_update_scan_actions[22m | hostiles.png[39m[0m
2026-10-07T21:09:19.4753525Z [  14% ] [90m[1m_update_scan_actions[22m | ranger.png[39m[0m
2026-10-07T21:09:19.4754001Z [  15% ] [90m[1m_update_scan_actions[22m | vowkeeper.png[39m[0m
2026-10-07T21:09:19.4754477Z [  16% ] [90m[1m_update_scan_actions[22m | Cinzel.ttf[39m[0m
2026-10-07T21:09:19.4754941Z [  17% ] [90m[1m_update_scan_actions[22m | Lora.ttf[39m[0m
2026-10-07T21:09:19.4755464Z [  18% ] [90m[1m_update_scan_actions[22m | material-atlas.png[39m[0m
2026-10-07T21:09:19.4756275Z [  18% ] [90m[1m_update_scan_actions[22m | Bricks096_1K-PNG_Color.png[39m[0m
2026-10-07T21:09:19.4756934Z [  19% ] [90m[1m_update_scan_actions[22m | Bricks096_1K-PNG_NormalGL.png[39m[0m
2026-10-07T21:09:19.4757562Z [  20% ] [90m[1m_update_scan_actions[22m | Bricks096_1K-PNG_Roughness.png[39m[0m
2026-10-07T21:09:19.4758185Z [  21% ] [90m[1m_update_scan_actions[22m | Metal063_1K-JPG_Color.jpg[39m[0m
2026-10-07T21:09:19.4758801Z [  22% ] [90m[1m_update_scan_actions[22m | Metal063_1K-JPG_Roughness.jpg[39m[0m
2026-10-07T21:09:19.4759395Z [  23% ] [90m[1m_update_scan_actions[22m | nyra-face-albedo.png[39m[0m
2026-10-07T21:09:19.4759968Z [  24% ] [90m[1m_update_scan_actions[22m | ruin-floor-albedo.png[39m[0m
2026-10-07T21:09:19.4760537Z [  25% ] [90m[1m_update_scan_actions[22m | Rock030_1K-JPG_Color.jpg[39m[0m
2026-10-07T21:09:19.4761127Z [  25% ] [90m[1m_update_scan_actions[22m | Rock030_1K-JPG_NormalGL.jpg[39m[0m
2026-10-07T21:09:19.4761927Z [  26% ] [90m[1m_update_scan_actions[22m | Rock030_1K-JPG_Roughness.jpg[39m[0m
2026-10-07T21:09:19.4762567Z [  27% ] [90m[1m_update_scan_actions[22m | ranger-native65.glb[39m[0m
2026-10-07T21:09:19.4763110Z [  28% ] [90m[1m_update_scan_actions[22m | archive_bay.glb[39m[0m
2026-10-07T21:09:19.4763668Z [  29% ] [90m[1m_update_scan_actions[22m | archive_bay_broken.glb[39m[0m
2026-10-07T21:09:19.4764204Z [  30% ] [90m[1m_update_scan_actions[22m | archive_end.glb[39m[0m
2026-10-07T21:09:19.4764718Z [  31% ] [90m[1m_update_scan_actions[22m | archive_return.glb[39m[0m
2026-10-07T21:09:19.4765406Z [  31% ] [90m[1m_update_scan_actions[22m | archive_solid.glb[39m[0m
2026-10-07T21:09:19.4766079Z [  32% ] [90m[1m_update_scan_actions[22m | citadel_bay.glb[39m[0m
2026-10-07T21:09:19.4766667Z [  33% ] [90m[1m_update_scan_actions[22m | citadel_bay_broken.glb[39m[0m
2026-10-07T21:09:19.4767206Z [  34% ] [90m[1m_update_scan_actions[22m | citadel_end.glb[39m[0m
2026-10-07T21:09:19.4767722Z [  35% ] [90m[1m_update_scan_actions[22m | citadel_return.glb[39m[0m
2026-10-07T21:09:19.4768240Z [  36% ] [90m[1m_update_scan_actions[22m | citadel_solid.glb[39m[0m
2026-10-07T21:09:19.4768746Z [  37% ] [90m[1m_update_scan_actions[22m | ossuary_bay.glb[39m[0m
2026-10-07T21:09:19.4769268Z [  37% ] [90m[1m_update_scan_actions[22m | ossuary_bay_broken.glb[39m[0m
2026-10-07T21:09:19.4769783Z [  38% ] [90m[1m_update_scan_actions[22m | ossuary_end.glb[39m[0m
2026-10-07T21:09:19.4770292Z [  39% ] [90m[1m_update_scan_actions[22m | ossuary_return.glb[39m[0m
2026-10-07T21:09:19.4770804Z [  40% ] [90m[1m_update_scan_actions[22m | ossuary_solid.glb[39m[0m
2026-10-07T21:09:19.4771306Z [  41% ] [90m[1m_update_scan_actions[22m | spire_bay.glb[39m[0m
2026-10-07T21:09:19.4771836Z [  42% ] [90m[1m_update_scan_actions[22m | spire_bay_broken.glb[39m[0m
2026-10-07T21:09:19.4772358Z [  43% ] [90m[1m_update_scan_actions[22m | spire_end.glb[39m[0m
2026-10-07T21:09:19.4772863Z [  43% ] [90m[1m_update_scan_actions[22m | spire_return.glb[39m[0m
2026-10-07T21:09:19.4773368Z [  44% ] [90m[1m_update_scan_actions[22m | spire_solid.glb[39m[0m
2026-10-07T21:09:19.4773878Z [  45% ] [90m[1m_update_scan_actions[22m | bulwark-fitted.glb[39m[0m
2026-10-07T21:09:19.4774389Z [  46% ] [90m[1m_update_scan_actions[22m | elite-fitted.glb[39m[0m
2026-10-07T21:09:19.4774919Z [  47% ] [90m[1m_update_scan_actions[22m | guardian_0-fitted.glb[39m[0m
2026-10-07T21:09:19.4775470Z [  48% ] [90m[1m_update_scan_actions[22m | guardian_1-fitted.glb[39m[0m
2026-10-07T21:09:19.4776334Z [  49% ] [90m[1m_update_scan_actions[22m | guardian_2-fitted.glb[39m[0m
2026-10-07T21:09:19.4776933Z [  50% ] [90m[1m_update_scan_actions[22m | guardian_3-fitted.glb[39m[0m
2026-10-07T21:09:19.4777469Z [  50% ] [90m[1m_update_scan_actions[22m | hexer-fitted.glb[39m[0m
2026-10-07T21:09:19.4778059Z [  51% ] [90m[1m_update_scan_actions[22m | male-clothing-native65.glb[39m[0m
2026-10-07T21:09:19.4778611Z [  52% ] [90m[1m_update_scan_actions[22m | arcanist.glb[39m[0m
2026-10-07T21:09:19.4779127Z [  53% ] [90m[1m_update_scan_actions[22m | staff-grip053.glb[39m[0m
2026-10-07T21:09:19.4779692Z [  54% ] [90m[1m_update_scan_actions[22m | nyra-attire054.glb[39m[0m
2026-10-07T21:09:19.4780239Z [  55% ] [90m[1m_update_scan_actions[22m | archive_reliquary.glb[39m[0m
2026-10-07T21:09:19.4780801Z [  56% ] [90m[1m_update_scan_actions[22m | citadel_reliquary.glb[39m[0m
2026-10-07T21:09:19.4781376Z [  56% ] [90m[1m_update_scan_actions[22m | ossuary_reliquary.glb[39m[0m
2026-10-07T21:09:19.4781924Z [  57% ] [90m[1m_update_scan_actions[22m | spire_reliquary.glb[39m[0m
2026-10-07T21:09:19.4782456Z [  58% ] [90m[1m_update_scan_actions[22m | axe-fitted.glb[39m[0m
2026-10-07T21:09:19.4782981Z [  59% ] [90m[1m_update_scan_actions[22m | axe-original.glb[39m[0m
2026-10-07T21:09:19.4783655Z [  60% ] [90m[1m_update_scan_actions[22m | raider-native65.glb[39m[0m
2026-10-07T21:09:19.4784180Z [  61% ] [90m[1m_update_scan_actions[22m | arcanist.glb[39m[0m
2026-10-07T21:09:19.4784674Z [  62% ] [90m[1m_update_scan_actions[22m | bone_arch.glb[39m[0m
2026-10-07T21:09:19.4785190Z [  62% ] [90m[1m_update_scan_actions[22m | broken_pillar.glb[39m[0m
2026-10-07T21:09:19.4785692Z [  63% ] [90m[1m_update_scan_actions[22m | bulwark.glb[39m[0m
2026-10-07T21:09:19.4786424Z [  64% ] [90m[1m_update_scan_actions[22m | carved_tomb.glb[39m[0m
2026-10-07T21:09:19.4786987Z [  65% ] [90m[1m_update_scan_actions[22m | ceremonial_brazier.glb[39m[0m
2026-10-07T21:09:19.4787673Z [  66% ] [90m[1m_update_scan_actions[22m | drowned_library.glb[39m[0m
2026-10-07T21:09:19.4788186Z [  67% ] [90m[1m_update_scan_actions[22m | elite.glb[39m[0m
2026-10-07T21:09:19.4788723Z [  68% ] [90m[1m_update_scan_actions[22m | expedition_table.glb[39m[0m
2026-10-07T21:09:19.4789258Z [  68% ] [90m[1m_update_scan_actions[22m | field_forge.glb[39m[0m
2026-10-07T21:09:19.4789753Z [  69% ] [90m[1m_update_scan_actions[22m | furnace.glb[39m[0m
2026-10-07T21:09:19.4790265Z [  70% ] [90m[1m_update_scan_actions[22m | furnace_throne.glb[39m[0m
2026-10-07T21:09:19.4790773Z [  71% ] [90m[1m_update_scan_actions[22m | gothic_arch.glb[39m[0m
2026-10-07T21:09:19.4791303Z [  72% ] [90m[1m_update_scan_actions[22m | guardian_0.glb[39m[0m
2026-10-07T21:09:19.4791798Z [  73% ] [90m[1m_update_scan_actions[22m | guardian_1.glb[39m[0m
2026-10-07T21:09:19.4792289Z [  74% ] [90m[1m_update_scan_actions[22m | guardian_2.glb[39m[0m
2026-10-07T21:09:19.4792776Z [  75% ] [90m[1m_update_scan_actions[22m | guardian_3.glb[39m[0m
2026-10-07T21:09:19.4793275Z [  75% ] [90m[1m_update_scan_actions[22m | hanging_bell.glb[39m[0m
2026-10-07T21:09:19.4793761Z [  76% ] [90m[1m_update_scan_actions[22m | hexer.glb[39m[0m
2026-10-07T21:09:19.4794257Z [  77% ] [90m[1m_update_scan_actions[22m | leaded_lancet.glb[39m[0m
2026-10-07T21:09:19.4794774Z [  78% ] [90m[1m_update_scan_actions[22m | pilgrim_well.glb[39m[0m
2026-10-07T21:09:19.4795266Z [  79% ] [90m[1m_update_scan_actions[22m | pillar.glb[39m[0m
2026-10-07T21:09:19.4795748Z [  80% ] [90m[1m_update_scan_actions[22m | raider.glb[39m[0m
2026-10-07T21:09:19.4796335Z [  81% ] [90m[1m_update_scan_actions[22m | ranger.glb[39m[0m
2026-10-07T21:09:19.4796846Z [  81% ] [90m[1m_update_scan_actions[22m | reliquary_altar.glb[39m[0m
2026-10-07T21:09:19.4797372Z [  82% ] [90m[1m_update_scan_actions[22m | ruined_vault.glb[39m[0m
2026-10-07T21:09:19.4797918Z [  83% ] [90m[1m_update_scan_actions[22m | sanctuary_intarsia.glb[39m[0m
2026-10-07T21:09:19.4798445Z [  84% ] [90m[1m_update_scan_actions[22m | seal_shrine.glb[39m[0m
2026-10-07T21:09:19.4798945Z [  85% ] [90m[1m_update_scan_actions[22m | vowkeeper.glb[39m[0m
2026-10-07T21:09:19.4799434Z [  86% ] [90m[1m_update_scan_actions[22m | archive.png[39m[0m
2026-10-07T21:09:19.4799917Z [  87% ] [90m[1m_update_scan_actions[22m | camp.png[39m[0m
2026-10-07T21:09:19.4800392Z [  87% ] [90m[1m_update_scan_actions[22m | citadel.png[39m[0m
2026-10-07T21:09:19.4800867Z [  88% ] [90m[1m_update_scan_actions[22m | ossuary.png[39m[0m
2026-10-07T21:09:19.4801335Z [  89% ] [90m[1m_update_scan_actions[22m | spire.png[39m[0m
2026-10-07T21:09:19.4801826Z [  90% ] [90m[1m_update_scan_actions[22m | camp-matte.png[39m[0m
2026-10-07T21:09:19.4802348Z [  91% ] [90m[1m_update_scan_actions[22m | camp-stations.png[39m[0m
2026-10-07T21:09:19.4802869Z [  92% ] [90m[1m_update_scan_actions[22m | painted-stone.png[39m[0m
2026-10-07T21:09:19.4803390Z [  93% ] [90m[1m_update_scan_actions[22m | region-atlas.png[39m[0m
2026-10-07T21:09:19.4803887Z [  93% ] [90m[1m_update_scan_actions[22m | app_icon.png[39m[0m
2026-10-07T21:09:19.4804368Z [  94% ] [90m[1m_update_scan_actions[22m | app_icon.svg[39m[0m
2026-10-07T21:09:19.4804879Z [  95% ] [90m[1m_update_scan_actions[22m | cinder_knight.webp[39m[0m
2026-10-07T21:09:19.4805606Z [  96% ] [90m[1m_update_scan_actions[22m | hollow_spire_corridor.webp[39m[0m
2026-10-07T21:09:19.4806278Z [  97% ] [90m[1m_update_scan_actions[22m | nyra_portrait.webp[39m[0m
2026-10-07T21:09:19.4806805Z [  98% ] [90m[1m_update_scan_actions[22m | nyra_runner.webp[39m[0m
2026-10-07T21:09:19.4807262Z [92m[ DONE ][39m [1m_update_scan_actions[22m
2026-10-07T21:09:19.4807562Z [0m
2026-10-07T21:09:19.4808018Z [   0% ] [90m[1mreimport[22m | Started (Re)Importing Assets (115 steps)[39m[0m
2026-10-07T21:09:19.4808600Z [   0% ] [90m[1mreimport[22m | Preparing files to reimport...[39m[0m
2026-10-07T21:09:19.4809277Z [   0% ] [90m[1mreimport[22m | Preparing files to reimport...[39m[0m
2026-10-07T21:09:19.4809802Z [   1% ] [90m[1mreimport[22m | Preparing files to reimport...[39m[0m
2026-10-07T21:09:19.4810330Z [   2% ] [90m[1mreimport[22m | Preparing files to reimport...[39m[0m
2026-10-07T21:09:19.4810855Z [   3% ] [90m[1mreimport[22m | Preparing files to reimport...[39m[0m
2026-10-07T21:09:19.4811378Z [   4% ] [90m[1mreimport[22m | Preparing files to reimport...[39m[0m
2026-10-07T21:09:19.4811898Z [   5% ] [90m[1mreimport[22m | Preparing files to reimport...[39m[0m
2026-10-07T21:09:19.4812417Z [   6% ] [90m[1mreimport[22m | Preparing files to reimport...[39m[0m
2026-10-07T21:09:19.4812940Z [   6% ] [90m[1mreimport[22m | Preparing files to reimport...[39m[0m
2026-10-07T21:09:19.4813461Z [   7% ] [90m[1mreimport[22m | Preparing files to reimport...[39m[0m
2026-10-07T21:09:19.4813977Z [   8% ] [90m[1mreimport[22m | Preparing files to reimport...[39m[0m
2026-10-07T21:09:19.4814498Z [   9% ] [90m[1mreimport[22m | Preparing files to reimport...[39m[0m
2026-10-07T21:09:19.4815024Z [  10% ] [90m[1mreimport[22m | Preparing files to reimport...[39m[0m
2026-10-07T21:09:19.4815545Z [  11% ] [90m[1mreimport[22m | Preparing files to reimport...[39m[0m
2026-10-07T21:09:19.4816387Z [  12% ] [90m[1mreimport[22m | Preparing files to reimport...[39m[0m
2026-10-07T21:09:19.4817167Z [  12% ] [90m[1mreimport[22m | Preparing files to reimport...[39m[0m
2026-10-07T21:09:19.4817942Z [  13% ] [90m[1mreimport[22m | Preparing files to reimport...[39m[0m
2026-10-07T21:09:19.4818474Z [  14% ] [90m[1mreimport[22m | Preparing files to reimport...[39m[0m
2026-10-07T21:09:19.4818995Z [  15% ] [90m[1mreimport[22m | Preparing files to reimport...[39m[0m
2026-10-07T21:09:19.4819516Z [  16% ] [90m[1mreimport[22m | Preparing files to reimport...[39m[0m
2026-10-07T21:09:19.4820048Z [  17% ] [90m[1mreimport[22m | Preparing files to reimport...[39m[0m
2026-10-07T21:09:19.4820574Z [  18% ] [90m[1mreimport[22m | Preparing files to reimport...[39m[0m
2026-10-07T21:09:19.4821096Z [  18% ] [90m[1mreimport[22m | Preparing files to reimport...[39m[0m
2026-10-07T21:09:19.4821622Z [  19% ] [90m[1mreimport[22m | Preparing files to reimport...[39m[0m
2026-10-07T21:09:19.4822158Z [  20% ] [90m[1mreimport[22m | Preparing files to reimport...[39m[0m
2026-10-07T21:09:19.4822674Z [  21% ] [90m[1mreimport[22m | Preparing files to reimport...[39m[0m
2026-10-07T21:09:19.4823194Z [  22% ] [90m[1mreimport[22m | Preparing files to reimport...[39m[0m
2026-10-07T21:09:19.4823720Z [  23% ] [90m[1mreimport[22m | Preparing files to reimport...[39m[0m
2026-10-07T21:09:19.4824240Z [  24% ] [90m[1mreimport[22m | Preparing files to reimport...[39m[0m
2026-10-07T21:09:19.4824762Z [  25% ] [90m[1mreimport[22m | Preparing files to reimport...[39m[0m
2026-10-07T21:09:19.4825282Z [  25% ] [90m[1mreimport[22m | Preparing files to reimport...[39m[0m
2026-10-07T21:09:19.4825797Z [  26% ] [90m[1mreimport[22m | Preparing files to reimport...[39m[0m
2026-10-07T21:09:19.4826629Z [  27% ] [90m[1mreimport[22m | Preparing files to reimport...[39m[0m
2026-10-07T21:09:19.4827158Z [  28% ] [90m[1mreimport[22m | Preparing files to reimport...[39m[0m
2026-10-07T21:09:19.4827884Z [  29% ] [90m[1mreimport[22m | Preparing files to reimport...[39m[0m
2026-10-07T21:09:19.4828414Z [  30% ] [90m[1mreimport[22m | Preparing files to reimport...[39m[0m
2026-10-07T21:09:19.4828937Z [  31% ] [90m[1mreimport[22m | Preparing files to reimport...[39m[0m
2026-10-07T21:09:19.4829459Z [  31% ] [90m[1mreimport[22m | Preparing files to reimport...[39m[0m
2026-10-07T21:09:19.4829974Z [  32% ] [90m[1mreimport[22m | Preparing files to reimport...[39m[0m
2026-10-07T21:09:19.4830490Z [  33% ] [90m[1mreimport[22m | Preparing files to reimport...[39m[0m
2026-10-07T21:09:19.4831142Z [  34% ] [90m[1mreimport[22m | Preparing files to reimport...[39m[0m
2026-10-07T21:09:19.4831664Z [  35% ] [90m[1mreimport[22m | Preparing files to reimport...[39m[0m
2026-10-07T21:09:19.4832181Z [  36% ] [90m[1mreimport[22m | Preparing files to reimport...[39m[0m
2026-10-07T21:09:19.4832698Z [  37% ] [90m[1mreimport[22m | Preparing files to reimport...[39m[0m
2026-10-07T21:09:19.4833222Z [  37% ] [90m[1mreimport[22m | Preparing files to reimport...[39m[0m
2026-10-07T21:09:19.4833740Z [  38% ] [90m[1mreimport[22m | Preparing files to reimport...[39m[0m
2026-10-07T21:09:19.4834257Z [  39% ] [90m[1mreimport[22m | Preparing files to reimport...[39m[0m
2026-10-07T21:09:19.4834780Z [  40% ] [90m[1mreimport[22m | Preparing files to reimport...[39m[0m
2026-10-07T21:09:19.4835296Z [  41% ] [90m[1mreimport[22m | Preparing files to reimport...[39m[0m
2026-10-07T21:09:19.4835814Z [  42% ] [90m[1mreimport[22m | Preparing files to reimport...[39m[0m
2026-10-07T21:09:19.4836591Z [  43% ] [90m[1mreimport[22m | Preparing files to reimport...[39m[0m
2026-10-07T21:09:19.4837139Z [  43% ] [90m[1mreimport[22m | Preparing files to reimport...[39m[0m
2026-10-07T21:09:19.4837665Z [  44% ] [90m[1mreimport[22m | Preparing files to reimport...[39m[0m
2026-10-07T21:09:19.4838193Z [  45% ] [90m[1mreimport[22m | Preparing files to reimport...[39m[0m
2026-10-07T21:09:19.4838724Z [  46% ] [90m[1mreimport[22m | Preparing files to reimport...[39m[0m
2026-10-07T21:09:19.4839253Z [  47% ] [90m[1mreimport[22m | Preparing files to reimport...[39m[0m
2026-10-07T21:09:19.4839777Z [  48% ] [90m[1mreimport[22m | Preparing files to reimport...[39m[0m
2026-10-07T21:09:19.4840304Z [  49% ] [90m[1mreimport[22m | Preparing files to reimport...[39m[0m
2026-10-07T21:09:19.4840827Z [  50% ] [90m[1mreimport[22m | Preparing files to reimport...[39m[0m
2026-10-07T21:09:19.4841349Z [  50% ] [90m[1mreimport[22m | Preparing files to reimport...[39m[0m
2026-10-07T21:09:19.4841874Z [  51% ] [90m[1mreimport[22m | Preparing files to reimport...[39m[0m
2026-10-07T21:09:19.4842394Z [  52% ] [90m[1mreimport[22m | Preparing files to reimport...[39m[0m
2026-10-07T21:09:19.4842915Z [  53% ] [90m[1mreimport[22m | Preparing files to reimport...[39m[0m
2026-10-07T21:09:19.4843437Z [  54% ] [90m[1mreimport[22m | Preparing files to reimport...[39m[0m
2026-10-07T21:09:19.4843961Z [  55% ] [90m[1mreimport[22m | Preparing files to reimport...[39m[0m
2026-10-07T21:09:19.4844483Z [  56% ] [90m[1mreimport[22m | Preparing files to reimport...[39m[0m
2026-10-07T21:09:19.4845010Z [  56% ] [90m[1mreimport[22m | Preparing files to reimport...[39m[0m
2026-10-07T21:09:19.4845530Z [  57% ] [90m[1mreimport[22m | Preparing files to reimport...[39m[0m
2026-10-07T21:09:19.4846290Z [  58% ] [90m[1mreimport[22m | Preparing files to reimport...[39m[0m
2026-10-07T21:09:19.4846869Z [  59% ] [90m[1mreimport[22m | Preparing files to reimport...[39m[0m
2026-10-07T21:09:19.4847403Z [  60% ] [90m[1mreimport[22m | Preparing files to reimport...[39m[0m
2026-10-07T21:09:19.4847924Z [  61% ] [90m[1mreimport[22m | Preparing files to reimport...[39m[0m
2026-10-07T21:09:19.4848442Z [  62% ] [90m[1mreimport[22m | Preparing files to reimport...[39m[0m
2026-10-07T21:09:19.4848963Z [  62% ] [90m[1mreimport[22m | Preparing files to reimport...[39m[0m
2026-10-07T21:09:19.4849637Z [  63% ] [90m[1mreimport[22m | Preparing files to reimport...[39m[0m
2026-10-07T21:09:19.4850168Z [  64% ] [90m[1mreimport[22m | Preparing files to reimport...[39m[0m
2026-10-07T21:09:19.4850692Z [  65% ] [90m[1mreimport[22m | Preparing files to reimport...[39m[0m
2026-10-07T21:09:19.4851209Z [  66% ] [90m[1mreimport[22m | Preparing files to reimport...[39m[0m
2026-10-07T21:09:19.4851729Z [  67% ] [90m[1mreimport[22m | Preparing files to reimport...[39m[0m
2026-10-07T21:09:19.4852255Z [  68% ] [90m[1mreimport[22m | Preparing files to reimport...[39m[0m
2026-10-07T21:09:19.4852903Z [  68% ] [90m[1mreimport[22m | Preparing files to reimport...[39m[0m
2026-10-07T21:09:19.4853429Z [  69% ] [90m[1mreimport[22m | Preparing files to reimport...[39m[0m
2026-10-07T21:09:19.4853948Z [  70% ] [90m[1mreimport[22m | Preparing files to reimport...[39m[0m
2026-10-07T21:09:19.4854462Z [  71% ] [90m[1mreimport[22m | Preparing files to reimport...[39m[0m
2026-10-07T21:09:19.4854984Z [  72% ] [90m[1mreimport[22m | Preparing files to reimport...[39m[0m
2026-10-07T21:09:19.4855500Z [  73% ] [90m[1mreimport[22m | Preparing files to reimport...[39m[0m
2026-10-07T21:09:19.4856235Z [  74% ] [90m[1mreimport[22m | Preparing files to reimport...[39m[0m
2026-10-07T21:09:19.4856773Z [  75% ] [90m[1mreimport[22m | Preparing files to reimport...[39m[0m
2026-10-07T21:09:19.4857297Z [  75% ] [90m[1mreimport[22m | Preparing files to reimport...[39m[0m
2026-10-07T21:09:19.4857821Z [  76% ] [90m[1mreimport[22m | Preparing files to reimport...[39m[0m
2026-10-07T21:09:19.4858348Z [  77% ] [90m[1mreimport[22m | Preparing files to reimport...[39m[0m
2026-10-07T21:09:19.4858864Z [  78% ] [90m[1mreimport[22m | Preparing files to reimport...[39m[0m
2026-10-07T21:09:19.4859386Z [  79% ] [90m[1mreimport[22m | Preparing files to reimport...[39m[0m
2026-10-07T21:09:19.4859907Z [  80% ] [90m[1mreimport[22m | Preparing files to reimport...[39m[0m
2026-10-07T21:09:19.4860427Z [  81% ] [90m[1mreimport[22m | Preparing files to reimport...[39m[0m
2026-10-07T21:09:19.4860946Z [  81% ] [90m[1mreimport[22m | Preparing files to reimport...[39m[0m
2026-10-07T21:09:19.4861468Z [  82% ] [90m[1mreimport[22m | Preparing files to reimport...[39m[0m
2026-10-07T21:09:19.4861987Z [  83% ] [90m[1mreimport[22m | Preparing files to reimport...[39m[0m
2026-10-07T21:09:19.4862505Z [  84% ] [90m[1mreimport[22m | Preparing files to reimport...[39m[0m
2026-10-07T21:09:19.4863287Z [  85% ] [90m[1mreimport[22m | Preparing files to reimport...[39m[0m
2026-10-07T21:09:19.4864059Z [  86% ] [90m[1mreimport[22m | Preparing files to reimport...[39m[0m
2026-10-07T21:09:19.4864874Z [  87% ] [90m[1mreimport[22m | Preparing files to reimport...[39m[0m
2026-10-07T21:09:19.4865692Z [  87% ] [90m[1mreimport[22m | Preparing files to reimport...[39m[0m
2026-10-07T21:09:19.4866680Z [  88% ] [90m[1mreimport[22m | Preparing files to reimport...[39m[0m
2026-10-07T21:09:19.4867589Z [  89% ] [90m[1mreimport[22m | Preparing files to reimport...[39m[0m
2026-10-07T21:09:19.4868444Z [  90% ] [90m[1mreimport[22m | Preparing files to reimport...[39m[0m
2026-10-07T21:09:19.4869264Z [  91% ] [90m[1mreimport[22m | Preparing files to reimport...[39m[0m
2026-10-07T21:09:19.4870205Z [  92% ] [90m[1mreimport[22m | Preparing files to reimport...[39m[0m
2026-10-07T21:09:19.4871025Z [  93% ] [90m[1mreimport[22m | Preparing files to reimport...[39m[0m
2026-10-07T21:09:19.4871801Z [  93% ] [90m[1mreimport[22m | Preparing files to reimport...[39m[0m
2026-10-07T21:09:19.4872462Z [  94% ] [90m[1mreimport[22m | Preparing files to reimport...[39m[0m
2026-10-07T21:09:19.4872999Z [  95% ] [90m[1mreimport[22m | Preparing files to reimport...[39m[0m
2026-10-07T21:09:19.4873531Z [  96% ] [90m[1mreimport[22m | Preparing files to reimport...[39m[0m
2026-10-07T21:09:19.4874050Z [  97% ] [90m[1mreimport[22m | Preparing files to reimport...[39m[0m
2026-10-07T21:09:19.4874759Z [  98% ] [90m[1mreimport[22m | Preparing files to reimport...[39m[0m
2026-10-07T21:09:19.4875360Z [   0% ] [90m[1mreimport[22m | Executing pre-reimport operations...[39m[0m
2026-10-07T21:09:19.4876308Z [   0% ] [90m[1mpreload_reimporting_scene[22m | Started Preparing scenes for reload (1 steps)[39m[0m
2026-10-07T21:09:19.4877039Z [   0% ] [90m[1mpreload_reimporting_scene[22m | Analyzing scene [empty][39m[0m
2026-10-07T21:09:19.4877660Z [  50% ] [90m[1mpreload_reimporting_scene[22m | Preparation done.[39m[0m
2026-10-07T21:09:19.4878300Z [92m[ DONE ][39m [1mpreload_reimporting_scene[22m
2026-10-07T21:09:19.4878613Z [0m
2026-10-07T21:09:19.4878937Z [   0% ] [90m[1mreimport[22m | Lora.ttf[39m[0m
2026-10-07T21:09:19.4879359Z [   0% ] [90m[1mreimport[22m | Cinzel.ttf[39m[0m
2026-10-07T21:09:19.4879850Z [   1% ] [90m[1mreimport[22m | Metal063_1K-JPG_Color.jpg[39m[0m
2026-10-07T21:09:19.4880384Z [   2% ] [90m[1mreimport[22m | Metal063_1K-JPG_Roughness.jpg[39m[0m
2026-10-07T21:09:19.4880896Z [   3% ] [90m[1mreimport[22m | nyra-face-albedo.png[39m[0m
2026-10-07T21:09:19.4881383Z [   4% ] [90m[1mreimport[22m | ruin-floor-albedo.png[39m[0m
2026-10-07T21:09:19.4881877Z [   5% ] [90m[1mreimport[22m | Rock030_1K-JPG_Color.jpg[39m[0m
2026-10-07T21:09:19.4882382Z [   6% ] [90m[1mreimport[22m | Rock030_1K-JPG_NormalGL.jpg[39m[0m
2026-10-07T21:09:19.4882899Z [   6% ] [90m[1mreimport[22m | Rock030_1K-JPG_Roughness.jpg[39m[0m
2026-10-07T21:09:19.4883370Z [   7% ] [90m[1mreimport[22m | archive.png[39m[0m
2026-10-07T21:09:19.4883788Z [   8% ] [90m[1mreimport[22m | camp.png[39m[0m
2026-10-07T21:09:19.4884205Z [   9% ] [90m[1mreimport[22m | citadel.png[39m[0m
2026-10-07T21:09:19.4884613Z [  10% ] [90m[1mreimport[22m | ossuary.png[39m[0m
2026-10-07T21:09:19.4885020Z [  11% ] [90m[1mreimport[22m | spire.png[39m[0m
2026-10-07T21:09:19.4885451Z [  12% ] [90m[1mreimport[22m | camp-matte.png[39m[0m
2026-10-07T21:09:19.4885908Z [  12% ] [90m[1mreimport[22m | camp-stations.png[39m[0m
2026-10-07T21:09:19.4886561Z [  13% ] [90m[1mreimport[22m | painted-stone.png[39m[0m
2026-10-07T21:09:19.4887018Z [  14% ] [90m[1mreimport[22m | region-atlas.png[39m[0m
2026-10-07T21:09:19.4887456Z [  15% ] [90m[1mreimport[22m | app_icon.png[39m[0m
2026-10-07T21:09:19.4887873Z [  16% ] [90m[1mreimport[22m | app_icon.svg[39m[0m
2026-10-07T21:09:19.4888316Z [  17% ] [90m[1mreimport[22m | cinder_knight.webp[39m[0m
2026-10-07T21:09:19.4888814Z [  18% ] [90m[1mreimport[22m | hollow_spire_corridor.webp[39m[0m
2026-10-07T21:09:19.4889299Z [  18% ] [90m[1mreimport[22m | nyra_portrait.webp[39m[0m
2026-10-07T21:09:19.4889741Z [  19% ] [90m[1mreimport[22m | nyra_runner.webp[39m[0m
2026-10-07T21:09:19.4890163Z [  20% ] [90m[1mreimport[22m | arcanist.png[39m[0m
2026-10-07T21:09:19.4890580Z [  21% ] [90m[1mreimport[22m | bulwark.png[39m[0m
2026-10-07T21:09:19.4890986Z [  22% ] [90m[1mreimport[22m | elite.png[39m[0m
2026-10-07T21:09:19.4891448Z [  23% ] [90m[1mreimport[22m | guardian_0.png[39m[0m
2026-10-07T21:09:19.4891886Z [  24% ] [90m[1mreimport[22m | guardian_1.png[39m[0m
2026-10-07T21:09:19.4892305Z [  25% ] [90m[1mreimport[22m | guardian_2.png[39m[0m
2026-10-07T21:09:19.4892726Z [  25% ] [90m[1mreimport[22m | guardian_3.png[39m[0m
2026-10-07T21:09:19.4893132Z [  26% ] [90m[1mreimport[22m | hexer.png[39m[0m
2026-10-07T21:09:19.4893543Z [  27% ] [90m[1mreimport[22m | raider.png[39m[0m
2026-10-07T21:09:19.4893949Z [  28% ] [90m[1mreimport[22m | ranger.png[39m[0m
2026-10-07T21:09:19.4894373Z [  29% ] [90m[1mreimport[22m | vowkeeper.png[39m[0m
2026-10-07T21:09:19.4894798Z [  30% ] [90m[1mreimport[22m | arcanist.png[39m[0m
2026-10-07T21:09:19.4895215Z [  31% ] [90m[1mreimport[22m | guardian_0.png[39m[0m
2026-10-07T21:09:19.4895689Z [  31% ] [90m[1mreimport[22m | guardian_1.png[39m[0m
2026-10-07T21:09:19.4896478Z [  32% ] [90m[1mreimport[22m | guardian_2.png[39m[0m
2026-10-07T21:09:19.4896995Z [  33% ] [90m[1mreimport[22m | Bricks096_1K-PNG_Roughness.png[39m[0m
2026-10-07T21:09:19.4897549Z [  34% ] [90m[1mreimport[22m | Bricks096_1K-PNG_NormalGL.png[39m[0m
2026-10-07T21:09:19.4898082Z [  35% ] [90m[1mreimport[22m | Bricks096_1K-PNG_Color.png[39m[0m
2026-10-07T21:09:19.4898571Z [  36% ] [90m[1mreimport[22m | material-atlas.png[39m[0m
2026-10-07T21:09:19.4899022Z [  37% ] [90m[1mreimport[22m | vowkeeper.png[39m[0m
2026-10-07T21:09:19.4899443Z [  37% ] [90m[1mreimport[22m | ranger.png[39m[0m
2026-10-07T21:09:19.4899993Z [  38% ] [90m[1mreimport[22m | hostiles.png[39m[0m
2026-10-07T21:09:19.4900427Z [  39% ] [90m[1mreimport[22m | guardian_3.png[39m[0m
2026-10-07T21:09:19.4900865Z [  40% ] [90m[1mreimport[22m | pilgrim_well.glb[39m[0m
2026-10-07T21:09:19.4901376Z [   0% ] [90m[1mimport[22m | Started Import Scene (104 steps)[39m[0m
2026-10-07T21:09:19.4901860Z [   0% ] [90m[1mimport[22m | Importing Scene...[39m[0m
2026-10-07T21:09:19.4902324Z [   1% ] [90m[1mimport[22m | Running Custom Script...[39m[0m
2026-10-07T21:09:19.4902761Z [  99% ] [90m[1mimport[22m | Saving...[39m[0m
2026-10-07T21:09:19.4903132Z [92m[ DONE ][39m [1mimport[22m
2026-10-07T21:09:19.4903397Z [0m
2026-10-07T21:09:19.4903744Z [  41% ] [90m[1mreimport[22m | leaded_lancet.glb[39m[0m
2026-10-07T21:09:19.4904249Z [   0% ] [90m[1mimport[22m | Started Import Scene (104 steps)[39m[0m
2026-10-07T21:09:19.4904783Z [   0% ] [90m[1mimport[22m | Importing Scene...[39m[0m
2026-10-07T21:09:19.4905244Z [   1% ] [90m[1mimport[22m | Running Custom Script...[39m[0m
2026-10-07T21:09:19.4905667Z [  99% ] [90m[1mimport[22m | Saving...[39m[0m
2026-10-07T21:09:19.4906229Z [92m[ DONE ][39m [1mimport[22m
2026-10-07T21:09:19.4906489Z [0m
2026-10-07T21:09:19.4906802Z [  42% ] [90m[1mreimport[22m | hexer.glb[39m[0m
2026-10-07T21:09:19.4907291Z [   0% ] [90m[1mimport[22m | Started Import Scene (104 steps)[39m[0m
2026-10-07T21:09:19.4907769Z [   0% ] [90m[1mimport[22m | Importing Scene...[39m[0m
2026-10-07T21:09:19.4908226Z [   1% ] [90m[1mimport[22m | Running Custom Script...[39m[0m
2026-10-07T21:09:19.4908645Z [  99% ] [90m[1mimport[22m | Saving...[39m[0m
2026-10-07T21:09:19.4908996Z [92m[ DONE ][39m [1mimport[22m
2026-10-07T21:09:19.4909248Z [0m
2026-10-07T21:09:19.4909575Z [  43% ] [90m[1mreimport[22m | hanging_bell.glb[39m[0m
2026-10-07T21:09:19.4910059Z [   0% ] [90m[1mimport[22m | Started Import Scene (104 steps)[39m[0m
2026-10-07T21:09:19.4910532Z [   0% ] [90m[1mimport[22m | Importing Scene...[39m[0m
2026-10-07T21:09:19.4910983Z [   1% ] [90m[1mimport[22m | Running Custom Script...[39m[0m
2026-10-07T21:09:19.4911399Z [  99% ] [90m[1mimport[22m | Saving...[39m[0m
2026-10-07T21:09:19.4911743Z [92m[ DONE ][39m [1mimport[22m
2026-10-07T21:09:19.4911991Z [0m
2026-10-07T21:09:19.4912320Z [  43% ] [90m[1mreimport[22m | guardian_3.glb[39m[0m
2026-10-07T21:09:19.4912809Z [   0% ] [90m[1mimport[22m | Started Import Scene (104 steps)[39m[0m
2026-10-07T21:09:19.4913280Z [   0% ] [90m[1mimport[22m | Importing Scene...[39m[0m
2026-10-07T21:09:19.4913736Z [   1% ] [90m[1mimport[22m | Running Custom Script...[39m[0m
2026-10-07T21:09:19.4914150Z [  99% ] [90m[1mimport[22m | Saving...[39m[0m
2026-10-07T21:09:19.4914495Z [92m[ DONE ][39m [1mimport[22m
2026-10-07T21:09:19.4914738Z [0m
2026-10-07T21:09:19.4915066Z [  44% ] [90m[1mreimport[22m | guardian_2.glb[39m[0m
2026-10-07T21:09:19.4915546Z [   0% ] [90m[1mimport[22m | Started Import Scene (104 steps)[39m[0m
2026-10-07T21:09:19.4916193Z [   0% ] [90m[1mimport[22m | Importing Scene...[39m[0m
2026-10-07T21:09:19.4916660Z [   1% ] [90m[1mimport[22m | Running Custom Script...[39m[0m
2026-10-07T21:09:19.4917077Z [  99% ] [90m[1mimport[22m | Saving...[39m[0m
2026-10-07T21:09:19.4917426Z [92m[ DONE ][39m [1mimport[22m
2026-10-07T21:09:19.4917669Z [0m
2026-10-07T21:09:19.4918148Z [  45% ] [90m[1mreimport[22m | guardian_1.glb[39m[0m
2026-10-07T21:09:19.4918645Z [   0% ] [90m[1mimport[22m | Started Import Scene (104 steps)[39m[0m
2026-10-07T21:09:19.4919120Z [   0% ] [90m[1mimport[22m | Importing Scene...[39m[0m
2026-10-07T21:09:19.4919580Z [   1% ] [90m[1mimport[22m | Running Custom Script...[39m[0m
2026-10-07T21:09:19.4920001Z [  99% ] [90m[1mimport[22m | Saving...[39m[0m
2026-10-07T21:09:19.4920353Z [92m[ DONE ][39m [1mimport[22m
2026-10-07T21:09:19.4920601Z [0m
2026-10-07T21:09:19.4920920Z [  46% ] [90m[1mreimport[22m | guardian_0.glb[39m[0m
2026-10-07T21:09:19.4921526Z [   0% ] [90m[1mimport[22m | Started Import Scene (104 steps)[39m[0m
2026-10-07T21:09:19.4921991Z [   0% ] [90m[1mimport[22m | Importing Scene...[39m[0m
2026-10-07T21:09:19.4922441Z [   1% ] [90m[1mimport[22m | Running Custom Script...[39m[0m
2026-10-07T21:09:19.4922857Z [  99% ] [90m[1mimport[22m | Saving...[39m[0m
2026-10-07T21:09:19.4923207Z [92m[ DONE ][39m [1mimport[22m
2026-10-07T21:09:19.4923450Z [0m
2026-10-07T21:09:19.4923781Z [  47% ] [90m[1mreimport[22m | gothic_arch.glb[39m[0m
2026-10-07T21:09:19.4924275Z [   0% ] [90m[1mimport[22m | Started Import Scene (104 steps)[39m[0m
2026-10-07T21:09:19.4924738Z [   0% ] [90m[1mimport[22m | Importing Scene...[39m[0m
2026-10-07T21:09:19.4925186Z [   1% ] [90m[1mimport[22m | Running Custom Script...[39m[0m
2026-10-07T21:09:19.4925600Z [  99% ] [90m[1mimport[22m | Saving...[39m[0m
2026-10-07T21:09:19.4926157Z [92m[ DONE ][39m [1mimport[22m
2026-10-07T21:09:19.4926413Z [0m
2026-10-07T21:09:19.4926755Z [  48% ] [90m[1mreimport[22m | furnace_throne.glb[39m[0m
2026-10-07T21:09:19.4927255Z [   0% ] [90m[1mimport[22m | Started Import Scene (104 steps)[39m[0m
2026-10-07T21:09:19.4927725Z [   0% ] [90m[1mimport[22m | Importing Scene...[39m[0m
2026-10-07T21:09:19.4928172Z [   1% ] [90m[1mimport[22m | Running Custom Script...[39m[0m
2026-10-07T21:09:19.4928594Z [  99% ] [90m[1mimport[22m | Saving...[39m[0m
2026-10-07T21:09:19.4928946Z [92m[ DONE ][39m [1mimport[22m
2026-10-07T21:09:19.4929190Z [0m
2026-10-07T21:09:19.4929512Z [  49% ] [90m[1mreimport[22m | furnace.glb[39m[0m
2026-10-07T21:09:19.4929991Z [   0% ] [90m[1mimport[22m | Started Import Scene (104 steps)[39m[0m
2026-10-07T21:09:19.4930462Z [   0% ] [90m[1mimport[22m | Importing Scene...[39m[0m
2026-10-07T21:09:19.4930909Z [   1% ] [90m[1mimport[22m | Running Custom Script...[39m[0m
2026-10-07T21:09:19.4931325Z [  99% ] [90m[1mimport[22m | Saving...[39m[0m
2026-10-07T21:09:19.4931671Z [92m[ DONE ][39m [1mimport[22m
2026-10-07T21:09:19.4931915Z [0m
2026-10-07T21:09:19.4932238Z [  50% ] [90m[1mreimport[22m | field_forge.glb[39m[0m
2026-10-07T21:09:19.4932721Z [   0% ] [90m[1mimport[22m | Started Import Scene (104 steps)[39m[0m
2026-10-07T21:09:19.4933188Z [   0% ] [90m[1mimport[22m | Importing Scene...[39m[0m
2026-10-07T21:09:19.4933638Z [   1% ] [90m[1mimport[22m | Running Custom Script...[39m[0m
2026-10-07T21:09:19.4934052Z [  99% ] [90m[1mimport[22m | Saving...[39m[0m
2026-10-07T21:09:19.4934395Z [92m[ DONE ][39m [1mimport[22m
2026-10-07T21:09:19.4934637Z [0m
2026-10-07T21:09:19.4934988Z [  50% ] [90m[1mreimport[22m | expedition_table.glb[39m[0m
2026-10-07T21:09:19.4935492Z [   0% ] [90m[1mimport[22m | Started Import Scene (104 steps)[39m[0m
2026-10-07T21:09:19.4936134Z [   0% ] [90m[1mimport[22m | Importing Scene...[39m[0m
2026-10-07T21:09:19.4936591Z [   1% ] [90m[1mimport[22m | Running Custom Script...[39m[0m
2026-10-07T21:09:19.4937010Z [  99% ] [90m[1mimport[22m | Saving...[39m[0m
2026-10-07T21:09:19.4937353Z [92m[ DONE ][39m [1mimport[22m
2026-10-07T21:09:19.4937596Z [0m
2026-10-07T21:09:19.4937902Z [  51% ] [90m[1mreimport[22m | elite.glb[39m[0m
2026-10-07T21:09:19.4938375Z [   0% ] [90m[1mimport[22m | Started Import Scene (104 steps)[39m[0m
2026-10-07T21:09:19.4938994Z [   0% ] [90m[1mimport[22m | Importing Scene...[39m[0m
2026-10-07T21:09:19.4939459Z [   1% ] [90m[1mimport[22m | Running Custom Script...[39m[0m
2026-10-07T21:09:19.4939877Z [  99% ] [90m[1mimport[22m | Saving...[39m[0m
2026-10-07T21:09:19.4940221Z [92m[ DONE ][39m [1mimport[22m
2026-10-07T21:09:19.4940464Z [0m
2026-10-07T21:09:19.4940808Z [  52% ] [90m[1mreimport[22m | drowned_library.glb[39m[0m
2026-10-07T21:09:19.4941310Z [   0% ] [90m[1mimport[22m | Started Import Scene (104 steps)[39m[0m
2026-10-07T21:09:19.4941771Z [   0% ] [90m[1mimport[22m | Importing Scene...[39m[0m
2026-10-07T21:09:19.4942373Z [   1% ] [90m[1mimport[22m | Running Custom Script...[39m[0m
2026-10-07T21:09:19.4942794Z [  99% ] [90m[1mimport[22m | Saving...[39m[0m
2026-10-07T21:09:19.4943144Z [92m[ DONE ][39m [1mimport[22m
2026-10-07T21:09:19.4943394Z [0m
2026-10-07T21:09:19.4943713Z [  53% ] [90m[1mreimport[22m | pillar.glb[39m[0m
2026-10-07T21:09:19.4944200Z [   0% ] [90m[1mimport[22m | Started Import Scene (104 steps)[39m[0m
2026-10-07T21:09:19.4944669Z [   0% ] [90m[1mimport[22m | Importing Scene...[39m[0m
2026-10-07T21:09:19.4945130Z [   1% ] [90m[1mimport[22m | Running Custom Script...[39m[0m
2026-10-07T21:09:19.4945550Z [  99% ] [90m[1mimport[22m | Saving...[39m[0m
2026-10-07T21:09:19.4945899Z [92m[ DONE ][39m [1mimport[22m
2026-10-07T21:09:19.4946343Z [0m
2026-10-07T21:09:19.4946660Z [  54% ] [90m[1mreimport[22m | raider.glb[39m[0m
2026-10-07T21:09:19.4947139Z [   0% ] [90m[1mimport[22m | Started Import Scene (104 steps)[39m[0m
2026-10-07T21:09:19.4947614Z [   0% ] [90m[1mimport[22m | Importing Scene...[39m[0m
2026-10-07T21:09:19.4948067Z [   1% ] [90m[1mimport[22m | Running Custom Script...[39m[0m
2026-10-07T21:09:19.4948488Z [  99% ] [90m[1mimport[22m | Saving...[39m[0m
2026-10-07T21:09:19.4948836Z [92m[ DONE ][39m [1mimport[22m
2026-10-07T21:09:19.4949088Z [0m
2026-10-07T21:09:19.4949399Z [  55% ] [90m[1mreimport[22m | ranger.glb[39m[0m
2026-10-07T21:09:19.4949874Z [   0% ] [90m[1mimport[22m | Started Import Scene (104 steps)[39m[0m
2026-10-07T21:09:19.4950338Z [   0% ] [90m[1mimport[22m | Importing Scene...[39m[0m
2026-10-07T21:09:19.4950788Z [   1% ] [90m[1mimport[22m | Running Custom Script...[39m[0m
2026-10-07T21:09:19.4951211Z [  99% ] [90m[1mimport[22m | Saving...[39m[0m
2026-10-07T21:09:19.4951928Z [92m[ DONE ][39m [1mimport[22m
2026-10-07T21:09:19.4952349Z [0m
2026-10-07T21:09:19.4952904Z [  56% ] [90m[1mreimport[22m | reliquary_altar.glb[39m[0m
2026-10-07T21:09:19.4953535Z [   0% ] [90m[1mimport[22m | Started Import Scene (104 steps)[39m[0m
2026-10-07T21:09:19.4954124Z [   0% ] [90m[1mimport[22m | Importing Scene...[39m[0m
2026-10-07T21:09:19.4954777Z [   1% ] [90m[1mimport[22m | Running Custom Script...[39m[0m
2026-10-07T21:09:19.4955324Z [  99% ] [90m[1mimport[22m | Saving...[39m[0m
2026-10-07T21:09:19.4956088Z [92m[ DONE ][39m [1mimport[22m
2026-10-07T21:09:19.4956498Z [0m
2026-10-07T21:09:19.4975736Z [  56% ] [90m[1mreimport[22m | ruined_vault.glb[39m[0m
2026-10-07T21:09:19.4976777Z [   0% ] [90m[1mimport[22m | Started Import Scene (104 steps)[39m[0m
2026-10-07T21:09:19.4977306Z [   0% ] [90m[1mimport[22m | Importing Scene...[39m[0m
2026-10-07T21:09:19.4977794Z [   1% ] [90m[1mimport[22m | Running Custom Script...[39m[0m
2026-10-07T21:09:19.4978235Z [  99% ] [90m[1mimport[22m | Saving...[39m[0m
2026-10-07T21:09:19.4978604Z [92m[ DONE ][39m [1mimport[22m
2026-10-07T21:09:19.4978871Z [0m
2026-10-07T21:09:19.4979240Z [  57% ] [90m[1mreimport[22m | sanctuary_intarsia.glb[39m[0m
2026-10-07T21:09:19.4979767Z [   0% ] [90m[1mimport[22m | Started Import Scene (104 steps)[39m[0m
2026-10-07T21:09:19.4980243Z [   0% ] [90m[1mimport[22m | Importing Scene...[39m[0m
2026-10-07T21:09:19.4980697Z [   1% ] [90m[1mimport[22m | Running Custom Script...[39m[0m
2026-10-07T21:09:19.4981110Z [  99% ] [90m[1mimport[22m | Saving...[39m[0m
2026-10-07T21:09:19.4981794Z [92m[ DONE ][39m [1mimport[22m
2026-10-07T21:09:19.4982046Z [0m
2026-10-07T21:09:19.4982385Z [  58% ] [90m[1mreimport[22m | seal_shrine.glb[39m[0m
2026-10-07T21:09:19.4982883Z [   0% ] [90m[1mimport[22m | Started Import Scene (104 steps)[39m[0m
2026-10-07T21:09:19.4983357Z [   0% ] [90m[1mimport[22m | Importing Scene...[39m[0m
2026-10-07T21:09:19.4983800Z [   1% ] [90m[1mimport[22m | Running Custom Script...[39m[0m
2026-10-07T21:09:19.4984211Z [  99% ] [90m[1mimport[22m | Saving...[39m[0m
2026-10-07T21:09:19.4984560Z [92m[ DONE ][39m [1mimport[22m
2026-10-07T21:09:19.4984954Z [0m
2026-10-07T21:09:19.4985285Z [  59% ] [90m[1mreimport[22m | vowkeeper.glb[39m[0m
2026-10-07T21:09:19.4985776Z [   0% ] [90m[1mimport[22m | Started Import Scene (104 steps)[39m[0m
2026-10-07T21:09:19.4986488Z [   0% ] [90m[1mimport[22m | Importing Scene...[39m[0m
2026-10-07T21:09:19.4986948Z [   1% ] [90m[1mimport[22m | Running Custom Script...[39m[0m
2026-10-07T21:09:19.4987396Z [  99% ] [90m[1mimport[22m | Saving...[39m[0m
2026-10-07T21:09:19.4987758Z [92m[ DONE ][39m [1mimport[22m
2026-10-07T21:09:19.4988012Z [0m
2026-10-07T21:09:19.4988351Z [  60% ] [90m[1mreimport[22m | citadel_bay.glb[39m[0m
2026-10-07T21:09:19.4988859Z [   0% ] [90m[1mimport[22m | Started Import Scene (104 steps)[39m[0m
2026-10-07T21:09:19.4989352Z [   0% ] [90m[1mimport[22m | Importing Scene...[39m[0m
2026-10-07T21:09:19.4989825Z [   1% ] [90m[1mimport[22m | Running Custom Script...[39m[0m
2026-10-07T21:09:19.4990257Z [  99% ] [90m[1mimport[22m | Saving...[39m[0m
2026-10-07T21:09:19.4990613Z [92m[ DONE ][39m [1mimport[22m
2026-10-07T21:09:19.4990864Z [0m
2026-10-07T21:09:19.4991238Z [  61% ] [90m[1mreimport[22m | archive_solid.glb[39m[0m
2026-10-07T21:09:19.4991757Z [   0% ] [90m[1mimport[22m | Started Import Scene (104 steps)[39m[0m
2026-10-07T21:09:19.4992241Z [   0% ] [90m[1mimport[22m | Importing Scene...[39m[0m
2026-10-07T21:09:19.4992700Z [   1% ] [90m[1mimport[22m | Running Custom Script...[39m[0m
2026-10-07T21:09:19.4993121Z [  99% ] [90m[1mimport[22m | Saving...[39m[0m
2026-10-07T21:09:19.4993470Z [92m[ DONE ][39m [1mimport[22m
2026-10-07T21:09:19.4993719Z [0m
2026-10-07T21:09:19.4994066Z [  62% ] [90m[1mreimport[22m | archive_return.glb[39m[0m
2026-10-07T21:09:19.4994562Z [   0% ] [90m[1mimport[22m | Started Import Scene (104 steps)[39m[0m
2026-10-07T21:09:19.4995037Z [   0% ] [90m[1mimport[22m | Importing Scene...[39m[0m
2026-10-07T21:09:19.4995491Z [   1% ] [90m[1mimport[22m | Running Custom Script...[39m[0m
2026-10-07T21:09:19.4995913Z [  99% ] [90m[1mimport[22m | Saving...[39m[0m
2026-10-07T21:09:19.4996476Z [92m[ DONE ][39m [1mimport[22m
2026-10-07T21:09:19.4996730Z [0m
2026-10-07T21:09:19.4997075Z [  62% ] [90m[1mreimport[22m | archive_end.glb[39m[0m
2026-10-07T21:09:19.4997569Z [   0% ] [90m[1mimport[22m | Started Import Scene (104 steps)[39m[0m
2026-10-07T21:09:19.4998053Z [   0% ] [90m[1mimport[22m | Importing Scene...[39m[0m
2026-10-07T21:09:19.4998510Z [   1% ] [90m[1mimport[22m | Running Custom Script...[39m[0m
2026-10-07T21:09:19.4998932Z [  99% ] [90m[1mimport[22m | Saving...[39m[0m
2026-10-07T21:09:19.4999283Z [92m[ DONE ][39m [1mimport[22m
2026-10-07T21:09:19.4999529Z [0m
2026-10-07T21:09:19.4999884Z [  63% ] [90m[1mreimport[22m | archive_bay_broken.glb[39m[0m
2026-10-07T21:09:19.5000387Z [   0% ] [90m[1mimport[22m | Started Import Scene (104 steps)[39m[0m
2026-10-07T21:09:19.5000859Z [   0% ] [90m[1mimport[22m | Importing Scene...[39m[0m
2026-10-07T21:09:19.5001311Z [   1% ] [90m[1mimport[22m | Running Custom Script...[39m[0m
2026-10-07T21:09:19.5001726Z [  99% ] [90m[1mimport[22m | Saving...[39m[0m
2026-10-07T21:09:19.5002070Z [92m[ DONE ][39m [1mimport[22m
2026-10-07T21:09:19.5002318Z [0m
2026-10-07T21:09:19.5002642Z [  64% ] [90m[1mreimport[22m | archive_bay.glb[39m[0m
2026-10-07T21:09:19.5003284Z [   0% ] [90m[1mimport[22m | Started Import Scene (104 steps)[39m[0m
2026-10-07T21:09:19.5003751Z [   0% ] [90m[1mimport[22m | Importing Scene...[39m[0m
2026-10-07T21:09:19.5004205Z [   1% ] [90m[1mimport[22m | Running Custom Script...[39m[0m
2026-10-07T21:09:19.5004623Z [  99% ] [90m[1mimport[22m | Saving...[39m[0m
2026-10-07T21:09:19.5004968Z [92m[ DONE ][39m [1mimport[22m
2026-10-07T21:09:19.5005213Z [0m
2026-10-07T21:09:19.5005560Z [  65% ] [90m[1mreimport[22m | ranger-native65.glb[39m[0m
2026-10-07T21:09:19.5006173Z [   0% ] [90m[1mimport[22m | Started Import Scene (104 steps)[39m[0m
2026-10-07T21:09:19.5006764Z [   0% ] [90m[1mimport[22m | Importing Scene...[39m[0m
2026-10-07T21:09:19.5007222Z [   1% ] [90m[1mimport[22m | Running Custom Script...[39m[0m
2026-10-07T21:09:19.5007639Z [  99% ] [90m[1mimport[22m | Saving...[39m[0m
2026-10-07T21:09:19.5007989Z [92m[ DONE ][39m [1mimport[22m
2026-10-07T21:09:19.5008236Z [0m
2026-10-07T21:09:19.5008601Z [  66% ] [90m[1mreimport[22m | guardian_2-fitted.glb[39m[0m
2026-10-07T21:09:19.5009107Z [   0% ] [90m[1mimport[22m | Started Import Scene (104 steps)[39m[0m
2026-10-07T21:09:19.5009586Z [   0% ] [90m[1mimport[22m | Importing Scene...[39m[0m
2026-10-07T21:09:19.5010048Z [   1% ] [90m[1mimport[22m | Running Custom Script...[39m[0m
2026-10-07T21:09:19.5010463Z [  99% ] [90m[1mimport[22m | Saving...[39m[0m
2026-10-07T21:09:19.5010809Z [92m[ DONE ][39m [1mimport[22m
2026-10-07T21:09:19.5011056Z [0m
2026-10-07T21:09:19.5011401Z [  67% ] [90m[1mreimport[22m | guardian_1-fitted.glb[39m[0m
2026-10-07T21:09:19.5011902Z [   0% ] [90m[1mimport[22m | Started Import Scene (104 steps)[39m[0m
2026-10-07T21:09:19.5012362Z [   0% ] [90m[1mimport[22m | Importing Scene...[39m[0m
2026-10-07T21:09:19.5013037Z [   1% ] [90m[1mimport[22m | Running Custom Script...[39m[0m
2026-10-07T21:09:19.5013692Z [  99% ] [90m[1mimport[22m | Saving...[39m[0m
2026-10-07T21:09:19.5014295Z [92m[ DONE ][39m [1mimport[22m
2026-10-07T21:09:19.5014738Z [0m
2026-10-07T21:09:19.5015307Z [  68% ] [90m[1mreimport[22m | guardian_0-fitted.glb[39m[0m
2026-10-07T21:09:19.5016367Z [   0% ] [90m[1mimport[22m | Started Import Scene (104 steps)[39m[0m
2026-10-07T21:09:19.5017171Z [   0% ] [90m[1mimport[22m | Importing Scene...[39m[0m
2026-10-07T21:09:19.5017676Z [   1% ] [90m[1mimport[22m | Running Custom Script...[39m[0m
2026-10-07T21:09:19.5018127Z [  99% ] [90m[1mimport[22m | Saving...[39m[0m
2026-10-07T21:09:19.5018498Z [92m[ DONE ][39m [1mimport[22m
2026-10-07T21:09:19.5018766Z [0m
2026-10-07T21:09:19.5019123Z [  68% ] [90m[1mreimport[22m | elite-fitted.glb[39m[0m
2026-10-07T21:09:19.5019643Z [   0% ] [90m[1mimport[22m | Started Import Scene (104 steps)[39m[0m
2026-10-07T21:09:19.5020131Z [   0% ] [90m[1mimport[22m | Importing Scene...[39m[0m
2026-10-07T21:09:19.5020652Z [   1% ] [90m[1mimport[22m | Running Custom Script...[39m[0m
2026-10-07T21:09:19.5021370Z [  99% ] [90m[1mimport[22m | Saving...[39m[0m
2026-10-07T21:09:19.5021967Z [92m[ DONE ][39m [1mimport[22m
2026-10-07T21:09:19.5022373Z [0m
2026-10-07T21:09:19.5022958Z [  69% ] [90m[1mreimport[22m | bulwark-fitted.glb[39m[0m
2026-10-07T21:09:19.5023824Z [   0% ] [90m[1mimport[22m | Started Import Scene (104 steps)[39m[0m
2026-10-07T21:09:19.5024633Z [   0% ] [90m[1mimport[22m | Importing Scene...[39m[0m
2026-10-07T21:09:19.5025412Z [   1% ] [90m[1mimport[22m | Running Custom Script...[39m[0m
2026-10-07T21:09:19.5026310Z [  99% ] [90m[1mimport[22m | Saving...[39m[0m
2026-10-07T21:09:19.5026913Z [92m[ DONE ][39m [1mimport[22m
2026-10-07T21:09:19.5027323Z [0m
2026-10-07T21:09:19.5027870Z [  70% ] [90m[1mreimport[22m | spire_solid.glb[39m[0m
2026-10-07T21:09:19.5028706Z [   0% ] [90m[1mimport[22m | Started Import Scene (104 steps)[39m[0m
2026-10-07T21:09:19.5029511Z [   0% ] [90m[1mimport[22m | Importing Scene...[39m[0m
2026-10-07T21:09:19.5030518Z [   1% ] [90m[1mimport[22m | Running Custom Script...[39m[0m
2026-10-07T21:09:19.5031216Z [  99% ] [90m[1mimport[22m | Saving...[39m[0m
2026-10-07T21:09:19.5031793Z [92m[ DONE ][39m [1mimport[22m
2026-10-07T21:09:19.5032208Z [0m
2026-10-07T21:09:19.5032746Z [  71% ] [90m[1mreimport[22m | spire_return.glb[39m[0m
2026-10-07T21:09:19.5033574Z [   0% ] [90m[1mimport[22m | Started Import Scene (104 steps)[39m[0m
2026-10-07T21:09:19.5034360Z [   0% ] [90m[1mimport[22m | Importing Scene...[39m[0m
2026-10-07T21:09:19.5035067Z [   1% ] [90m[1mimport[22m | Running Custom Script...[39m[0m
2026-10-07T21:09:19.5036107Z [  99% ] [90m[1mimport[22m | Saving...[39m[0m
2026-10-07T21:09:19.5036673Z [92m[ DONE ][39m [1mimport[22m
2026-10-07T21:09:19.5037044Z [0m
2026-10-07T21:09:19.5037567Z [  72% ] [90m[1mreimport[22m | spire_end.glb[39m[0m
2026-10-07T21:09:19.5038362Z [   0% ] [90m[1mimport[22m | Started Import Scene (104 steps)[39m[0m
2026-10-07T21:09:19.5039130Z [   0% ] [90m[1mimport[22m | Importing Scene...[39m[0m
2026-10-07T21:09:19.5039878Z [   1% ] [90m[1mimport[22m | Running Custom Script...[39m[0m
2026-10-07T21:09:19.5040559Z [  99% ] [90m[1mimport[22m | Saving...[39m[0m
2026-10-07T21:09:19.5041124Z [92m[ DONE ][39m [1mimport[22m
2026-10-07T21:09:19.5041530Z [0m
2026-10-07T21:09:19.5042100Z [  73% ] [90m[1mreimport[22m | spire_bay_broken.glb[39m[0m
2026-10-07T21:09:19.5042956Z [   0% ] [90m[1mimport[22m | Started Import Scene (104 steps)[39m[0m
2026-10-07T21:09:19.5043764Z [   0% ] [90m[1mimport[22m | Importing Scene...[39m[0m
2026-10-07T21:09:19.5044535Z [   1% ] [90m[1mimport[22m | Running Custom Script...[39m[0m
2026-10-07T21:09:19.5045229Z [  99% ] [90m[1mimport[22m | Saving...[39m[0m
2026-10-07T21:09:19.5045803Z [92m[ DONE ][39m [1mimport[22m
2026-10-07T21:09:19.5046360Z [0m
2026-10-07T21:09:19.5046891Z [  74% ] [90m[1mreimport[22m | spire_bay.glb[39m[0m
2026-10-07T21:09:19.5047701Z [   0% ] [90m[1mimport[22m | Started Import Scene (104 steps)[39m[0m
2026-10-07T21:09:19.5048484Z [   0% ] [90m[1mimport[22m | Importing Scene...[39m[0m
2026-10-07T21:09:19.5049216Z [   1% ] [90m[1mimport[22m | Running Custom Script...[39m[0m
2026-10-07T21:09:19.5049895Z [  99% ] [90m[1mimport[22m | Saving...[39m[0m
2026-10-07T21:09:19.5050457Z [92m[ DONE ][39m [1mimport[22m
2026-10-07T21:09:19.5050859Z [0m
2026-10-07T21:09:19.5051415Z [  75% ] [90m[1mreimport[22m | ossuary_solid.glb[39m[0m
2026-10-07T21:09:19.5052229Z [   0% ] [90m[1mimport[22m | Started Import Scene (104 steps)[39m[0m
2026-10-07T21:09:19.5053014Z [   0% ] [90m[1mimport[22m | Importing Scene...[39m[0m
2026-10-07T21:09:19.5053761Z [   1% ] [90m[1mimport[22m | Running Custom Script...[39m[0m
2026-10-07T21:09:19.5054445Z [  99% ] [90m[1mimport[22m | Saving...[39m[0m
2026-10-07T21:09:19.5055002Z [92m[ DONE ][39m [1mimport[22m
2026-10-07T21:09:19.5055388Z [0m
2026-10-07T21:09:19.5056192Z [  75% ] [90m[1mreimport[22m | ossuary_return.glb[39m[0m
2026-10-07T21:09:19.5057033Z [   0% ] [90m[1mimport[22m | Started Import Scene (104 steps)[39m[0m
2026-10-07T21:09:19.5057799Z [   0% ] [90m[1mimport[22m | Importing Scene...[39m[0m
2026-10-07T21:09:19.5058546Z [   1% ] [90m[1mimport[22m | Running Custom Script...[39m[0m
2026-10-07T21:09:19.5059221Z [  99% ] [90m[1mimport[22m | Saving...[39m[0m
2026-10-07T21:09:19.5059780Z [92m[ DONE ][39m [1mimport[22m
2026-10-07T21:09:19.5060169Z [0m
2026-10-07T21:09:19.5060716Z [  76% ] [90m[1mreimport[22m | ossuary_end.glb[39m[0m
2026-10-07T21:09:19.5061539Z [   0% ] [90m[1mimport[22m | Started Import Scene (104 steps)[39m[0m
2026-10-07T21:09:19.5062324Z [   0% ] [90m[1mimport[22m | Importing Scene...[39m[0m
2026-10-07T21:09:19.5063083Z [   1% ] [90m[1mimport[22m | Running Custom Script...[39m[0m
2026-10-07T21:09:19.5063775Z [  99% ] [90m[1mimport[22m | Saving...[39m[0m
2026-10-07T21:09:19.5064342Z [92m[ DONE ][39m [1mimport[22m
2026-10-07T21:09:19.5064742Z [0m
2026-10-07T21:09:19.5065586Z [  77% ] [90m[1mreimport[22m | ossuary_bay_broken.glb[39m[0m
2026-10-07T21:09:19.5066681Z [   0% ] [90m[1mimport[22m | Started Import Scene (104 steps)[39m[0m
2026-10-07T21:09:19.5067446Z [   0% ] [90m[1mimport[22m | Importing Scene...[39m[0m
2026-10-07T21:09:19.5068180Z [   1% ] [90m[1mimport[22m | Running Custom Script...[39m[0m
2026-10-07T21:09:19.5068842Z [  99% ] [90m[1mimport[22m | Saving...[39m[0m
2026-10-07T21:09:19.5069385Z [92m[ DONE ][39m [1mimport[22m
2026-10-07T21:09:19.5069766Z [0m
2026-10-07T21:09:19.5070522Z [  78% ] [90m[1mreimport[22m | ossuary_bay.glb[39m[0m
2026-10-07T21:09:19.5071342Z [   0% ] [90m[1mimport[22m | Started Import Scene (104 steps)[39m[0m
2026-10-07T21:09:19.5072115Z [   0% ] [90m[1mimport[22m | Importing Scene...[39m[0m
2026-10-07T21:09:19.5072863Z [   1% ] [90m[1mimport[22m | Running Custom Script...[39m[0m
2026-10-07T21:09:19.5073552Z [  99% ] [90m[1mimport[22m | Saving...[39m[0m
2026-10-07T21:09:19.5074118Z [92m[ DONE ][39m [1mimport[22m
2026-10-07T21:09:19.5074508Z [0m
2026-10-07T21:09:19.5075069Z [  79% ] [90m[1mreimport[22m | citadel_solid.glb[39m[0m
2026-10-07T21:09:19.5075896Z [   0% ] [90m[1mimport[22m | Started Import Scene (104 steps)[39m[0m
2026-10-07T21:09:19.5076885Z [   0% ] [90m[1mimport[22m | Importing Scene...[39m[0m
2026-10-07T21:09:19.5077634Z [   1% ] [90m[1mimport[22m | Running Custom Script...[39m[0m
2026-10-07T21:09:19.5078314Z [  99% ] [90m[1mimport[22m | Saving...[39m[0m
2026-10-07T21:09:19.5078866Z [92m[ DONE ][39m [1mimport[22m
2026-10-07T21:09:19.5079257Z [0m
2026-10-07T21:09:19.5079815Z [  80% ] [90m[1mreimport[22m | citadel_return.glb[39m[0m
2026-10-07T21:09:19.5080659Z [   0% ] [90m[1mimport[22m | Started Import Scene (104 steps)[39m[0m
2026-10-07T21:09:19.5081441Z [   0% ] [90m[1mimport[22m | Importing Scene...[39m[0m
2026-10-07T21:09:19.5082187Z [   1% ] [90m[1mimport[22m | Running Custom Script...[39m[0m
2026-10-07T21:09:19.5082884Z [  99% ] [90m[1mimport[22m | Saving...[39m[0m
2026-10-07T21:09:19.5083453Z [92m[ DONE ][39m [1mimport[22m
2026-10-07T21:09:19.5083842Z [0m
2026-10-07T21:09:19.5084365Z [  81% ] [90m[1mreimport[22m | citadel_end.glb[39m[0m
2026-10-07T21:09:19.5085177Z [   0% ] [90m[1mimport[22m | Started Import Scene (104 steps)[39m[0m
2026-10-07T21:09:19.5086110Z [   0% ] [90m[1mimport[22m | Importing Scene...[39m[0m
2026-10-07T21:09:19.5086865Z [   1% ] [90m[1mimport[22m | Running Custom Script...[39m[0m
2026-10-07T21:09:19.5087556Z [  99% ] [90m[1mimport[22m | Saving...[39m[0m
2026-10-07T21:09:19.5088117Z [92m[ DONE ][39m [1mimport[22m
2026-10-07T21:09:19.5088497Z [0m
2026-10-07T21:09:19.5089067Z [  81% ] [90m[1mreimport[22m | citadel_bay_broken.glb[39m[0m
2026-10-07T21:09:19.5089892Z [   0% ] [90m[1mimport[22m | Started Import Scene (104 steps)[39m[0m
2026-10-07T21:09:19.5090665Z [   0% ] [90m[1mimport[22m | Importing Scene...[39m[0m
2026-10-07T21:09:19.5091479Z [   1% ] [90m[1mimport[22m | Running Custom Script...[39m[0m
2026-10-07T21:09:19.5092153Z [  99% ] [90m[1mimport[22m | Saving...[39m[0m
2026-10-07T21:09:19.5092714Z [92m[ DONE ][39m [1mimport[22m
2026-10-07T21:09:19.5093098Z [0m
2026-10-07T21:09:19.5093669Z [  82% ] [90m[1mreimport[22m | ceremonial_brazier.glb[39m[0m
2026-10-07T21:09:19.5094496Z [   0% ] [90m[1mimport[22m | Started Import Scene (104 steps)[39m[0m
2026-10-07T21:09:19.5095273Z [   0% ] [90m[1mimport[22m | Importing Scene...[39m[0m
2026-10-07T21:09:19.5096161Z [   1% ] [90m[1mimport[22m | Running Custom Script...[39m[0m
2026-10-07T21:09:19.5096855Z [  99% ] [90m[1mimport[22m | Saving...[39m[0m
2026-10-07T21:09:19.5097421Z [92m[ DONE ][39m [1mimport[22m
2026-10-07T21:09:19.5097804Z [0m
2026-10-07T21:09:19.5098327Z [  83% ] [90m[1mreimport[22m | carved_tomb.glb[39m[0m
2026-10-07T21:09:19.5099131Z [   0% ] [90m[1mimport[22m | Started Import Scene (104 steps)[39m[0m
2026-10-07T21:09:19.5100119Z [   0% ] [90m[1mimport[22m | Importing Scene...[39m[0m
2026-10-07T21:09:19.5100878Z [   1% ] [90m[1mimport[22m | Running Custom Script...[39m[0m
2026-10-07T21:09:19.5101562Z [  99% ] [90m[1mimport[22m | Saving...[39m[0m
2026-10-07T21:09:19.5102123Z [92m[ DONE ][39m [1mimport[22m
2026-10-07T21:09:19.5102504Z [0m
2026-10-07T21:09:19.5103003Z [  84% ] [90m[1mreimport[22m | bulwark.glb[39m[0m
2026-10-07T21:09:19.5103738Z [   0% ] [90m[1mimport[22m | Started Import Scene (104 steps)[39m[0m
2026-10-07T21:09:19.5104520Z [   0% ] [90m[1mimport[22m | Importing Scene...[39m[0m
2026-10-07T21:09:19.5105490Z [   1% ] [90m[1mimport[22m | Running Custom Script...[39m[0m
2026-10-07T21:09:19.5106456Z [  99% ] [90m[1mimport[22m | Saving...[39m[0m
2026-10-07T21:09:19.5107049Z [92m[ DONE ][39m [1mimport[22m
2026-10-07T21:09:19.5107452Z [0m
2026-10-07T21:09:19.5108004Z [  85% ] [90m[1mreimport[22m | broken_pillar.glb[39m[0m
2026-10-07T21:09:19.5108870Z [   0% ] [90m[1mimport[22m | Started Import Scene (104 steps)[39m[0m
2026-10-07T21:09:19.5109683Z [   0% ] [90m[1mimport[22m | Importing Scene...[39m[0m
2026-10-07T21:09:19.5110465Z [   1% ] [90m[1mimport[22m | Running Custom Script...[39m[0m
2026-10-07T21:09:19.5111175Z [  99% ] [90m[1mimport[22m | Saving...[39m[0m
2026-10-07T21:09:19.5111760Z [92m[ DONE ][39m [1mimport[22m
2026-10-07T21:09:19.5112164Z [0m
2026-10-07T21:09:19.5112694Z [  86% ] [90m[1mreimport[22m | bone_arch.glb[39m[0m
2026-10-07T21:09:19.5113531Z [   0% ] [90m[1mimport[22m | Started Import Scene (104 steps)[39m[0m
2026-10-07T21:09:19.5114322Z [   0% ] [90m[1mimport[22m | Importing Scene...[39m[0m
2026-10-07T21:09:19.5115104Z [   1% ] [90m[1mimport[22m | Running Custom Script...[39m[0m
2026-10-07T21:09:19.5115799Z [  99% ] [90m[1mimport[22m | Saving...[39m[0m
2026-10-07T21:09:19.5116548Z [92m[ DONE ][39m [1mimport[22m
2026-10-07T21:09:19.5116954Z [0m
2026-10-07T21:09:19.5117483Z [  87% ] [90m[1mreimport[22m | arcanist.glb[39m[0m
2026-10-07T21:09:19.5118307Z [   0% ] [90m[1mimport[22m | Started Import Scene (104 steps)[39m[0m
2026-10-07T21:09:19.5119092Z [   0% ] [90m[1mimport[22m | Importing Scene...[39m[0m
2026-10-07T21:09:19.5119882Z [   1% ] [90m[1mimport[22m | Running Custom Script...[39m[0m
2026-10-07T21:09:19.5120602Z [  99% ] [90m[1mimport[22m | Saving...[39m[0m
2026-10-07T21:09:19.5121186Z [92m[ DONE ][39m [1mimport[22m
2026-10-07T21:09:19.5121589Z [0m
2026-10-07T21:09:19.5122166Z [  87% ] [90m[1mreimport[22m | raider-native65.glb[39m[0m
2026-10-07T21:09:19.5123043Z [   0% ] [90m[1mimport[22m | Started Import Scene (104 steps)[39m[0m
2026-10-07T21:09:19.5123848Z [   0% ] [90m[1mimport[22m | Importing Scene...[39m[0m
2026-10-07T21:09:19.5124623Z [   1% ] [90m[1mimport[22m | Running Custom Script...[39m[0m
2026-10-07T21:09:19.5125345Z [  99% ] [90m[1mimport[22m | Saving...[39m[0m
2026-10-07T21:09:19.5125915Z [92m[ DONE ][39m [1mimport[22m
2026-10-07T21:09:19.5126444Z [0m
2026-10-07T21:09:19.5126980Z [  88% ] [90m[1mreimport[22m | axe-original.glb[39m[0m
2026-10-07T21:09:19.5127803Z [   0% ] [90m[1mimport[22m | Started Import Scene (104 steps)[39m[0m
2026-10-07T21:09:19.5128590Z [   0% ] [90m[1mimport[22m | Importing Scene...[39m[0m
2026-10-07T21:09:19.5129340Z [   1% ] [90m[1mimport[22m | Running Custom Script...[39m[0m
2026-10-07T21:09:19.5130066Z [  99% ] [90m[1mimport[22m | Saving...[39m[0m
2026-10-07T21:09:19.5130644Z [92m[ DONE ][39m [1mimport[22m
2026-10-07T21:09:19.5131057Z [0m
2026-10-07T21:09:19.5131603Z [  89% ] [90m[1mreimport[22m | axe-fitted.glb[39m[0m
2026-10-07T21:09:19.5132456Z [   0% ] [90m[1mimport[22m | Started Import Scene (104 steps)[39m[0m
2026-10-07T21:09:19.5133249Z [   0% ] [90m[1mimport[22m | Importing Scene...[39m[0m
2026-10-07T21:09:19.5134009Z [   1% ] [90m[1mimport[22m | Running Custom Script...[39m[0m
2026-10-07T21:09:19.5135002Z [  99% ] [90m[1mimport[22m | Saving...[39m[0m
2026-10-07T21:09:19.5135586Z [92m[ DONE ][39m [1mimport[22m
2026-10-07T21:09:19.5136095Z [0m
2026-10-07T21:09:19.5136672Z [  90% ] [90m[1mreimport[22m | spire_reliquary.glb[39m[0m
2026-10-07T21:09:19.5137505Z [   0% ] [90m[1mimport[22m | Started Import Scene (104 steps)[39m[0m
2026-10-07T21:09:19.5138319Z [   0% ] [90m[1mimport[22m | Importing Scene...[39m[0m
2026-10-07T21:09:19.5139094Z [   1% ] [90m[1mimport[22m | Running Custom Script...[39m[0m
2026-10-07T21:09:19.5139786Z [  99% ] [90m[1mimport[22m | Saving...[39m[0m
2026-10-07T21:09:19.5140531Z [92m[ DONE ][39m [1mimport[22m
2026-10-07T21:09:19.5140916Z [0m
2026-10-07T21:09:19.5141511Z [  91% ] [90m[1mreimport[22m | ossuary_reliquary.glb[39m[0m
2026-10-07T21:09:19.5142372Z [   0% ] [90m[1mimport[22m | Started Import Scene (104 steps)[39m[0m
2026-10-07T21:09:19.5143158Z [   0% ] [90m[1mimport[22m | Importing Scene...[39m[0m
2026-10-07T21:09:19.5143912Z [   1% ] [90m[1mimport[22m | Running Custom Script...[39m[0m
2026-10-07T21:09:19.5144610Z [  99% ] [90m[1mimport[22m | Saving...[39m[0m
2026-10-07T21:09:19.5145190Z [92m[ DONE ][39m [1mimport[22m
2026-10-07T21:09:19.5145584Z [0m
2026-10-07T21:09:19.5146293Z [  92% ] [90m[1mreimport[22m | citadel_reliquary.glb[39m[0m
2026-10-07T21:09:19.5147156Z [   0% ] [90m[1mimport[22m | Started Import Scene (104 steps)[39m[0m
2026-10-07T21:09:19.5147950Z [   0% ] [90m[1mimport[22m | Importing Scene...[39m[0m
2026-10-07T21:09:19.5148712Z [   1% ] [90m[1mimport[22m | Running Custom Script...[39m[0m
2026-10-07T21:09:19.5149414Z [  99% ] [90m[1mimport[22m | Saving...[39m[0m
2026-10-07T21:09:19.5150018Z [92m[ DONE ][39m [1mimport[22m
2026-10-07T21:09:19.5150418Z [0m
2026-10-07T21:09:19.5151010Z [  93% ] [90m[1mreimport[22m | archive_reliquary.glb[39m[0m
2026-10-07T21:09:19.5151874Z [   0% ] [90m[1mimport[22m | Started Import Scene (104 steps)[39m[0m
2026-10-07T21:09:19.5152677Z [   0% ] [90m[1mimport[22m | Importing Scene...[39m[0m
2026-10-07T21:09:19.5153439Z [   1% ] [90m[1mimport[22m | Running Custom Script...[39m[0m
2026-10-07T21:09:19.5154141Z [  99% ] [90m[1mimport[22m | Saving...[39m[0m
2026-10-07T21:09:19.5154736Z [92m[ DONE ][39m [1mimport[22m
2026-10-07T21:09:19.5155143Z [0m
2026-10-07T21:09:19.5155708Z [  93% ] [90m[1mreimport[22m | nyra-attire054.glb[39m[0m
2026-10-07T21:09:19.5156695Z [   0% ] [90m[1mimport[22m | Started Import Scene (104 steps)[39m[0m
2026-10-07T21:09:19.5157506Z [   0% ] [90m[1mimport[22m | Importing Scene...[39m[0m
2026-10-07T21:09:19.5158298Z [   1% ] [90m[1mimport[22m | Running Custom Script...[39m[0m
2026-10-07T21:09:19.5159020Z [  99% ] [90m[1mimport[22m | Saving...[39m[0m
2026-10-07T21:09:19.5159589Z [92m[ DONE ][39m [1mimport[22m
2026-10-07T21:09:19.5159981Z [0m
2026-10-07T21:09:19.5160560Z [  94% ] [90m[1mreimport[22m | staff-grip053.glb[39m[0m
2026-10-07T21:09:19.5161410Z [   0% ] [90m[1mimport[22m | Started Import Scene (104 steps)[39m[0m
2026-10-07T21:09:19.5162228Z [   0% ] [90m[1mimport[22m | Importing Scene...[39m[0m
2026-10-07T21:09:19.5163006Z [   1% ] [90m[1mimport[22m | Running Custom Script...[39m[0m
2026-10-07T21:09:19.5163705Z [  99% ] [90m[1mimport[22m | Saving...[39m[0m
2026-10-07T21:09:19.5164289Z [92m[ DONE ][39m [1mimport[22m
2026-10-07T21:09:19.5164684Z [0m
2026-10-07T21:09:19.5165213Z [  95% ] [90m[1mreimport[22m | arcanist.glb[39m[0m
2026-10-07T21:09:19.5166215Z [   0% ] [90m[1mimport[22m | Started Import Scene (104 steps)[39m[0m
2026-10-07T21:09:19.5167050Z [   0% ] [90m[1mimport[22m | Importing Scene...[39m[0m
2026-10-07T21:09:19.5167826Z [   1% ] [90m[1mimport[22m | Running Custom Script...[39m[0m
2026-10-07T21:09:19.5168526Z [  99% ] [90m[1mimport[22m | Saving...[39m[0m
2026-10-07T21:09:19.5169108Z [92m[ DONE ][39m [1mimport[22m
2026-10-07T21:09:19.5169500Z [0m
2026-10-07T21:09:19.5170322Z [  96% ] [90m[1mreimport[22m | male-clothing-native65.glb[39m[0m
2026-10-07T21:09:19.5171249Z [   0% ] [90m[1mimport[22m | Started Import Scene (104 steps)[39m[0m
2026-10-07T21:09:19.5172057Z [   0% ] [90m[1mimport[22m | Importing Scene...[39m[0m
2026-10-07T21:09:19.5172842Z [   1% ] [90m[1mimport[22m | Running Custom Script...[39m[0m
2026-10-07T21:09:19.5173538Z [  99% ] [90m[1mimport[22m | Saving...[39m[0m
2026-10-07T21:09:19.5174117Z [92m[ DONE ][39m [1mimport[22m
2026-10-07T21:09:19.5174511Z [0m
2026-10-07T21:09:19.5175058Z [  97% ] [90m[1mreimport[22m | hexer-fitted.glb[39m[0m
2026-10-07T21:09:19.5176205Z [   0% ] [90m[1mimport[22m | Started Import Scene (104 steps)[39m[0m
2026-10-07T21:09:19.5177006Z [   0% ] [90m[1mimport[22m | Importing Scene...[39m[0m
2026-10-07T21:09:19.5177768Z [   1% ] [90m[1mimport[22m | Running Custom Script...[39m[0m
2026-10-07T21:09:19.5178465Z [  99% ] [90m[1mimport[22m | Saving...[39m[0m
2026-10-07T21:09:19.5179057Z [92m[ DONE ][39m [1mimport[22m
2026-10-07T21:09:19.5179457Z [0m
2026-10-07T21:09:19.5180032Z [  98% ] [90m[1mreimport[22m | guardian_3-fitted.glb[39m[0m
2026-10-07T21:09:19.5180859Z [   0% ] [90m[1mimport[22m | Started Import Scene (104 steps)[39m[0m
2026-10-07T21:09:19.5181638Z [   0% ] [90m[1mimport[22m | Importing Scene...[39m[0m
2026-10-07T21:09:19.5182402Z [   1% ] [90m[1mimport[22m | Running Custom Script...[39m[0m
2026-10-07T21:09:19.5183094Z [  99% ] [90m[1mimport[22m | Saving...[39m[0m
2026-10-07T21:09:19.5183661Z [92m[ DONE ][39m [1mimport[22m
2026-10-07T21:09:19.5184039Z [0m
2026-10-07T21:09:19.5184634Z [  99% ] [90m[1mreimport[22m | Finalizing Asset Import...[39m[0m
2026-10-07T21:09:19.5185294Z [92m[ DONE ][39m [1mreimport[22m
2026-10-07T21:09:19.5185698Z [0m
2026-10-07T21:09:19.5186559Z [   0% ] [90m[1mreimport[22m | Started (Re)Importing Assets (115 steps)[39m[0m
2026-10-07T21:09:19.5187499Z [   0% ] [90m[1mreimport[22m | Executing post-reimport operations...[39m[0m
2026-10-07T21:09:19.5188242Z [92m[ DONE ][39m [1mreimport[22m
2026-10-07T21:09:19.5188645Z [0m
2026-10-07T21:09:19.5189402Z [   0% ] [90m[1mloading_editor_layout[22m | Started Loading editor (5 steps)[39m[0m
2026-10-07T21:09:19.5190446Z [   0% ] [90m[1mloading_editor_layout[22m | Loading editor layout...[39m[0m
2026-10-07T21:09:19.5191447Z [  16% ] [90m[1mloading_editor_layout[22m | Loading docks...[39m[0m
2026-10-07T21:09:19.5192188Z [92m[ DONE ][39m [1mloading_editor_layout[22m
2026-10-07T21:09:19.5192653Z [0m
2026-10-07T21:09:19.5193799Z Exporting res://tests/android_beta_flow.tscn (x86_64) to /home/runner/work/Emberfall-Ashen-Veil/Emberfall-Ashen-Veil/build/emberfall-afk-qa.apk
2026-10-07T21:09:38.3816738Z Godot Engine v4.7.2.stable.official.ed1daf0bf - https://godotengine.org
2026-10-07T21:09:38.3817279Z 
2026-10-07T21:09:38.3818229Z [   0% ] [90m[1mfirst_scan_filesystem[22m | Started Project initialization (5 steps)[39m[0m
2026-10-07T21:09:38.3819373Z [   0% ] [90m[1mfirst_scan_filesystem[22m | Scanning file structure...[39m[0m
2026-10-07T21:09:38.3820461Z [  16% ] [90m[1mfirst_scan_filesystem[22m | Loading global class names...[39m[0m
2026-10-07T21:09:38.3821243Z [  33% ] [90m[1mfirst_scan_filesystem[22m | Verifying GDExtensions...[39m[0m
2026-10-07T21:09:38.3821874Z [  50% ] [90m[1mfirst_scan_filesystem[22m | Creating autoload scripts...[39m[0m
2026-10-07T21:09:38.3822547Z [  66% ] [90m[1mfirst_scan_filesystem[22m | Initializing plugins...[39m[0m
2026-10-07T21:09:38.3823408Z [  83% ] [90m[1mfirst_scan_filesystem[22m | Starting file scan...[39m[0m
2026-10-07T21:09:38.3823998Z [92m[ DONE ][39m [1mfirst_scan_filesystem[22m
2026-10-07T21:09:38.3824453Z [0m
2026-10-07T21:09:38.3825135Z [   0% ] [90m[1mexport[22m | Started Exporting for Android (105 steps)[39m[0m
2026-10-07T21:09:38.3825805Z 0 param: --xr_mode_regular
2026-10-07T21:09:38.3826336Z 1 param: --xr-mode
2026-10-07T21:09:38.3826606Z 2 param: off
2026-10-07T21:09:38.3826951Z 3 param: --fullscreen
2026-10-07T21:09:38.3827669Z 4 param: --background_color
2026-10-07T21:09:38.3828059Z 5 param: #000000
2026-10-07T21:09:38.3828800Z [   0% ] [90m[1mexport[22m | Creating APK...[39m[0m
2026-10-07T21:09:38.3829294Z ADDING: classes.dex
2026-10-07T21:09:38.3829667Z ADDING: classes10.dex
2026-10-07T21:09:38.3830047Z ADDING: classes11.dex
2026-10-07T21:09:38.3830423Z ADDING: classes12.dex
2026-10-07T21:09:38.3830801Z ADDING: classes13.dex
2026-10-07T21:09:38.3831176Z ADDING: classes2.dex
2026-10-07T21:09:38.3831542Z ADDING: classes3.dex
2026-10-07T21:09:38.3831904Z ADDING: classes4.dex
2026-10-07T21:09:38.3832531Z ADDING: classes5.dex
2026-10-07T21:09:38.3832900Z ADDING: classes6.dex
2026-10-07T21:09:38.3833255Z ADDING: classes7.dex
2026-10-07T21:09:38.3833602Z ADDING: classes8.dex
2026-10-07T21:09:38.3833954Z ADDING: classes9.dex
2026-10-07T21:09:38.3834354Z ADDING: lib/x86_64/libc++_shared.so
2026-10-07T21:09:38.3834855Z ADDING: lib/x86_64/libgodot_android.so
2026-10-07T21:09:38.3835521Z Adding application metadata org.godotengine.rendering.method
2026-10-07T21:09:38.3836481Z Adding application metadata org.godotengine.editor.version
2026-10-07T21:09:38.3837140Z Adding permission android.permission.VIBRATE
2026-10-07T21:09:38.3837726Z ADDING: AndroidManifest.xml
2026-10-07T21:09:38.3838324Z ADDING: res/anim-v21/fragment_fast_out_extra_slow_in.xml
2026-10-07T21:09:38.3838928Z ADDING: res/animator/fragment_close_enter.xml
2026-10-07T21:09:38.3839479Z ADDING: res/animator/fragment_close_exit.xml
2026-10-07T21:09:38.3840045Z ADDING: res/animator/fragment_fade_enter.xml
2026-10-07T21:09:38.3840608Z ADDING: res/animator/fragment_fade_exit.xml
2026-10-07T21:09:38.3841155Z ADDING: res/animator/fragment_open_enter.xml
2026-10-07T21:09:38.3841693Z ADDING: res/animator/fragment_open_exit.xml
2026-10-07T21:09:38.3842351Z ADDING: res/drawable-hdpi-v4/notification_bg_low_normal.9.png
2026-10-07T21:09:38.3843126Z ADDING: res/drawable-hdpi-v4/notification_bg_low_pressed.9.png
2026-10-07T21:09:38.3843838Z ADDING: res/drawable-hdpi-v4/notification_bg_normal.9.png
2026-10-07T21:09:38.3844637Z ADDING: res/drawable-hdpi-v4/notification_bg_normal_pressed.9.png
2026-10-07T21:09:38.3845477Z ADDING: res/drawable-hdpi-v4/notify_panel_notification_icon_bg.png
2026-10-07T21:09:38.3846465Z ADDING: res/drawable-mdpi-v4/notification_bg_low_normal.9.png
2026-10-07T21:09:38.3847249Z ADDING: res/drawable-mdpi-v4/notification_bg_low_pressed.9.png
2026-10-07T21:09:38.3847998Z ADDING: res/drawable-mdpi-v4/notification_bg_normal.9.png
2026-10-07T21:09:38.3848774Z ADDING: res/drawable-mdpi-v4/notification_bg_normal_pressed.9.png
2026-10-07T21:09:38.3849618Z ADDING: res/drawable-mdpi-v4/notify_panel_notification_icon_bg.png
2026-10-07T21:09:38.3850409Z ADDING: res/drawable-v21/notification_action_background.xml
2026-10-07T21:09:38.3851090Z ADDING: res/drawable-v23/compat_splash_screen.xml
2026-10-07T21:09:38.3851849Z ADDING: res/drawable-v23/compat_splash_screen_no_icon_background.xml
2026-10-07T21:09:38.3852668Z ADDING: res/drawable-xhdpi-v4/notification_bg_low_normal.9.png
2026-10-07T21:09:38.3853465Z ADDING: res/drawable-xhdpi-v4/notification_bg_low_pressed.9.png
2026-10-07T21:09:38.3854237Z ADDING: res/drawable-xhdpi-v4/notification_bg_normal.9.png
2026-10-07T21:09:38.3855032Z ADDING: res/drawable-xhdpi-v4/notification_bg_normal_pressed.9.png
2026-10-07T21:09:38.3855888Z ADDING: res/drawable-xhdpi-v4/notify_panel_notification_icon_bg.png
2026-10-07T21:09:38.3856790Z ADDING: res/drawable/icon_background.xml
2026-10-07T21:09:38.3857337Z ADDING: res/drawable/notification_bg.xml
2026-10-07T21:09:38.3857896Z ADDING: res/drawable/notification_bg_low.xml
2026-10-07T21:09:38.3858541Z ADDING: res/drawable/notification_icon_background.xml
2026-10-07T21:09:38.3859171Z ADDING: res/drawable/notification_tile_bg.xml
2026-10-07T21:09:38.3859773Z ADDING: res/drawable/splash_branding_image.webp
2026-10-07T21:09:38.3860345Z ADDING: res/drawable/splash_icon.webp
2026-10-07T21:09:38.3860901Z ADDING: res/layout-v21/notification_action.xml
2026-10-07T21:09:38.3861799Z ADDING: res/layout-v21/notification_action_tombstone.xml
2026-10-07T21:09:38.3862537Z ADDING: res/layout-v21/notification_template_custom_big.xml
2026-10-07T21:09:38.3863277Z ADDING: res/layout-v21/notification_template_icon_group.xml
2026-10-07T21:09:38.3863892Z ADDING: res/layout/custom_dialog.xml
2026-10-07T21:09:38.3864409Z ADDING: res/layout/godot_app_layout.xml
2026-10-07T21:09:38.3865080Z ADDING: res/layout/notification_template_part_chronometer.xml
2026-10-07T21:09:38.3865804Z ADDING: res/layout/notification_template_part_time.xml
2026-10-07T21:09:38.3866647Z ADDING: res/layout/remote_godot_fragment_layout.xml
2026-10-07T21:09:38.3867382Z ADDING: res/layout/snackbar.xml
2026-10-07T21:09:38.3867883Z ADDING: res/layout/splash_screen_view.xml
2026-10-07T21:09:38.3868423Z ADDING: res/mipmap-anydpi-v26/icon.xml
2026-10-07T21:09:38.3868943Z ADDING: res/mipmap-hdpi-v4/icon.webp
2026-10-07T21:09:38.3869510Z ADDING: res/mipmap-hdpi-v4/icon_background.webp
2026-10-07T21:09:38.3870132Z ADDING: res/mipmap-hdpi-v4/icon_foreground.webp
2026-10-07T21:09:38.3870752Z ADDING: res/mipmap-hdpi-v4/icon_monochrome.webp
2026-10-07T21:09:38.3871308Z ADDING: res/mipmap-mdpi-v4/icon.webp
2026-10-07T21:09:38.3871864Z ADDING: res/mipmap-mdpi-v4/icon_background.webp
2026-10-07T21:09:38.3872470Z ADDING: res/mipmap-mdpi-v4/icon_foreground.webp
2026-10-07T21:09:38.3873076Z ADDING: res/mipmap-mdpi-v4/icon_monochrome.webp
2026-10-07T21:09:38.3873638Z ADDING: res/mipmap-xhdpi-v4/icon.webp
2026-10-07T21:09:38.3874216Z ADDING: res/mipmap-xhdpi-v4/icon_background.webp
2026-10-07T21:09:38.3874840Z ADDING: res/mipmap-xhdpi-v4/icon_foreground.webp
2026-10-07T21:09:38.3875467Z ADDING: res/mipmap-xhdpi-v4/icon_monochrome.webp
2026-10-07T21:09:38.3876196Z ADDING: res/mipmap-xxhdpi-v4/icon.webp
2026-10-07T21:09:38.3876789Z ADDING: res/mipmap-xxhdpi-v4/icon_background.webp
2026-10-07T21:09:38.3877425Z ADDING: res/mipmap-xxhdpi-v4/icon_foreground.webp
2026-10-07T21:09:38.3878054Z ADDING: res/mipmap-xxhdpi-v4/icon_monochrome.webp
2026-10-07T21:09:38.3878642Z ADDING: res/mipmap-xxxhdpi-v4/icon.webp
2026-10-07T21:09:38.3879244Z ADDING: res/mipmap-xxxhdpi-v4/icon_background.webp
2026-10-07T21:09:38.3879909Z ADDING: res/mipmap-xxxhdpi-v4/icon_foreground.webp
2026-10-07T21:09:38.3880550Z ADDING: res/mipmap-xxxhdpi-v4/icon_monochrome.webp
2026-10-07T21:09:38.3881058Z ADDING: res/mipmap/icon.webp
2026-10-07T21:09:38.3881530Z ADDING: res/mipmap/icon_background.webp
2026-10-07T21:09:38.3882048Z ADDING: res/mipmap/icon_foreground.webp
2026-10-07T21:09:38.3882545Z ADDING: res/mipmap/icon_monochrome.webp
2026-10-07T21:09:38.3883057Z ADDING: res/xml/godot_provider_paths.xml
2026-10-07T21:09:38.3883533Z ADDING: resources.arsc
2026-10-07T21:09:38.3883957Z ADDING: DebugProbesKt.bin
2026-10-07T21:09:38.3884469Z ADDING: kotlin/annotation/annotation.kotlin_builtins
2026-10-07T21:09:38.3885099Z ADDING: kotlin/collections/collections.kotlin_builtins
2026-10-07T21:09:38.3885771Z ADDING: kotlin/concurrent/atomics/atomics.kotlin_builtins
2026-10-07T21:09:38.3886640Z ADDING: kotlin/coroutines/coroutines.kotlin_builtins
2026-10-07T21:09:38.3887263Z ADDING: kotlin/internal/internal.kotlin_builtins
2026-10-07T21:09:38.3887817Z ADDING: kotlin/kotlin.kotlin_builtins
2026-10-07T21:09:38.3888350Z ADDING: kotlin/ranges/ranges.kotlin_builtins
2026-10-07T21:09:38.3888937Z ADDING: kotlin/reflect/reflect.kotlin_builtins
2026-10-07T21:09:38.3889770Z [   0% ] [90m[1mexport[22m | Adding files...[39m[0m
2026-10-07T21:09:38.3890438Z [  97% ] [90m[1mexport[22m | Aligning APK...[39m[0m
2026-10-07T21:09:38.3891156Z [  98% ] [90m[1mexport[22m | Signing debug APK...[39m[0m
2026-10-07T21:09:38.3891687Z Signing binary using: 
2026-10-07T21:09:38.3893482Z /usr/local/lib/android/sdk/build-tools/36.0.0/apksigner sign --verbose --ks <REDACTED> --ks-pass pass:<REDACTED> --ks-key-alias <REDACTED> /home/runner/work/Emberfall-Ashen-Veil/Emberfall-Ashen-Veil/build/emberfall-afk-qa.apk
2026-10-07T21:09:38.3894899Z Signed
2026-10-07T21:09:38.3895064Z 
2026-10-07T21:09:38.3895738Z [  99% ] [90m[1mexport[22m | Verifying APK...[39m[0m
2026-10-07T21:09:38.3896564Z [92m[ DONE ][39m [1mexport[22m
2026-10-07T21:09:38.3896972Z [0m
2026-10-07T21:09:38.3897498Z cannot connect to daemon at tcp:5037: Connection refused
2026-10-07T21:09:38.3898646Z Offline QA artifact only: /home/runner/work/Emberfall-Ashen-Veil/Emberfall-Ashen-Veil/build/emberfall-afk-qa.apk
2026-10-07T21:09:38.3900431Z Exporting res://tests/android_success_flow.tscn (x86_64) to /home/runner/work/Emberfall-Ashen-Veil/Emberfall-Ashen-Veil/build/emberfall-success-qa.apk
2026-10-07T21:09:51.2526657Z Godot Engine v4.7.2.stable.official.ed1daf0bf - https://godotengine.org
2026-10-07T21:09:51.2527683Z 
2026-10-07T21:09:51.2528623Z [   0% ] [90m[1mfirst_scan_filesystem[22m | Started Project initialization (5 steps)[39m[0m
2026-10-07T21:09:51.2529766Z [   0% ] [90m[1mfirst_scan_filesystem[22m | Scanning file structure...[39m[0m
2026-10-07T21:09:51.2530832Z [  16% ] [90m[1mfirst_scan_filesystem[22m | Loading global class names...[39m[0m
2026-10-07T21:09:51.2531893Z [  33% ] [90m[1mfirst_scan_filesystem[22m | Verifying GDExtensions...[39m[0m
2026-10-07T21:09:51.2532924Z [  50% ] [90m[1mfirst_scan_filesystem[22m | Creating autoload scripts...[39m[0m
2026-10-07T21:09:51.2533671Z [  66% ] [90m[1mfirst_scan_filesystem[22m | Initializing plugins...[39m[0m
2026-10-07T21:09:51.2534454Z [  83% ] [90m[1mfirst_scan_filesystem[22m | Starting file scan...[39m[0m
2026-10-07T21:09:51.2534952Z [92m[ DONE ][39m [1mfirst_scan_filesystem[22m
2026-10-07T21:09:51.2535253Z [0m
2026-10-07T21:09:51.2535702Z [   0% ] [90m[1mexport[22m | Started Exporting for Android (105 steps)[39m[0m
2026-10-07T21:09:51.2536514Z 0 param: --xr_mode_regular
2026-10-07T21:09:51.2536875Z 1 param: --xr-mode
2026-10-07T21:09:51.2537181Z 2 param: off
2026-10-07T21:09:51.2537523Z 3 param: --fullscreen
2026-10-07T21:09:51.2537893Z 4 param: --background_color
2026-10-07T21:09:51.2538157Z 5 param: #000000
2026-10-07T21:09:51.2538573Z [   0% ] [90m[1mexport[22m | Creating APK...[39m[0m
2026-10-07T21:09:51.2538918Z ADDING: classes.dex
2026-10-07T21:09:51.2539163Z ADDING: classes10.dex
2026-10-07T21:09:51.2539412Z ADDING: classes11.dex
2026-10-07T21:09:51.2539653Z ADDING: classes12.dex
2026-10-07T21:09:51.2539892Z ADDING: classes13.dex
2026-10-07T21:09:51.2540127Z ADDING: classes2.dex
2026-10-07T21:09:51.2540364Z ADDING: classes3.dex
2026-10-07T21:09:51.2540593Z ADDING: classes4.dex
2026-10-07T21:09:51.2540826Z ADDING: classes5.dex
2026-10-07T21:09:51.2541067Z ADDING: classes6.dex
2026-10-07T21:09:51.2541299Z ADDING: classes7.dex
2026-10-07T21:09:51.2541538Z ADDING: classes8.dex
2026-10-07T21:09:51.2541768Z ADDING: classes9.dex
2026-10-07T21:09:51.2542030Z ADDING: lib/x86_64/libc++_shared.so
2026-10-07T21:09:51.2542346Z ADDING: lib/x86_64/libgodot_android.so
2026-10-07T21:09:51.2542761Z Adding application metadata org.godotengine.rendering.method
2026-10-07T21:09:51.2543239Z Adding application metadata org.godotengine.editor.version
2026-10-07T21:09:51.2543665Z Adding permission android.permission.VIBRATE
2026-10-07T21:09:51.2543999Z ADDING: AndroidManifest.xml
2026-10-07T21:09:51.2544353Z ADDING: res/anim-v21/fragment_fast_out_extra_slow_in.xml
2026-10-07T21:09:51.2544746Z ADDING: res/animator/fragment_close_enter.xml
2026-10-07T21:09:51.2545101Z ADDING: res/animator/fragment_close_exit.xml
2026-10-07T21:09:51.2545442Z ADDING: res/animator/fragment_fade_enter.xml
2026-10-07T21:09:51.2545787Z ADDING: res/animator/fragment_fade_exit.xml
2026-10-07T21:09:51.2546406Z ADDING: res/animator/fragment_open_enter.xml
2026-10-07T21:09:51.2546753Z ADDING: res/animator/fragment_open_exit.xml
2026-10-07T21:09:51.2547174Z ADDING: res/drawable-hdpi-v4/notification_bg_low_normal.9.png
2026-10-07T21:09:51.2547653Z ADDING: res/drawable-hdpi-v4/notification_bg_low_pressed.9.png
2026-10-07T21:09:51.2548106Z ADDING: res/drawable-hdpi-v4/notification_bg_normal.9.png
2026-10-07T21:09:51.2548574Z ADDING: res/drawable-hdpi-v4/notification_bg_normal_pressed.9.png
2026-10-07T21:09:51.2549344Z ADDING: res/drawable-hdpi-v4/notify_panel_notification_icon_bg.png
2026-10-07T21:09:51.2549832Z ADDING: res/drawable-mdpi-v4/notification_bg_low_normal.9.png
2026-10-07T21:09:51.2550302Z ADDING: res/drawable-mdpi-v4/notification_bg_low_pressed.9.png
2026-10-07T21:09:51.2550746Z ADDING: res/drawable-mdpi-v4/notification_bg_normal.9.png
2026-10-07T21:09:51.2551205Z ADDING: res/drawable-mdpi-v4/notification_bg_normal_pressed.9.png
2026-10-07T21:09:51.2551698Z ADDING: res/drawable-mdpi-v4/notify_panel_notification_icon_bg.png
2026-10-07T21:09:51.2552171Z ADDING: res/drawable-v21/notification_action_background.xml
2026-10-07T21:09:51.2552751Z ADDING: res/drawable-v23/compat_splash_screen.xml
2026-10-07T21:09:51.2553217Z ADDING: res/drawable-v23/compat_splash_screen_no_icon_background.xml
2026-10-07T21:09:51.2553718Z ADDING: res/drawable-xhdpi-v4/notification_bg_low_normal.9.png
2026-10-07T21:09:51.2554198Z ADDING: res/drawable-xhdpi-v4/notification_bg_low_pressed.9.png
2026-10-07T21:09:51.2554668Z ADDING: res/drawable-xhdpi-v4/notification_bg_normal.9.png
2026-10-07T21:09:51.2555147Z ADDING: res/drawable-xhdpi-v4/notification_bg_normal_pressed.9.png
2026-10-07T21:09:51.2555653Z ADDING: res/drawable-xhdpi-v4/notify_panel_notification_icon_bg.png
2026-10-07T21:09:51.2556349Z ADDING: res/drawable/icon_background.xml
2026-10-07T21:09:51.2556705Z ADDING: res/drawable/notification_bg.xml
2026-10-07T21:09:51.2557048Z ADDING: res/drawable/notification_bg_low.xml
2026-10-07T21:09:51.2557436Z ADDING: res/drawable/notification_icon_background.xml
2026-10-07T21:09:51.2557822Z ADDING: res/drawable/notification_tile_bg.xml
2026-10-07T21:09:51.2558196Z ADDING: res/drawable/splash_branding_image.webp
2026-10-07T21:09:51.2558547Z ADDING: res/drawable/splash_icon.webp
2026-10-07T21:09:51.2558890Z ADDING: res/layout-v21/notification_action.xml
2026-10-07T21:09:51.2559291Z ADDING: res/layout-v21/notification_action_tombstone.xml
2026-10-07T21:09:51.2559733Z ADDING: res/layout-v21/notification_template_custom_big.xml
2026-10-07T21:09:51.2560185Z ADDING: res/layout-v21/notification_template_icon_group.xml
2026-10-07T21:09:51.2560561Z ADDING: res/layout/custom_dialog.xml
2026-10-07T21:09:51.2560890Z ADDING: res/layout/godot_app_layout.xml
2026-10-07T21:09:51.2561302Z ADDING: res/layout/notification_template_part_chronometer.xml
2026-10-07T21:09:51.2561742Z ADDING: res/layout/notification_template_part_time.xml
2026-10-07T21:09:51.2562144Z ADDING: res/layout/remote_godot_fragment_layout.xml
2026-10-07T21:09:51.2562497Z ADDING: res/layout/snackbar.xml
2026-10-07T21:09:51.2562807Z ADDING: res/layout/splash_screen_view.xml
2026-10-07T21:09:51.2563149Z ADDING: res/mipmap-anydpi-v26/icon.xml
2026-10-07T21:09:51.2563476Z ADDING: res/mipmap-hdpi-v4/icon.webp
2026-10-07T21:09:51.2563822Z ADDING: res/mipmap-hdpi-v4/icon_background.webp
2026-10-07T21:09:51.2564196Z ADDING: res/mipmap-hdpi-v4/icon_foreground.webp
2026-10-07T21:09:51.2564558Z ADDING: res/mipmap-hdpi-v4/icon_monochrome.webp
2026-10-07T21:09:51.2564917Z ADDING: res/mipmap-mdpi-v4/icon.webp
2026-10-07T21:09:51.2565282Z ADDING: res/mipmap-mdpi-v4/icon_background.webp
2026-10-07T21:09:51.2565649Z ADDING: res/mipmap-mdpi-v4/icon_foreground.webp
2026-10-07T21:09:51.2567869Z ADDING: res/mipmap-mdpi-v4/icon_monochrome.webp
2026-10-07T21:09:51.2568232Z ADDING: res/mipmap-xhdpi-v4/icon.webp
2026-10-07T21:09:51.2568593Z ADDING: res/mipmap-xhdpi-v4/icon_background.webp
2026-10-07T21:09:51.2568969Z ADDING: res/mipmap-xhdpi-v4/icon_foreground.webp
2026-10-07T21:09:51.2569341Z ADDING: res/mipmap-xhdpi-v4/icon_monochrome.webp
2026-10-07T21:09:51.2569691Z ADDING: res/mipmap-xxhdpi-v4/icon.webp
2026-10-07T21:09:51.2570057Z ADDING: res/mipmap-xxhdpi-v4/icon_background.webp
2026-10-07T21:09:51.2570440Z ADDING: res/mipmap-xxhdpi-v4/icon_foreground.webp
2026-10-07T21:09:51.2570809Z ADDING: res/mipmap-xxhdpi-v4/icon_monochrome.webp
2026-10-07T21:09:51.2571159Z ADDING: res/mipmap-xxxhdpi-v4/icon.webp
2026-10-07T21:09:51.2571524Z ADDING: res/mipmap-xxxhdpi-v4/icon_background.webp
2026-10-07T21:09:51.2572072Z ADDING: res/mipmap-xxxhdpi-v4/icon_foreground.webp
2026-10-07T21:09:51.2572456Z ADDING: res/mipmap-xxxhdpi-v4/icon_monochrome.webp
2026-10-07T21:09:51.2572802Z ADDING: res/mipmap/icon.webp
2026-10-07T21:09:51.2573110Z ADDING: res/mipmap/icon_background.webp
2026-10-07T21:09:51.2573436Z ADDING: res/mipmap/icon_foreground.webp
2026-10-07T21:09:51.2573754Z ADDING: res/mipmap/icon_monochrome.webp
2026-10-07T21:09:51.2574081Z ADDING: res/xml/godot_provider_paths.xml
2026-10-07T21:09:51.2574392Z ADDING: resources.arsc
2026-10-07T21:09:51.2574663Z ADDING: DebugProbesKt.bin
2026-10-07T21:09:51.2575007Z ADDING: kotlin/annotation/annotation.kotlin_builtins
2026-10-07T21:09:51.2575562Z ADDING: kotlin/collections/collections.kotlin_builtins
2026-10-07T21:09:51.2576175Z ADDING: kotlin/concurrent/atomics/atomics.kotlin_builtins
2026-10-07T21:09:51.2576713Z ADDING: kotlin/coroutines/coroutines.kotlin_builtins
2026-10-07T21:09:51.2577111Z ADDING: kotlin/internal/internal.kotlin_builtins
2026-10-07T21:09:51.2577467Z ADDING: kotlin/kotlin.kotlin_builtins
2026-10-07T21:09:51.2577820Z ADDING: kotlin/ranges/ranges.kotlin_builtins
2026-10-07T21:09:51.2578183Z ADDING: kotlin/reflect/reflect.kotlin_builtins
2026-10-07T21:09:51.2578690Z [   0% ] [90m[1mexport[22m | Adding files...[39m[0m
2026-10-07T21:09:51.2579127Z [  97% ] [90m[1mexport[22m | Aligning APK...[39m[0m
2026-10-07T21:09:51.2579572Z [  98% ] [90m[1mexport[22m | Signing debug APK...[39m[0m
2026-10-07T21:09:51.2579925Z Signing binary using: 
2026-10-07T21:09:51.2581034Z /usr/local/lib/android/sdk/build-tools/36.0.0/apksigner sign --verbose --ks <REDACTED> --ks-pass pass:<REDACTED> --ks-key-alias <REDACTED> /home/runner/work/Emberfall-Ashen-Veil/Emberfall-Ashen-Veil/build/emberfall-success-qa.apk
2026-10-07T21:09:51.2581958Z Signed
2026-10-07T21:09:51.2582077Z 
2026-10-07T21:09:51.2582324Z [  99% ] [90m[1mexport[22m | Verifying APK...[39m[0m
2026-10-07T21:09:51.2582710Z [92m[ DONE ][39m [1mexport[22m
2026-10-07T21:09:51.2582970Z [0m
2026-10-07T21:09:51.2583291Z cannot connect to daemon at tcp:5037: Connection refused
2026-10-07T21:09:51.2594228Z Offline QA artifact only: /home/runner/work/Emberfall-Ashen-Veil/Emberfall-Ashen-Veil/build/emberfall-success-qa.apk
2026-10-07T21:09:51.2595434Z Exporting res://tests/android_art_flow.tscn (x86_64) to /home/runner/work/Emberfall-Ashen-Veil/Emberfall-Ashen-Veil/build/emberfall-art-qa.apk
2026-10-07T21:10:04.1120152Z Godot Engine v4.7.2.stable.official.ed1daf0bf - https://godotengine.org
2026-10-07T21:10:04.1120772Z 
2026-10-07T21:10:04.1121451Z [   0% ] [90m[1mfirst_scan_filesystem[22m | Started Project initialization (5 steps)[39m[0m
2026-10-07T21:10:04.1122241Z [   0% ] [90m[1mfirst_scan_filesystem[22m | Scanning file structure...[39m[0m
2026-10-07T21:10:04.1122927Z [  16% ] [90m[1mfirst_scan_filesystem[22m | Loading global class names...[39m[0m
2026-10-07T21:10:04.1123568Z [  33% ] [90m[1mfirst_scan_filesystem[22m | Verifying GDExtensions...[39m[0m
2026-10-07T21:10:04.1124200Z [  50% ] [90m[1mfirst_scan_filesystem[22m | Creating autoload scripts...[39m[0m
2026-10-07T21:10:04.1125048Z [  66% ] [90m[1mfirst_scan_filesystem[22m | Initializing plugins...[39m[0m
2026-10-07T21:10:04.1126239Z [  83% ] [90m[1mfirst_scan_filesystem[22m | Starting file scan...[39m[0m
2026-10-07T21:10:04.1127029Z [92m[ DONE ][39m [1mfirst_scan_filesystem[22m
2026-10-07T21:10:04.1127507Z [0m
2026-10-07T21:10:04.1128216Z [   0% ] [90m[1mexport[22m | Started Exporting for Android (105 steps)[39m[0m
2026-10-07T21:10:04.1128879Z 0 param: --xr_mode_regular
2026-10-07T21:10:04.1129296Z 1 param: --xr-mode
2026-10-07T21:10:04.1129546Z 2 param: off
2026-10-07T21:10:04.1129787Z 3 param: --fullscreen
2026-10-07T21:10:04.1130059Z 4 param: --background_color
2026-10-07T21:10:04.1130312Z 5 param: #000000
2026-10-07T21:10:04.1130700Z [   0% ] [90m[1mexport[22m | Creating APK...[39m[0m
2026-10-07T21:10:04.1131035Z ADDING: classes.dex
2026-10-07T21:10:04.1131275Z ADDING: classes10.dex
2026-10-07T21:10:04.1131529Z ADDING: classes11.dex
2026-10-07T21:10:04.1131998Z ADDING: classes12.dex
2026-10-07T21:10:04.1132242Z ADDING: classes13.dex
2026-10-07T21:10:04.1132479Z ADDING: classes2.dex
2026-10-07T21:10:04.1132719Z ADDING: classes3.dex
2026-10-07T21:10:04.1132951Z ADDING: classes4.dex
2026-10-07T21:10:04.1133183Z ADDING: classes5.dex
2026-10-07T21:10:04.1133419Z ADDING: classes6.dex
2026-10-07T21:10:04.1133650Z ADDING: classes7.dex
2026-10-07T21:10:04.1133902Z ADDING: classes8.dex
2026-10-07T21:10:04.1134137Z ADDING: classes9.dex
2026-10-07T21:10:04.1134405Z ADDING: lib/x86_64/libc++_shared.so
2026-10-07T21:10:04.1134896Z ADDING: lib/x86_64/libgodot_android.so
2026-10-07T21:10:04.1135319Z Adding application metadata org.godotengine.rendering.method
2026-10-07T21:10:04.1135798Z Adding application metadata org.godotengine.editor.version
2026-10-07T21:10:04.1136430Z Adding permission android.permission.VIBRATE
2026-10-07T21:10:04.1136783Z ADDING: AndroidManifest.xml
2026-10-07T21:10:04.1137143Z ADDING: res/anim-v21/fragment_fast_out_extra_slow_in.xml
2026-10-07T21:10:04.1137554Z ADDING: res/animator/fragment_close_enter.xml
2026-10-07T21:10:04.1137929Z ADDING: res/animator/fragment_close_exit.xml
2026-10-07T21:10:04.1138284Z ADDING: res/animator/fragment_fade_enter.xml
2026-10-07T21:10:04.1138624Z ADDING: res/animator/fragment_fade_exit.xml
2026-10-07T21:10:04.1138971Z ADDING: res/animator/fragment_open_enter.xml
2026-10-07T21:10:04.1139310Z ADDING: res/animator/fragment_open_exit.xml
2026-10-07T21:10:04.1139734Z ADDING: res/drawable-hdpi-v4/notification_bg_low_normal.9.png
2026-10-07T21:10:04.1140215Z ADDING: res/drawable-hdpi-v4/notification_bg_low_pressed.9.png
2026-10-07T21:10:04.1140681Z ADDING: res/drawable-hdpi-v4/notification_bg_normal.9.png
2026-10-07T21:10:04.1141154Z ADDING: res/drawable-hdpi-v4/notification_bg_normal_pressed.9.png
2026-10-07T21:10:04.1141654Z ADDING: res/drawable-hdpi-v4/notify_panel_notification_icon_bg.png
2026-10-07T21:10:04.1142135Z ADDING: res/drawable-mdpi-v4/notification_bg_low_normal.9.png
2026-10-07T21:10:04.1142596Z ADDING: res/drawable-mdpi-v4/notification_bg_low_pressed.9.png
2026-10-07T21:10:04.1143047Z ADDING: res/drawable-mdpi-v4/notification_bg_normal.9.png
2026-10-07T21:10:04.1143504Z ADDING: res/drawable-mdpi-v4/notification_bg_normal_pressed.9.png
2026-10-07T21:10:04.1143993Z ADDING: res/drawable-mdpi-v4/notify_panel_notification_icon_bg.png
2026-10-07T21:10:04.1144459Z ADDING: res/drawable-v21/notification_action_background.xml
2026-10-07T21:10:04.1144872Z ADDING: res/drawable-v23/compat_splash_screen.xml
2026-10-07T21:10:04.1145332Z ADDING: res/drawable-v23/compat_splash_screen_no_icon_background.xml
2026-10-07T21:10:04.1145827Z ADDING: res/drawable-xhdpi-v4/notification_bg_low_normal.9.png
2026-10-07T21:10:04.1146487Z ADDING: res/drawable-xhdpi-v4/notification_bg_low_pressed.9.png
2026-10-07T21:10:04.1146964Z ADDING: res/drawable-xhdpi-v4/notification_bg_normal.9.png
2026-10-07T21:10:04.1147444Z ADDING: res/drawable-xhdpi-v4/notification_bg_normal_pressed.9.png
2026-10-07T21:10:04.1147952Z ADDING: res/drawable-xhdpi-v4/notify_panel_notification_icon_bg.png
2026-10-07T21:10:04.1148367Z ADDING: res/drawable/icon_background.xml
2026-10-07T21:10:04.1148700Z ADDING: res/drawable/notification_bg.xml
2026-10-07T21:10:04.1149043Z ADDING: res/drawable/notification_bg_low.xml
2026-10-07T21:10:04.1149434Z ADDING: res/drawable/notification_icon_background.xml
2026-10-07T21:10:04.1149824Z ADDING: res/drawable/notification_tile_bg.xml
2026-10-07T21:10:04.1150193Z ADDING: res/drawable/splash_branding_image.webp
2026-10-07T21:10:04.1150548Z ADDING: res/drawable/splash_icon.webp
2026-10-07T21:10:04.1150895Z ADDING: res/layout-v21/notification_action.xml
2026-10-07T21:10:04.1151296Z ADDING: res/layout-v21/notification_action_tombstone.xml
2026-10-07T21:10:04.1151733Z ADDING: res/layout-v21/notification_template_custom_big.xml
2026-10-07T21:10:04.1152177Z ADDING: res/layout-v21/notification_template_icon_group.xml
2026-10-07T21:10:04.1152546Z ADDING: res/layout/custom_dialog.xml
2026-10-07T21:10:04.1152869Z ADDING: res/layout/godot_app_layout.xml
2026-10-07T21:10:04.1153456Z ADDING: res/layout/notification_template_part_chronometer.xml
2026-10-07T21:10:04.1153907Z ADDING: res/layout/notification_template_part_time.xml
2026-10-07T21:10:04.1154331Z ADDING: res/layout/remote_godot_fragment_layout.xml
2026-10-07T21:10:04.1154704Z ADDING: res/layout/snackbar.xml
2026-10-07T21:10:04.1155038Z ADDING: res/layout/splash_screen_view.xml
2026-10-07T21:10:04.1155389Z ADDING: res/mipmap-anydpi-v26/icon.xml
2026-10-07T21:10:04.1155718Z ADDING: res/mipmap-hdpi-v4/icon.webp
2026-10-07T21:10:04.1156247Z ADDING: res/mipmap-hdpi-v4/icon_background.webp
2026-10-07T21:10:04.1156771Z ADDING: res/mipmap-hdpi-v4/icon_foreground.webp
2026-10-07T21:10:04.1157139Z ADDING: res/mipmap-hdpi-v4/icon_monochrome.webp
2026-10-07T21:10:04.1157474Z ADDING: res/mipmap-mdpi-v4/icon.webp
2026-10-07T21:10:04.1157810Z ADDING: res/mipmap-mdpi-v4/icon_background.webp
2026-10-07T21:10:04.1158179Z ADDING: res/mipmap-mdpi-v4/icon_foreground.webp
2026-10-07T21:10:04.1158548Z ADDING: res/mipmap-mdpi-v4/icon_monochrome.webp
2026-10-07T21:10:04.1158890Z ADDING: res/mipmap-xhdpi-v4/icon.webp
2026-10-07T21:10:04.1159241Z ADDING: res/mipmap-xhdpi-v4/icon_background.webp
2026-10-07T21:10:04.1159623Z ADDING: res/mipmap-xhdpi-v4/icon_foreground.webp
2026-10-07T21:10:04.1159997Z ADDING: res/mipmap-xhdpi-v4/icon_monochrome.webp
2026-10-07T21:10:04.1160345Z ADDING: res/mipmap-xxhdpi-v4/icon.webp
2026-10-07T21:10:04.1160699Z ADDING: res/mipmap-xxhdpi-v4/icon_background.webp
2026-10-07T21:10:04.1161088Z ADDING: res/mipmap-xxhdpi-v4/icon_foreground.webp
2026-10-07T21:10:04.1161490Z ADDING: res/mipmap-xxhdpi-v4/icon_monochrome.webp
2026-10-07T21:10:04.1161841Z ADDING: res/mipmap-xxxhdpi-v4/icon.webp
2026-10-07T21:10:04.1162208Z ADDING: res/mipmap-xxxhdpi-v4/icon_background.webp
2026-10-07T21:10:04.1162597Z ADDING: res/mipmap-xxxhdpi-v4/icon_foreground.webp
2026-10-07T21:10:04.1162979Z ADDING: res/mipmap-xxxhdpi-v4/icon_monochrome.webp
2026-10-07T21:10:04.1163321Z ADDING: res/mipmap/icon.webp
2026-10-07T21:10:04.1163640Z ADDING: res/mipmap/icon_background.webp
2026-10-07T21:10:04.1163968Z ADDING: res/mipmap/icon_foreground.webp
2026-10-07T21:10:04.1164292Z ADDING: res/mipmap/icon_monochrome.webp
2026-10-07T21:10:04.1164619Z ADDING: res/xml/godot_provider_paths.xml
2026-10-07T21:10:04.1164922Z ADDING: resources.arsc
2026-10-07T21:10:04.1165189Z ADDING: DebugProbesKt.bin
2026-10-07T21:10:04.1165529Z ADDING: kotlin/annotation/annotation.kotlin_builtins
2026-10-07T21:10:04.1166115Z ADDING: kotlin/collections/collections.kotlin_builtins
2026-10-07T21:10:04.1166788Z ADDING: kotlin/concurrent/atomics/atomics.kotlin_builtins
2026-10-07T21:10:04.1167450Z ADDING: kotlin/coroutines/coroutines.kotlin_builtins
2026-10-07T21:10:04.1168041Z ADDING: kotlin/internal/internal.kotlin_builtins
2026-10-07T21:10:04.1168587Z ADDING: kotlin/kotlin.kotlin_builtins
2026-10-07T21:10:04.1169112Z ADDING: kotlin/ranges/ranges.kotlin_builtins
2026-10-07T21:10:04.1169655Z ADDING: kotlin/reflect/reflect.kotlin_builtins
2026-10-07T21:10:04.1170243Z [   0% ] [90m[1mexport[22m | Adding files...[39m[0m
2026-10-07T21:10:04.1170709Z [  97% ] [90m[1mexport[22m | Aligning APK...[39m[0m
2026-10-07T21:10:04.1171162Z [  98% ] [90m[1mexport[22m | Signing debug APK...[39m[0m
2026-10-07T21:10:04.1171514Z Signing binary using: 
2026-10-07T21:10:04.1172610Z /usr/local/lib/android/sdk/build-tools/36.0.0/apksigner sign --verbose --ks <REDACTED> --ks-pass pass:<REDACTED> --ks-key-alias <REDACTED> /home/runner/work/Emberfall-Ashen-Veil/Emberfall-Ashen-Veil/build/emberfall-art-qa.apk
2026-10-07T21:10:04.1173496Z Signed
2026-10-07T21:10:04.1173626Z 
2026-10-07T21:10:04.1173880Z [  99% ] [90m[1mexport[22m | Verifying APK...[39m[0m
2026-10-07T21:10:04.1174277Z [92m[ DONE ][39m [1mexport[22m
2026-10-07T21:10:04.1174540Z [0m
2026-10-07T21:10:04.1174862Z cannot connect to daemon at tcp:5037: Connection refused
2026-10-07T21:10:04.1175543Z Offline QA artifact only: /home/runner/work/Emberfall-Ashen-Veil/Emberfall-Ashen-Veil/build/emberfall-art-qa.apk
2026-10-07T21:10:04.1177108Z Exporting res://tests/android_device_probe.tscn (arm64-v8a) to /home/runner/work/Emberfall-Ashen-Veil/Emberfall-Ashen-Veil/build/emberfall-pixel-probe.apk
2026-10-07T21:10:16.1421413Z Godot Engine v4.7.2.stable.official.ed1daf0bf - https://godotengine.org
2026-10-07T21:10:16.1421980Z 
2026-10-07T21:10:16.1422954Z [   0% ] [90m[1mfirst_scan_filesystem[22m | Started Project initialization (5 steps)[39m[0m
2026-10-07T21:10:16.1424115Z [   0% ] [90m[1mfirst_scan_filesystem[22m | Scanning file structure...[39m[0m
2026-10-07T21:10:16.1425533Z [  16% ] [90m[1mfirst_scan_filesystem[22m | Loading global class names...[39m[0m
2026-10-07T21:10:16.1426939Z [  33% ] [90m[1mfirst_scan_filesystem[22m | Verifying GDExtensions...[39m[0m
2026-10-07T21:10:16.1428030Z [  50% ] [90m[1mfirst_scan_filesystem[22m | Creating autoload scripts...[39m[0m
2026-10-07T21:10:16.1429057Z [  66% ] [90m[1mfirst_scan_filesystem[22m | Initializing plugins...[39m[0m
2026-10-07T21:10:16.1430025Z [  83% ] [90m[1mfirst_scan_filesystem[22m | Starting file scan...[39m[0m
2026-10-07T21:10:16.1430809Z [92m[ DONE ][39m [1mfirst_scan_filesystem[22m
2026-10-07T21:10:16.1431277Z [0m
2026-10-07T21:10:16.1432035Z [   0% ] [90m[1mexport[22m | Started Exporting for Android (105 steps)[39m[0m
2026-10-07T21:10:16.1432737Z 0 param: --xr_mode_regular
2026-10-07T21:10:16.1433144Z 1 param: --xr-mode
2026-10-07T21:10:16.1433457Z 2 param: off
2026-10-07T21:10:16.1433816Z 3 param: --fullscreen
2026-10-07T21:10:16.1434228Z 4 param: --background_color
2026-10-07T21:10:16.1434665Z 5 param: #000000
2026-10-07T21:10:16.1435244Z [   0% ] [90m[1mexport[22m | Creating APK...[39m[0m
2026-10-07T21:10:16.1435795Z ADDING: classes.dex
2026-10-07T21:10:16.1436354Z ADDING: classes10.dex
2026-10-07T21:10:16.1436780Z ADDING: classes11.dex
2026-10-07T21:10:16.1437169Z ADDING: classes12.dex
2026-10-07T21:10:16.1437601Z ADDING: classes13.dex
2026-10-07T21:10:16.1437999Z ADDING: classes2.dex
2026-10-07T21:10:16.1438376Z ADDING: classes3.dex
2026-10-07T21:10:16.1438741Z ADDING: classes4.dex
2026-10-07T21:10:16.1439111Z ADDING: classes5.dex
2026-10-07T21:10:16.1439497Z ADDING: classes6.dex
2026-10-07T21:10:16.1439863Z ADDING: classes7.dex
2026-10-07T21:10:16.1440261Z ADDING: classes8.dex
2026-10-07T21:10:16.1440629Z ADDING: classes9.dex
2026-10-07T21:10:16.1441088Z ADDING: lib/arm64-v8a/libc++_shared.so
2026-10-07T21:10:16.1441625Z ADDING: lib/arm64-v8a/libgodot_android.so
2026-10-07T21:10:16.1442359Z Adding application metadata org.godotengine.rendering.method
2026-10-07T21:10:16.1443215Z Adding application metadata org.godotengine.editor.version
2026-10-07T21:10:16.1443890Z Adding permission android.permission.VIBRATE
2026-10-07T21:10:16.1444414Z ADDING: AndroidManifest.xml
2026-10-07T21:10:16.1444977Z ADDING: res/anim-v21/fragment_fast_out_extra_slow_in.xml
2026-10-07T21:10:16.1445604Z ADDING: res/animator/fragment_close_enter.xml
2026-10-07T21:10:16.1446394Z ADDING: res/animator/fragment_close_exit.xml
2026-10-07T21:10:16.1446979Z ADDING: res/animator/fragment_fade_enter.xml
2026-10-07T21:10:16.1447565Z ADDING: res/animator/fragment_fade_exit.xml
2026-10-07T21:10:16.1448173Z ADDING: res/animator/fragment_open_enter.xml
2026-10-07T21:10:16.1448784Z ADDING: res/animator/fragment_open_exit.xml
2026-10-07T21:10:16.1449511Z ADDING: res/drawable-hdpi-v4/notification_bg_low_normal.9.png
2026-10-07T21:10:16.1450284Z ADDING: res/drawable-hdpi-v4/notification_bg_low_pressed.9.png
2026-10-07T21:10:16.1451026Z ADDING: res/drawable-hdpi-v4/notification_bg_normal.9.png
2026-10-07T21:10:16.1451812Z ADDING: res/drawable-hdpi-v4/notification_bg_normal_pressed.9.png
2026-10-07T21:10:16.1452703Z ADDING: res/drawable-hdpi-v4/notify_panel_notification_icon_bg.png
2026-10-07T21:10:16.1453533Z ADDING: res/drawable-mdpi-v4/notification_bg_low_normal.9.png
2026-10-07T21:10:16.1454341Z ADDING: res/drawable-mdpi-v4/notification_bg_low_pressed.9.png
2026-10-07T21:10:16.1455120Z ADDING: res/drawable-mdpi-v4/notification_bg_normal.9.png
2026-10-07T21:10:16.1456387Z ADDING: res/drawable-mdpi-v4/notification_bg_normal_pressed.9.png
2026-10-07T21:10:16.1457238Z ADDING: res/drawable-mdpi-v4/notify_panel_notification_icon_bg.png
2026-10-07T21:10:16.1458051Z ADDING: res/drawable-v21/notification_action_background.xml
2026-10-07T21:10:16.1458766Z ADDING: res/drawable-v23/compat_splash_screen.xml
2026-10-07T21:10:16.1459504Z ADDING: res/drawable-v23/compat_splash_screen_no_icon_background.xml
2026-10-07T21:10:16.1460308Z ADDING: res/drawable-xhdpi-v4/notification_bg_low_normal.9.png
2026-10-07T21:10:16.1461106Z ADDING: res/drawable-xhdpi-v4/notification_bg_low_pressed.9.png
2026-10-07T21:10:16.1462101Z ADDING: res/drawable-xhdpi-v4/notification_bg_normal.9.png
2026-10-07T21:10:16.1462924Z ADDING: res/drawable-xhdpi-v4/notification_bg_normal_pressed.9.png
2026-10-07T21:10:16.1463792Z ADDING: res/drawable-xhdpi-v4/notify_panel_notification_icon_bg.png
2026-10-07T21:10:16.1464509Z ADDING: res/drawable/icon_background.xml
2026-10-07T21:10:16.1465092Z ADDING: res/drawable/notification_bg.xml
2026-10-07T21:10:16.1465673Z ADDING: res/drawable/notification_bg_low.xml
2026-10-07T21:10:16.1466488Z ADDING: res/drawable/notification_icon_background.xml
2026-10-07T21:10:16.1467151Z ADDING: res/drawable/notification_tile_bg.xml
2026-10-07T21:10:16.1467582Z ADDING: res/drawable/splash_branding_image.webp
2026-10-07T21:10:16.1467986Z ADDING: res/drawable/splash_icon.webp
2026-10-07T21:10:16.1468535Z ADDING: res/layout-v21/notification_action.xml
2026-10-07T21:10:16.1469191Z ADDING: res/layout-v21/notification_action_tombstone.xml
2026-10-07T21:10:16.1469898Z ADDING: res/layout-v21/notification_template_custom_big.xml
2026-10-07T21:10:16.1470621Z ADDING: res/layout-v21/notification_template_icon_group.xml
2026-10-07T21:10:16.1471234Z ADDING: res/layout/custom_dialog.xml
2026-10-07T21:10:16.1471780Z ADDING: res/layout/godot_app_layout.xml
2026-10-07T21:10:16.1472486Z ADDING: res/layout/notification_template_part_chronometer.xml
2026-10-07T21:10:16.1473197Z ADDING: res/layout/notification_template_part_time.xml
2026-10-07T21:10:16.1473855Z ADDING: res/layout/remote_godot_fragment_layout.xml
2026-10-07T21:10:16.1474409Z ADDING: res/layout/snackbar.xml
2026-10-07T21:10:16.1474901Z ADDING: res/layout/splash_screen_view.xml
2026-10-07T21:10:16.1475402Z ADDING: res/mipmap-anydpi-v26/icon.xml
2026-10-07T21:10:16.1475891Z ADDING: res/mipmap-hdpi-v4/icon.webp
2026-10-07T21:10:16.1478911Z ADDING: res/mipmap-hdpi-v4/icon_background.webp
2026-10-07T21:10:16.1479545Z ADDING: res/mipmap-hdpi-v4/icon_foreground.webp
2026-10-07T21:10:16.1480188Z ADDING: res/mipmap-hdpi-v4/icon_monochrome.webp
2026-10-07T21:10:16.1480751Z ADDING: res/mipmap-mdpi-v4/icon.webp
2026-10-07T21:10:16.1481337Z ADDING: res/mipmap-mdpi-v4/icon_background.webp
2026-10-07T21:10:16.1481959Z ADDING: res/mipmap-mdpi-v4/icon_foreground.webp
2026-10-07T21:10:16.1482575Z ADDING: res/mipmap-mdpi-v4/icon_monochrome.webp
2026-10-07T21:10:16.1483140Z ADDING: res/mipmap-xhdpi-v4/icon.webp
2026-10-07T21:10:16.1483699Z ADDING: res/mipmap-xhdpi-v4/icon_background.webp
2026-10-07T21:10:16.1484376Z ADDING: res/mipmap-xhdpi-v4/icon_foreground.webp
2026-10-07T21:10:16.1485021Z ADDING: res/mipmap-xhdpi-v4/icon_monochrome.webp
2026-10-07T21:10:16.1485615Z ADDING: res/mipmap-xxhdpi-v4/icon.webp
2026-10-07T21:10:16.1486323Z ADDING: res/mipmap-xxhdpi-v4/icon_background.webp
2026-10-07T21:10:16.1486934Z ADDING: res/mipmap-xxhdpi-v4/icon_foreground.webp
2026-10-07T21:10:16.1487556Z ADDING: res/mipmap-xxhdpi-v4/icon_monochrome.webp
2026-10-07T21:10:16.1488122Z ADDING: res/mipmap-xxxhdpi-v4/icon.webp
2026-10-07T21:10:16.1488684Z ADDING: res/mipmap-xxxhdpi-v4/icon_background.webp
2026-10-07T21:10:16.1489317Z ADDING: res/mipmap-xxxhdpi-v4/icon_foreground.webp
2026-10-07T21:10:16.1489926Z ADDING: res/mipmap-xxxhdpi-v4/icon_monochrome.webp
2026-10-07T21:10:16.1490470Z ADDING: res/mipmap/icon.webp
2026-10-07T21:10:16.1490970Z ADDING: res/mipmap/icon_background.webp
2026-10-07T21:10:16.1491498Z ADDING: res/mipmap/icon_foreground.webp
2026-10-07T21:10:16.1492264Z ADDING: res/mipmap/icon_monochrome.webp
2026-10-07T21:10:16.1492834Z ADDING: res/xml/godot_provider_paths.xml
2026-10-07T21:10:16.1493310Z ADDING: resources.arsc
2026-10-07T21:10:16.1493715Z ADDING: DebugProbesKt.bin
2026-10-07T21:10:16.1494263Z ADDING: kotlin/annotation/annotation.kotlin_builtins
2026-10-07T21:10:16.1494966Z ADDING: kotlin/collections/collections.kotlin_builtins
2026-10-07T21:10:16.1495686Z ADDING: kotlin/concurrent/atomics/atomics.kotlin_builtins
2026-10-07T21:10:16.1496537Z ADDING: kotlin/coroutines/coroutines.kotlin_builtins
2026-10-07T21:10:16.1497186Z ADDING: kotlin/internal/internal.kotlin_builtins
2026-10-07T21:10:16.1497985Z ADDING: kotlin/kotlin.kotlin_builtins
2026-10-07T21:10:16.1498525Z ADDING: kotlin/ranges/ranges.kotlin_builtins
2026-10-07T21:10:16.1499090Z ADDING: kotlin/reflect/reflect.kotlin_builtins
2026-10-07T21:10:16.1499882Z [   0% ] [90m[1mexport[22m | Adding files...[39m[0m
2026-10-07T21:10:16.1500589Z [  97% ] [90m[1mexport[22m | Aligning APK...[39m[0m
2026-10-07T21:10:16.1501353Z [  98% ] [90m[1mexport[22m | Signing debug APK...[39m[0m
2026-10-07T21:10:16.1501929Z Signing binary using: 
2026-10-07T21:10:16.1503814Z /usr/local/lib/android/sdk/build-tools/36.0.0/apksigner sign --verbose --ks <REDACTED> --ks-pass pass:<REDACTED> --ks-key-alias <REDACTED> /home/runner/work/Emberfall-Ashen-Veil/Emberfall-Ashen-Veil/build/emberfall-pixel-probe.apk
2026-10-07T21:10:16.1505337Z Signed
2026-10-07T21:10:16.1505510Z 
2026-10-07T21:10:16.1506097Z [  99% ] [90m[1mexport[22m | Verifying APK...[39m[0m
2026-10-07T21:10:16.1506757Z [92m[ DONE ][39m [1mexport[22m
2026-10-07T21:10:16.1507172Z [0m
2026-10-07T21:10:16.1507669Z cannot connect to daemon at tcp:5037: Connection refused
2026-10-07T21:10:16.1508850Z Offline QA artifact only: /home/runner/work/Emberfall-Ashen-Veil/Emberfall-Ashen-Veil/build/emberfall-pixel-probe.apk
2026-10-07T21:10:16.2769164Z ##[group]Run echo 'KERNEL=="kvm", GROUP="kvm", MODE="0666", OPTIONS+="static_node=kvm"' | sudo tee /etc/udev/rules.d/99-kvm4all.rules
2026-10-07T21:10:16.2769989Z [36;1mecho 'KERNEL=="kvm", GROUP="kvm", MODE="0666", OPTIONS+="static_node=kvm"' | sudo tee /etc/udev/rules.d/99-kvm4all.rules[0m
2026-10-07T21:10:16.2770545Z [36;1msudo udevadm control --reload-rules[0m
2026-10-07T21:10:16.2770892Z [36;1msudo udevadm trigger --name-match=kvm[0m
2026-10-07T21:10:16.2843283Z shell: /usr/bin/bash -e {0}
2026-10-07T21:10:16.2843558Z env:
2026-10-07T21:10:16.2843886Z   JAVA_HOME: /opt/hostedtoolcache/Java_Temurin-Hotspot_jdk/17.0.20-1/x64
2026-10-07T21:10:16.2844399Z   JAVA_HOME_17_X64: /opt/hostedtoolcache/Java_Temurin-Hotspot_jdk/17.0.20-1/x64
2026-10-07T21:10:16.2844801Z   MAVEN_ARGS: -ntp
2026-10-07T21:10:16.2845036Z   ANDROID_HOME: /usr/local/lib/android/sdk
2026-10-07T21:10:16.2845336Z   ANDROID_SDK_ROOT: /usr/local/lib/android/sdk
2026-10-07T21:10:16.2845617Z ##[endgroup]
2026-10-07T21:10:16.3025052Z KERNEL=="kvm", GROUP="kvm", MODE="0666", OPTIONS+="static_node=kvm"
2026-10-07T21:10:16.3503418Z ##[group]Run ReactiveCircus/android-emulator-runner@v2
2026-10-07T21:10:16.3503758Z with:
2026-10-07T21:10:16.3503953Z   api-level: 36
2026-10-07T21:10:16.3504165Z   target: google_apis
2026-10-07T21:10:16.3504377Z   arch: x86_64
2026-10-07T21:10:16.3504586Z   profile: pixel_6
2026-10-07T21:10:16.3504819Z   disable-animations: true
2026-10-07T21:10:16.3505271Z   emulator-options: -no-window -gpu swangle -noaudio -no-boot-anim -no-snapshot -camera-back none
2026-10-07T21:10:16.3507927Z   script: # The software renderer reached about 90% of the exact one-hour AFK
# ledger at the previous 300-second deadline. Keep all assertions and
# cold-restart coverage; allow this CI-only replay more wall time.
if [ "" != "true" ]; then python3 scripts/android_beta_smoke.py --timeout-seconds 900 --apk build/emberfall-afk-qa.apk; fi
adb shell wm size 1080x2424
python3 scripts/android_beta_smoke.py --success-only --apk build/emberfall-success-qa.apk --output build/android-success-runtime
python3 scripts/android_beta_smoke.py --art-only --apk build/emberfall-art-qa.apk --output build/android-art-runtime

2026-10-07T21:10:16.3509924Z   cores: 2
2026-10-07T21:10:16.3510118Z   avd-name: test
2026-10-07T21:10:16.3510332Z   force-avd-creation: true
2026-10-07T21:10:16.3510575Z   emulator-boot-timeout: 600
2026-10-07T21:10:16.3510821Z   emulator-port: 5554
2026-10-07T21:10:16.3511066Z   disable-spellchecker: false
2026-10-07T21:10:16.3511323Z   disable-linux-hw-accel: auto
2026-10-07T21:10:16.3511576Z   enable-hw-keyboard: false
2026-10-07T21:10:16.3511815Z   channel: stable
2026-10-07T21:10:16.3512021Z env:
2026-10-07T21:10:16.3512509Z   JAVA_HOME: /opt/hostedtoolcache/Java_Temurin-Hotspot_jdk/17.0.20-1/x64
2026-10-07T21:10:16.3513016Z   JAVA_HOME_17_X64: /opt/hostedtoolcache/Java_Temurin-Hotspot_jdk/17.0.20-1/x64
2026-10-07T21:10:16.3513393Z   MAVEN_ARGS: -ntp
2026-10-07T21:10:16.3513625Z   ANDROID_HOME: /usr/local/lib/android/sdk
2026-10-07T21:10:16.3513924Z   ANDROID_SDK_ROOT: /usr/local/lib/android/sdk
2026-10-07T21:10:16.3514296Z   EMBERFALL_SOURCE_COMMIT: 1cc13152a83c6631590d4df32ca298700a417df7
2026-10-07T21:10:16.3514638Z ##[endgroup]
2026-10-07T21:10:16.4138269Z ##[group]Configure emulator
2026-10-07T21:10:16.4140460Z API level: 36
2026-10-07T21:10:16.4140853Z System image API level: 36
2026-10-07T21:10:16.4141298Z target: google_apis
2026-10-07T21:10:16.4141794Z CPU architecture: x86_64
2026-10-07T21:10:16.4142310Z Hardware profile: pixel_6
2026-10-07T21:10:16.4144648Z Cores: 2
2026-10-07T21:10:16.4144995Z RAM size: 
2026-10-07T21:10:16.4145317Z Heap size: 
2026-10-07T21:10:16.4145721Z SD card path or size: 
2026-10-07T21:10:16.4146563Z Disk size: 
2026-10-07T21:10:16.4147002Z AVD name: test
2026-10-07T21:10:16.4147532Z force avd creation: true
2026-10-07T21:10:16.4148114Z Emulator boot timeout: 600
2026-10-07T21:10:16.4148656Z emulator port: 5554
2026-10-07T21:10:16.4149548Z emulator options: -no-window -gpu swangle -noaudio -no-boot-anim -no-snapshot -camera-back none
2026-10-07T21:10:16.4150457Z disable animations: true
2026-10-07T21:10:16.4151017Z disable spellchecker: false
2026-10-07T21:10:16.4151630Z disable Linux hardware acceleration: false
2026-10-07T21:10:16.4152272Z enable hardware keyboard: false
2026-10-07T21:10:16.4152759Z Channel: 0 (stable)
2026-10-07T21:10:16.4153152Z Script:
2026-10-07T21:10:16.4154150Z if [ "" != "true" ]; then python3 scripts/android_beta_smoke.py --timeout-seconds 900 --apk build/emberfall-afk-qa.apk; fi
2026-10-07T21:10:16.4155222Z adb shell wm size 1080x2424
2026-10-07T21:10:16.4156602Z python3 scripts/android_beta_smoke.py --success-only --apk build/emberfall-success-qa.apk --output build/android-success-runtime
2026-10-07T21:10:16.4158375Z python3 scripts/android_beta_smoke.py --art-only --apk build/emberfall-art-qa.apk --output build/android-art-runtime
2026-10-07T21:10:16.4159404Z Pre emulator launch script:
2026-10-07T21:10:16.4160148Z ##[endgroup]
2026-10-07T21:10:16.4160737Z ##[group]Install Android SDK
2026-10-07T21:10:16.4204813Z [command]/usr/bin/sh -c \yes | sdkmanager --licenses > /dev/null
2026-10-07T21:10:19.9082188Z Installing latest build tools, platform tools, and platform.
2026-10-07T21:10:19.9095717Z [command]/usr/bin/sh -c \sdkmanager --install 'build-tools;37.0.0' platform-tools 'platforms;android-36'> /dev/null
2026-10-07T21:10:21.5357764Z Installing latest emulator.
2026-10-07T21:10:21.5373969Z [command]/usr/bin/sh -c \sdkmanager --install emulator --channel=0 > /dev/null
2026-10-07T21:10:30.2303505Z Installing system images.
2026-10-07T21:10:30.2318852Z [command]/usr/bin/sh -c \sdkmanager --install 'system-images;android-36;google_apis;x86_64' --channel=0 > /dev/null
2026-10-07T21:11:06.0176203Z ##[endgroup]
2026-10-07T21:11:06.0177450Z ##[group]Create AVD
2026-10-07T21:11:06.0178485Z Creating AVD.
2026-10-07T21:11:06.0203502Z [command]/usr/bin/sh -c \echo no | avdmanager create avd --force -n test --package 'system-images;android-36;google_apis;x86_64' --device 'pixel_6'
2026-10-07T21:11:06.8360768Z Loading local repository...                                                     
2026-10-07T21:11:06.8362937Z [=========                              ] 25% Loading local repository...       
2026-10-07T21:11:06.8364009Z [=========                              ] 25% Fetch remote repository...        
2026-10-07T21:11:06.8369321Z [=======================================] 100% Fetch remote repository...       
2026-10-07T21:11:07.0541296Z Auto-selecting single ABI x86_64
2026-10-07T21:11:07.5176335Z [command]/usr/bin/sh -c \printf 'hw.cpu.ncore=2\n' >> /home/runner/.android/avd/test.avd/config.ini
2026-10-07T21:11:07.5198833Z ##[endgroup]
2026-10-07T21:11:07.5200269Z ##[group]Launch Emulator
2026-10-07T21:11:07.5201147Z Starting emulator.
2026-10-07T21:11:07.5216475Z [command]/usr/bin/sh -c \/usr/local/lib/android/sdk/emulator/emulator -port 5554 -avd test -no-window -gpu swangle -noaudio -no-boot-anim -no-snapshot -camera-back none &
2026-10-07T21:11:07.5355075Z INFO         | Android emulator version 37.2.12.0 (build_id 16428233) (CL:N/A)
2026-10-07T21:11:07.5355822Z INFO         | Graphics backend: gfxstream
2026-10-07T21:11:07.5356845Z INFO         | Found systemPath /usr/local/lib/android/sdk/system-images/android-36/google_apis/x86_64/
2026-10-07T21:11:07.7535104Z INFO         | Saving last run QEMU version for the AVD to 2
2026-10-07T21:11:07.7536135Z INFO         | Guest usage of host flag 'VulkanVirtualQueue' will be ignored.
2026-10-07T21:11:07.7536785Z INFO         | Increasing RAM size to 2560MB
2026-10-07T21:11:07.7537205Z ##############################################################################
2026-10-07T21:11:07.7537680Z ##                        WARNING - ACTION REQUIRED                         ##
2026-10-07T21:11:07.7538232Z ##  Consider using the '-metrics-collection' flag to help improve the       ##
2026-10-07T21:11:07.7538837Z ##  emulator by sending anonymized usage data. Or use the '-no-metrics'     ##
2026-10-07T21:11:07.7539406Z ##  flag to bypass this warning and turn off the metrics collection.        ##
2026-10-07T21:11:07.7556367Z ##  In a future release this warning will turn into a one-time blocking     ##
2026-10-07T21:11:07.7557487Z ##  prompt to ask for explicit user input regarding metrics collection.     ##
2026-10-07T21:11:07.7558356Z ##                                                                          ##
2026-10-07T21:11:07.7559214Z ##  Please see '-help-metrics-collection' for more details. You can use     ##
2026-10-07T21:11:07.7560449Z ##  '-metrics-to-file' or '-metrics-to-console' flags to see what type of   ##
2026-10-07T21:11:07.7561400Z ##  data is being collected by emulator as part of usage statistics.        ##
2026-10-07T21:11:07.7562318Z ##############################################################################
2026-10-07T21:11:07.7562960Z INFO         | Guest GLES Driver: Auto (ext controls)
2026-10-07T21:11:07.7563912Z INFO         | emuglConfig_init: vulkan_mode_selected:swiftshader gles_mode_selected:swangle
2026-10-07T21:11:07.7564752Z INFO         | Checking system compatibility:
2026-10-07T21:11:07.7565774Z INFO         |   Checking: hasSufficientDiskSpace
2026-10-07T21:11:07.7566664Z INFO         |      Ok: Disk space requirements to run avd: `test` are met
2026-10-07T21:11:07.7567338Z INFO         |   Checking: hasSufficientHwGpu
2026-10-07T21:11:07.7568038Z INFO         |      Ok: Hardware GPU compatibility checks are not required
2026-10-07T21:11:07.7568734Z INFO         |   Checking: hasSufficientSystem
2026-10-07T21:11:07.7569441Z INFO         |      Ok: System requirements to run avd: `test` are met
2026-10-07T21:11:07.7571139Z WARNING      | Feature QuickbootFileBacked is disabled due to stability issues, if you really want that, the environment variable ANDROID_EMU_FORCE_QUICKBOOT_FILE_BACKED need to set to 1
2026-10-07T21:11:07.7572647Z ERROR        | Unable to connect to adb daemon on port: 5037
2026-10-07T21:11:07.7574318Z INFO         | Storing crashdata in: /tmp/android-runner/emu-crash-37.2.12.db, detection is enabled for process: 3687
2026-10-07T21:11:07.7575716Z INFO         | Initializing gfxstream backend
2026-10-07T21:11:07.7576585Z INFO         | startOpenglesRendererImpl: gpu info
2026-10-07T21:11:07.7577100Z INFO         | 
2026-10-07T21:11:07.7577761Z INFO         | initIcdPaths: ICD set to 'swiftshader', using Swiftshader ICD
2026-10-07T21:11:07.7578928Z INFO         | Setting ICD filenames for the loader = /usr/local/lib/android/sdk/emulator/lib64/vulkan/vk_swiftshader_icd.json
2026-10-07T21:11:07.7584872Z INFO         | SharedLibrary::open for [/usr/local/lib/android/sdk/emulator/qemu/linux-x86_64/lib64/vulkan/libvulkan.so]
2026-10-07T21:11:07.7586755Z INFO         | SharedLibrary::open for [/usr/local/lib/android/sdk/emulator/qemu/linux-x86_64/lib64/vulkan/libvulkan.so.1]
2026-10-07T21:11:07.7588544Z INFO         | SharedLibrary::open for [/usr/local/lib/android/sdk/emulator/lib64/vulkan/libvulkan.so]
2026-10-07T21:11:07.7589784Z INFO         | Added library: /usr/local/lib/android/sdk/emulator/lib64/vulkan/libvulkan.so
2026-10-07T21:11:07.7778689Z INFO         | Selecting Vulkan device: SwiftShader Device (Subzero), Version: 1.3.0
2026-10-07T21:11:07.7779822Z INFO         | Using Vulkan externalMemoryMode: OpaqueFd for VkEmulation
2026-10-07T21:11:07.7895107Z INFO         | Format VK_FORMAT_G10X6_B10X6R10X6_2PLANE_422_UNORM_3PACK16 does not support YCbCr sampler conversion
2026-10-07T21:11:07.7951074Z INFO         | SharedLibrary::open for [libX11]
2026-10-07T21:11:07.7952124Z WARNING      | Could not open libX11.so, try libX11.so.6
2026-10-07T21:11:07.7952867Z INFO         | SharedLibrary::open for [libX11.so.6]
2026-10-07T21:11:07.7953514Z INFO         | SharedLibrary::open for [libX11-xcb]
2026-10-07T21:11:07.7954376Z WARNING      | Could not open libX11-xcb.so, try libX11-xcb.so.1
2026-10-07T21:11:07.7955152Z INFO         | SharedLibrary::open for [libX11-xcb.so.1]
2026-10-07T21:11:07.7997986Z INFO         | Initializing VkEmulation features:
2026-10-07T21:11:07.7998562Z INFO         |     glInteropSupported: false
2026-10-07T21:11:07.7999041Z INFO         |     useDeferredCommands: true
2026-10-07T21:11:07.7999519Z INFO         |     createResourceWithRequirements: true
2026-10-07T21:11:07.7999992Z INFO         |     useVulkanComposition: false
2026-10-07T21:11:07.8000443Z INFO         |     useVulkanNativeSwapchain: false
2026-10-07T21:11:07.8000878Z INFO         |     enable guestRenderDoc: false
2026-10-07T21:11:07.8001282Z INFO         |     ASTC LDR emulation mode: Gpu
2026-10-07T21:11:07.8001647Z INFO         |     enable ETC2 emulation: true
2026-10-07T21:11:07.8002083Z INFO         |     enable Ycbcr emulation: false
2026-10-07T21:11:07.8002522Z INFO         |     guestVulkanOnly: false
2026-10-07T21:11:07.8002973Z INFO         |     useDedicatedAllocations: false
2026-10-07T21:11:07.8003416Z INFO         |     guestVulkanMaxApiVersion: 1.3.0
2026-10-07T21:11:07.8003899Z INFO         |     enableProtectedMemoryEmulation: false
2026-10-07T21:11:07.8014988Z INFO         | Graphics Adapter Vendor Google (Google Inc. (Google))
2026-10-07T21:11:07.8017261Z INFO         | Graphics Adapter Android Emulator OpenGL ES Translator (ANGLE (Google, Vulkan 1.3.0 (SwiftShader Device (Subzero) (0x0000C0DE)), SwiftShader driver-5.0.0))
2026-10-07T21:11:07.8018865Z INFO         | Graphics API Version OpenGL ES 3.0 (OpenGL ES 3.1.0 (ANGLE 2.1.17841 git hash: 5fa2e61da947))
2026-10-07T21:11:07.8022595Z INFO         | Graphics API Extensions GL_OES_EGL_sync GL_OES_EGL_image GL_OES_EGL_image_external GL_OES_depth24 GL_OES_depth32 GL_OES_element_index_uint GL_OES_texture_float GL_OES_texture_float_linear GL_OES_compressed_paletted_texture GL_OES_compressed_ETC1_RGB8_texture GL_OES_depth_texture GL_OES_texture_half_float GL_OES_texture_half_float_linear GL_OES_packed_depth_stencil GL_OES_vertex_half_float GL_OES_standard_derivatives GL_OES_texture_npot GL_OES_rgb8_rgba8 GL_OVR_multiview2 GL_EXT_color_buffer_float GL_EXT_color_buffer_half_float GL_EXT_texture_format_BGRA8888 GL_APPLE_texture_format_BGRA8888 GL_EXT_draw_buffers_indexed GL_EXT_clip_cull_distance 
2026-10-07T21:11:07.8026566Z INFO         | Graphics Device Extensions N/A
2026-10-07T21:11:07.8026994Z INFO         | Disabling sparse binding feature support
2026-10-07T21:11:07.8037259Z ERROR        | Setting read-only feature 'GLAsyncSwap' to '0'
2026-10-07T21:11:07.8038293Z INFO         | Feature 'GLAsyncSwap' (50) is overridden to 'disabled'
2026-10-07T21:11:07.8048990Z INFO         | Sending adb public key [QAAAADUmemPjg/c82kKpbQf5csKjLh3L4WkJFhU4P0MwtOl6Y62HOWndAti/vbM8A1SFN6oTkfK/BEM6LJaoSgWBjHUxqMW61oTG7KJ99l3dCvcVoBk0ZFsfThbin3ay1hBtTPP1bbogiNEsOzm0BEP+ZptG56fZe8TN7Z3KmrypjchMQ+PSvWsVHnr4xvV57NGacCG1QhcSlr7DrT4mFg7to71t+lFF+w2egFWh6PXZEfmbbAVLGxKolkUpnmNVzbenU8vVrVEXh41HEtxvSIyPyTIhMizyZZBmsMb3jbqnlFtCiro8nSqQELLiZaoZYSeM1IY8otfZhI9yaMuKc5jnResTPs69+sV0ICE1EHZ4WQ3vlrWoRBcvMOqipsmR79NlDGnJ48hyw3Kba98nMO0iO/09ZTbbzs3OuRCqevdpiw6RjBNU/OsUZfDmvFo9yrVeQ6VwzRQh0KqOmO9E4ev81/RvcDlvvCYPaFnRZqIOFCDat16jjrtf+qXd19GslJBpFZrDFuRFAkqAlRcb1CvSfoH2BIblAvTRGV2cz0Kz22xbPXGEcKwlKM4ZPznW9KY5g/pNQTkQiAVgXyxapgIBG88prrbpaDEH8CVNdn2YJO5TKKONjNbbKleQ45dHs4ALlANRmACT7mcFb5fVGaiWUzYhILbaeE9ew1ZwpgFJiADX4aWNXwEAAQA= runner@unknown]
2026-10-07T21:11:07.8057177Z INFO         | Userspace boot properties:
2026-10-07T21:11:07.8058211Z INFO         |   androidboot.boot_devices=pci0000:00/0000:00:03.0 pci0000:00/0000:00:06.0
2026-10-07T21:11:07.8058808Z INFO         |   androidboot.dalvik.vm.heapsize=576m
2026-10-07T21:11:07.8059246Z INFO         |   androidboot.debug.hwui.renderer=skiagl
2026-10-07T21:11:07.8059935Z INFO         |   androidboot.debug.sf.nobootanimation=1
2026-10-07T21:11:07.8060509Z INFO         |   androidboot.hardware=ranchu
2026-10-07T21:11:07.8061125Z INFO         |   androidboot.hardware.gltransport=pipe
2026-10-07T21:11:07.8061777Z INFO         |   androidboot.hardware.vulkan=ranchu
2026-10-07T21:11:07.8062344Z INFO         |   androidboot.logcat=*:V
2026-10-07T21:11:07.8062933Z INFO         |   androidboot.opengles.version=196609
2026-10-07T21:11:07.8063493Z INFO         |   androidboot.qemu=1
2026-10-07T21:11:07.8072414Z INFO         |   androidboot.qemu.adb.pubkey=QAAAADUmemPjg/c82kKpbQf5csKjLh3L4WkJFhU4P0MwtOl6Y62HOWndAti/vbM8A1SFN6oTkfK/BEM6LJaoSgWBjHUxqMW61oTG7KJ99l3dCvcVoBk0ZFsfThbin3ay1hBtTPP1bbogiNEsOzm0BEP+ZptG56fZe8TN7Z3KmrypjchMQ+PSvWsVHnr4xvV57NGacCG1QhcSlr7DrT4mFg7to71t+lFF+w2egFWh6PXZEfmbbAVLGxKolkUpnmNVzbenU8vVrVEXh41HEtxvSIyPyTIhMizyZZBmsMb3jbqnlFtCiro8nSqQELLiZaoZYSeM1IY8otfZhI9yaMuKc5jnResTPs69+sV0ICE1EHZ4WQ3vlrWoRBcvMOqipsmR79NlDGnJ48hyw3Kba98nMO0iO/09ZTbbzs3OuRCqevdpiw6RjBNU/OsUZfDmvFo9yrVeQ6VwzRQh0KqOmO9E4ev81/RvcDlvvCYPaFnRZqIOFCDat16jjrtf+qXd19GslJBpFZrDFuRFAkqAlRcb1CvSfoH2BIblAvTRGV2cz0Kz22xbPXGEcKwlKM4ZPznW9KY5g/pNQTkQiAVgXyxapgIBG88prrbpaDEH8CVNdn2YJO5TKKONjNbbKleQ45dHs4ALlANRmACT7mcFb5fVGaiWUzYhILbaeE9ew1ZwpgFJiADX4aWNXwEAAQA= runner@unknown
2026-10-07T21:11:07.8080321Z INFO         |   androidboot.qemu.avd_name=test
2026-10-07T21:11:07.8080975Z INFO         |   androidboot.qemu.camera_hq_edge_processing=0
2026-10-07T21:11:07.8081632Z INFO         |   androidboot.qemu.camera_protocol_ver=1
2026-10-07T21:11:07.8082547Z INFO         |   androidboot.qemu.cpuvulkan.version=4206592
2026-10-07T21:11:07.8083333Z INFO         |   androidboot.qemu.gltransport.drawFlushInterval=800
2026-10-07T21:11:07.8084086Z INFO         |   androidboot.qemu.gltransport.name=pipe
2026-10-07T21:11:07.8084742Z INFO         |   androidboot.qemu.hwcodec.avcdec=2
2026-10-07T21:11:07.8085434Z INFO         |   androidboot.qemu.hwcodec.hevcdec=2
2026-10-07T21:11:07.8086200Z INFO         |   androidboot.qemu.hwcodec.vpxdec=2
2026-10-07T21:11:07.8086916Z INFO         |   androidboot.qemu.settings.system.screen_off_timeout=2147483647
2026-10-07T21:11:07.8087667Z INFO         |   androidboot.qemu.skin=1080x2400
2026-10-07T21:11:07.8088295Z INFO         |   androidboot.qemu.virtiowifi=1
2026-10-07T21:11:07.8088864Z INFO         |   androidboot.qemu.vsync=60
2026-10-07T21:11:07.8089479Z INFO         |   androidboot.serialno=EMULATOR37X2X12X0
2026-10-07T21:11:07.8090348Z INFO         |   androidboot.vbmeta.digest=7466b5c28e6a3e1427b22ed2c317c6c7066294bde838d4d5243cce5d37992bd5
2026-10-07T21:11:07.8091282Z INFO         |   androidboot.vbmeta.hash_alg=sha256
2026-10-07T21:11:07.8091870Z INFO         |   androidboot.vbmeta.size=6848
2026-10-07T21:11:07.8092432Z INFO         |   androidboot.veritymode=enforcing
2026-10-07T21:11:07.8283024Z WARNING: cannnot unmap ptr 0x7f8d74201000 as it is in the protected range from 0x7f8cd4200000 to 0x7f8d74400000
2026-10-07T21:11:07.8469563Z INFO         | Monitoring duration of emulator setup.
2026-10-07T21:11:08.8878206Z INFO         | Activated packet streamer for uwb emulation
2026-10-07T21:11:08.8879431Z INFO         | Activated packet streamer for bluetooth emulation
2026-10-07T21:11:08.8880786Z INFO         | Successfully initialized netsim WiFi
2026-10-07T21:11:08.8926794Z INFO         | Setting display: 0 configuration to: 1080x2400, dpi: 420x420 
2026-10-07T21:11:08.8927369Z INFO         | setDisplayActiveConfig: id:0, 1080x2400
2026-10-07T21:11:08.8927947Z INFO         | emulatorSetupEnvironment: Environment scene is not required
2026-10-07T21:11:08.9009820Z USER_INFO    | Emulator is performing a full startup. This may take upto two minutes, or more.
2026-10-07T21:11:08.9011653Z WARNING      | Failed to process .ini file /home/runner/.android/emu-update-last-check.ini for reading.
2026-10-07T21:11:09.1358369Z WARNING      | Failed to process .ini file /home/runner/.android/emu-update-last-check.ini for reading.
2026-10-07T21:11:17.5288103Z [command]/usr/local/lib/android/sdk/platform-tools/adb -s emulator-5554 shell getprop sys.boot_completed
2026-10-07T21:11:17.5324969Z * daemon not running; starting now at tcp:5037
2026-10-07T21:11:17.5358505Z * daemon started successfully
2026-10-07T21:11:17.5359065Z adb: device offline
2026-10-07T21:11:17.5368329Z The process '/usr/local/lib/android/sdk/platform-tools/adb' failed with exit code 1
2026-10-07T21:11:19.5414573Z [command]/usr/local/lib/android/sdk/platform-tools/adb -s emulator-5554 shell getprop sys.boot_completed
2026-10-07T21:11:19.5458363Z adb: device offline
2026-10-07T21:11:19.5465423Z The process '/usr/local/lib/android/sdk/platform-tools/adb' failed with exit code 1
2026-10-07T21:11:21.5489922Z [command]/usr/local/lib/android/sdk/platform-tools/adb -s emulator-5554 shell getprop sys.boot_completed
2026-10-07T21:11:21.5535849Z adb: device offline
2026-10-07T21:11:21.5542154Z The process '/usr/local/lib/android/sdk/platform-tools/adb' failed with exit code 1
2026-10-07T21:11:23.5589413Z [command]/usr/local/lib/android/sdk/platform-tools/adb -s emulator-5554 shell getprop sys.boot_completed
2026-10-07T21:11:23.5631589Z adb: device offline
2026-10-07T21:11:23.5637729Z The process '/usr/local/lib/android/sdk/platform-tools/adb' failed with exit code 1
2026-10-07T21:11:25.5687107Z [command]/usr/local/lib/android/sdk/platform-tools/adb -s emulator-5554 shell getprop sys.boot_completed
2026-10-07T21:11:25.5730746Z adb: device offline
2026-10-07T21:11:25.5736184Z The process '/usr/local/lib/android/sdk/platform-tools/adb' failed with exit code 1
2026-10-07T21:11:27.5815786Z [command]/usr/local/lib/android/sdk/platform-tools/adb -s emulator-5554 shell getprop sys.boot_completed
2026-10-07T21:11:27.5849987Z adb: device offline
2026-10-07T21:11:27.5853858Z The process '/usr/local/lib/android/sdk/platform-tools/adb' failed with exit code 1
2026-10-07T21:11:29.5898773Z [command]/usr/local/lib/android/sdk/platform-tools/adb -s emulator-5554 shell getprop sys.boot_completed
2026-10-07T21:11:29.5939062Z The process '/usr/local/lib/android/sdk/platform-tools/adb' failed with exit code 1
2026-10-07T21:11:29.5939889Z adb: device offline
2026-10-07T21:11:31.5974793Z [command]/usr/local/lib/android/sdk/platform-tools/adb -s emulator-5554 shell getprop sys.boot_completed
2026-10-07T21:11:31.6561500Z 
2026-10-07T21:11:33.6658649Z [command]/usr/local/lib/android/sdk/platform-tools/adb -s emulator-5554 shell getprop sys.boot_completed
2026-10-07T21:11:33.6877126Z 
2026-10-07T21:11:35.6939159Z [command]/usr/local/lib/android/sdk/platform-tools/adb -s emulator-5554 shell getprop sys.boot_completed
2026-10-07T21:11:35.7092308Z 
2026-10-07T21:11:37.7120612Z [command]/usr/local/lib/android/sdk/platform-tools/adb -s emulator-5554 shell getprop sys.boot_completed
2026-10-07T21:11:37.7275193Z 
2026-10-07T21:11:39.7349140Z [command]/usr/local/lib/android/sdk/platform-tools/adb -s emulator-5554 shell getprop sys.boot_completed
2026-10-07T21:11:39.7552473Z 
2026-10-07T21:11:41.7603654Z [command]/usr/local/lib/android/sdk/platform-tools/adb -s emulator-5554 shell getprop sys.boot_completed
2026-10-07T21:11:41.8095008Z 
2026-10-07T21:11:43.8140376Z [command]/usr/local/lib/android/sdk/platform-tools/adb -s emulator-5554 shell getprop sys.boot_completed
2026-10-07T21:11:43.8861285Z 
2026-10-07T21:11:45.8894595Z [command]/usr/local/lib/android/sdk/platform-tools/adb -s emulator-5554 shell getprop sys.boot_completed
2026-10-07T21:11:45.9104980Z 
2026-10-07T21:11:47.9178301Z [command]/usr/local/lib/android/sdk/platform-tools/adb -s emulator-5554 shell getprop sys.boot_completed
2026-10-07T21:11:47.9544140Z 
2026-10-07T21:11:49.9662885Z [command]/usr/local/lib/android/sdk/platform-tools/adb -s emulator-5554 shell getprop sys.boot_completed
2026-10-07T21:11:50.0312747Z 
2026-10-07T21:11:52.0448072Z [command]/usr/local/lib/android/sdk/platform-tools/adb -s emulator-5554 shell getprop sys.boot_completed
2026-10-07T21:11:52.2178966Z 
2026-10-07T21:11:54.2244727Z [command]/usr/local/lib/android/sdk/platform-tools/adb -s emulator-5554 shell getprop sys.boot_completed
2026-10-07T21:11:54.2907289Z 
2026-10-07T21:11:55.7154629Z INFO         | Boot completed in 48148 ms
2026-10-07T21:11:55.7169650Z INFO         | Increasing screen off timeout, logcat buffer size to 2M.
2026-10-07T21:11:56.2988941Z [command]/usr/local/lib/android/sdk/platform-tools/adb -s emulator-5554 shell getprop sys.boot_completed
2026-10-07T21:11:56.3487500Z 1
2026-10-07T21:11:56.3516252Z Emulator booted.
2026-10-07T21:11:56.3570483Z [command]/usr/local/lib/android/sdk/platform-tools/adb -s emulator-5554 shell input keyevent 82
2026-10-07T21:11:57.0297070Z Disabling animations.
2026-10-07T21:11:57.0338279Z [command]/usr/local/lib/android/sdk/platform-tools/adb -s emulator-5554 shell settings put global window_animation_scale 0.0
2026-10-07T21:11:57.1528023Z [command]/usr/local/lib/android/sdk/platform-tools/adb -s emulator-5554 shell settings put global transition_animation_scale 0.0
2026-10-07T21:11:57.5357784Z [command]/usr/local/lib/android/sdk/platform-tools/adb -s emulator-5554 shell settings put global animator_duration_scale 0.0
2026-10-07T21:11:57.7292918Z ##[endgroup]
2026-10-07T21:11:57.7377449Z [command]/usr/bin/sh -c if [ "" != "true" ]; then python3 scripts/android_beta_smoke.py --timeout-seconds 900 --apk build/emberfall-afk-qa.apk; fi
2026-10-07T21:13:36.4326379Z INFO         | Created VkInstance:0x55c556750000 for application:'' engine:''.
2026-10-07T21:13:37.0617235Z INFO         | Destroyed VkInstance:0x55c556750000 for application:'' engine:''.
2026-10-07T21:23:20.8107253Z ANDROID_RUNTIME_MARKER verified launch=1 elapsed_seconds=643.322 pids=[2886] marker=ANDROID_BETA_PASS exact AFK ledger
2026-10-07T21:23:22.2330191Z ERROR        | DisplaySurfaceGlContextHelper context was preempted by others, current=0x3, needed=0x3, thread=0x55c5163c3548
2026-10-07T21:23:22.2331525Z ERROR        | Failed to restore previous context: 12297
2026-10-07T21:23:34.4263399Z ANDROID_RUNTIME_MARKER verified launch=2 elapsed_seconds=13.066 pids=[6938] marker=ANDROID_BETA_PASS restart does not repeat
2026-10-07T21:23:35.2002716Z ANDROID BETA RUNTIME VERIFIED: cooperative AFK, exact rewards and cold restart without duplicate settlement
2026-10-07T21:23:35.2122975Z [command]/usr/bin/sh -c adb shell wm size 1080x2424
2026-10-07T21:23:35.5158425Z [command]/usr/bin/sh -c python3 scripts/android_beta_smoke.py --success-only --apk build/emberfall-success-qa.apk --output build/android-success-runtime
2026-10-07T21:24:56.2986568Z ANDROID_RUNTIME_MARKER verified launch=1 elapsed_seconds=71.705 pids=[7129] marker=ANDROID_SUCCESS_PASS first descent, class relic and combined oath UI
2026-10-07T21:25:10.0260353Z ANDROID_RUNTIME_MARKER verified launch=2 elapsed_seconds=12.753 pids=[7435] marker=ANDROID_SUCCESS_PASS restart preserves combined oaths
2026-10-07T21:25:10.0270546Z ANDROID SUCCESS LOOP VERIFIED: first fight, skill inspection and resume, one-time relic, gear protection, bag filters, combined oaths and cold restart
2026-10-07T21:25:10.0372511Z [command]/usr/bin/sh -c python3 scripts/android_beta_smoke.py --art-only --apk build/emberfall-art-qa.apk --output build/android-art-runtime
2026-10-07T21:25:11.9693940Z ERROR        | DisplaySurfaceGlContextHelper context was preempted by others, current=0x3, needed=0x3, thread=0x55c62e6d41e8
2026-10-07T21:32:25.5398244Z ANDROID_RUNTIME_MARKER verified launch=1 elapsed_seconds=430.483 pids=[7587] marker=ANDROID_ART_PASS all four regions rendered
2026-10-07T21:32:27.8389035Z ANDROID ART VERIFIED: four guardian scenes, native 65-bone 3D skins, bound artist clips, actual body/prop geometry, lit materials and moving screenshots
2026-10-07T21:32:27.8522263Z ##[group]Terminate Emulator
2026-10-07T21:32:27.8563049Z [command]/usr/local/lib/android/sdk/platform-tools/adb -s emulator-5554 emu kill
2026-10-07T21:32:27.8622023Z OK: killing emulator, bye bye
2026-10-07T21:32:27.8637223Z OK
2026-10-07T21:32:27.8639795Z INFO         | Wait for emulator (pid 3687) 20 seconds to shutdown gracefully before kill;you can set environment variable ANDROID_EMULATOR_WAIT_TIME_BEFORE_KILL(in seconds) to change the default value (20 seconds)
2026-10-07T21:32:27.8641231Z 
2026-10-07T21:32:27.8642875Z ##[endgroup]
2026-10-07T21:32:27.9182477Z USER_INFO    | Snapshots have been disabled by the user, save request is ignored.
2026-10-07T21:32:27.9183893Z INFO         | Saving snapshot 'default_boot' took 0 ms
2026-10-07T21:32:28.4249028Z ERROR        | stop: Not implemented
2026-10-07T21:32:28.4249898Z WARNING      | Emulator client has not yet been configured.. Call configure me first!
2026-10-07T21:32:28.4510036Z INFO         | removeAll
2026-10-07T21:32:29.3411727Z WARNING      | Netsim Wifi dns:///localhost:43755 is gone due to Stream removed (CANCELLED)
2026-10-07T21:32:29.3455489Z INFO         | ipv6:%5B::1%5D:43755: Got goaway [2] err=UNAVAILABLE:GOAWAY received; Error code: 2; Debug Text: Cancelling all calls {http2_error:2}
2026-10-07T21:32:30.3999050Z ##[group]Run actions/upload-artifact@v7
2026-10-07T21:32:30.3999345Z with:
2026-10-07T21:32:30.3999601Z   name: emberfall-android-beta-runtime-evidence
2026-10-07T21:32:30.4000201Z   path: build/android-qa-export.log
build/android-beta-runtime
build/android-art-runtime
build/android-success-runtime
2026-10-07T21:32:30.4000743Z   if-no-files-found: warn
2026-10-07T21:32:30.4000999Z   retention-days: 14
2026-10-07T21:32:30.4001225Z   compression-level: 6
2026-10-07T21:32:30.4001455Z   overwrite: false
2026-10-07T21:32:30.4001715Z   include-hidden-files: false
2026-10-07T21:32:30.4001964Z   archive: true
2026-10-07T21:32:30.4002162Z env:
2026-10-07T21:32:30.4002461Z   JAVA_HOME: /opt/hostedtoolcache/Java_Temurin-Hotspot_jdk/17.0.20-1/x64
2026-10-07T21:32:30.4002941Z   JAVA_HOME_17_X64: /opt/hostedtoolcache/Java_Temurin-Hotspot_jdk/17.0.20-1/x64
2026-10-07T21:32:30.4003321Z   MAVEN_ARGS: -ntp
2026-10-07T21:32:30.4003553Z   ANDROID_HOME: /usr/local/lib/android/sdk
2026-10-07T21:32:30.4003884Z   ANDROID_SDK_ROOT: /usr/local/lib/android/sdk
2026-10-07T21:32:30.4004194Z   ANDROID_AVD_HOME: /home/runner/.android/avd
2026-10-07T21:32:30.4004467Z ##[endgroup]
2026-10-07T21:32:30.5772242Z Multiple search paths detected. Calculating the least common ancestor of all paths
2026-10-07T21:32:30.5775458Z The least common ancestor is /home/runner/work/Emberfall-Ashen-Veil/Emberfall-Ashen-Veil/build. This will be the root directory of the artifact
2026-10-07T21:32:30.5776984Z With the provided path, there will be 49 files uploaded
2026-10-07T21:32:30.5780739Z Artifact name is valid!
2026-10-07T21:32:30.5781223Z Root directory input is valid!
2026-10-07T21:32:30.8576809Z Uploading artifact: emberfall-android-beta-runtime-evidence.zip
2026-10-07T21:32:30.8618311Z Beginning upload of artifact content to blob storage
2026-10-07T21:32:31.7841419Z Uploaded bytes 8388608
2026-10-07T21:32:32.0175051Z Uploaded bytes 16777216
2026-10-07T21:32:32.0485390Z Uploaded bytes 25165824
2026-10-07T21:32:32.3877163Z Uploaded bytes 33554432
2026-10-07T21:32:32.6668571Z Uploaded bytes 41943040
2026-10-07T21:32:32.9504231Z Uploaded bytes 50331648
2026-10-07T21:32:33.1382689Z Uploaded bytes 53861613
2026-10-07T21:32:33.1970416Z Finished uploading artifact content to blob storage!
2026-10-07T21:32:33.1976688Z SHA256 digest of uploaded artifact is 85cb0ad15c516c8780371e744d77be939b0d327d49b5ccb27495504b033d3f5e
2026-10-07T21:32:33.1978661Z Finalizing artifact upload
2026-10-07T21:32:33.4832607Z Artifact emberfall-android-beta-runtime-evidence successfully finalized. Artifact ID 11512876986
2026-10-07T21:32:33.4833749Z Artifact emberfall-android-beta-runtime-evidence has been successfully uploaded! Final size is 53861613 bytes. Artifact ID is 11512876986
2026-10-07T21:32:33.4841436Z Artifact download URL: https://github.com/Philmenting/Emberfall-Ashen-Veil/actions/runs/37686980000/artifacts/11512876986
2026-10-07T21:32:33.5048332Z ##[group]Run actions/upload-artifact@v7
2026-10-07T21:32:33.5048814Z with:
2026-10-07T21:32:33.5049209Z   name: emberfall-isolated-android-qa-packages
2026-10-07T21:32:33.5050241Z   path: build/emberfall-afk-qa.apk
build/emberfall-art-qa.apk
build/emberfall-success-qa.apk
build/emberfall-pixel-probe.apk

2026-10-07T21:32:33.5051216Z   retention-days: 14
2026-10-07T21:32:33.5051579Z   if-no-files-found: warn
2026-10-07T21:32:33.5051964Z   compression-level: 6
2026-10-07T21:32:33.5052345Z   overwrite: false
2026-10-07T21:32:33.5052705Z   include-hidden-files: false
2026-10-07T21:32:33.5053096Z   archive: true
2026-10-07T21:32:33.5053400Z env:
2026-10-07T21:32:33.5053846Z   JAVA_HOME: /opt/hostedtoolcache/Java_Temurin-Hotspot_jdk/17.0.20-1/x64
2026-10-07T21:32:33.5054662Z   JAVA_HOME_17_X64: /opt/hostedtoolcache/Java_Temurin-Hotspot_jdk/17.0.20-1/x64
2026-10-07T21:32:33.5055299Z   MAVEN_ARGS: -ntp
2026-10-07T21:32:33.5055677Z   ANDROID_HOME: /usr/local/lib/android/sdk
2026-10-07T21:32:33.5056441Z   ANDROID_SDK_ROOT: /usr/local/lib/android/sdk
2026-10-07T21:32:33.5056789Z   ANDROID_AVD_HOME: /home/runner/.android/avd
2026-10-07T21:32:33.5057071Z ##[endgroup]
2026-10-07T21:32:33.6615628Z Multiple search paths detected. Calculating the least common ancestor of all paths
2026-10-07T21:32:33.6621516Z The least common ancestor is /home/runner/work/Emberfall-Ashen-Veil/Emberfall-Ashen-Veil/build. This will be the root directory of the artifact
2026-10-07T21:32:33.6623717Z With the provided path, there will be 4 files uploaded
2026-10-07T21:32:33.6628336Z Artifact name is valid!
2026-10-07T21:32:33.6629103Z Root directory input is valid!
2026-10-07T21:32:33.9121048Z Uploading artifact: emberfall-isolated-android-qa-packages.zip
2026-10-07T21:32:33.9162376Z Beginning upload of artifact content to blob storage
2026-10-07T21:32:34.6455786Z Uploaded bytes 8388608
2026-10-07T21:32:34.9680301Z Uploaded bytes 16777216
2026-10-07T21:32:35.0120539Z Uploaded bytes 25165824
2026-10-07T21:32:35.2595168Z Uploaded bytes 33554432
2026-10-07T21:32:35.5737281Z Uploaded bytes 41943040
2026-10-07T21:32:35.8882879Z Uploaded bytes 50331648
2026-10-07T21:32:36.2291133Z Uploaded bytes 58720256
2026-10-07T21:32:36.4780858Z Uploaded bytes 67108864
2026-10-07T21:32:36.7951705Z Uploaded bytes 75497472
2026-10-07T21:32:37.0817521Z Uploaded bytes 83886080
2026-10-07T21:32:37.4012967Z Uploaded bytes 92274688
2026-10-07T21:32:37.6991733Z Uploaded bytes 100663296
2026-10-07T21:32:37.9154636Z Uploaded bytes 109051904
2026-10-07T21:32:38.3133512Z Uploaded bytes 117440512
2026-10-07T21:32:38.6890953Z Uploaded bytes 125829120
2026-10-07T21:32:38.8147434Z Uploaded bytes 134217728
2026-10-07T21:32:39.0879489Z Uploaded bytes 142606336
2026-10-07T21:32:39.4380032Z Uploaded bytes 150994944
2026-10-07T21:32:39.6415611Z Uploaded bytes 159383552
2026-10-07T21:32:40.0170727Z Uploaded bytes 167772160
2026-10-07T21:32:40.2855295Z Uploaded bytes 176160768
2026-10-07T21:32:40.6422741Z Uploaded bytes 184549376
2026-10-07T21:32:41.0045042Z Uploaded bytes 192937984
2026-10-07T21:32:41.2337828Z Uploaded bytes 201326592
2026-10-07T21:32:41.5899707Z Uploaded bytes 209715200
2026-10-07T21:32:41.8893101Z Uploaded bytes 218103808
2026-10-07T21:32:42.1544104Z Uploaded bytes 226492416
2026-10-07T21:32:42.5261691Z Uploaded bytes 234881024
2026-10-07T21:32:42.7463216Z Uploaded bytes 243269632
2026-10-07T21:32:43.0306600Z Uploaded bytes 251658240
2026-10-07T21:32:43.3580492Z Uploaded bytes 260046848
2026-10-07T21:32:43.6071178Z Uploaded bytes 268435456
2026-10-07T21:32:43.8825380Z Uploaded bytes 276824064
2026-10-07T21:32:44.2729621Z Uploaded bytes 285212672
2026-10-07T21:32:44.4567448Z Uploaded bytes 293601280
2026-10-07T21:32:44.7221549Z Uploaded bytes 301989888
2026-10-07T21:32:45.0273266Z Uploaded bytes 310378496
2026-10-07T21:32:45.4070343Z Uploaded bytes 318767104
2026-10-07T21:32:45.8221905Z Uploaded bytes 327155712
2026-10-07T21:32:46.1033985Z Uploaded bytes 335544320
2026-10-07T21:32:46.2465006Z Uploaded bytes 343932928
2026-10-07T21:32:46.4604206Z Uploaded bytes 352321536
2026-10-07T21:32:46.7255157Z Uploaded bytes 360710144
2026-10-07T21:32:47.2105213Z Uploaded bytes 369098752
2026-10-07T21:32:47.3696864Z Uploaded bytes 377487360
2026-10-07T21:32:47.6419757Z Uploaded bytes 385875968
2026-10-07T21:32:47.9145414Z Uploaded bytes 394264576
2026-10-07T21:32:48.2302990Z Uploaded bytes 402653184
2026-10-07T21:32:48.4732128Z Uploaded bytes 411041792
2026-10-07T21:32:48.8562246Z Uploaded bytes 419430400
2026-10-07T21:32:49.0940637Z Uploaded bytes 427819008
2026-10-07T21:32:49.4180503Z Uploaded bytes 436207616
2026-10-07T21:32:49.7977579Z Uploaded bytes 444596224
2026-10-07T21:32:50.0724553Z Uploaded bytes 452984832
2026-10-07T21:32:50.2667587Z Uploaded bytes 461373440
2026-10-07T21:32:50.5273440Z Uploaded bytes 469762048
2026-10-07T21:32:50.5788327Z Uploaded bytes 470909107
2026-10-07T21:32:50.6154061Z Finished uploading artifact content to blob storage!
2026-10-07T21:32:50.6157264Z SHA256 digest of uploaded artifact is 84a4f31989f582cf52c730d8678ade2c924fcd3d044287a09758e9e4e5767e1b
2026-10-07T21:32:50.6159214Z Finalizing artifact upload
2026-10-07T21:32:50.8976285Z Artifact emberfall-isolated-android-qa-packages successfully finalized. Artifact ID 11513041376
2026-10-07T21:32:50.8977986Z Artifact emberfall-isolated-android-qa-packages has been successfully uploaded! Final size is 470909107 bytes. Artifact ID is 11513041376
2026-10-07T21:32:50.8982775Z Artifact download URL: https://github.com/Philmenting/Emberfall-Ashen-Veil/actions/runs/37686980000/artifacts/11513041376
2026-10-07T21:32:50.9230640Z Post job cleanup.
2026-10-07T21:32:51.0173791Z Post job cleanup.
2026-10-07T21:32:51.1153160Z [command]/usr/bin/git version
2026-10-07T21:32:51.1207452Z git version 2.55.0
2026-10-07T21:32:51.1244368Z Temporarily overriding HOME='/home/runner/work/_temp/38427697-f19b-4c73-8ec3-8e1903277ef0' before making global git config changes
2026-10-07T21:32:51.1246680Z Adding repository directory to the temporary git global config as a safe directory
2026-10-07T21:32:51.1253940Z [command]/usr/bin/git config --global --add safe.directory /home/runner/work/Emberfall-Ashen-Veil/Emberfall-Ashen-Veil
2026-10-07T21:32:51.1300032Z Removing SSH command configuration
2026-10-07T21:32:51.1308491Z [command]/usr/bin/git config --local --name-only --get-regexp core\.sshCommand
2026-10-07T21:32:51.1354859Z [command]/usr/bin/git submodule foreach --recursive sh -c "git config --local --name-only --get-regexp 'core\.sshCommand' && git config --local --unset-all 'core.sshCommand' || :"
2026-10-07T21:32:51.1655897Z Removing HTTP extra header
2026-10-07T21:32:51.1658448Z [command]/usr/bin/git config --local --name-only --get-regexp http\.https\:\/\/github\.com\/\.extraheader
2026-10-07T21:32:51.1699740Z [command]/usr/bin/git submodule foreach --recursive sh -c "git config --local --name-only --get-regexp 'http\.https\:\/\/github\.com\/\.extraheader' && git config --local --unset-all 'http.https://github.com/.extraheader' || :"
2026-10-07T21:32:51.1981647Z Removing includeIf entries pointing to credentials config files
2026-10-07T21:32:51.1990592Z [command]/usr/bin/git config --local --name-only --get-regexp ^includeIf\.gitdir:
2026-10-07T21:32:51.2027950Z includeif.gitdir:/home/runner/work/Emberfall-Ashen-Veil/Emberfall-Ashen-Veil/.git.path
2026-10-07T21:32:51.2029451Z includeif.gitdir:/home/runner/work/Emberfall-Ashen-Veil/Emberfall-Ashen-Veil/.git/worktrees/*.path
2026-10-07T21:32:51.2030642Z includeif.gitdir:/github/workspace/.git.path
2026-10-07T21:32:51.2031529Z includeif.gitdir:/github/workspace/.git/worktrees/*.path
2026-10-07T21:32:51.2037320Z [command]/usr/bin/git config --local --get-all includeif.gitdir:/home/runner/work/Emberfall-Ashen-Veil/Emberfall-Ashen-Veil/.git.path
2026-10-07T21:32:51.2088370Z /home/runner/work/_temp/git-credentials-e8146677-92c5-443a-80c9-b8ff099a2158.config
2026-10-07T21:32:51.2092862Z [command]/usr/bin/git config --local --unset includeif.gitdir:/home/runner/work/Emberfall-Ashen-Veil/Emberfall-Ashen-Veil/.git.path \/home\/runner\/work\/_temp\/git\-credentials\-e8146677\-92c5\-443a\-80c9\-b8ff099a2158\.config
2026-10-07T21:32:51.2163752Z [command]/usr/bin/git config --local --get-all includeif.gitdir:/home/runner/work/Emberfall-Ashen-Veil/Emberfall-Ashen-Veil/.git/worktrees/*.path
2026-10-07T21:32:51.2197059Z /home/runner/work/_temp/git-credentials-e8146677-92c5-443a-80c9-b8ff099a2158.config
2026-10-07T21:32:51.2208974Z [command]/usr/bin/git config --local --unset includeif.gitdir:/home/runner/work/Emberfall-Ashen-Veil/Emberfall-Ashen-Veil/.git/worktrees/*.path \/home\/runner\/work\/_temp\/git\-credentials\-e8146677\-92c5\-443a\-80c9\-b8ff099a2158\.config
2026-10-07T21:32:51.2255054Z [command]/usr/bin/git config --local --get-all includeif.gitdir:/github/workspace/.git.path
2026-10-07T21:32:51.2287044Z /github/runner_temp/git-credentials-e8146677-92c5-443a-80c9-b8ff099a2158.config
2026-10-07T21:32:51.2294218Z [command]/usr/bin/git config --local --unset includeif.gitdir:/github/workspace/.git.path \/github\/runner_temp\/git\-credentials\-e8146677\-92c5\-443a\-80c9\-b8ff099a2158\.config
2026-10-07T21:32:51.2334038Z [command]/usr/bin/git config --local --get-all includeif.gitdir:/github/workspace/.git/worktrees/*.path
2026-10-07T21:32:51.2363593Z /github/runner_temp/git-credentials-e8146677-92c5-443a-80c9-b8ff099a2158.config
2026-10-07T21:32:51.2373558Z [command]/usr/bin/git config --local --unset includeif.gitdir:/github/workspace/.git/worktrees/*.path \/github\/runner_temp\/git\-credentials\-e8146677\-92c5\-443a\-80c9\-b8ff099a2158\.config
2026-10-07T21:32:51.2417384Z [command]/usr/bin/git submodule foreach --recursive git config --local --show-origin --name-only --get-regexp remote.origin.url
2026-10-07T21:32:51.2667374Z Removing credentials config '/home/runner/work/_temp/git-credentials-e8146677-92c5-443a-80c9-b8ff099a2158.config'
2026-10-07T21:32:51.2823216Z Cleaning up orphan processes
2026-10-07T21:32:51.3276384Z Terminate orphan process: pid (3857) (adb)
