2026-10-07T21:06:14.2569365Z Current runner version: '2.337.0'
2026-10-07T21:06:14.2588608Z ##[group]Runner Image Provisioner
2026-10-07T21:06:14.2589370Z Hosted Compute Agent
2026-10-07T21:06:14.2589925Z Version: 20261002.596
2026-10-07T21:06:14.2590437Z Commit: c3d12f3313a95f25162a1503be624f3b0617f8c0
2026-10-07T21:06:14.2591120Z Build Date: 2026-10-02T22:28:27Z
2026-10-07T21:06:14.2591678Z Worker ID: {416b5e02-01ac-44cc-9e40-a974023a10a8}
2026-10-07T21:06:14.2592293Z Region: centralus
2026-10-07T21:06:14.2592782Z Cloud: Azure
2026-10-07T21:06:14.2593253Z ##[endgroup]
2026-10-07T21:06:14.2594398Z ##[group]Operating System
2026-10-07T21:06:14.2595367Z Ubuntu
2026-10-07T21:06:14.2595811Z 24.04.5
2026-10-07T21:06:14.2596253Z LTS
2026-10-07T21:06:14.2596685Z ##[endgroup]
2026-10-07T21:06:14.2597186Z ##[group]Runner Image
2026-10-07T21:06:14.2597678Z Image: ubuntu-24.04
2026-10-07T21:06:14.2598141Z Version: 20261004.327.1
2026-10-07T21:06:14.2599207Z Included Software: https://github.com/actions/runner-images/blob/ubuntu24/20261004.327/images/ubuntu/Ubuntu2404-Readme.md
2026-10-07T21:06:14.2600499Z Image Release: https://github.com/actions/runner-images/releases/tag/ubuntu24%2F20261004.327
2026-10-07T21:06:14.2601284Z ##[endgroup]
2026-10-07T21:06:14.2602187Z ##[group]GITHUB_TOKEN Permissions
2026-10-07T21:06:14.2604189Z Contents: read
2026-10-07T21:06:14.2604832Z Metadata: read
2026-10-07T21:06:14.2605335Z ##[endgroup]
2026-10-07T21:06:14.2606994Z Secret source: Actions
2026-10-07T21:06:14.2607774Z Cache mode: write
2026-10-07T21:06:14.2608504Z Prepare workflow directory
2026-10-07T21:06:14.2869921Z Prepare all required actions
2026-10-07T21:06:14.2911430Z Getting action download info
2026-10-07T21:06:14.5355981Z Download action repository 'actions/checkout@v7' (SHA:3d3c42e5aac5ba805825da76410c181273ba90b1)
2026-10-07T21:06:14.6060683Z Download action repository 'actions/upload-artifact@v7' (SHA:cf430e030ddbb5b0abf93d22962f4752f3646cd9)
2026-10-07T21:06:15.1538558Z Complete job name: regression
2026-10-07T21:06:15.2133916Z ##[group]Run actions/checkout@v7
2026-10-07T21:06:15.2134943Z with:
2026-10-07T21:06:15.2135515Z   repository: Philmenting/Emberfall-Ashen-Veil
2026-10-07T21:06:15.2139238Z   token: ***
2026-10-07T21:06:15.2139747Z   ssh-strict: true
2026-10-07T21:06:15.2140226Z   ssh-user: git
2026-10-07T21:06:15.2140959Z   persist-credentials: true
2026-10-07T21:06:15.2141485Z   clean: true
2026-10-07T21:06:15.2141959Z   sparse-checkout-cone-mode: true
2026-10-07T21:06:15.2142591Z   fetch-depth: 1
2026-10-07T21:06:15.2143063Z   fetch-tags: false
2026-10-07T21:06:15.2143558Z   show-progress: true
2026-10-07T21:06:15.2144035Z   lfs: false
2026-10-07T21:06:15.2144489Z   submodules: false
2026-10-07T21:06:15.2145163Z   set-safe-directory: true
2026-10-07T21:06:15.2145718Z   allow-unsafe-pr-checkout: false
2026-10-07T21:06:15.2146432Z ##[endgroup]
2026-10-07T21:06:15.3086246Z Syncing repository: Philmenting/Emberfall-Ashen-Veil
2026-10-07T21:06:15.3088961Z ##[group]Getting Git version info
2026-10-07T21:06:15.3090831Z Working directory is '/home/runner/work/Emberfall-Ashen-Veil/Emberfall-Ashen-Veil'
2026-10-07T21:06:15.3092732Z [command]/usr/bin/git version
2026-10-07T21:06:15.3158028Z git version 2.55.0
2026-10-07T21:06:15.3177718Z ##[endgroup]
2026-10-07T21:06:15.3193303Z Temporarily overriding HOME='/home/runner/work/_temp/2fa1cdf4-8689-4080-a901-9bb6795d6968' before making global git config changes
2026-10-07T21:06:15.3196415Z Adding repository directory to the temporary git global config as a safe directory
2026-10-07T21:06:15.3198763Z [command]/usr/bin/git config --global --add safe.directory /home/runner/work/Emberfall-Ashen-Veil/Emberfall-Ashen-Veil
2026-10-07T21:06:15.3243254Z Deleting the contents of '/home/runner/work/Emberfall-Ashen-Veil/Emberfall-Ashen-Veil'
2026-10-07T21:06:15.3246987Z ##[group]Determining repository object format
2026-10-07T21:06:15.3248792Z ##[endgroup]
2026-10-07T21:06:15.3250097Z ##[group]Initializing the repository
2026-10-07T21:06:15.3252235Z [command]/usr/bin/git init /home/runner/work/Emberfall-Ashen-Veil/Emberfall-Ashen-Veil
2026-10-07T21:06:15.3342257Z hint: Using 'master' as the name for the initial branch. This default branch name
2026-10-07T21:06:15.3343724Z hint: will change to "main" in Git 3.0. To configure the initial branch name
2026-10-07T21:06:15.3349063Z hint: to use in all of your new repositories, which will suppress this warning,
2026-10-07T21:06:15.3350607Z hint: call:
2026-10-07T21:06:15.3352228Z hint:
2026-10-07T21:06:15.3353489Z hint: 	git config --global init.defaultBranch <name>
2026-10-07T21:06:15.3355361Z hint:
2026-10-07T21:06:15.3357956Z hint: Names commonly chosen instead of 'master' are 'main', 'trunk' and
2026-10-07T21:06:15.3359708Z hint: 'development'. The just-created branch can be renamed via this command:
2026-10-07T21:06:15.3362046Z hint:
2026-10-07T21:06:15.3363011Z hint: 	git branch -m <name>
2026-10-07T21:06:15.3365061Z hint:
2026-10-07T21:06:15.3366056Z hint: Disable this message with "git config set advice.defaultBranchName false"
2026-10-07T21:06:15.3367736Z Initialized empty Git repository in /home/runner/work/Emberfall-Ashen-Veil/Emberfall-Ashen-Veil/.git/
2026-10-07T21:06:15.3370677Z [command]/usr/bin/git remote add origin https://github.com/Philmenting/Emberfall-Ashen-Veil
2026-10-07T21:06:15.3403182Z ##[endgroup]
2026-10-07T21:06:15.3405297Z ##[group]Disabling automatic garbage collection
2026-10-07T21:06:15.3406372Z [command]/usr/bin/git config --local gc.auto 0
2026-10-07T21:06:15.3430547Z ##[endgroup]
2026-10-07T21:06:15.3431990Z ##[group]Setting up auth
2026-10-07T21:06:15.3432868Z Removing SSH command configuration
2026-10-07T21:06:15.3434120Z [command]/usr/bin/git config --local --name-only --get-regexp core\.sshCommand
2026-10-07T21:06:15.3460123Z [command]/usr/bin/git submodule foreach --recursive sh -c "git config --local --name-only --get-regexp 'core\.sshCommand' && git config --local --unset-all 'core.sshCommand' || :"
2026-10-07T21:06:15.3731913Z Removing HTTP extra header
2026-10-07T21:06:15.3735805Z [command]/usr/bin/git config --local --name-only --get-regexp http\.https\:\/\/github\.com\/\.extraheader
2026-10-07T21:06:15.3770377Z [command]/usr/bin/git submodule foreach --recursive sh -c "git config --local --name-only --get-regexp 'http\.https\:\/\/github\.com\/\.extraheader' && git config --local --unset-all 'http.https://github.com/.extraheader' || :"
2026-10-07T21:06:15.3950838Z Removing includeIf entries pointing to credentials config files
2026-10-07T21:06:15.3953596Z [command]/usr/bin/git config --local --name-only --get-regexp ^includeIf\.gitdir:
2026-10-07T21:06:15.3977011Z [command]/usr/bin/git submodule foreach --recursive git config --local --show-origin --name-only --get-regexp remote.origin.url
2026-10-07T21:06:15.4137182Z [command]/usr/bin/git config --file /home/runner/work/_temp/git-credentials-e3049b31-c8b2-4ab9-afb4-0a423c3d49e3.config http.https://github.com/.extraheader AUTHORIZATION: basic ***
2026-10-07T21:06:15.4161009Z [command]/usr/bin/git config --local includeIf.gitdir:/home/runner/work/Emberfall-Ashen-Veil/Emberfall-Ashen-Veil/.git.path /home/runner/work/_temp/git-credentials-e3049b31-c8b2-4ab9-afb4-0a423c3d49e3.config
2026-10-07T21:06:15.4185094Z [command]/usr/bin/git config --local includeIf.gitdir:/home/runner/work/Emberfall-Ashen-Veil/Emberfall-Ashen-Veil/.git/worktrees/*.path /home/runner/work/_temp/git-credentials-e3049b31-c8b2-4ab9-afb4-0a423c3d49e3.config
2026-10-07T21:06:15.4212907Z [command]/usr/bin/git config --local includeIf.gitdir:/github/workspace/.git.path /github/runner_temp/git-credentials-e3049b31-c8b2-4ab9-afb4-0a423c3d49e3.config
2026-10-07T21:06:15.4238581Z [command]/usr/bin/git config --local includeIf.gitdir:/github/workspace/.git/worktrees/*.path /github/runner_temp/git-credentials-e3049b31-c8b2-4ab9-afb4-0a423c3d49e3.config
2026-10-07T21:06:15.4261257Z ##[endgroup]
2026-10-07T21:06:15.4262543Z ##[group]Fetching the repository
2026-10-07T21:06:15.4267362Z [command]/usr/bin/git -c protocol.version=2 fetch --no-tags --prune --no-recurse-submodules --depth=1 origin +46ba36f6cd0871ae469cdb4ce9c04f32b479f0f5:refs/remotes/pull/5/merge
2026-10-07T21:07:46.8216465Z From https://github.com/Philmenting/Emberfall-Ashen-Veil
2026-10-07T21:07:46.8217291Z  * [new ref]         46ba36f6cd0871ae469cdb4ce9c04f32b479f0f5 -> pull/5/merge
2026-10-07T21:07:46.8220005Z ##[endgroup]
2026-10-07T21:07:46.8226002Z ##[group]Determining the checkout info
2026-10-07T21:07:46.8226663Z ##[endgroup]
2026-10-07T21:07:46.8232884Z [command]/usr/bin/git sparse-checkout disable
2026-10-07T21:07:46.8269802Z [command]/usr/bin/git config --local --unset-all extensions.worktreeConfig
2026-10-07T21:07:46.8294073Z ##[group]Checking out the ref
2026-10-07T21:07:46.8298343Z [command]/usr/bin/git checkout --progress --force refs/remotes/pull/5/merge
2026-10-07T21:07:47.8425446Z Updating files:  59% (1194/1992)
2026-10-07T21:07:47.9035301Z Updating files:  60% (1196/1992)
2026-10-07T21:07:47.9333395Z Updating files:  61% (1216/1992)
2026-10-07T21:07:47.9677028Z Updating files:  62% (1236/1992)
2026-10-07T21:07:47.9891264Z Updating files:  63% (1255/1992)
2026-10-07T21:07:48.0157766Z Updating files:  64% (1275/1992)
2026-10-07T21:07:48.0526162Z Updating files:  65% (1295/1992)
2026-10-07T21:07:48.0990371Z Updating files:  66% (1315/1992)
2026-10-07T21:07:48.1316731Z Updating files:  67% (1335/1992)
2026-10-07T21:07:48.1543068Z Updating files:  68% (1355/1992)
2026-10-07T21:07:48.1846298Z Updating files:  69% (1375/1992)
2026-10-07T21:07:48.2051651Z Updating files:  70% (1395/1992)
2026-10-07T21:07:48.2279343Z Updating files:  71% (1415/1992)
2026-10-07T21:07:48.2445837Z Updating files:  72% (1435/1992)
2026-10-07T21:07:48.2793890Z Updating files:  73% (1455/1992)
2026-10-07T21:07:48.3092947Z Updating files:  74% (1475/1992)
2026-10-07T21:07:48.3408194Z Updating files:  75% (1494/1992)
2026-10-07T21:07:48.3818690Z Updating files:  76% (1514/1992)
2026-10-07T21:07:48.4072163Z Updating files:  77% (1534/1992)
2026-10-07T21:07:48.4079952Z Updating files:  78% (1554/1992)
2026-10-07T21:07:48.4086503Z Updating files:  79% (1574/1992)
2026-10-07T21:07:48.4098300Z Updating files:  80% (1594/1992)
2026-10-07T21:07:48.4108400Z Updating files:  81% (1614/1992)
2026-10-07T21:07:48.4114833Z Updating files:  82% (1634/1992)
2026-10-07T21:07:48.4121082Z Updating files:  83% (1654/1992)
2026-10-07T21:07:48.4130390Z Updating files:  84% (1674/1992)
2026-10-07T21:07:48.4134333Z Updating files:  85% (1694/1992)
2026-10-07T21:07:48.4138507Z Updating files:  86% (1714/1992)
2026-10-07T21:07:48.4143503Z Updating files:  87% (1734/1992)
2026-10-07T21:07:48.4148941Z Updating files:  88% (1753/1992)
2026-10-07T21:07:48.4156196Z Updating files:  89% (1773/1992)
2026-10-07T21:07:48.4160950Z Updating files:  90% (1793/1992)
2026-10-07T21:07:48.4182298Z Updating files:  91% (1813/1992)
2026-10-07T21:07:48.4189262Z Updating files:  92% (1833/1992)
2026-10-07T21:07:48.4196604Z Updating files:  93% (1853/1992)
2026-10-07T21:07:48.4202696Z Updating files:  94% (1873/1992)
2026-10-07T21:07:48.4209993Z Updating files:  95% (1893/1992)
2026-10-07T21:07:48.4216803Z Updating files:  96% (1913/1992)
2026-10-07T21:07:48.4222774Z Updating files:  97% (1933/1992)
2026-10-07T21:07:48.4231909Z Updating files:  98% (1953/1992)
2026-10-07T21:07:48.4245886Z Updating files:  99% (1973/1992)
2026-10-07T21:07:48.4246246Z Updating files: 100% (1992/1992)
2026-10-07T21:07:48.4246553Z Updating files: 100% (1992/1992), done.
2026-10-07T21:07:48.4267341Z Note: switching to 'refs/remotes/pull/5/merge'.
2026-10-07T21:07:48.4267671Z 
2026-10-07T21:07:48.4267943Z You are in 'detached HEAD' state. You can look around, make experimental
2026-10-07T21:07:48.4268461Z changes and commit them, and you can discard any commits you make in this
2026-10-07T21:07:48.4268850Z state without impacting any branches by switching back to a branch.
2026-10-07T21:07:48.4269060Z 
2026-10-07T21:07:48.4269219Z If you want to create a new branch to retain commits you create, you may
2026-10-07T21:07:48.4269584Z do so (now or later) by using -c with the switch command. Example:
2026-10-07T21:07:48.4269785Z 
2026-10-07T21:07:48.4269900Z   git switch -c <new-branch-name>
2026-10-07T21:07:48.4270235Z 
2026-10-07T21:07:48.4270330Z Or undo this operation with:
2026-10-07T21:07:48.4270474Z 
2026-10-07T21:07:48.4270554Z   git switch -
2026-10-07T21:07:48.4270670Z 
2026-10-07T21:07:48.4270838Z Turn off this advice by setting config variable advice.detachedHead to false
2026-10-07T21:07:48.4271082Z 
2026-10-07T21:07:48.4271351Z HEAD is now at 46ba36f Merge 1cc13152a83c6631590d4df32ca298700a417df7 into 610c343073e7186589cba92c3fefb55a4db68e12
2026-10-07T21:07:48.4356157Z ##[endgroup]
2026-10-07T21:07:48.4396493Z [command]/usr/bin/git log -1 --format=%H
2026-10-07T21:07:48.4420343Z 46ba36f6cd0871ae469cdb4ce9c04f32b479f0f5
2026-10-07T21:07:48.4598228Z ##[group]Run mkdir -p "$RUNNER_TEMP/godot"
2026-10-07T21:07:48.4598579Z [36;1mmkdir -p "$RUNNER_TEMP/godot"[0m
2026-10-07T21:07:48.4598940Z [36;1mcurl --fail --location --retry 3 --output "$RUNNER_TEMP/godot/godot.zip" \[0m
2026-10-07T21:07:48.4599509Z [36;1m  https://github.com/godotengine/godot-builds/releases/download/4.7.2-stable/Godot_v4.7.2-stable_linux.x86_64.zip[0m
2026-10-07T21:07:48.4600017Z [36;1munzip -q "$RUNNER_TEMP/godot/godot.zip" -d "$RUNNER_TEMP/godot"[0m
2026-10-07T21:07:48.4600458Z [36;1msudo install -m 0755 "$RUNNER_TEMP/godot/Godot_v4.7.2-stable_linux.x86_64" /usr/local/bin/godot[0m
2026-10-07T21:07:48.4765396Z shell: /usr/bin/bash -e {0}
2026-10-07T21:07:48.4765660Z ##[endgroup]
2026-10-07T21:07:48.4907960Z   % Total    % Received % Xferd  Average Speed   Time    Time     Time  Current
2026-10-07T21:07:48.4908655Z                                  Dload  Upload   Total   Spent    Left  Speed
2026-10-07T21:07:48.4909107Z 
2026-10-07T21:07:48.5472516Z   0     0    0     0    0     0      0      0 --:--:-- --:--:-- --:--:--     0
2026-10-07T21:07:48.6682513Z   0     0    0     0    0     0      0      0 --:--:-- --:--:-- --:--:--     0
2026-10-07T21:07:48.6682981Z   0     0    0     0    0     0      0      0 --:--:-- --:--:-- --:--:--     0
2026-10-07T21:07:49.0035963Z 
2026-10-07T21:07:49.0036631Z 100 74.2M  100 74.2M    0     0   144M      0 --:--:-- --:--:-- --:--:--  144M
2026-10-07T21:07:50.0084906Z ##[group]Run godot --headless --path . --editor --import --quit
2026-10-07T21:07:50.0085299Z [36;1mgodot --headless --path . --editor --import --quit[0m
2026-10-07T21:07:50.0119918Z shell: /usr/bin/bash -e {0}
2026-10-07T21:07:50.0120163Z ##[endgroup]
2026-10-07T21:07:50.0703036Z Godot Engine v4.7.2.stable.official.ed1daf0bf - https://godotengine.org
2026-10-07T21:07:50.1057667Z 
2026-10-07T21:07:52.6978923Z [   0% ] [90m[1mfirst_scan_filesystem[22m | Started Project initialization (5 steps)[39m[0m
2026-10-07T21:07:52.6979687Z [   0% ] [90m[1mfirst_scan_filesystem[22m | Scanning file structure...[39m[0m
2026-10-07T21:07:52.7009101Z [  16% ] [90m[1mfirst_scan_filesystem[22m | Loading global class names...[39m[0m
2026-10-07T21:07:52.7178439Z [  33% ] [90m[1mfirst_scan_filesystem[22m | Verifying GDExtensions...[39m[0m
2026-10-07T21:07:52.7179194Z [  50% ] [90m[1mfirst_scan_filesystem[22m | Creating autoload scripts...[39m[0m
2026-10-07T21:07:53.0741425Z [  66% ] [90m[1mfirst_scan_filesystem[22m | Initializing plugins...[39m[0m
2026-10-07T21:07:53.0742139Z [  83% ] [90m[1mfirst_scan_filesystem[22m | Starting file scan...[39m[0m
2026-10-07T21:07:53.0742615Z [92m[ DONE ][39m [1mfirst_scan_filesystem[22m
2026-10-07T21:07:53.0742925Z [0m
2026-10-07T21:07:53.4513873Z [   0% ] [90m[1mupdate_scripts_classes[22m | Started Registering global classes... (204 steps)[39m[0m
2026-10-07T21:07:53.4514388Z [   0% ] [90m[1mupdate_scripts_classes[22m | NakamaAPI[39m[0m
2026-10-07T21:07:53.4515057Z [   0% ] [90m[1mupdate_scripts_classes[22m | NakamaRTAPI[39m[0m
2026-10-07T21:07:53.4526085Z [   0% ] [90m[1mupdate_scripts_classes[22m | NakamaRTMessage[39m[0m
2026-10-07T21:07:53.4526809Z [   1% ] [90m[1mupdate_scripts_classes[22m | NakamaSession[39m[0m
2026-10-07T21:07:53.4527418Z [   1% ] [90m[1mupdate_scripts_classes[22m | NakamaStorageObjectId[39m[0m
2026-10-07T21:07:53.4528418Z [   2% ] [90m[1mupdate_scripts_classes[22m | NakamaWriteStorageObject[39m[0m
2026-10-07T21:07:53.4528999Z [   2% ] [90m[1mupdate_scripts_classes[22m | NakamaClient[39m[0m
2026-10-07T21:07:53.4529544Z [   3% ] [90m[1mupdate_scripts_classes[22m | NakamaHTTPAdapter[39m[0m
2026-10-07T21:07:53.4530134Z [   3% ] [90m[1mupdate_scripts_classes[22m | SatoriAsyncResult[39m[0m
2026-10-07T21:07:53.4530694Z [   4% ] [90m[1mupdate_scripts_classes[22m | SatoriException[39m[0m
2026-10-07T21:07:53.4531214Z [   4% ] [90m[1mupdate_scripts_classes[22m | SatoriLogger[39m[0m
2026-10-07T21:07:53.4531752Z [   5% ] [90m[1mupdate_scripts_classes[22m | SatoriSerializer[39m[0m
2026-10-07T21:07:53.4532263Z [   5% ] [90m[1mupdate_scripts_classes[22m | Event[39m[0m
2026-10-07T21:07:53.4532773Z [   6% ] [90m[1mupdate_scripts_classes[22m | SatoriAPI[39m[0m
2026-10-07T21:07:53.4533269Z [   6% ] [90m[1mupdate_scripts_classes[22m | SatoriClient[39m[0m
2026-10-07T21:07:53.4533824Z [   7% ] [90m[1mupdate_scripts_classes[22m | SatoriHTTPAdapter[39m[0m
2026-10-07T21:07:53.4534369Z [   7% ] [90m[1mupdate_scripts_classes[22m | SatoriSession[39m[0m
2026-10-07T21:07:53.4535014Z [   8% ] [90m[1mupdate_scripts_classes[22m | NakamaSocket[39m[0m
2026-10-07T21:07:53.4535571Z [   8% ] [90m[1mupdate_scripts_classes[22m | NakamaSocketAdapter[39m[0m
2026-10-07T21:07:53.4536155Z [   9% ] [90m[1mupdate_scripts_classes[22m | NakamaAsyncResult[39m[0m
2026-10-07T21:07:53.4536721Z [   9% ] [90m[1mupdate_scripts_classes[22m | NakamaException[39m[0m
2026-10-07T21:07:53.4537291Z [  10% ] [90m[1mupdate_scripts_classes[22m | NakamaLogger[39m[0m
2026-10-07T21:07:53.4537930Z [  10% ] [90m[1mupdate_scripts_classes[22m | NakamaMultiplayerBridge[39m[0m
2026-10-07T21:07:53.4538564Z [  11% ] [90m[1mupdate_scripts_classes[22m | NakamaMultiplayerPeer[39m[0m
2026-10-07T21:07:53.4539148Z [  11% ] [90m[1mupdate_scripts_classes[22m | NakamaSerializer[39m[0m
2026-10-07T21:07:53.4539652Z [  12% ] [90m[1mupdate_scripts_classes[22m | [39m[0m
2026-10-07T21:07:53.4540360Z [  12% ] [90m[1mupdate_scripts_classes[22m | [39m[0m
2026-10-07T21:07:53.4540809Z [  13% ] [90m[1mupdate_scripts_classes[22m | [39m[0m
2026-10-07T21:07:53.4541242Z [  13% ] [90m[1mupdate_scripts_classes[22m | [39m[0m
2026-10-07T21:07:53.4541677Z [  14% ] [90m[1mupdate_scripts_classes[22m | [39m[0m
2026-10-07T21:07:53.4542103Z [  14% ] [90m[1mupdate_scripts_classes[22m | [39m[0m
2026-10-07T21:07:53.4542534Z [  15% ] [90m[1mupdate_scripts_classes[22m | [39m[0m
2026-10-07T21:07:53.4542962Z [  15% ] [90m[1mupdate_scripts_classes[22m | [39m[0m
2026-10-07T21:07:53.4543401Z [  16% ] [90m[1mupdate_scripts_classes[22m | [39m[0m
2026-10-07T21:07:53.4543836Z [  16% ] [90m[1mupdate_scripts_classes[22m | [39m[0m
2026-10-07T21:07:53.4544268Z [  17% ] [90m[1mupdate_scripts_classes[22m | [39m[0m
2026-10-07T21:07:53.4544807Z [  17% ] [90m[1mupdate_scripts_classes[22m | [39m[0m
2026-10-07T21:07:53.4545274Z [  18% ] [90m[1mupdate_scripts_classes[22m | [39m[0m
2026-10-07T21:07:53.4545709Z [  18% ] [90m[1mupdate_scripts_classes[22m | [39m[0m
2026-10-07T21:07:53.4546141Z [  19% ] [90m[1mupdate_scripts_classes[22m | [39m[0m
2026-10-07T21:07:53.4546581Z [  19% ] [90m[1mupdate_scripts_classes[22m | [39m[0m
2026-10-07T21:07:53.4547016Z [  20% ] [90m[1mupdate_scripts_classes[22m | [39m[0m
2026-10-07T21:07:53.4547444Z [  20% ] [90m[1mupdate_scripts_classes[22m | [39m[0m
2026-10-07T21:07:53.4547877Z [  20% ] [90m[1mupdate_scripts_classes[22m | [39m[0m
2026-10-07T21:07:53.4548305Z [  21% ] [90m[1mupdate_scripts_classes[22m | [39m[0m
2026-10-07T21:07:53.4548728Z [  21% ] [90m[1mupdate_scripts_classes[22m | [39m[0m
2026-10-07T21:07:53.4549153Z [  22% ] [90m[1mupdate_scripts_classes[22m | [39m[0m
2026-10-07T21:07:53.4549591Z [  22% ] [90m[1mupdate_scripts_classes[22m | [39m[0m
2026-10-07T21:07:53.4550026Z [  23% ] [90m[1mupdate_scripts_classes[22m | [39m[0m
2026-10-07T21:07:53.4550656Z [  23% ] [90m[1mupdate_scripts_classes[22m | [39m[0m
2026-10-07T21:07:53.4551099Z [  24% ] [90m[1mupdate_scripts_classes[22m | [39m[0m
2026-10-07T21:07:53.4551535Z [  24% ] [90m[1mupdate_scripts_classes[22m | [39m[0m
2026-10-07T21:07:53.4551932Z [  25% ] [90m[1mupdate_scripts_classes[22m | [39m[0m
2026-10-07T21:07:53.4552339Z [  25% ] [90m[1mupdate_scripts_classes[22m | [39m[0m
2026-10-07T21:07:53.4552741Z [  26% ] [90m[1mupdate_scripts_classes[22m | [39m[0m
2026-10-07T21:07:53.4553138Z [  26% ] [90m[1mupdate_scripts_classes[22m | [39m[0m
2026-10-07T21:07:53.4553540Z [  27% ] [90m[1mupdate_scripts_classes[22m | [39m[0m
2026-10-07T21:07:53.4553938Z [  27% ] [90m[1mupdate_scripts_classes[22m | [39m[0m
2026-10-07T21:07:53.4554389Z [  28% ] [90m[1mupdate_scripts_classes[22m | [39m[0m
2026-10-07T21:07:53.4565311Z [  28% ] [90m[1mupdate_scripts_classes[22m | [39m[0m
2026-10-07T21:07:53.4565807Z [  29% ] [90m[1mupdate_scripts_classes[22m | [39m[0m
2026-10-07T21:07:53.4566323Z [  29% ] [90m[1mupdate_scripts_classes[22m | [39m[0m
2026-10-07T21:07:53.4566785Z [  30% ] [90m[1mupdate_scripts_classes[22m | [39m[0m
2026-10-07T21:07:53.4567233Z [  30% ] [90m[1mupdate_scripts_classes[22m | [39m[0m
2026-10-07T21:07:53.4567707Z [  31% ] [90m[1mupdate_scripts_classes[22m | [39m[0m
2026-10-07T21:07:53.4568262Z [  31% ] [90m[1mupdate_scripts_classes[22m | [39m[0m
2026-10-07T21:07:53.4568722Z [  32% ] [90m[1mupdate_scripts_classes[22m | [39m[0m
2026-10-07T21:07:53.4569173Z [  32% ] [90m[1mupdate_scripts_classes[22m | [39m[0m
2026-10-07T21:07:53.4569637Z [  33% ] [90m[1mupdate_scripts_classes[22m | [39m[0m
2026-10-07T21:07:53.4570097Z [  33% ] [90m[1mupdate_scripts_classes[22m | [39m[0m
2026-10-07T21:07:53.4570550Z [  34% ] [90m[1mupdate_scripts_classes[22m | [39m[0m
2026-10-07T21:07:53.4571003Z [  34% ] [90m[1mupdate_scripts_classes[22m | [39m[0m
2026-10-07T21:07:53.4571472Z [  35% ] [90m[1mupdate_scripts_classes[22m | [39m[0m
2026-10-07T21:07:53.4572184Z [  35% ] [90m[1mupdate_scripts_classes[22m | [39m[0m
2026-10-07T21:07:53.4572673Z [  36% ] [90m[1mupdate_scripts_classes[22m | [39m[0m
2026-10-07T21:07:53.4573137Z [  36% ] [90m[1mupdate_scripts_classes[22m | [39m[0m
2026-10-07T21:07:53.4573595Z [  37% ] [90m[1mupdate_scripts_classes[22m | [39m[0m
2026-10-07T21:07:53.4574054Z [  37% ] [90m[1mupdate_scripts_classes[22m | [39m[0m
2026-10-07T21:07:53.4574522Z [  38% ] [90m[1mupdate_scripts_classes[22m | [39m[0m
2026-10-07T21:07:53.4575162Z [  38% ] [90m[1mupdate_scripts_classes[22m | [39m[0m
2026-10-07T21:07:53.4575623Z [  39% ] [90m[1mupdate_scripts_classes[22m | [39m[0m
2026-10-07T21:07:53.4576177Z [  39% ] [90m[1mupdate_scripts_classes[22m | [39m[0m
2026-10-07T21:07:53.4576644Z [  40% ] [90m[1mupdate_scripts_classes[22m | [39m[0m
2026-10-07T21:07:53.4577102Z [  40% ] [90m[1mupdate_scripts_classes[22m | [39m[0m
2026-10-07T21:07:53.4577584Z [  40% ] [90m[1mupdate_scripts_classes[22m | [39m[0m
2026-10-07T21:07:53.4578042Z [  41% ] [90m[1mupdate_scripts_classes[22m | [39m[0m
2026-10-07T21:07:53.4578506Z [  41% ] [90m[1mupdate_scripts_classes[22m | [39m[0m
2026-10-07T21:07:53.4578978Z [  42% ] [90m[1mupdate_scripts_classes[22m | [39m[0m
2026-10-07T21:07:53.4579432Z [  42% ] [90m[1mupdate_scripts_classes[22m | [39m[0m
2026-10-07T21:07:53.4579900Z [  43% ] [90m[1mupdate_scripts_classes[22m | [39m[0m
2026-10-07T21:07:53.4580359Z [  43% ] [90m[1mupdate_scripts_classes[22m | [39m[0m
2026-10-07T21:07:53.4580817Z [  44% ] [90m[1mupdate_scripts_classes[22m | [39m[0m
2026-10-07T21:07:53.4581284Z [  44% ] [90m[1mupdate_scripts_classes[22m | [39m[0m
2026-10-07T21:07:53.4581734Z [  45% ] [90m[1mupdate_scripts_classes[22m | [39m[0m
2026-10-07T21:07:53.4582197Z [  45% ] [90m[1mupdate_scripts_classes[22m | [39m[0m
2026-10-07T21:07:53.4582655Z [  46% ] [90m[1mupdate_scripts_classes[22m | [39m[0m
2026-10-07T21:07:53.4583270Z [  46% ] [90m[1mupdate_scripts_classes[22m | [39m[0m
2026-10-07T21:07:53.4583729Z [  47% ] [90m[1mupdate_scripts_classes[22m | [39m[0m
2026-10-07T21:07:53.4584183Z [  47% ] [90m[1mupdate_scripts_classes[22m | [39m[0m
2026-10-07T21:07:53.4584747Z [  48% ] [90m[1mupdate_scripts_classes[22m | [39m[0m
2026-10-07T21:07:53.4585228Z [  48% ] [90m[1mupdate_scripts_classes[22m | [39m[0m
2026-10-07T21:07:53.4585705Z [  49% ] [90m[1mupdate_scripts_classes[22m | [39m[0m
2026-10-07T21:07:53.4586174Z [  49% ] [90m[1mupdate_scripts_classes[22m | [39m[0m
2026-10-07T21:07:53.4586640Z [  50% ] [90m[1mupdate_scripts_classes[22m | [39m[0m
2026-10-07T21:07:53.4587100Z [  50% ] [90m[1mupdate_scripts_classes[22m | [39m[0m
2026-10-07T21:07:53.4587576Z [  51% ] [90m[1mupdate_scripts_classes[22m | [39m[0m
2026-10-07T21:07:53.4588040Z [  51% ] [90m[1mupdate_scripts_classes[22m | [39m[0m
2026-10-07T21:07:53.4588492Z [  52% ] [90m[1mupdate_scripts_classes[22m | [39m[0m
2026-10-07T21:07:53.4588962Z [  52% ] [90m[1mupdate_scripts_classes[22m | [39m[0m
2026-10-07T21:07:53.4589421Z [  53% ] [90m[1mupdate_scripts_classes[22m | [39m[0m
2026-10-07T21:07:53.4589894Z [  53% ] [90m[1mupdate_scripts_classes[22m | [39m[0m
2026-10-07T21:07:53.4590352Z [  54% ] [90m[1mupdate_scripts_classes[22m | [39m[0m
2026-10-07T21:07:53.4590820Z [  54% ] [90m[1mupdate_scripts_classes[22m | [39m[0m
2026-10-07T21:07:53.4591280Z [  55% ] [90m[1mupdate_scripts_classes[22m | [39m[0m
2026-10-07T21:07:53.4591747Z [  55% ] [90m[1mupdate_scripts_classes[22m | [39m[0m
2026-10-07T21:07:53.4592220Z [  56% ] [90m[1mupdate_scripts_classes[22m | [39m[0m
2026-10-07T21:07:53.4592688Z [  56% ] [90m[1mupdate_scripts_classes[22m | [39m[0m
2026-10-07T21:07:53.4593153Z [  57% ] [90m[1mupdate_scripts_classes[22m | [39m[0m
2026-10-07T21:07:53.4593620Z [  57% ] [90m[1mupdate_scripts_classes[22m | [39m[0m
2026-10-07T21:07:53.4594091Z [  58% ] [90m[1mupdate_scripts_classes[22m | [39m[0m
2026-10-07T21:07:53.4604930Z [  58% ] [90m[1mupdate_scripts_classes[22m | [39m[0m
2026-10-07T21:07:53.4605654Z [  59% ] [90m[1mupdate_scripts_classes[22m | [39m[0m
2026-10-07T21:07:53.4605974Z [  59% ] [90m[1mupdate_scripts_classes[22m | [39m[0m
2026-10-07T21:07:53.4606472Z [  60% ] [90m[1mupdate_scripts_classes[22m | [39m[0m
2026-10-07T21:07:53.4606774Z [  60% ] [90m[1mupdate_scripts_classes[22m | [39m[0m
2026-10-07T21:07:53.4607250Z [  60% ] [90m[1mupdate_scripts_classes[22m | [39m[0m
2026-10-07T21:07:53.4607547Z [  61% ] [90m[1mupdate_scripts_classes[22m | [39m[0m
2026-10-07T21:07:53.4607938Z [  61% ] [90m[1mupdate_scripts_classes[22m | [39m[0m
2026-10-07T21:07:53.4608235Z [  62% ] [90m[1mupdate_scripts_classes[22m | [39m[0m
2026-10-07T21:07:53.4608607Z [  62% ] [90m[1mupdate_scripts_classes[22m | [39m[0m
2026-10-07T21:07:53.4608910Z [  63% ] [90m[1mupdate_scripts_classes[22m | [39m[0m
2026-10-07T21:07:53.4609394Z [  63% ] [90m[1mupdate_scripts_classes[22m | [39m[0m
2026-10-07T21:07:53.4609711Z [  64% ] [90m[1mupdate_scripts_classes[22m | [39m[0m
2026-10-07T21:07:53.4610192Z [  64% ] [90m[1mupdate_scripts_classes[22m | [39m[0m
2026-10-07T21:07:53.4610491Z [  65% ] [90m[1mupdate_scripts_classes[22m | [39m[0m
2026-10-07T21:07:53.4610977Z [  65% ] [90m[1mupdate_scripts_classes[22m | [39m[0m
2026-10-07T21:07:53.4611300Z [  66% ] [90m[1mupdate_scripts_classes[22m | [39m[0m
2026-10-07T21:07:53.4611661Z [  66% ] [90m[1mupdate_scripts_classes[22m | [39m[0m
2026-10-07T21:07:53.4611956Z [  67% ] [90m[1mupdate_scripts_classes[22m | [39m[0m
2026-10-07T21:07:53.4612455Z [  67% ] [90m[1mupdate_scripts_classes[22m | [39m[0m
2026-10-07T21:07:53.4612786Z [  68% ] [90m[1mupdate_scripts_classes[22m | [39m[0m
2026-10-07T21:07:53.4613252Z [  68% ] [90m[1mupdate_scripts_classes[22m | [39m[0m
2026-10-07T21:07:53.4613589Z [  69% ] [90m[1mupdate_scripts_classes[22m | [39m[0m
2026-10-07T21:07:53.4614154Z [  69% ] [90m[1mupdate_scripts_classes[22m | [39m[0m
2026-10-07T21:07:53.4614538Z [  70% ] [90m[1mupdate_scripts_classes[22m | [39m[0m
2026-10-07T21:07:53.4615003Z [  70% ] [90m[1mupdate_scripts_classes[22m | [39m[0m
2026-10-07T21:07:53.4615499Z [  71% ] [90m[1mupdate_scripts_classes[22m | [39m[0m
2026-10-07T21:07:53.4615817Z [  71% ] [90m[1mupdate_scripts_classes[22m | [39m[0m
2026-10-07T21:07:53.4616208Z [  72% ] [90m[1mupdate_scripts_classes[22m | [39m[0m
2026-10-07T21:07:53.4616505Z [  72% ] [90m[1mupdate_scripts_classes[22m | [39m[0m
2026-10-07T21:07:53.4617006Z [  73% ] [90m[1mupdate_scripts_classes[22m | [39m[0m
2026-10-07T21:07:53.4617365Z [  73% ] [90m[1mupdate_scripts_classes[22m | [39m[0m
2026-10-07T21:07:53.4617687Z [  74% ] [90m[1mupdate_scripts_classes[22m | [39m[0m
2026-10-07T21:07:53.4618015Z [  74% ] [90m[1mupdate_scripts_classes[22m | [39m[0m
2026-10-07T21:07:53.4618464Z [  75% ] [90m[1mupdate_scripts_classes[22m | [39m[0m
2026-10-07T21:07:53.4618889Z [  75% ] [90m[1mupdate_scripts_classes[22m | [39m[0m
2026-10-07T21:07:53.4619186Z [  76% ] [90m[1mupdate_scripts_classes[22m | [39m[0m
2026-10-07T21:07:53.4619541Z [  76% ] [90m[1mupdate_scripts_classes[22m | [39m[0m
2026-10-07T21:07:53.4619941Z [  77% ] [90m[1mupdate_scripts_classes[22m | [39m[0m
2026-10-07T21:07:53.4620321Z [  77% ] [90m[1mupdate_scripts_classes[22m | [39m[0m
2026-10-07T21:07:53.4620622Z [  78% ] [90m[1mupdate_scripts_classes[22m | [39m[0m
2026-10-07T21:07:53.4620984Z [  78% ] [90m[1mupdate_scripts_classes[22m | [39m[0m
2026-10-07T21:07:53.4621396Z [  79% ] [90m[1mupdate_scripts_classes[22m | [39m[0m
2026-10-07T21:07:53.4621764Z [  79% ] [90m[1mupdate_scripts_classes[22m | [39m[0m
2026-10-07T21:07:53.4622064Z [  80% ] [90m[1mupdate_scripts_classes[22m | [39m[0m
2026-10-07T21:07:53.4622436Z [  80% ] [90m[1mupdate_scripts_classes[22m | [39m[0m
2026-10-07T21:07:53.4622736Z [  80% ] [90m[1mupdate_scripts_classes[22m | [39m[0m
2026-10-07T21:07:53.4623239Z [  81% ] [90m[1mupdate_scripts_classes[22m | [39m[0m
2026-10-07T21:07:53.4623553Z [  81% ] [90m[1mupdate_scripts_classes[22m | [39m[0m
2026-10-07T21:07:53.4624066Z [  82% ] [90m[1mupdate_scripts_classes[22m | [39m[0m
2026-10-07T21:07:53.4624411Z [  82% ] [90m[1mupdate_scripts_classes[22m | [39m[0m
2026-10-07T21:07:53.4625029Z [  83% ] [90m[1mupdate_scripts_classes[22m | [39m[0m
2026-10-07T21:07:53.4625534Z [  83% ] [90m[1mupdate_scripts_classes[22m | [39m[0m
2026-10-07T21:07:53.4625835Z [  84% ] [90m[1mupdate_scripts_classes[22m | [39m[0m
2026-10-07T21:07:53.4626331Z [  84% ] [90m[1mupdate_scripts_classes[22m | [39m[0m
2026-10-07T21:07:53.4626677Z [  85% ] [90m[1mupdate_scripts_classes[22m | [39m[0m
2026-10-07T21:07:53.4627022Z [  85% ] [90m[1mupdate_scripts_classes[22m | [39m[0m
2026-10-07T21:07:53.4627353Z [  86% ] [90m[1mupdate_scripts_classes[22m | [39m[0m
2026-10-07T21:07:53.4627823Z [  86% ] [90m[1mupdate_scripts_classes[22m | [39m[0m
2026-10-07T21:07:53.4628191Z [  87% ] [90m[1mupdate_scripts_classes[22m | [39m[0m
2026-10-07T21:07:53.4628589Z [  87% ] [90m[1mupdate_scripts_classes[22m | [39m[0m
2026-10-07T21:07:53.4629064Z [  88% ] [90m[1mupdate_scripts_classes[22m | [39m[0m
2026-10-07T21:07:53.4629363Z [  88% ] [90m[1mupdate_scripts_classes[22m | [39m[0m
2026-10-07T21:07:53.4629868Z [  89% ] [90m[1mupdate_scripts_classes[22m | [39m[0m
2026-10-07T21:07:53.4630192Z [  89% ] [90m[1mupdate_scripts_classes[22m | [39m[0m
2026-10-07T21:07:53.4630555Z [  90% ] [90m[1mupdate_scripts_classes[22m | [39m[0m
2026-10-07T21:07:53.4630879Z [  90% ] [90m[1mupdate_scripts_classes[22m | [39m[0m
2026-10-07T21:07:53.4631340Z [  91% ] [90m[1mupdate_scripts_classes[22m | [39m[0m
2026-10-07T21:07:53.4631687Z [  91% ] [90m[1mupdate_scripts_classes[22m | [39m[0m
2026-10-07T21:07:53.4632064Z [  92% ] [90m[1mupdate_scripts_classes[22m | [39m[0m
2026-10-07T21:07:53.4632621Z [  92% ] [90m[1mupdate_scripts_classes[22m | [39m[0m
2026-10-07T21:07:53.4632922Z [  93% ] [90m[1mupdate_scripts_classes[22m | [39m[0m
2026-10-07T21:07:53.4633339Z [  93% ] [90m[1mupdate_scripts_classes[22m | [39m[0m
2026-10-07T21:07:53.4633666Z [  94% ] [90m[1mupdate_scripts_classes[22m | [39m[0m
2026-10-07T21:07:53.4634101Z [  94% ] [90m[1mupdate_scripts_classes[22m | [39m[0m
2026-10-07T21:07:53.4634475Z [  95% ] [90m[1mupdate_scripts_classes[22m | [39m[0m
2026-10-07T21:07:53.4635098Z [  95% ] [90m[1mupdate_scripts_classes[22m | [39m[0m
2026-10-07T21:07:53.4635768Z [  96% ] [90m[1mupdate_scripts_classes[22m | [39m[0m
2026-10-07T21:07:53.4636213Z [  96% ] [90m[1mupdate_scripts_classes[22m | [39m[0m
2026-10-07T21:07:53.4636666Z [  97% ] [90m[1mupdate_scripts_classes[22m | [39m[0m
2026-10-07T21:07:53.4637109Z [  97% ] [90m[1mupdate_scripts_classes[22m | [39m[0m
2026-10-07T21:07:53.4637443Z [  98% ] [90m[1mupdate_scripts_classes[22m | [39m[0m
2026-10-07T21:07:53.4637749Z [  98% ] [90m[1mupdate_scripts_classes[22m | [39m[0m
2026-10-07T21:07:53.4638043Z [  99% ] [90m[1mupdate_scripts_classes[22m | [39m[0m
2026-10-07T21:07:53.4638343Z [92m[ DONE ][39m [1mupdate_scripts_classes[22m
2026-10-07T21:07:53.4638591Z [0m
2026-10-07T21:07:53.4638927Z [   0% ] [90m[1m_update_scan_actions[22m | Started Scanning actions... (115 steps)[39m[0m
2026-10-07T21:07:53.4639367Z [   0% ] [90m[1m_update_scan_actions[22m | arcanist.png[39m[0m
2026-10-07T21:07:53.4639725Z [   0% ] [90m[1m_update_scan_actions[22m | bulwark.png[39m[0m
2026-10-07T21:07:53.4640065Z [   1% ] [90m[1m_update_scan_actions[22m | elite.png[39m[0m
2026-10-07T21:07:53.4640407Z [   2% ] [90m[1m_update_scan_actions[22m | guardian_0.png[39m[0m
2026-10-07T21:07:53.4640753Z [   3% ] [90m[1m_update_scan_actions[22m | guardian_1.png[39m[0m
2026-10-07T21:07:53.4641092Z [   4% ] [90m[1m_update_scan_actions[22m | guardian_2.png[39m[0m
2026-10-07T21:07:53.4641538Z [   5% ] [90m[1m_update_scan_actions[22m | guardian_3.png[39m[0m
2026-10-07T21:07:53.4641876Z [   6% ] [90m[1m_update_scan_actions[22m | hexer.png[39m[0m
2026-10-07T21:07:53.4642213Z [   6% ] [90m[1m_update_scan_actions[22m | raider.png[39m[0m
2026-10-07T21:07:53.4642556Z [   7% ] [90m[1m_update_scan_actions[22m | ranger.png[39m[0m
2026-10-07T21:07:53.4642894Z [   8% ] [90m[1m_update_scan_actions[22m | vowkeeper.png[39m[0m
2026-10-07T21:07:53.4643267Z [   9% ] [90m[1m_update_scan_actions[22m | arcanist.png[39m[0m
2026-10-07T21:07:53.4643613Z [  10% ] [90m[1m_update_scan_actions[22m | guardian_0.png[39m[0m
2026-10-07T21:07:53.4643955Z [  11% ] [90m[1m_update_scan_actions[22m | guardian_1.png[39m[0m
2026-10-07T21:07:53.4644297Z [  12% ] [90m[1m_update_scan_actions[22m | guardian_2.png[39m[0m
2026-10-07T21:07:53.4644638Z [  12% ] [90m[1m_update_scan_actions[22m | guardian_3.png[39m[0m
2026-10-07T21:07:53.4645237Z [  13% ] [90m[1m_update_scan_actions[22m | hostiles.png[39m[0m
2026-10-07T21:07:53.4645703Z [  14% ] [90m[1m_update_scan_actions[22m | ranger.png[39m[0m
2026-10-07T21:07:53.4646050Z [  15% ] [90m[1m_update_scan_actions[22m | vowkeeper.png[39m[0m
2026-10-07T21:07:53.4646391Z [  16% ] [90m[1m_update_scan_actions[22m | Cinzel.ttf[39m[0m
2026-10-07T21:07:53.4646934Z [  17% ] [90m[1m_update_scan_actions[22m | Lora.ttf[39m[0m
2026-10-07T21:07:53.4647403Z [  18% ] [90m[1m_update_scan_actions[22m | material-atlas.png[39m[0m
2026-10-07T21:07:53.4647808Z [  18% ] [90m[1m_update_scan_actions[22m | Bricks096_1K-PNG_Color.png[39m[0m
2026-10-07T21:07:53.4648231Z [  19% ] [90m[1m_update_scan_actions[22m | Bricks096_1K-PNG_NormalGL.png[39m[0m
2026-10-07T21:07:53.4648664Z [  20% ] [90m[1m_update_scan_actions[22m | Bricks096_1K-PNG_Roughness.png[39m[0m
2026-10-07T21:07:53.4649088Z [  21% ] [90m[1m_update_scan_actions[22m | Metal063_1K-JPG_Color.jpg[39m[0m
2026-10-07T21:07:53.4649500Z [  22% ] [90m[1m_update_scan_actions[22m | Metal063_1K-JPG_Roughness.jpg[39m[0m
2026-10-07T21:07:53.4649982Z [  23% ] [90m[1m_update_scan_actions[22m | nyra-face-albedo.png[39m[0m
2026-10-07T21:07:53.4650373Z [  24% ] [90m[1m_update_scan_actions[22m | ruin-floor-albedo.png[39m[0m
2026-10-07T21:07:53.4650763Z [  25% ] [90m[1m_update_scan_actions[22m | Rock030_1K-JPG_Color.jpg[39m[0m
2026-10-07T21:07:53.4651160Z [  25% ] [90m[1m_update_scan_actions[22m | Rock030_1K-JPG_NormalGL.jpg[39m[0m
2026-10-07T21:07:53.4651570Z [  26% ] [90m[1m_update_scan_actions[22m | Rock030_1K-JPG_Roughness.jpg[39m[0m
2026-10-07T21:07:53.4651969Z [  27% ] [90m[1m_update_scan_actions[22m | ranger-native65.glb[39m[0m
2026-10-07T21:07:53.4652335Z [  28% ] [90m[1m_update_scan_actions[22m | archive_bay.glb[39m[0m
2026-10-07T21:07:53.4652707Z [  29% ] [90m[1m_update_scan_actions[22m | archive_bay_broken.glb[39m[0m
2026-10-07T21:07:53.4653073Z [  30% ] [90m[1m_update_scan_actions[22m | archive_end.glb[39m[0m
2026-10-07T21:07:53.4653435Z [  31% ] [90m[1m_update_scan_actions[22m | archive_return.glb[39m[0m
2026-10-07T21:07:53.4653796Z [  31% ] [90m[1m_update_scan_actions[22m | archive_solid.glb[39m[0m
2026-10-07T21:07:53.4654150Z [  32% ] [90m[1m_update_scan_actions[22m | citadel_bay.glb[39m[0m
2026-10-07T21:07:53.4654510Z [  33% ] [90m[1m_update_scan_actions[22m | citadel_bay_broken.glb[39m[0m
2026-10-07T21:07:53.4655011Z [  34% ] [90m[1m_update_scan_actions[22m | citadel_end.glb[39m[0m
2026-10-07T21:07:53.4655377Z [  35% ] [90m[1m_update_scan_actions[22m | citadel_return.glb[39m[0m
2026-10-07T21:07:53.4655800Z [  36% ] [90m[1m_update_scan_actions[22m | citadel_solid.glb[39m[0m
2026-10-07T21:07:53.4656172Z [  37% ] [90m[1m_update_scan_actions[22m | ossuary_bay.glb[39m[0m
2026-10-07T21:07:53.4656545Z [  37% ] [90m[1m_update_scan_actions[22m | ossuary_bay_broken.glb[39m[0m
2026-10-07T21:07:53.4656922Z [  38% ] [90m[1m_update_scan_actions[22m | ossuary_end.glb[39m[0m
2026-10-07T21:07:53.4657355Z [  39% ] [90m[1m_update_scan_actions[22m | ossuary_return.glb[39m[0m
2026-10-07T21:07:53.4657721Z [  40% ] [90m[1m_update_scan_actions[22m | ossuary_solid.glb[39m[0m
2026-10-07T21:07:53.4658075Z [  41% ] [90m[1m_update_scan_actions[22m | spire_bay.glb[39m[0m
2026-10-07T21:07:53.4658449Z [  42% ] [90m[1m_update_scan_actions[22m | spire_bay_broken.glb[39m[0m
2026-10-07T21:07:53.4658808Z [  43% ] [90m[1m_update_scan_actions[22m | spire_end.glb[39m[0m
2026-10-07T21:07:53.4659158Z [  43% ] [90m[1m_update_scan_actions[22m | spire_return.glb[39m[0m
2026-10-07T21:07:53.4659512Z [  44% ] [90m[1m_update_scan_actions[22m | spire_solid.glb[39m[0m
2026-10-07T21:07:53.4659882Z [  45% ] [90m[1m_update_scan_actions[22m | bulwark-fitted.glb[39m[0m
2026-10-07T21:07:53.4660244Z [  46% ] [90m[1m_update_scan_actions[22m | elite-fitted.glb[39m[0m
2026-10-07T21:07:53.4660615Z [  47% ] [90m[1m_update_scan_actions[22m | guardian_0-fitted.glb[39m[0m
2026-10-07T21:07:53.4661002Z [  48% ] [90m[1m_update_scan_actions[22m | guardian_1-fitted.glb[39m[0m
2026-10-07T21:07:53.4661384Z [  49% ] [90m[1m_update_scan_actions[22m | guardian_2-fitted.glb[39m[0m
2026-10-07T21:07:53.4661759Z [  50% ] [90m[1m_update_scan_actions[22m | guardian_3-fitted.glb[39m[0m
2026-10-07T21:07:53.4662123Z [  50% ] [90m[1m_update_scan_actions[22m | hexer-fitted.glb[39m[0m
2026-10-07T21:07:53.4662514Z [  51% ] [90m[1m_update_scan_actions[22m | male-clothing-native65.glb[39m[0m
2026-10-07T21:07:53.4662897Z [  52% ] [90m[1m_update_scan_actions[22m | arcanist.glb[39m[0m
2026-10-07T21:07:53.4663248Z [  53% ] [90m[1m_update_scan_actions[22m | staff-grip053.glb[39m[0m
2026-10-07T21:07:53.4663611Z [  54% ] [90m[1m_update_scan_actions[22m | nyra-attire054.glb[39m[0m
2026-10-07T21:07:53.4664041Z [  55% ] [90m[1m_update_scan_actions[22m | archive_reliquary.glb[39m[0m
2026-10-07T21:07:53.4664442Z [  56% ] [90m[1m_update_scan_actions[22m | citadel_reliquary.glb[39m[0m
2026-10-07T21:07:53.4665093Z [  56% ] [90m[1m_update_scan_actions[22m | ossuary_reliquary.glb[39m[0m
2026-10-07T21:07:53.4665638Z [  57% ] [90m[1m_update_scan_actions[22m | spire_reliquary.glb[39m[0m
2026-10-07T21:07:53.4666065Z [  58% ] [90m[1m_update_scan_actions[22m | axe-fitted.glb[39m[0m
2026-10-07T21:07:53.4666580Z [  59% ] [90m[1m_update_scan_actions[22m | axe-original.glb[39m[0m
2026-10-07T21:07:53.4667055Z [  60% ] [90m[1m_update_scan_actions[22m | raider-native65.glb[39m[0m
2026-10-07T21:07:53.4667557Z [  61% ] [90m[1m_update_scan_actions[22m | arcanist.glb[39m[0m
2026-10-07T21:07:53.4667936Z [  62% ] [90m[1m_update_scan_actions[22m | bone_arch.glb[39m[0m
2026-10-07T21:07:53.4668460Z [  62% ] [90m[1m_update_scan_actions[22m | broken_pillar.glb[39m[0m
2026-10-07T21:07:53.4668934Z [  63% ] [90m[1m_update_scan_actions[22m | bulwark.glb[39m[0m
2026-10-07T21:07:53.4669440Z [  64% ] [90m[1m_update_scan_actions[22m | carved_tomb.glb[39m[0m
2026-10-07T21:07:53.4670009Z [  65% ] [90m[1m_update_scan_actions[22m | ceremonial_brazier.glb[39m[0m
2026-10-07T21:07:53.4670502Z [  66% ] [90m[1m_update_scan_actions[22m | drowned_library.glb[39m[0m
2026-10-07T21:07:53.4671021Z [  67% ] [90m[1m_update_scan_actions[22m | elite.glb[39m[0m
2026-10-07T21:07:53.4671458Z [  68% ] [90m[1m_update_scan_actions[22m | expedition_table.glb[39m[0m
2026-10-07T21:07:53.4672012Z [  68% ] [90m[1m_update_scan_actions[22m | field_forge.glb[39m[0m
2026-10-07T21:07:53.4672414Z [  69% ] [90m[1m_update_scan_actions[22m | furnace.glb[39m[0m
2026-10-07T21:07:53.4672905Z [  70% ] [90m[1m_update_scan_actions[22m | furnace_throne.glb[39m[0m
2026-10-07T21:07:53.4673355Z [  71% ] [90m[1m_update_scan_actions[22m | gothic_arch.glb[39m[0m
2026-10-07T21:07:53.4673801Z [  72% ] [90m[1m_update_scan_actions[22m | guardian_0.glb[39m[0m
2026-10-07T21:07:53.4674275Z [  73% ] [90m[1m_update_scan_actions[22m | guardian_1.glb[39m[0m
2026-10-07T21:07:53.4674855Z [  74% ] [90m[1m_update_scan_actions[22m | guardian_2.glb[39m[0m
2026-10-07T21:07:53.4675354Z [  75% ] [90m[1m_update_scan_actions[22m | guardian_3.glb[39m[0m
2026-10-07T21:07:53.4675807Z [  75% ] [90m[1m_update_scan_actions[22m | hanging_bell.glb[39m[0m
2026-10-07T21:07:53.4676292Z [  76% ] [90m[1m_update_scan_actions[22m | hexer.glb[39m[0m
2026-10-07T21:07:53.4676708Z [  77% ] [90m[1m_update_scan_actions[22m | leaded_lancet.glb[39m[0m
2026-10-07T21:07:53.4677228Z [  78% ] [90m[1m_update_scan_actions[22m | pilgrim_well.glb[39m[0m
2026-10-07T21:07:53.4677739Z [  79% ] [90m[1m_update_scan_actions[22m | pillar.glb[39m[0m
2026-10-07T21:07:53.4678147Z [  80% ] [90m[1m_update_scan_actions[22m | raider.glb[39m[0m
2026-10-07T21:07:53.4678604Z [  81% ] [90m[1m_update_scan_actions[22m | ranger.glb[39m[0m
2026-10-07T21:07:53.4679058Z [  81% ] [90m[1m_update_scan_actions[22m | reliquary_altar.glb[39m[0m
2026-10-07T21:07:53.4679775Z [  82% ] [90m[1m_update_scan_actions[22m | ruined_vault.glb[39m[0m
2026-10-07T21:07:53.4680318Z [  83% ] [90m[1m_update_scan_actions[22m | sanctuary_intarsia.glb[39m[0m
2026-10-07T21:07:53.4680923Z [  84% ] [90m[1m_update_scan_actions[22m | seal_shrine.glb[39m[0m
2026-10-07T21:07:53.4681362Z [  85% ] [90m[1m_update_scan_actions[22m | vowkeeper.glb[39m[0m
2026-10-07T21:07:53.4681848Z [  86% ] [90m[1m_update_scan_actions[22m | archive.png[39m[0m
2026-10-07T21:07:53.4682217Z [  87% ] [90m[1m_update_scan_actions[22m | camp.png[39m[0m
2026-10-07T21:07:53.4682700Z [  87% ] [90m[1m_update_scan_actions[22m | citadel.png[39m[0m
2026-10-07T21:07:53.4683218Z [  88% ] [90m[1m_update_scan_actions[22m | ossuary.png[39m[0m
2026-10-07T21:07:53.4683687Z [  89% ] [90m[1m_update_scan_actions[22m | spire.png[39m[0m
2026-10-07T21:07:53.4684078Z [  90% ] [90m[1m_update_scan_actions[22m | camp-matte.png[39m[0m
2026-10-07T21:07:53.4684599Z [  91% ] [90m[1m_update_scan_actions[22m | camp-stations.png[39m[0m
2026-10-07T21:07:53.4685208Z [  92% ] [90m[1m_update_scan_actions[22m | painted-stone.png[39m[0m
2026-10-07T21:07:53.4685749Z [  93% ] [90m[1m_update_scan_actions[22m | region-atlas.png[39m[0m
2026-10-07T21:07:53.4686162Z [  93% ] [90m[1m_update_scan_actions[22m | app_icon.png[39m[0m
2026-10-07T21:07:53.4686605Z [  94% ] [90m[1m_update_scan_actions[22m | app_icon.svg[39m[0m
2026-10-07T21:07:53.4687089Z [  95% ] [90m[1m_update_scan_actions[22m | cinder_knight.webp[39m[0m
2026-10-07T21:07:53.4687490Z [  96% ] [90m[1m_update_scan_actions[22m | hollow_spire_corridor.webp[39m[0m
2026-10-07T21:07:53.4688047Z [  97% ] [90m[1m_update_scan_actions[22m | nyra_portrait.webp[39m[0m
2026-10-07T21:07:53.4688495Z [  98% ] [90m[1m_update_scan_actions[22m | nyra_runner.webp[39m[0m
2026-10-07T21:07:53.4688943Z [92m[ DONE ][39m [1m_update_scan_actions[22m
2026-10-07T21:07:53.4689269Z [0m
2026-10-07T21:07:53.4689619Z [   0% ] [90m[1mreimport[22m | Started (Re)Importing Assets (115 steps)[39m[0m
2026-10-07T21:07:53.4690204Z [   0% ] [90m[1mreimport[22m | Preparing files to reimport...[39m[0m
2026-10-07T21:07:53.4690617Z [   0% ] [90m[1mreimport[22m | Preparing files to reimport...[39m[0m
2026-10-07T21:07:53.4691150Z [   1% ] [90m[1mreimport[22m | Preparing files to reimport...[39m[0m
2026-10-07T21:07:53.4691594Z [   2% ] [90m[1mreimport[22m | Preparing files to reimport...[39m[0m
2026-10-07T21:07:53.4692102Z [   3% ] [90m[1mreimport[22m | Preparing files to reimport...[39m[0m
2026-10-07T21:07:53.4692510Z [   4% ] [90m[1mreimport[22m | Preparing files to reimport...[39m[0m
2026-10-07T21:07:53.4693009Z [   5% ] [90m[1mreimport[22m | Preparing files to reimport...[39m[0m
2026-10-07T21:07:53.4693451Z [   6% ] [90m[1mreimport[22m | Preparing files to reimport...[39m[0m
2026-10-07T21:07:53.4693907Z [   6% ] [90m[1mreimport[22m | Preparing files to reimport...[39m[0m
2026-10-07T21:07:53.4694438Z [   7% ] [90m[1mreimport[22m | Preparing files to reimport...[39m[0m
2026-10-07T21:07:53.4695165Z [   8% ] [90m[1mreimport[22m | Preparing files to reimport...[39m[0m
2026-10-07T21:07:53.4695620Z [   9% ] [90m[1mreimport[22m | Preparing files to reimport...[39m[0m
2026-10-07T21:07:53.4696081Z [  10% ] [90m[1mreimport[22m | Preparing files to reimport...[39m[0m
2026-10-07T21:07:53.4696536Z [  11% ] [90m[1mreimport[22m | Preparing files to reimport...[39m[0m
2026-10-07T21:07:53.4697025Z [  12% ] [90m[1mreimport[22m | Preparing files to reimport...[39m[0m
2026-10-07T21:07:53.4697430Z [  12% ] [90m[1mreimport[22m | Preparing files to reimport...[39m[0m
2026-10-07T21:07:53.4697850Z [  13% ] [90m[1mreimport[22m | Preparing files to reimport...[39m[0m
2026-10-07T21:07:53.4698316Z [  14% ] [90m[1mreimport[22m | Preparing files to reimport...[39m[0m
2026-10-07T21:07:53.4698764Z [  15% ] [90m[1mreimport[22m | Preparing files to reimport...[39m[0m
2026-10-07T21:07:53.4699219Z [  16% ] [90m[1mreimport[22m | Preparing files to reimport...[39m[0m
2026-10-07T21:07:53.4699687Z [  17% ] [90m[1mreimport[22m | Preparing files to reimport...[39m[0m
2026-10-07T21:07:53.4700144Z [  18% ] [90m[1mreimport[22m | Preparing files to reimport...[39m[0m
2026-10-07T21:07:53.4700615Z [  18% ] [90m[1mreimport[22m | Preparing files to reimport...[39m[0m
2026-10-07T21:07:53.4701034Z [  19% ] [90m[1mreimport[22m | Preparing files to reimport...[39m[0m
2026-10-07T21:07:53.4701447Z [  20% ] [90m[1mreimport[22m | Preparing files to reimport...[39m[0m
2026-10-07T21:07:53.4701917Z [  21% ] [90m[1mreimport[22m | Preparing files to reimport...[39m[0m
2026-10-07T21:07:53.4702353Z [  22% ] [90m[1mreimport[22m | Preparing files to reimport...[39m[0m
2026-10-07T21:07:53.4702801Z [  23% ] [90m[1mreimport[22m | Preparing files to reimport...[39m[0m
2026-10-07T21:07:53.4703264Z [  24% ] [90m[1mreimport[22m | Preparing files to reimport...[39m[0m
2026-10-07T21:07:53.4703717Z [  25% ] [90m[1mreimport[22m | Preparing files to reimport...[39m[0m
2026-10-07T21:07:53.4704230Z [  25% ] [90m[1mreimport[22m | Preparing files to reimport...[39m[0m
2026-10-07T21:07:53.4704764Z [  26% ] [90m[1mreimport[22m | Preparing files to reimport...[39m[0m
2026-10-07T21:07:53.4705182Z [  27% ] [90m[1mreimport[22m | Preparing files to reimport...[39m[0m
2026-10-07T21:07:53.4705713Z [  28% ] [90m[1mreimport[22m | Preparing files to reimport...[39m[0m
2026-10-07T21:07:53.4706229Z [  29% ] [90m[1mreimport[22m | Preparing files to reimport...[39m[0m
2026-10-07T21:07:53.4706711Z [  30% ] [90m[1mreimport[22m | Preparing files to reimport...[39m[0m
2026-10-07T21:07:53.4707084Z [  31% ] [90m[1mreimport[22m | Preparing files to reimport...[39m[0m
2026-10-07T21:07:53.4707607Z [  31% ] [90m[1mreimport[22m | Preparing files to reimport...[39m[0m
2026-10-07T21:07:53.4708063Z [  32% ] [90m[1mreimport[22m | Preparing files to reimport...[39m[0m
2026-10-07T21:07:53.4708613Z [  33% ] [90m[1mreimport[22m | Preparing files to reimport...[39m[0m
2026-10-07T21:07:53.4709043Z [  34% ] [90m[1mreimport[22m | Preparing files to reimport...[39m[0m
2026-10-07T21:07:53.4709561Z [  35% ] [90m[1mreimport[22m | Preparing files to reimport...[39m[0m
2026-10-07T21:07:53.4710094Z [  36% ] [90m[1mreimport[22m | Preparing files to reimport...[39m[0m
2026-10-07T21:07:53.4710629Z [  37% ] [90m[1mreimport[22m | Preparing files to reimport...[39m[0m
2026-10-07T21:07:53.4711093Z [  37% ] [90m[1mreimport[22m | Preparing files to reimport...[39m[0m
2026-10-07T21:07:53.4711649Z [  38% ] [90m[1mreimport[22m | Preparing files to reimport...[39m[0m
2026-10-07T21:07:53.4712209Z [  39% ] [90m[1mreimport[22m | Preparing files to reimport...[39m[0m
2026-10-07T21:07:53.4712763Z [  40% ] [90m[1mreimport[22m | Preparing files to reimport...[39m[0m
2026-10-07T21:07:53.4713311Z [  41% ] [90m[1mreimport[22m | Preparing files to reimport...[39m[0m
2026-10-07T21:07:53.4713869Z [  42% ] [90m[1mreimport[22m | Preparing files to reimport...[39m[0m
2026-10-07T21:07:53.4714499Z [  43% ] [90m[1mreimport[22m | Preparing files to reimport...[39m[0m
2026-10-07T21:07:53.4715153Z [  43% ] [90m[1mreimport[22m | Preparing files to reimport...[39m[0m
2026-10-07T21:07:53.4715700Z [  44% ] [90m[1mreimport[22m | Preparing files to reimport...[39m[0m
2026-10-07T21:07:53.4716261Z [  45% ] [90m[1mreimport[22m | Preparing files to reimport...[39m[0m
2026-10-07T21:07:53.4716807Z [  46% ] [90m[1mreimport[22m | Preparing files to reimport...[39m[0m
2026-10-07T21:07:53.4717356Z [  47% ] [90m[1mreimport[22m | Preparing files to reimport...[39m[0m
2026-10-07T21:07:53.4717922Z [  48% ] [90m[1mreimport[22m | Preparing files to reimport...[39m[0m
2026-10-07T21:07:53.4718472Z [  49% ] [90m[1mreimport[22m | Preparing files to reimport...[39m[0m
2026-10-07T21:07:53.4719027Z [  50% ] [90m[1mreimport[22m | Preparing files to reimport...[39m[0m
2026-10-07T21:07:53.4719573Z [  50% ] [90m[1mreimport[22m | Preparing files to reimport...[39m[0m
2026-10-07T21:07:53.4720136Z [  51% ] [90m[1mreimport[22m | Preparing files to reimport...[39m[0m
2026-10-07T21:07:53.4720682Z [  52% ] [90m[1mreimport[22m | Preparing files to reimport...[39m[0m
2026-10-07T21:07:53.4721231Z [  53% ] [90m[1mreimport[22m | Preparing files to reimport...[39m[0m
2026-10-07T21:07:53.4722083Z [  54% ] [90m[1mreimport[22m | Preparing files to reimport...[39m[0m
2026-10-07T21:07:53.4722824Z [  55% ] [90m[1mreimport[22m | Preparing files to reimport...[39m[0m
2026-10-07T21:07:53.4723663Z [  56% ] [90m[1mreimport[22m | Preparing files to reimport...[39m[0m
2026-10-07T21:07:53.4724353Z [  56% ] [90m[1mreimport[22m | Preparing files to reimport...[39m[0m
2026-10-07T21:07:53.4725266Z [  57% ] [90m[1mreimport[22m | Preparing files to reimport...[39m[0m
2026-10-07T21:07:53.4726061Z [  58% ] [90m[1mreimport[22m | Preparing files to reimport...[39m[0m
2026-10-07T21:07:53.4726787Z [  59% ] [90m[1mreimport[22m | Preparing files to reimport...[39m[0m
2026-10-07T21:07:53.4727562Z [  60% ] [90m[1mreimport[22m | Preparing files to reimport...[39m[0m
2026-10-07T21:07:53.4728366Z [  61% ] [90m[1mreimport[22m | Preparing files to reimport...[39m[0m
2026-10-07T21:07:53.4729018Z [  62% ] [90m[1mreimport[22m | Preparing files to reimport...[39m[0m
2026-10-07T21:07:53.4729809Z [  62% ] [90m[1mreimport[22m | Preparing files to reimport...[39m[0m
2026-10-07T21:07:53.4730589Z [  63% ] [90m[1mreimport[22m | Preparing files to reimport...[39m[0m
2026-10-07T21:07:53.4731378Z [  64% ] [90m[1mreimport[22m | Preparing files to reimport...[39m[0m
2026-10-07T21:07:53.4732111Z [  65% ] [90m[1mreimport[22m | Preparing files to reimport...[39m[0m
2026-10-07T21:07:53.4732812Z [  66% ] [90m[1mreimport[22m | Preparing files to reimport...[39m[0m
2026-10-07T21:07:53.4733506Z [  67% ] [90m[1mreimport[22m | Preparing files to reimport...[39m[0m
2026-10-07T21:07:53.4734201Z [  68% ] [90m[1mreimport[22m | Preparing files to reimport...[39m[0m
2026-10-07T21:07:53.4734940Z [  68% ] [90m[1mreimport[22m | Preparing files to reimport...[39m[0m
2026-10-07T21:07:53.4735775Z [  69% ] [90m[1mreimport[22m | Preparing files to reimport...[39m[0m
2026-10-07T21:07:53.4736620Z [  70% ] [90m[1mreimport[22m | Preparing files to reimport...[39m[0m
2026-10-07T21:07:53.4737272Z [  71% ] [90m[1mreimport[22m | Preparing files to reimport...[39m[0m
2026-10-07T21:07:53.4737992Z [  72% ] [90m[1mreimport[22m | Preparing files to reimport...[39m[0m
2026-10-07T21:07:53.4738765Z [  73% ] [90m[1mreimport[22m | Preparing files to reimport...[39m[0m
2026-10-07T21:07:53.4739530Z [  74% ] [90m[1mreimport[22m | Preparing files to reimport...[39m[0m
2026-10-07T21:07:53.4740284Z [  75% ] [90m[1mreimport[22m | Preparing files to reimport...[39m[0m
2026-10-07T21:07:53.4741067Z [  75% ] [90m[1mreimport[22m | Preparing files to reimport...[39m[0m
2026-10-07T21:07:53.4741715Z [  76% ] [90m[1mreimport[22m | Preparing files to reimport...[39m[0m
2026-10-07T21:07:53.4742572Z [  77% ] [90m[1mreimport[22m | Preparing files to reimport...[39m[0m
2026-10-07T21:07:53.4743136Z [  78% ] [90m[1mreimport[22m | Preparing files to reimport...[39m[0m
2026-10-07T21:07:53.4743828Z [  79% ] [90m[1mreimport[22m | Preparing files to reimport...[39m[0m
2026-10-07T21:07:53.4744462Z [  80% ] [90m[1mreimport[22m | Preparing files to reimport...[39m[0m
2026-10-07T21:07:53.4745762Z [  81% ] [90m[1mreimport[22m | Preparing files to reimport...[39m[0m
2026-10-07T21:07:53.4746369Z [  81% ] [90m[1mreimport[22m | Preparing files to reimport...[39m[0m
2026-10-07T21:07:53.4747141Z [  82% ] [90m[1mreimport[22m | Preparing files to reimport...[39m[0m
2026-10-07T21:07:53.4747904Z [  83% ] [90m[1mreimport[22m | Preparing files to reimport...[39m[0m
2026-10-07T21:07:53.4748531Z [  84% ] [90m[1mreimport[22m | Preparing files to reimport...[39m[0m
2026-10-07T21:07:53.4749299Z [  85% ] [90m[1mreimport[22m | Preparing files to reimport...[39m[0m
2026-10-07T21:07:53.4750024Z [  86% ] [90m[1mreimport[22m | Preparing files to reimport...[39m[0m
2026-10-07T21:07:53.4750905Z [  87% ] [90m[1mreimport[22m | Preparing files to reimport...[39m[0m
2026-10-07T21:07:53.4751772Z [  87% ] [90m[1mreimport[22m | Preparing files to reimport...[39m[0m
2026-10-07T21:07:53.4752566Z [  88% ] [90m[1mreimport[22m | Preparing files to reimport...[39m[0m
2026-10-07T21:07:53.4753265Z [  89% ] [90m[1mreimport[22m | Preparing files to reimport...[39m[0m
2026-10-07T21:07:53.4754063Z [  90% ] [90m[1mreimport[22m | Preparing files to reimport...[39m[0m
2026-10-07T21:07:53.4754782Z [  91% ] [90m[1mreimport[22m | Preparing files to reimport...[39m[0m
2026-10-07T21:07:53.4755986Z [  92% ] [90m[1mreimport[22m | Preparing files to reimport...[39m[0m
2026-10-07T21:07:53.4756672Z [  93% ] [90m[1mreimport[22m | Preparing files to reimport...[39m[0m
2026-10-07T21:07:53.4757459Z [  93% ] [90m[1mreimport[22m | Preparing files to reimport...[39m[0m
2026-10-07T21:07:53.4758118Z [  94% ] [90m[1mreimport[22m | Preparing files to reimport...[39m[0m
2026-10-07T21:07:53.4758738Z [  95% ] [90m[1mreimport[22m | Preparing files to reimport...[39m[0m
2026-10-07T21:07:53.4759492Z [  96% ] [90m[1mreimport[22m | Preparing files to reimport...[39m[0m
2026-10-07T21:07:53.4760245Z [  97% ] [90m[1mreimport[22m | Preparing files to reimport...[39m[0m
2026-10-07T21:07:53.4761000Z [  98% ] [90m[1mreimport[22m | Preparing files to reimport...[39m[0m
2026-10-07T21:07:53.4761932Z [   0% ] [90m[1mreimport[22m | Executing pre-reimport operations...[39m[0m
2026-10-07T21:07:53.4769369Z [   0% ] [90m[1mpreload_reimporting_scene[22m | Started Preparing scenes for reload (1 steps)[39m[0m
2026-10-07T21:07:53.4770117Z [   0% ] [90m[1mpreload_reimporting_scene[22m | Analyzing scene [empty][39m[0m
2026-10-07T21:07:53.4770755Z [  50% ] [90m[1mpreload_reimporting_scene[22m | Preparation done.[39m[0m
2026-10-07T21:07:53.4771305Z [92m[ DONE ][39m [1mpreload_reimporting_scene[22m
2026-10-07T21:07:53.4771594Z [0m
2026-10-07T21:07:53.4775280Z [   0% ] [90m[1mreimport[22m | Lora.ttf[39m[0m
2026-10-07T21:07:53.4827878Z [   0% ] [90m[1mreimport[22m | Cinzel.ttf[39m[0m
2026-10-07T21:07:53.4855385Z [   1% ] [90m[1mreimport[22m | Lora.ttf[39m[0m
2026-10-07T21:07:53.6125639Z [   2% ] [90m[1mreimport[22m | Cinzel.ttf[39m[0m
2026-10-07T21:07:53.7285912Z [   3% ] [90m[1mreimport[22m | Metal063_1K-JPG_Color.jpg[39m[0m
2026-10-07T21:07:53.8126100Z [   4% ] [90m[1mreimport[22m | Metal063_1K-JPG_Roughness.jpg[39m[0m
2026-10-07T21:07:53.8655639Z [   5% ] [90m[1mreimport[22m | nyra-face-albedo.png[39m[0m
2026-10-07T21:07:53.9305960Z [   6% ] [90m[1mreimport[22m | ruin-floor-albedo.png[39m[0m
2026-10-07T21:07:53.9665600Z [   6% ] [90m[1mreimport[22m | Rock030_1K-JPG_Color.jpg[39m[0m
2026-10-07T21:07:54.0385759Z [   7% ] [90m[1mreimport[22m | Rock030_1K-JPG_NormalGL.jpg[39m[0m
2026-10-07T21:07:54.3946845Z [   8% ] [90m[1mreimport[22m | Rock030_1K-JPG_Roughness.jpg[39m[0m
2026-10-07T21:07:54.5184119Z [   9% ] [90m[1mreimport[22m | archive.png[39m[0m
2026-10-07T21:07:54.5220068Z [  10% ] [90m[1mreimport[22m | camp.png[39m[0m
2026-10-07T21:07:54.8037581Z [  11% ] [90m[1mreimport[22m | citadel.png[39m[0m
2026-10-07T21:07:54.9526035Z [  12% ] [90m[1mreimport[22m | ossuary.png[39m[0m
2026-10-07T21:07:55.0475835Z [  12% ] [90m[1mreimport[22m | spire.png[39m[0m
2026-10-07T21:07:55.3485673Z [  13% ] [90m[1mreimport[22m | camp-matte.png[39m[0m
2026-10-07T21:07:55.4236029Z [  14% ] [90m[1mreimport[22m | camp-stations.png[39m[0m
2026-10-07T21:07:55.4355721Z [  15% ] [90m[1mreimport[22m | painted-stone.png[39m[0m
2026-10-07T21:07:55.5015649Z [  16% ] [90m[1mreimport[22m | region-atlas.png[39m[0m
2026-10-07T21:07:55.5498745Z [  17% ] [90m[1mreimport[22m | app_icon.png[39m[0m
2026-10-07T21:07:55.6195604Z [  18% ] [90m[1mreimport[22m | app_icon.svg[39m[0m
2026-10-07T21:07:55.7787513Z [  18% ] [90m[1mreimport[22m | cinder_knight.webp[39m[0m
2026-10-07T21:07:55.7925707Z [  19% ] [90m[1mreimport[22m | hollow_spire_corridor.webp[39m[0m
2026-10-07T21:07:55.8022929Z [  20% ] [90m[1mreimport[22m | nyra_portrait.webp[39m[0m
2026-10-07T21:07:56.3775867Z [  21% ] [90m[1mreimport[22m | nyra_runner.webp[39m[0m
2026-10-07T21:07:56.4215772Z [  22% ] [90m[1mreimport[22m | arcanist.png[39m[0m
2026-10-07T21:07:56.4595407Z [  23% ] [90m[1mreimport[22m | bulwark.png[39m[0m
2026-10-07T21:07:57.1002652Z [  24% ] [90m[1mreimport[22m | elite.png[39m[0m
2026-10-07T21:07:57.2915335Z [  25% ] [90m[1mreimport[22m | guardian_0.png[39m[0m
2026-10-07T21:07:57.4225842Z [  25% ] [90m[1mreimport[22m | guardian_1.png[39m[0m
2026-10-07T21:07:57.9685874Z [  26% ] [90m[1mreimport[22m | guardian_2.png[39m[0m
2026-10-07T21:07:58.0576131Z [  27% ] [90m[1mreimport[22m | guardian_3.png[39m[0m
2026-10-07T21:07:58.2765961Z [  28% ] [90m[1mreimport[22m | hexer.png[39m[0m
2026-10-07T21:07:58.8329564Z [  29% ] [90m[1mreimport[22m | raider.png[39m[0m
2026-10-07T21:07:58.8415618Z [  30% ] [90m[1mreimport[22m | ranger.png[39m[0m
2026-10-07T21:07:59.4035905Z [  31% ] [90m[1mreimport[22m | vowkeeper.png[39m[0m
2026-10-07T21:07:59.9626158Z [  31% ] [90m[1mreimport[22m | arcanist.png[39m[0m
2026-10-07T21:08:00.0686072Z [  32% ] [90m[1mreimport[22m | guardian_0.png[39m[0m
2026-10-07T21:08:00.0805676Z [  33% ] [90m[1mreimport[22m | guardian_1.png[39m[0m
2026-10-07T21:08:00.1945828Z [  34% ] [90m[1mreimport[22m | guardian_2.png[39m[0m
2026-10-07T21:08:00.3238185Z [  35% ] [90m[1mreimport[22m | Bricks096_1K-PNG_Roughness.png[39m[0m
2026-10-07T21:08:00.3315234Z [  36% ] [90m[1mreimport[22m | Bricks096_1K-PNG_NormalGL.png[39m[0m
2026-10-07T21:08:00.7052925Z [  37% ] [90m[1mreimport[22m | Bricks096_1K-PNG_Color.png[39m[0m
2026-10-07T21:08:01.1627370Z [  37% ] [90m[1mreimport[22m | material-atlas.png[39m[0m
2026-10-07T21:08:01.4056210Z [  38% ] [90m[1mreimport[22m | vowkeeper.png[39m[0m
2026-10-07T21:08:01.5287246Z [  39% ] [90m[1mreimport[22m | ranger.png[39m[0m
2026-10-07T21:08:02.1026801Z [  40% ] [90m[1mreimport[22m | pilgrim_well.glb[39m[0m
2026-10-07T21:08:02.1030010Z [   0% ] [90m[1mimport[22m | Started Import Scene (104 steps)[39m[0m
2026-10-07T21:08:02.1030818Z [   0% ] [90m[1mimport[22m | Importing Scene...[39m[0m
2026-10-07T21:08:02.1116957Z [   1% ] [90m[1mimport[22m | Running Custom Script...[39m[0m
2026-10-07T21:08:02.1117435Z [  99% ] [90m[1mimport[22m | Saving...[39m[0m
2026-10-07T21:08:02.1140632Z [92m[ DONE ][39m [1mimport[22m
2026-10-07T21:08:02.1140994Z [0m
2026-10-07T21:08:02.2145047Z [  41% ] [90m[1mreimport[22m | leaded_lancet.glb[39m[0m
2026-10-07T21:08:02.2147116Z [   0% ] [90m[1mimport[22m | Started Import Scene (104 steps)[39m[0m
2026-10-07T21:08:02.2147686Z [   0% ] [90m[1mimport[22m | Importing Scene...[39m[0m
2026-10-07T21:08:02.2277632Z [   1% ] [90m[1mimport[22m | Running Custom Script...[39m[0m
2026-10-07T21:08:02.2278147Z [  99% ] [90m[1mimport[22m | Saving...[39m[0m
2026-10-07T21:08:02.2312956Z [92m[ DONE ][39m [1mimport[22m
2026-10-07T21:08:02.2313406Z [0m
2026-10-07T21:08:02.3244101Z [  42% ] [90m[1mreimport[22m | hexer.glb[39m[0m
2026-10-07T21:08:02.3246971Z [   0% ] [90m[1mimport[22m | Started Import Scene (104 steps)[39m[0m
2026-10-07T21:08:02.3247728Z [   0% ] [90m[1mimport[22m | Importing Scene...[39m[0m
2026-10-07T21:08:02.3965919Z [   1% ] [90m[1mimport[22m | Running Custom Script...[39m[0m
2026-10-07T21:08:02.3966635Z [  99% ] [90m[1mimport[22m | Saving...[39m[0m
2026-10-07T21:08:02.4093492Z [92m[ DONE ][39m [1mimport[22m
2026-10-07T21:08:02.4094042Z [0m
2026-10-07T21:08:02.4461113Z [  43% ] [90m[1mreimport[22m | hanging_bell.glb[39m[0m
2026-10-07T21:08:02.4462515Z [   0% ] [90m[1mimport[22m | Started Import Scene (104 steps)[39m[0m
2026-10-07T21:08:02.4463324Z [   0% ] [90m[1mimport[22m | Importing Scene...[39m[0m
2026-10-07T21:08:02.4562621Z [   1% ] [90m[1mimport[22m | Running Custom Script...[39m[0m
2026-10-07T21:08:02.4563316Z [  99% ] [90m[1mimport[22m | Saving...[39m[0m
2026-10-07T21:08:02.4590884Z [92m[ DONE ][39m [1mimport[22m
2026-10-07T21:08:02.4591343Z [0m
2026-10-07T21:08:02.5638581Z [  43% ] [90m[1mreimport[22m | guardian_3.glb[39m[0m
2026-10-07T21:08:02.5640784Z [   0% ] [90m[1mimport[22m | Started Import Scene (104 steps)[39m[0m
2026-10-07T21:08:02.5641493Z [   0% ] [90m[1mimport[22m | Importing Scene...[39m[0m
2026-10-07T21:08:02.6120753Z [   1% ] [90m[1mimport[22m | Running Custom Script...[39m[0m
2026-10-07T21:08:02.6121590Z [  99% ] [90m[1mimport[22m | Saving...[39m[0m
2026-10-07T21:08:02.6221361Z [92m[ DONE ][39m [1mimport[22m
2026-10-07T21:08:02.6221902Z [0m
2026-10-07T21:08:02.6448968Z [  44% ] [90m[1mreimport[22m | guardian_2.glb[39m[0m
2026-10-07T21:08:02.6450767Z [   0% ] [90m[1mimport[22m | Started Import Scene (104 steps)[39m[0m
2026-10-07T21:08:02.6451338Z [   0% ] [90m[1mimport[22m | Importing Scene...[39m[0m
2026-10-07T21:08:02.7153160Z [   1% ] [90m[1mimport[22m | Running Custom Script...[39m[0m
2026-10-07T21:08:02.7153795Z [  99% ] [90m[1mimport[22m | Saving...[39m[0m
2026-10-07T21:08:02.7277521Z [92m[ DONE ][39m [1mimport[22m
2026-10-07T21:08:02.7278007Z [0m
2026-10-07T21:08:02.7970080Z [  45% ] [90m[1mreimport[22m | guardian_1.glb[39m[0m
2026-10-07T21:08:02.7975620Z [   0% ] [90m[1mimport[22m | Started Import Scene (104 steps)[39m[0m
2026-10-07T21:08:02.7995550Z [   0% ] [90m[1mimport[22m | Importing Scene...[39m[0m
2026-10-07T21:08:02.8685018Z [   1% ] [90m[1mimport[22m | Running Custom Script...[39m[0m
2026-10-07T21:08:02.8685753Z [  99% ] [90m[1mimport[22m | Saving...[39m[0m
2026-10-07T21:08:02.8815470Z [92m[ DONE ][39m [1mimport[22m
2026-10-07T21:08:02.8816038Z [0m
2026-10-07T21:08:02.9084425Z [  46% ] [90m[1mreimport[22m | guardian_0.glb[39m[0m
2026-10-07T21:08:02.9086060Z [   0% ] [90m[1mimport[22m | Started Import Scene (104 steps)[39m[0m
2026-10-07T21:08:02.9086660Z [   0% ] [90m[1mimport[22m | Importing Scene...[39m[0m
2026-10-07T21:08:02.9655610Z [   1% ] [90m[1mimport[22m | Running Custom Script...[39m[0m
2026-10-07T21:08:02.9656073Z [  99% ] [90m[1mimport[22m | Saving...[39m[0m
2026-10-07T21:08:02.9774281Z [92m[ DONE ][39m [1mimport[22m
2026-10-07T21:08:02.9774633Z [0m
2026-10-07T21:08:03.0284619Z [  47% ] [90m[1mreimport[22m | gothic_arch.glb[39m[0m
2026-10-07T21:08:03.0286103Z [   0% ] [90m[1mimport[22m | Started Import Scene (104 steps)[39m[0m
2026-10-07T21:08:03.0286595Z [   0% ] [90m[1mimport[22m | Importing Scene...[39m[0m
2026-10-07T21:08:03.0426710Z [   1% ] [90m[1mimport[22m | Running Custom Script...[39m[0m
2026-10-07T21:08:03.0427165Z [  99% ] [90m[1mimport[22m | Saving...[39m[0m
2026-10-07T21:08:03.0457042Z [92m[ DONE ][39m [1mimport[22m
2026-10-07T21:08:03.0457352Z [0m
2026-10-07T21:08:03.1538036Z [  48% ] [90m[1mreimport[22m | furnace_throne.glb[39m[0m
2026-10-07T21:08:03.1539643Z [   0% ] [90m[1mimport[22m | Started Import Scene (104 steps)[39m[0m
2026-10-07T21:08:03.1540136Z [   0% ] [90m[1mimport[22m | Importing Scene...[39m[0m
2026-10-07T21:08:03.1612724Z [   1% ] [90m[1mimport[22m | Running Custom Script...[39m[0m
2026-10-07T21:08:03.1613272Z [  99% ] [90m[1mimport[22m | Saving...[39m[0m
2026-10-07T21:08:03.1637284Z [92m[ DONE ][39m [1mimport[22m
2026-10-07T21:08:03.1637578Z [0m
2026-10-07T21:08:03.2877016Z [  49% ] [90m[1mreimport[22m | furnace.glb[39m[0m
2026-10-07T21:08:03.2879364Z [   0% ] [90m[1mimport[22m | Started Import Scene (104 steps)[39m[0m
2026-10-07T21:08:03.2880264Z [   0% ] [90m[1mimport[22m | Importing Scene...[39m[0m
2026-10-07T21:08:03.3024390Z [   1% ] [90m[1mimport[22m | Running Custom Script...[39m[0m
2026-10-07T21:08:03.3025078Z [  99% ] [90m[1mimport[22m | Saving...[39m[0m
2026-10-07T21:08:03.3056742Z [92m[ DONE ][39m [1mimport[22m
2026-10-07T21:08:03.3057092Z [0m
2026-10-07T21:08:03.4046166Z [  50% ] [90m[1mreimport[22m | field_forge.glb[39m[0m
2026-10-07T21:08:03.4047986Z [   0% ] [90m[1mimport[22m | Started Import Scene (104 steps)[39m[0m
2026-10-07T21:08:03.4048423Z [   0% ] [90m[1mimport[22m | Importing Scene...[39m[0m
2026-10-07T21:08:03.4235073Z [   1% ] [90m[1mimport[22m | Running Custom Script...[39m[0m
2026-10-07T21:08:03.4235595Z [  99% ] [90m[1mimport[22m | Saving...[39m[0m
2026-10-07T21:08:03.4283315Z [92m[ DONE ][39m [1mimport[22m
2026-10-07T21:08:03.4283767Z [0m
2026-10-07T21:08:03.5240483Z [  50% ] [90m[1mreimport[22m | expedition_table.glb[39m[0m
2026-10-07T21:08:03.5242326Z [   0% ] [90m[1mimport[22m | Started Import Scene (104 steps)[39m[0m
2026-10-07T21:08:03.5242839Z [   0% ] [90m[1mimport[22m | Importing Scene...[39m[0m
2026-10-07T21:08:03.5371855Z [   1% ] [90m[1mimport[22m | Running Custom Script...[39m[0m
2026-10-07T21:08:03.5372596Z [  99% ] [90m[1mimport[22m | Saving...[39m[0m
2026-10-07T21:08:03.5411549Z [92m[ DONE ][39m [1mimport[22m
2026-10-07T21:08:03.5411921Z [0m
2026-10-07T21:08:03.6443064Z [  51% ] [90m[1mreimport[22m | elite.glb[39m[0m
2026-10-07T21:08:03.6445161Z [   0% ] [90m[1mimport[22m | Started Import Scene (104 steps)[39m[0m
2026-10-07T21:08:03.6445767Z [   0% ] [90m[1mimport[22m | Importing Scene...[39m[0m
2026-10-07T21:08:03.6907977Z [   1% ] [90m[1mimport[22m | Running Custom Script...[39m[0m
2026-10-07T21:08:03.6908496Z [  99% ] [90m[1mimport[22m | Saving...[39m[0m
2026-10-07T21:08:03.7003565Z [92m[ DONE ][39m [1mimport[22m
2026-10-07T21:08:03.7003865Z [0m
2026-10-07T21:08:03.7657452Z [  52% ] [90m[1mreimport[22m | drowned_library.glb[39m[0m
2026-10-07T21:08:03.7659333Z [   0% ] [90m[1mimport[22m | Started Import Scene (104 steps)[39m[0m
2026-10-07T21:08:03.7659841Z [   0% ] [90m[1mimport[22m | Importing Scene...[39m[0m
2026-10-07T21:08:03.8129229Z [   1% ] [90m[1mimport[22m | Running Custom Script...[39m[0m
2026-10-07T21:08:03.8129619Z [  99% ] [90m[1mimport[22m | Saving...[39m[0m
2026-10-07T21:08:03.8226188Z [92m[ DONE ][39m [1mimport[22m
2026-10-07T21:08:03.8226559Z [0m
2026-10-07T21:08:03.8267133Z [  53% ] [90m[1mreimport[22m | pillar.glb[39m[0m
2026-10-07T21:08:03.8269114Z [   0% ] [90m[1mimport[22m | Started Import Scene (104 steps)[39m[0m
2026-10-07T21:08:03.8269680Z [   0% ] [90m[1mimport[22m | Importing Scene...[39m[0m
2026-10-07T21:08:03.8328801Z [   1% ] [90m[1mimport[22m | Running Custom Script...[39m[0m
2026-10-07T21:08:03.8329313Z [  99% ] [90m[1mimport[22m | Saving...[39m[0m
2026-10-07T21:08:03.8345807Z [92m[ DONE ][39m [1mimport[22m
2026-10-07T21:08:03.8346190Z [0m
2026-10-07T21:08:03.8355170Z [  54% ] [90m[1mreimport[22m | raider.glb[39m[0m
2026-10-07T21:08:03.8357187Z [   0% ] [90m[1mimport[22m | Started Import Scene (104 steps)[39m[0m
2026-10-07T21:08:03.8357946Z [   0% ] [90m[1mimport[22m | Importing Scene...[39m[0m
2026-10-07T21:08:03.8710573Z [   1% ] [90m[1mimport[22m | Running Custom Script...[39m[0m
2026-10-07T21:08:03.8710997Z [  99% ] [90m[1mimport[22m | Saving...[39m[0m
2026-10-07T21:08:03.8777578Z [92m[ DONE ][39m [1mimport[22m
2026-10-07T21:08:03.8777829Z [0m
2026-10-07T21:08:03.8800046Z [  55% ] [90m[1mreimport[22m | ranger.glb[39m[0m
2026-10-07T21:08:03.8801970Z [   0% ] [90m[1mimport[22m | Started Import Scene (104 steps)[39m[0m
2026-10-07T21:08:03.8802458Z [   0% ] [90m[1mimport[22m | Importing Scene...[39m[0m
2026-10-07T21:08:03.9484983Z [   1% ] [90m[1mimport[22m | Running Custom Script...[39m[0m
2026-10-07T21:08:03.9485510Z [  99% ] [90m[1mimport[22m | Saving...[39m[0m
2026-10-07T21:08:03.9629415Z [92m[ DONE ][39m [1mimport[22m
2026-10-07T21:08:03.9629768Z [0m
2026-10-07T21:08:03.9664119Z [  56% ] [90m[1mreimport[22m | reliquary_altar.glb[39m[0m
2026-10-07T21:08:03.9665980Z [   0% ] [90m[1mimport[22m | Started Import Scene (104 steps)[39m[0m
2026-10-07T21:08:03.9666544Z [   0% ] [90m[1mimport[22m | Importing Scene...[39m[0m
2026-10-07T21:08:03.9794046Z [   1% ] [90m[1mimport[22m | Running Custom Script...[39m[0m
2026-10-07T21:08:03.9794626Z [  99% ] [90m[1mimport[22m | Saving...[39m[0m
2026-10-07T21:08:03.9828769Z [92m[ DONE ][39m [1mimport[22m
2026-10-07T21:08:03.9829140Z [0m
2026-10-07T21:08:03.9842047Z [  56% ] [90m[1mreimport[22m | ruined_vault.glb[39m[0m
2026-10-07T21:08:03.9843918Z [   0% ] [90m[1mimport[22m | Started Import Scene (104 steps)[39m[0m
2026-10-07T21:08:03.9844487Z [   0% ] [90m[1mimport[22m | Importing Scene...[39m[0m
2026-10-07T21:08:03.9927793Z [   1% ] [90m[1mimport[22m | Running Custom Script...[39m[0m
2026-10-07T21:08:03.9928337Z [  99% ] [90m[1mimport[22m | Saving...[39m[0m
2026-10-07T21:08:03.9951265Z [92m[ DONE ][39m [1mimport[22m
2026-10-07T21:08:03.9951627Z [0m
2026-10-07T21:08:03.9962523Z [  57% ] [90m[1mreimport[22m | sanctuary_intarsia.glb[39m[0m
2026-10-07T21:08:03.9964485Z [   0% ] [90m[1mimport[22m | Started Import Scene (104 steps)[39m[0m
2026-10-07T21:08:03.9965180Z [   0% ] [90m[1mimport[22m | Importing Scene...[39m[0m
2026-10-07T21:08:04.0085239Z [   1% ] [90m[1mimport[22m | Running Custom Script...[39m[0m
2026-10-07T21:08:04.0085753Z [  99% ] [90m[1mimport[22m | Saving...[39m[0m
2026-10-07T21:08:04.0114935Z [92m[ DONE ][39m [1mimport[22m
2026-10-07T21:08:04.0115361Z [0m
2026-10-07T21:08:04.0130857Z [  58% ] [90m[1mreimport[22m | seal_shrine.glb[39m[0m
2026-10-07T21:08:04.0132548Z [   0% ] [90m[1mimport[22m | Started Import Scene (104 steps)[39m[0m
2026-10-07T21:08:04.0133075Z [   0% ] [90m[1mimport[22m | Importing Scene...[39m[0m
2026-10-07T21:08:04.0189368Z [   1% ] [90m[1mimport[22m | Running Custom Script...[39m[0m
2026-10-07T21:08:04.0189926Z [  99% ] [90m[1mimport[22m | Saving...[39m[0m
2026-10-07T21:08:04.0211494Z [92m[ DONE ][39m [1mimport[22m
2026-10-07T21:08:04.0211885Z [0m
2026-10-07T21:08:04.0222173Z [  59% ] [90m[1mreimport[22m | vowkeeper.glb[39m[0m
2026-10-07T21:08:04.0224193Z [   0% ] [90m[1mimport[22m | Started Import Scene (104 steps)[39m[0m
2026-10-07T21:08:04.0225169Z [   0% ] [90m[1mimport[22m | Importing Scene...[39m[0m
2026-10-07T21:08:04.0906322Z [   1% ] [90m[1mimport[22m | Running Custom Script...[39m[0m
2026-10-07T21:08:04.0907058Z [  99% ] [90m[1mimport[22m | Saving...[39m[0m
2026-10-07T21:08:04.1047576Z [92m[ DONE ][39m [1mimport[22m
2026-10-07T21:08:04.1048306Z [0m
2026-10-07T21:08:04.1083146Z [  60% ] [90m[1mreimport[22m | citadel_bay.glb[39m[0m
2026-10-07T21:08:04.1085124Z [   0% ] [90m[1mimport[22m | Started Import Scene (104 steps)[39m[0m
2026-10-07T21:08:04.1085958Z [   0% ] [90m[1mimport[22m | Importing Scene...[39m[0m
2026-10-07T21:08:04.1189726Z [   1% ] [90m[1mimport[22m | Running Custom Script...[39m[0m
2026-10-07T21:08:04.1190555Z [  99% ] [90m[1mimport[22m | Saving...[39m[0m
2026-10-07T21:08:04.1229798Z [92m[ DONE ][39m [1mimport[22m
2026-10-07T21:08:04.1230293Z [0m
2026-10-07T21:08:04.1250517Z [  61% ] [90m[1mreimport[22m | archive_solid.glb[39m[0m
2026-10-07T21:08:04.1252495Z [   0% ] [90m[1mimport[22m | Started Import Scene (104 steps)[39m[0m
2026-10-07T21:08:04.1253285Z [   0% ] [90m[1mimport[22m | Importing Scene...[39m[0m
2026-10-07T21:08:04.1271351Z [   1% ] [90m[1mimport[22m | Running Custom Script...[39m[0m
2026-10-07T21:08:04.1272046Z [  99% ] [90m[1mimport[22m | Saving...[39m[0m
2026-10-07T21:08:04.1284252Z [92m[ DONE ][39m [1mimport[22m
2026-10-07T21:08:04.1284818Z [0m
2026-10-07T21:08:04.1292584Z [  62% ] [90m[1mreimport[22m | archive_return.glb[39m[0m
2026-10-07T21:08:04.1294478Z [   0% ] [90m[1mimport[22m | Started Import Scene (104 steps)[39m[0m
2026-10-07T21:08:04.1295333Z [   0% ] [90m[1mimport[22m | Importing Scene...[39m[0m
2026-10-07T21:08:04.1332055Z [   1% ] [90m[1mimport[22m | Running Custom Script...[39m[0m
2026-10-07T21:08:04.1332742Z [  99% ] [90m[1mimport[22m | Saving...[39m[0m
2026-10-07T21:08:04.1351258Z [92m[ DONE ][39m [1mimport[22m
2026-10-07T21:08:04.1351715Z [0m
2026-10-07T21:08:04.1361621Z [  62% ] [90m[1mreimport[22m | archive_end.glb[39m[0m
2026-10-07T21:08:04.1363558Z [   0% ] [90m[1mimport[22m | Started Import Scene (104 steps)[39m[0m
2026-10-07T21:08:04.1364227Z [   0% ] [90m[1mimport[22m | Importing Scene...[39m[0m
2026-10-07T21:08:04.1392128Z [   1% ] [90m[1mimport[22m | Running Custom Script...[39m[0m
2026-10-07T21:08:04.1392814Z [  99% ] [90m[1mimport[22m | Saving...[39m[0m
2026-10-07T21:08:04.1408247Z [92m[ DONE ][39m [1mimport[22m
2026-10-07T21:08:04.1408830Z [0m
2026-10-07T21:08:04.1417920Z [  63% ] [90m[1mreimport[22m | archive_bay_broken.glb[39m[0m
2026-10-07T21:08:04.1419997Z [   0% ] [90m[1mimport[22m | Started Import Scene (104 steps)[39m[0m
2026-10-07T21:08:04.1420924Z [   0% ] [90m[1mimport[22m | Importing Scene...[39m[0m
2026-10-07T21:08:04.1513933Z [   1% ] [90m[1mimport[22m | Running Custom Script...[39m[0m
2026-10-07T21:08:04.1514803Z [  99% ] [90m[1mimport[22m | Saving...[39m[0m
2026-10-07T21:08:04.1551631Z [92m[ DONE ][39m [1mimport[22m
2026-10-07T21:08:04.1552182Z [0m
2026-10-07T21:08:04.1571371Z [  64% ] [90m[1mreimport[22m | archive_bay.glb[39m[0m
2026-10-07T21:08:04.1573162Z [   0% ] [90m[1mimport[22m | Started Import Scene (104 steps)[39m[0m
2026-10-07T21:08:04.1573970Z [   0% ] [90m[1mimport[22m | Importing Scene...[39m[0m
2026-10-07T21:08:04.1667847Z [   1% ] [90m[1mimport[22m | Running Custom Script...[39m[0m
2026-10-07T21:08:04.1668570Z [  99% ] [90m[1mimport[22m | Saving...[39m[0m
2026-10-07T21:08:04.1705629Z [92m[ DONE ][39m [1mimport[22m
2026-10-07T21:08:04.1706098Z [0m
2026-10-07T21:08:04.1726513Z [  65% ] [90m[1mreimport[22m | ranger-native65.glb[39m[0m
2026-10-07T21:08:04.1728543Z [   0% ] [90m[1mimport[22m | Started Import Scene (104 steps)[39m[0m
2026-10-07T21:08:04.1729475Z [   0% ] [90m[1mimport[22m | Importing Scene...[39m[0m
2026-10-07T21:08:06.3668726Z [   1% ] [90m[1mimport[22m | Running Custom Script...[39m[0m
2026-10-07T21:08:06.3669353Z [  99% ] [90m[1mimport[22m | Saving...[39m[0m
2026-10-07T21:08:06.3831807Z [92m[ DONE ][39m [1mimport[22m
2026-10-07T21:08:06.3832350Z [0m
2026-10-07T21:08:06.3981733Z [  66% ] [90m[1mreimport[22m | guardian_2-fitted.glb[39m[0m
2026-10-07T21:08:06.3983720Z [   0% ] [90m[1mimport[22m | Started Import Scene (104 steps)[39m[0m
2026-10-07T21:08:06.3984376Z [   0% ] [90m[1mimport[22m | Importing Scene...[39m[0m
2026-10-07T21:08:06.4128669Z [   1% ] [90m[1mimport[22m | Running Custom Script...[39m[0m
2026-10-07T21:08:06.4129251Z [  99% ] [90m[1mimport[22m | Saving...[39m[0m
2026-10-07T21:08:06.4159327Z [92m[ DONE ][39m [1mimport[22m
2026-10-07T21:08:06.4159861Z [0m
2026-10-07T21:08:06.4173055Z [  67% ] [90m[1mreimport[22m | guardian_1-fitted.glb[39m[0m
2026-10-07T21:08:06.4175338Z [   0% ] [90m[1mimport[22m | Started Import Scene (104 steps)[39m[0m
2026-10-07T21:08:06.4175836Z [   0% ] [90m[1mimport[22m | Importing Scene...[39m[0m
2026-10-07T21:08:06.4323416Z [   1% ] [90m[1mimport[22m | Running Custom Script...[39m[0m
2026-10-07T21:08:06.4324070Z [  99% ] [90m[1mimport[22m | Saving...[39m[0m
2026-10-07T21:08:06.4355228Z [92m[ DONE ][39m [1mimport[22m
2026-10-07T21:08:06.4355722Z [0m
2026-10-07T21:08:06.4369269Z [  68% ] [90m[1mreimport[22m | guardian_0-fitted.glb[39m[0m
2026-10-07T21:08:06.4371249Z [   0% ] [90m[1mimport[22m | Started Import Scene (104 steps)[39m[0m
2026-10-07T21:08:06.4371853Z [   0% ] [90m[1mimport[22m | Importing Scene...[39m[0m
2026-10-07T21:08:06.4434978Z [   1% ] [90m[1mimport[22m | Running Custom Script...[39m[0m
2026-10-07T21:08:06.4435520Z [  99% ] [90m[1mimport[22m | Saving...[39m[0m
2026-10-07T21:08:06.4452142Z [92m[ DONE ][39m [1mimport[22m
2026-10-07T21:08:06.4452536Z [0m
2026-10-07T21:08:06.4461977Z [  68% ] [90m[1mreimport[22m | elite-fitted.glb[39m[0m
2026-10-07T21:08:06.4463700Z [   0% ] [90m[1mimport[22m | Started Import Scene (104 steps)[39m[0m
2026-10-07T21:08:06.4464360Z [   0% ] [90m[1mimport[22m | Importing Scene...[39m[0m
2026-10-07T21:08:06.4499907Z [   1% ] [90m[1mimport[22m | Running Custom Script...[39m[0m
2026-10-07T21:08:06.4500460Z [  99% ] [90m[1mimport[22m | Saving...[39m[0m
2026-10-07T21:08:06.4515532Z [92m[ DONE ][39m [1mimport[22m
2026-10-07T21:08:06.4515940Z [0m
2026-10-07T21:08:06.4523556Z [  69% ] [90m[1mreimport[22m | bulwark-fitted.glb[39m[0m
2026-10-07T21:08:06.4525549Z [   0% ] [90m[1mimport[22m | Started Import Scene (104 steps)[39m[0m
2026-10-07T21:08:06.4526163Z [   0% ] [90m[1mimport[22m | Importing Scene...[39m[0m
2026-10-07T21:08:06.4561279Z [   1% ] [90m[1mimport[22m | Running Custom Script...[39m[0m
2026-10-07T21:08:06.4561949Z [  99% ] [90m[1mimport[22m | Saving...[39m[0m
2026-10-07T21:08:06.4577355Z [92m[ DONE ][39m [1mimport[22m
2026-10-07T21:08:06.4577742Z [0m
2026-10-07T21:08:06.4585337Z [  70% ] [90m[1mreimport[22m | spire_solid.glb[39m[0m
2026-10-07T21:08:06.4586902Z [   0% ] [90m[1mimport[22m | Started Import Scene (104 steps)[39m[0m
2026-10-07T21:08:06.4587498Z [   0% ] [90m[1mimport[22m | Importing Scene...[39m[0m
2026-10-07T21:08:06.4604626Z [   1% ] [90m[1mimport[22m | Running Custom Script...[39m[0m
2026-10-07T21:08:06.4605227Z [  99% ] [90m[1mimport[22m | Saving...[39m[0m
2026-10-07T21:08:06.4616943Z [92m[ DONE ][39m [1mimport[22m
2026-10-07T21:08:06.4617480Z [0m
2026-10-07T21:08:06.4625017Z [  71% ] [90m[1mreimport[22m | spire_return.glb[39m[0m
2026-10-07T21:08:06.4626794Z [   0% ] [90m[1mimport[22m | Started Import Scene (104 steps)[39m[0m
2026-10-07T21:08:06.4627417Z [   0% ] [90m[1mimport[22m | Importing Scene...[39m[0m
2026-10-07T21:08:06.4657641Z [   1% ] [90m[1mimport[22m | Running Custom Script...[39m[0m
2026-10-07T21:08:06.4658301Z [  99% ] [90m[1mimport[22m | Saving...[39m[0m
2026-10-07T21:08:06.4675205Z [92m[ DONE ][39m [1mimport[22m
2026-10-07T21:08:06.4675594Z [0m
2026-10-07T21:08:06.4697006Z [  72% ] [90m[1mreimport[22m | spire_end.glb[39m[0m
2026-10-07T21:08:06.4698695Z [   0% ] [90m[1mimport[22m | Started Import Scene (104 steps)[39m[0m
2026-10-07T21:08:06.4699398Z [   0% ] [90m[1mimport[22m | Importing Scene...[39m[0m
2026-10-07T21:08:06.4725451Z [   1% ] [90m[1mimport[22m | Running Custom Script...[39m[0m
2026-10-07T21:08:06.4725943Z [  99% ] [90m[1mimport[22m | Saving...[39m[0m
2026-10-07T21:08:06.4739741Z [92m[ DONE ][39m [1mimport[22m
2026-10-07T21:08:06.4740120Z [0m
2026-10-07T21:08:06.4749563Z [  73% ] [90m[1mreimport[22m | spire_bay_broken.glb[39m[0m
2026-10-07T21:08:06.4751139Z [   0% ] [90m[1mimport[22m | Started Import Scene (104 steps)[39m[0m
2026-10-07T21:08:06.4751635Z [   0% ] [90m[1mimport[22m | Importing Scene...[39m[0m
2026-10-07T21:08:06.4842239Z [   1% ] [90m[1mimport[22m | Running Custom Script...[39m[0m
2026-10-07T21:08:06.4842740Z [  99% ] [90m[1mimport[22m | Saving...[39m[0m
2026-10-07T21:08:06.4877253Z [92m[ DONE ][39m [1mimport[22m
2026-10-07T21:08:06.4877715Z [0m
2026-10-07T21:08:06.4897043Z [  74% ] [90m[1mreimport[22m | spire_bay.glb[39m[0m
2026-10-07T21:08:06.4898685Z [   0% ] [90m[1mimport[22m | Started Import Scene (104 steps)[39m[0m
2026-10-07T21:08:06.4899224Z [   0% ] [90m[1mimport[22m | Importing Scene...[39m[0m
2026-10-07T21:08:06.4998414Z [   1% ] [90m[1mimport[22m | Running Custom Script...[39m[0m
2026-10-07T21:08:06.4998966Z [  99% ] [90m[1mimport[22m | Saving...[39m[0m
2026-10-07T21:08:06.5038570Z [92m[ DONE ][39m [1mimport[22m
2026-10-07T21:08:06.5039117Z [0m
2026-10-07T21:08:06.5058557Z [  75% ] [90m[1mreimport[22m | ossuary_solid.glb[39m[0m
2026-10-07T21:08:06.5060172Z [   0% ] [90m[1mimport[22m | Started Import Scene (104 steps)[39m[0m
2026-10-07T21:08:06.5060823Z [   0% ] [90m[1mimport[22m | Importing Scene...[39m[0m
2026-10-07T21:08:06.5077842Z [   1% ] [90m[1mimport[22m | Running Custom Script...[39m[0m
2026-10-07T21:08:06.5078460Z [  99% ] [90m[1mimport[22m | Saving...[39m[0m
2026-10-07T21:08:06.5090339Z [92m[ DONE ][39m [1mimport[22m
2026-10-07T21:08:06.5090802Z [0m
2026-10-07T21:08:06.5098998Z [  75% ] [90m[1mreimport[22m | ossuary_return.glb[39m[0m
2026-10-07T21:08:06.5100524Z [   0% ] [90m[1mimport[22m | Started Import Scene (104 steps)[39m[0m
2026-10-07T21:08:06.5101099Z [   0% ] [90m[1mimport[22m | Importing Scene...[39m[0m
2026-10-07T21:08:06.5132015Z [   1% ] [90m[1mimport[22m | Running Custom Script...[39m[0m
2026-10-07T21:08:06.5132589Z [  99% ] [90m[1mimport[22m | Saving...[39m[0m
2026-10-07T21:08:06.5147423Z [92m[ DONE ][39m [1mimport[22m
2026-10-07T21:08:06.5147805Z [0m
2026-10-07T21:08:06.5157306Z [  76% ] [90m[1mreimport[22m | ossuary_end.glb[39m[0m
2026-10-07T21:08:06.5158946Z [   0% ] [90m[1mimport[22m | Started Import Scene (104 steps)[39m[0m
2026-10-07T21:08:06.5159469Z [   0% ] [90m[1mimport[22m | Importing Scene...[39m[0m
2026-10-07T21:08:06.5186046Z [   1% ] [90m[1mimport[22m | Running Custom Script...[39m[0m
2026-10-07T21:08:06.5186653Z [  99% ] [90m[1mimport[22m | Saving...[39m[0m
2026-10-07T21:08:06.5200414Z [92m[ DONE ][39m [1mimport[22m
2026-10-07T21:08:06.5200789Z [0m
2026-10-07T21:08:06.5210174Z [  77% ] [90m[1mreimport[22m | ossuary_bay_broken.glb[39m[0m
2026-10-07T21:08:06.5211829Z [   0% ] [90m[1mimport[22m | Started Import Scene (104 steps)[39m[0m
2026-10-07T21:08:06.5212454Z [   0% ] [90m[1mimport[22m | Importing Scene...[39m[0m
2026-10-07T21:08:06.5324800Z [   1% ] [90m[1mimport[22m | Running Custom Script...[39m[0m
2026-10-07T21:08:06.5325439Z [  99% ] [90m[1mimport[22m | Saving...[39m[0m
2026-10-07T21:08:06.5366469Z [92m[ DONE ][39m [1mimport[22m
2026-10-07T21:08:06.5366913Z [0m
2026-10-07T21:08:06.5388558Z [  78% ] [90m[1mreimport[22m | ossuary_bay.glb[39m[0m
2026-10-07T21:08:06.5390169Z [   0% ] [90m[1mimport[22m | Started Import Scene (104 steps)[39m[0m
2026-10-07T21:08:06.5390706Z [   0% ] [90m[1mimport[22m | Importing Scene...[39m[0m
2026-10-07T21:08:06.5501395Z [   1% ] [90m[1mimport[22m | Running Custom Script...[39m[0m
2026-10-07T21:08:06.5502060Z [  99% ] [90m[1mimport[22m | Saving...[39m[0m
2026-10-07T21:08:06.5544197Z [92m[ DONE ][39m [1mimport[22m
2026-10-07T21:08:06.5544641Z [0m
2026-10-07T21:08:06.5567021Z [  79% ] [90m[1mreimport[22m | citadel_solid.glb[39m[0m
2026-10-07T21:08:06.5568565Z [   0% ] [90m[1mimport[22m | Started Import Scene (104 steps)[39m[0m
2026-10-07T21:08:06.5569136Z [   0% ] [90m[1mimport[22m | Importing Scene...[39m[0m
2026-10-07T21:08:06.5586273Z [   1% ] [90m[1mimport[22m | Running Custom Script...[39m[0m
2026-10-07T21:08:06.5586952Z [  99% ] [90m[1mimport[22m | Saving...[39m[0m
2026-10-07T21:08:06.5598604Z [92m[ DONE ][39m [1mimport[22m
2026-10-07T21:08:06.5599362Z [0m
2026-10-07T21:08:06.5607734Z [  80% ] [90m[1mreimport[22m | citadel_return.glb[39m[0m
2026-10-07T21:08:06.5609099Z [   0% ] [90m[1mimport[22m | Started Import Scene (104 steps)[39m[0m
2026-10-07T21:08:06.5609887Z [   0% ] [90m[1mimport[22m | Importing Scene...[39m[0m
2026-10-07T21:08:06.5648070Z [   1% ] [90m[1mimport[22m | Running Custom Script...[39m[0m
2026-10-07T21:08:06.5648748Z [  99% ] [90m[1mimport[22m | Saving...[39m[0m
2026-10-07T21:08:06.5668250Z [92m[ DONE ][39m [1mimport[22m
2026-10-07T21:08:06.5668627Z [0m
2026-10-07T21:08:06.5680682Z [  81% ] [90m[1mreimport[22m | citadel_end.glb[39m[0m
2026-10-07T21:08:06.5682284Z [   0% ] [90m[1mimport[22m | Started Import Scene (104 steps)[39m[0m
2026-10-07T21:08:06.5682929Z [   0% ] [90m[1mimport[22m | Importing Scene...[39m[0m
2026-10-07T21:08:06.5709325Z [   1% ] [90m[1mimport[22m | Running Custom Script...[39m[0m
2026-10-07T21:08:06.5709881Z [  99% ] [90m[1mimport[22m | Saving...[39m[0m
2026-10-07T21:08:06.5724748Z [92m[ DONE ][39m [1mimport[22m
2026-10-07T21:08:06.5725237Z [0m
2026-10-07T21:08:06.5734143Z [  81% ] [90m[1mreimport[22m | citadel_bay_broken.glb[39m[0m
2026-10-07T21:08:06.5735983Z [   0% ] [90m[1mimport[22m | Started Import Scene (104 steps)[39m[0m
2026-10-07T21:08:06.5736529Z [   0% ] [90m[1mimport[22m | Importing Scene...[39m[0m
2026-10-07T21:08:06.5846166Z [   1% ] [90m[1mimport[22m | Running Custom Script...[39m[0m
2026-10-07T21:08:06.5846963Z [  99% ] [90m[1mimport[22m | Saving...[39m[0m
2026-10-07T21:08:06.5890202Z [92m[ DONE ][39m [1mimport[22m
2026-10-07T21:08:06.5890689Z [0m
2026-10-07T21:08:06.5914116Z [  82% ] [90m[1mreimport[22m | ceremonial_brazier.glb[39m[0m
2026-10-07T21:08:06.5916278Z [   0% ] [90m[1mimport[22m | Started Import Scene (104 steps)[39m[0m
2026-10-07T21:08:06.5917037Z [   0% ] [90m[1mimport[22m | Importing Scene...[39m[0m
2026-10-07T21:08:06.6002743Z [   1% ] [90m[1mimport[22m | Running Custom Script...[39m[0m
2026-10-07T21:08:06.6003279Z [  99% ] [90m[1mimport[22m | Saving...[39m[0m
2026-10-07T21:08:06.6025844Z [92m[ DONE ][39m [1mimport[22m
2026-10-07T21:08:06.6026278Z [0m
2026-10-07T21:08:06.6036312Z [  83% ] [90m[1mreimport[22m | carved_tomb.glb[39m[0m
2026-10-07T21:08:06.6037840Z [   0% ] [90m[1mimport[22m | Started Import Scene (104 steps)[39m[0m
2026-10-07T21:08:06.6038485Z [   0% ] [90m[1mimport[22m | Importing Scene...[39m[0m
2026-10-07T21:08:06.6164640Z [   1% ] [90m[1mimport[22m | Running Custom Script...[39m[0m
2026-10-07T21:08:06.6165340Z [  99% ] [90m[1mimport[22m | Saving...[39m[0m
2026-10-07T21:08:06.6193636Z [92m[ DONE ][39m [1mimport[22m
2026-10-07T21:08:06.6194013Z [0m
2026-10-07T21:08:06.6206153Z [  84% ] [90m[1mreimport[22m | bulwark.glb[39m[0m
2026-10-07T21:08:06.6207764Z [   0% ] [90m[1mimport[22m | Started Import Scene (104 steps)[39m[0m
2026-10-07T21:08:06.6208350Z [   0% ] [90m[1mimport[22m | Importing Scene...[39m[0m
2026-10-07T21:08:06.6649921Z [   1% ] [90m[1mimport[22m | Running Custom Script...[39m[0m
2026-10-07T21:08:06.6650529Z [  99% ] [90m[1mimport[22m | Saving...[39m[0m
2026-10-07T21:08:06.6746502Z [92m[ DONE ][39m [1mimport[22m
2026-10-07T21:08:06.6747016Z [0m
2026-10-07T21:08:06.6772403Z [  85% ] [90m[1mreimport[22m | broken_pillar.glb[39m[0m
2026-10-07T21:08:06.6773919Z [   0% ] [90m[1mimport[22m | Started Import Scene (104 steps)[39m[0m
2026-10-07T21:08:06.6774570Z [   0% ] [90m[1mimport[22m | Importing Scene...[39m[0m
2026-10-07T21:08:06.6805362Z [   1% ] [90m[1mimport[22m | Running Custom Script...[39m[0m
2026-10-07T21:08:06.6806001Z [  99% ] [90m[1mimport[22m | Saving...[39m[0m
2026-10-07T21:08:06.6818253Z [92m[ DONE ][39m [1mimport[22m
2026-10-07T21:08:06.6818647Z [0m
2026-10-07T21:08:06.6853086Z [  86% ] [90m[1mreimport[22m | bone_arch.glb[39m[0m
2026-10-07T21:08:06.6855019Z [   0% ] [90m[1mimport[22m | Started Import Scene (104 steps)[39m[0m
2026-10-07T21:08:06.6855673Z [   0% ] [90m[1mimport[22m | Importing Scene...[39m[0m
2026-10-07T21:08:06.6939456Z [   1% ] [90m[1mimport[22m | Running Custom Script...[39m[0m
2026-10-07T21:08:06.6940034Z [  99% ] [90m[1mimport[22m | Saving...[39m[0m
2026-10-07T21:08:06.6962678Z [92m[ DONE ][39m [1mimport[22m
2026-10-07T21:08:06.6963069Z [0m
2026-10-07T21:08:06.6972967Z [  87% ] [90m[1mreimport[22m | arcanist.glb[39m[0m
2026-10-07T21:08:06.6974737Z [   0% ] [90m[1mimport[22m | Started Import Scene (104 steps)[39m[0m
2026-10-07T21:08:06.6975461Z [   0% ] [90m[1mimport[22m | Importing Scene...[39m[0m
2026-10-07T21:08:06.7642954Z [   1% ] [90m[1mimport[22m | Running Custom Script...[39m[0m
2026-10-07T21:08:06.7643616Z [  99% ] [90m[1mimport[22m | Saving...[39m[0m
2026-10-07T21:08:06.7782753Z [92m[ DONE ][39m [1mimport[22m
2026-10-07T21:08:06.7783131Z [0m
2026-10-07T21:08:06.7817997Z [  87% ] [90m[1mreimport[22m | raider-native65.glb[39m[0m
2026-10-07T21:08:06.7819589Z [   0% ] [90m[1mimport[22m | Started Import Scene (104 steps)[39m[0m
2026-10-07T21:08:06.7820205Z [   0% ] [90m[1mimport[22m | Importing Scene...[39m[0m
2026-10-07T21:08:10.5623764Z [   1% ] [90m[1mimport[22m | Running Custom Script...[39m[0m
2026-10-07T21:08:10.5624317Z [  99% ] [90m[1mimport[22m | Saving...[39m[0m
2026-10-07T21:08:10.5792013Z [92m[ DONE ][39m [1mimport[22m
2026-10-07T21:08:10.5792402Z [0m
2026-10-07T21:08:10.5989980Z [  88% ] [90m[1mreimport[22m | axe-original.glb[39m[0m
2026-10-07T21:08:10.5992195Z [   0% ] [90m[1mimport[22m | Started Import Scene (104 steps)[39m[0m
2026-10-07T21:08:10.5992848Z [   0% ] [90m[1mimport[22m | Importing Scene...[39m[0m
2026-10-07T21:08:10.6020657Z [   1% ] [90m[1mimport[22m | Running Custom Script...[39m[0m
2026-10-07T21:08:10.6021134Z [  99% ] [90m[1mimport[22m | Saving...[39m[0m
2026-10-07T21:08:10.6037462Z [92m[ DONE ][39m [1mimport[22m
2026-10-07T21:08:10.6038220Z [0m
2026-10-07T21:08:10.6045998Z [  89% ] [90m[1mreimport[22m | axe-fitted.glb[39m[0m
2026-10-07T21:08:10.6048256Z [   0% ] [90m[1mimport[22m | Started Import Scene (104 steps)[39m[0m
2026-10-07T21:08:10.6048910Z [   0% ] [90m[1mimport[22m | Importing Scene...[39m[0m
2026-10-07T21:08:10.6085078Z [   1% ] [90m[1mimport[22m | Running Custom Script...[39m[0m
2026-10-07T21:08:10.6085899Z [  99% ] [90m[1mimport[22m | Saving...[39m[0m
2026-10-07T21:08:10.6102828Z [92m[ DONE ][39m [1mimport[22m
2026-10-07T21:08:10.6103422Z [0m
2026-10-07T21:08:10.6111983Z [  90% ] [90m[1mreimport[22m | spire_reliquary.glb[39m[0m
2026-10-07T21:08:10.6113874Z [   0% ] [90m[1mimport[22m | Started Import Scene (104 steps)[39m[0m
2026-10-07T21:08:10.6114792Z [   0% ] [90m[1mimport[22m | Importing Scene...[39m[0m
2026-10-07T21:08:10.6193620Z [   1% ] [90m[1mimport[22m | Running Custom Script...[39m[0m
2026-10-07T21:08:10.6194383Z [  99% ] [90m[1mimport[22m | Saving...[39m[0m
2026-10-07T21:08:10.6222486Z [92m[ DONE ][39m [1mimport[22m
2026-10-07T21:08:10.6222930Z [0m
2026-10-07T21:08:10.6239330Z [  91% ] [90m[1mreimport[22m | ossuary_reliquary.glb[39m[0m
2026-10-07T21:08:10.6241292Z [   0% ] [90m[1mimport[22m | Started Import Scene (104 steps)[39m[0m
2026-10-07T21:08:10.6242089Z [   0% ] [90m[1mimport[22m | Importing Scene...[39m[0m
2026-10-07T21:08:10.6293509Z [   1% ] [90m[1mimport[22m | Running Custom Script...[39m[0m
2026-10-07T21:08:10.6294112Z [  99% ] [90m[1mimport[22m | Saving...[39m[0m
2026-10-07T21:08:10.6315277Z [92m[ DONE ][39m [1mimport[22m
2026-10-07T21:08:10.6315730Z [0m
2026-10-07T21:08:10.6328490Z [  92% ] [90m[1mreimport[22m | citadel_reliquary.glb[39m[0m
2026-10-07T21:08:10.6330284Z [   0% ] [90m[1mimport[22m | Started Import Scene (104 steps)[39m[0m
2026-10-07T21:08:10.6330957Z [   0% ] [90m[1mimport[22m | Importing Scene...[39m[0m
2026-10-07T21:08:10.6390681Z [   1% ] [90m[1mimport[22m | Running Custom Script...[39m[0m
2026-10-07T21:08:10.6391598Z [  99% ] [90m[1mimport[22m | Saving...[39m[0m
2026-10-07T21:08:10.6414214Z [92m[ DONE ][39m [1mimport[22m
2026-10-07T21:08:10.6414829Z [0m
2026-10-07T21:08:10.6436911Z [  93% ] [90m[1mreimport[22m | archive_reliquary.glb[39m[0m
2026-10-07T21:08:10.6439001Z [   0% ] [90m[1mimport[22m | Started Import Scene (104 steps)[39m[0m
2026-10-07T21:08:10.6439723Z [   0% ] [90m[1mimport[22m | Importing Scene...[39m[0m
2026-10-07T21:08:10.6521407Z [   1% ] [90m[1mimport[22m | Running Custom Script...[39m[0m
2026-10-07T21:08:10.6522052Z [  99% ] [90m[1mimport[22m | Saving...[39m[0m
2026-10-07T21:08:10.6551492Z [92m[ DONE ][39m [1mimport[22m
2026-10-07T21:08:10.6568443Z [0m
2026-10-07T21:08:10.6568958Z [  93% ] [90m[1mreimport[22m | nyra-attire054.glb[39m[0m
2026-10-07T21:08:10.6570260Z [   0% ] [90m[1mimport[22m | Started Import Scene (104 steps)[39m[0m
2026-10-07T21:08:10.6570971Z [   0% ] [90m[1mimport[22m | Importing Scene...[39m[0m
2026-10-07T21:08:10.6711004Z [   1% ] [90m[1mimport[22m | Running Custom Script...[39m[0m
2026-10-07T21:08:10.6711723Z [  99% ] [90m[1mimport[22m | Saving...[39m[0m
2026-10-07T21:08:10.6756577Z [92m[ DONE ][39m [1mimport[22m
2026-10-07T21:08:10.6757139Z [0m
2026-10-07T21:08:10.6771781Z [  94% ] [90m[1mreimport[22m | staff-grip053.glb[39m[0m
2026-10-07T21:08:10.6773618Z [   0% ] [90m[1mimport[22m | Started Import Scene (104 steps)[39m[0m
2026-10-07T21:08:10.6774509Z [   0% ] [90m[1mimport[22m | Importing Scene...[39m[0m
2026-10-07T21:08:10.6855385Z [   1% ] [90m[1mimport[22m | Running Custom Script...[39m[0m
2026-10-07T21:08:10.6856118Z [  99% ] [90m[1mimport[22m | Saving...[39m[0m
2026-10-07T21:08:10.6877811Z [92m[ DONE ][39m [1mimport[22m
2026-10-07T21:08:10.6878265Z [0m
2026-10-07T21:08:10.6898184Z [  95% ] [90m[1mreimport[22m | arcanist.glb[39m[0m
2026-10-07T21:08:10.6899794Z [   0% ] [90m[1mimport[22m | Started Import Scene (104 steps)[39m[0m
2026-10-07T21:08:10.6900719Z [   0% ] [90m[1mimport[22m | Importing Scene...[39m[0m
2026-10-07T21:08:24.5211263Z [   1% ] [90m[1mimport[22m | Running Custom Script...[39m[0m
2026-10-07T21:08:24.5211884Z [  99% ] [90m[1mimport[22m | Saving...[39m[0m
2026-10-07T21:08:24.5409855Z [92m[ DONE ][39m [1mimport[22m
2026-10-07T21:08:24.5410317Z [0m
2026-10-07T21:08:24.5858103Z [  96% ] [90m[1mreimport[22m | male-clothing-native65.glb[39m[0m
2026-10-07T21:08:24.5858876Z [   0% ] [90m[1mimport[22m | Started Import Scene (104 steps)[39m[0m
2026-10-07T21:08:24.5859560Z [   0% ] [90m[1mimport[22m | Importing Scene...[39m[0m
2026-10-07T21:08:24.9734163Z [   1% ] [90m[1mimport[22m | Running Custom Script...[39m[0m
2026-10-07T21:08:24.9735114Z [  99% ] [90m[1mimport[22m | Saving...[39m[0m
2026-10-07T21:08:24.9844511Z [92m[ DONE ][39m [1mimport[22m
2026-10-07T21:08:24.9845015Z [0m
2026-10-07T21:08:24.9902268Z [  97% ] [90m[1mreimport[22m | hexer-fitted.glb[39m[0m
2026-10-07T21:08:24.9904330Z [   0% ] [90m[1mimport[22m | Started Import Scene (104 steps)[39m[0m
2026-10-07T21:08:24.9905102Z [   0% ] [90m[1mimport[22m | Importing Scene...[39m[0m
2026-10-07T21:08:25.0049451Z [   1% ] [90m[1mimport[22m | Running Custom Script...[39m[0m
2026-10-07T21:08:25.0050037Z [  99% ] [90m[1mimport[22m | Saving...[39m[0m
2026-10-07T21:08:25.0082612Z [92m[ DONE ][39m [1mimport[22m
2026-10-07T21:08:25.0083159Z [0m
2026-10-07T21:08:25.0096580Z [  98% ] [90m[1mreimport[22m | guardian_3-fitted.glb[39m[0m
2026-10-07T21:08:25.0098530Z [   0% ] [90m[1mimport[22m | Started Import Scene (104 steps)[39m[0m
2026-10-07T21:08:25.0099174Z [   0% ] [90m[1mimport[22m | Importing Scene...[39m[0m
2026-10-07T21:08:25.0132350Z [   1% ] [90m[1mimport[22m | Running Custom Script...[39m[0m
2026-10-07T21:08:25.0132907Z [  99% ] [90m[1mimport[22m | Saving...[39m[0m
2026-10-07T21:08:25.0146250Z [92m[ DONE ][39m [1mimport[22m
2026-10-07T21:08:25.0146720Z [0m
2026-10-07T21:08:25.0154932Z [  99% ] [90m[1mreimport[22m | Finalizing Asset Import...[39m[0m
2026-10-07T21:08:25.0169142Z [92m[ DONE ][39m [1mreimport[22m
2026-10-07T21:08:25.0169570Z [0m
2026-10-07T21:08:25.0170057Z [   0% ] [90m[1mreimport[22m | Started (Re)Importing Assets (115 steps)[39m[0m
2026-10-07T21:08:25.0170843Z [   0% ] [90m[1mreimport[22m | Executing post-reimport operations...[39m[0m
2026-10-07T21:08:25.0171254Z [92m[ DONE ][39m [1mreimport[22m
2026-10-07T21:08:25.0171572Z [0m
2026-10-07T21:08:25.0239670Z [   0% ] [90m[1mloading_editor_layout[22m | Started Loading editor (5 steps)[39m[0m
2026-10-07T21:08:25.0240399Z [   0% ] [90m[1mloading_editor_layout[22m | Loading editor layout...[39m[0m
2026-10-07T21:08:25.0241369Z [  16% ] [90m[1mloading_editor_layout[22m | Loading docks...[39m[0m
2026-10-07T21:08:25.0241771Z [92m[ DONE ][39m [1mloading_editor_layout[22m
2026-10-07T21:08:25.0242063Z [0m
2026-10-07T21:08:27.8930839Z cannot connect to daemon at tcp:5037: Connection refused
2026-10-07T21:08:28.3818963Z ##[group]Run mkdir -p build
2026-10-07T21:08:28.3819310Z [36;1mmkdir -p build[0m
2026-10-07T21:08:28.3819738Z [36;1mgodot --headless --path . --export-pack 'Android Closed Beta APK' build/native-avatar-smoke.pck[0m
2026-10-07T21:08:28.3820241Z [36;1mcd "$RUNNER_TEMP"[0m
2026-10-07T21:08:28.3820707Z [36;1mtimeout 60s godot --headless --main-pack "$GITHUB_WORKSPACE/build/native-avatar-smoke.pck" \[0m
2026-10-07T21:08:28.3821261Z [36;1m  --script "$GITHUB_WORKSPACE/tests/source_avatar_export_smoke.gd"[0m
2026-10-07T21:08:28.3857225Z shell: /usr/bin/bash --noprofile --norc -e -o pipefail {0}
2026-10-07T21:08:28.3857613Z ##[endgroup]
2026-10-07T21:08:28.4067383Z Godot Engine v4.7.2.stable.official.ed1daf0bf - https://godotengine.org
2026-10-07T21:08:28.4287496Z 
2026-10-07T21:08:30.0823585Z [   0% ] [90m[1mfirst_scan_filesystem[22m | Started Project initialization (5 steps)[39m[0m
2026-10-07T21:08:30.0825097Z [   0% ] [90m[1mfirst_scan_filesystem[22m | Scanning file structure...[39m[0m
2026-10-07T21:08:30.0856364Z [  16% ] [90m[1mfirst_scan_filesystem[22m | Loading global class names...[39m[0m
2026-10-07T21:08:30.1023569Z [  33% ] [90m[1mfirst_scan_filesystem[22m | Verifying GDExtensions...[39m[0m
2026-10-07T21:08:30.1024425Z [  50% ] [90m[1mfirst_scan_filesystem[22m | Creating autoload scripts...[39m[0m
2026-10-07T21:08:30.4340938Z [  66% ] [90m[1mfirst_scan_filesystem[22m | Initializing plugins...[39m[0m
2026-10-07T21:08:30.4341721Z [  83% ] [90m[1mfirst_scan_filesystem[22m | Starting file scan...[39m[0m
2026-10-07T21:08:30.4342165Z [92m[ DONE ][39m [1mfirst_scan_filesystem[22m
2026-10-07T21:08:30.4342519Z [0m
2026-10-07T21:08:30.5051681Z [   0% ] [90m[1msavepack[22m | Started Packing (102 steps)[39m[0m
2026-10-07T21:08:30.5389856Z [   1% ] [90m[1msavepack[22m | Storing File: res://addons/com.heroiclabs.nakama/api/NakamaAPI.gdc[39m[0m
2026-10-07T21:08:30.5411733Z [   1% ] [90m[1msavepack[22m | Storing File: res://addons/com.heroiclabs.nakama/api/NakamaRTAPI.gdc[39m[0m
2026-10-07T21:08:30.5425212Z [   1% ] [90m[1msavepack[22m | Storing File: res://addons/com.heroiclabs.nakama/api/NakamaRTMessage.gdc[39m[0m
2026-10-07T21:08:30.5429841Z [   2% ] [90m[1msavepack[22m | Storing File: res://addons/com.heroiclabs.nakama/api/NakamaSession.gdc[39m[0m
2026-10-07T21:08:30.5431726Z [   2% ] [90m[1msavepack[22m | Storing File: res://addons/com.heroiclabs.nakama/api/NakamaStorageObjectId.gdc[39m[0m
2026-10-07T21:08:30.5433405Z [   2% ] [90m[1msavepack[22m | Storing File: res://addons/com.heroiclabs.nakama/api/NakamaWriteStorageObject.gdc[39m[0m
2026-10-07T21:08:30.5457611Z [   3% ] [90m[1msavepack[22m | Storing File: res://addons/com.heroiclabs.nakama/client/NakamaClient.gdc[39m[0m
2026-10-07T21:08:30.5463974Z [   3% ] [90m[1msavepack[22m | Storing File: res://addons/com.heroiclabs.nakama/client/NakamaHTTPAdapter.gdc[39m[0m
2026-10-07T21:08:30.5466202Z [   3% ] [90m[1msavepack[22m | Storing File: res://addons/com.heroiclabs.nakama/Satori/utils/SatoriAsyncResult.gdc[39m[0m
2026-10-07T21:08:30.5467967Z [   4% ] [90m[1msavepack[22m | Storing File: res://addons/com.heroiclabs.nakama/Satori/utils/SatoriException.gdc[39m[0m
2026-10-07T21:08:30.5469879Z [   4% ] [90m[1msavepack[22m | Storing File: res://addons/com.heroiclabs.nakama/Satori/utils/SatoriLogger.gdc[39m[0m
2026-10-07T21:08:30.5475023Z [   5% ] [90m[1msavepack[22m | Storing File: res://addons/com.heroiclabs.nakama/Satori/utils/SatoriSerializer.gdc[39m[0m
2026-10-07T21:08:30.5477468Z [   5% ] [90m[1msavepack[22m | Storing File: res://addons/com.heroiclabs.nakama/Satori/Event.gdc[39m[0m
2026-10-07T21:08:30.5509670Z [   5% ] [90m[1msavepack[22m | Storing File: res://addons/com.heroiclabs.nakama/Satori/SatoriAPI.gdc[39m[0m
2026-10-07T21:08:30.5515131Z [   6% ] [90m[1msavepack[22m | Storing File: res://addons/com.heroiclabs.nakama/Satori/SatoriClient.gdc[39m[0m
2026-10-07T21:08:30.5521628Z [   6% ] [90m[1msavepack[22m | Storing File: res://addons/com.heroiclabs.nakama/Satori/SatoriHttpAdapter.gdc[39m[0m
2026-10-07T21:08:30.5525146Z [   6% ] [90m[1msavepack[22m | Storing File: res://addons/com.heroiclabs.nakama/Satori/SatoriSession.gdc[39m[0m
2026-10-07T21:08:30.5541257Z [   7% ] [90m[1msavepack[22m | Storing File: res://addons/com.heroiclabs.nakama/socket/NakamaSocket.gdc[39m[0m
2026-10-07T21:08:30.5544566Z [   7% ] [90m[1msavepack[22m | Storing File: res://addons/com.heroiclabs.nakama/socket/NakamaSocketAdapter.gdc[39m[0m
2026-10-07T21:08:30.5546604Z [   7% ] [90m[1msavepack[22m | Storing File: res://addons/com.heroiclabs.nakama/utils/NakamaAsyncResult.gdc[39m[0m
2026-10-07T21:08:30.5548381Z [   8% ] [90m[1msavepack[22m | Storing File: res://addons/com.heroiclabs.nakama/utils/NakamaException.gdc[39m[0m
2026-10-07T21:08:30.5550477Z [   8% ] [90m[1msavepack[22m | Storing File: res://addons/com.heroiclabs.nakama/utils/NakamaLogger.gdc[39m[0m
2026-10-07T21:08:30.5559106Z [   9% ] [90m[1msavepack[22m | Storing File: res://addons/com.heroiclabs.nakama/utils/NakamaMultiplayerBridge.gdc[39m[0m
2026-10-07T21:08:30.5562444Z [   9% ] [90m[1msavepack[22m | Storing File: res://addons/com.heroiclabs.nakama/utils/NakamaMultiplayerPeer.gdc[39m[0m
2026-10-07T21:08:30.5567336Z [   9% ] [90m[1msavepack[22m | Storing File: res://addons/com.heroiclabs.nakama/utils/NakamaSerializer.gdc[39m[0m
2026-10-07T21:08:30.5570011Z [  10% ] [90m[1msavepack[22m | Storing File: res://addons/com.heroiclabs.nakama/Nakama.gdc[39m[0m
2026-10-07T21:08:30.5571852Z [  10% ] [90m[1msavepack[22m | Storing File: res://addons/com.heroiclabs.nakama/Satori.gdc[39m[0m
2026-10-07T21:08:30.5573221Z [  10% ] [90m[1msavepack[22m | Storing File: res://assets/animations/bodyphrase-048/proof.json[39m[0m
2026-10-07T21:08:30.5575258Z [  11% ] [90m[1msavepack[22m | Storing File: res://assets/animations/bodyphrase-049/proof.json[39m[0m
2026-10-07T21:08:30.5593327Z [  11% ] [90m[1msavepack[22m | Storing File: res://assets/animations/vowkeeper_sword_foundation.gdc[39m[0m
2026-10-07T21:08:30.5597450Z [  11% ] [90m[1msavepack[22m | Storing File: res://scripts/dungeon_lighting.gdc[39m[0m
2026-10-07T21:08:30.5607686Z [  12% ] [90m[1msavepack[22m | Storing File: res://scripts/fellowship_service.gdc[39m[0m
2026-10-07T21:08:30.5610075Z [  12% ] [90m[1msavepack[22m | Storing File: res://scripts/game_preferences.gdc[39m[0m
2026-10-07T21:08:30.5618664Z [  13% ] [90m[1msavepack[22m | Storing File: res://scripts/save_store.gdc[39m[0m
2026-10-07T21:08:30.5621687Z [  13% ] [90m[1msavepack[22m | Storing File: res://scripts/regional_stage.gdc[39m[0m
2026-10-07T21:08:30.5642611Z [  13% ] [90m[1msavepack[22m | Storing File: res://scripts/dungeon_actor.gdc[39m[0m
2026-10-07T21:08:30.5656717Z [  14% ] [90m[1msavepack[22m | Storing File: res://scripts/dungeon_layout.gdc[39m[0m
2026-10-07T21:08:30.5658946Z [  14% ] [90m[1msavepack[22m | Storing File: res://scripts/release_info.gdc[39m[0m
2026-10-07T21:08:30.5661476Z [  14% ] [90m[1msavepack[22m | Storing File: res://scripts/oath_combat_rules.gdc[39m[0m
2026-10-07T21:08:30.5666043Z [  15% ] [90m[1msavepack[22m | Storing File: res://scripts/room_ground.gdc[39m[0m
2026-10-07T21:08:30.5687667Z [  15% ] [90m[1msavepack[22m | Storing File: res://scripts/source_avatar_rig.gdc[39m[0m
2026-10-07T21:08:30.5765732Z [  15% ] [90m[1msavepack[22m | Storing File: res://scripts/dungeon_world.gdc[39m[0m
2026-10-07T21:08:30.5902323Z [  16% ] [90m[1msavepack[22m | Storing File: res://scripts/main.gdc[39m[0m
2026-10-07T21:08:30.5954278Z [  16% ] [90m[1msavepack[22m | Storing File: res://scripts/expedition_simulation.gdc[39m[0m
2026-10-07T21:08:30.5956385Z [  17% ] [90m[1msavepack[22m | Storing File: res://scripts/mobile_safe_area.gdc[39m[0m
2026-10-07T21:08:30.5966440Z [  17% ] [90m[1msavepack[22m | Storing File: res://scripts/raider_avatar_rig.gdc[39m[0m
2026-10-07T21:08:30.5969794Z [  17% ] [90m[1msavepack[22m | Storing File: res://scripts/expedition_map.gdc[39m[0m
2026-10-07T21:08:30.5972709Z [  18% ] [90m[1msavepack[22m | Storing File: res://scripts/offline_farm.gdc[39m[0m
2026-10-07T21:08:30.5975751Z [  18% ] [90m[1msavepack[22m | Storing File: res://scripts/skill_glyph.gdc[39m[0m
2026-10-07T21:08:30.5980731Z [  18% ] [90m[1msavepack[22m | Storing File: res://scripts/hero_art.gdc[39m[0m
2026-10-07T21:08:30.5986694Z [  19% ] [90m[1msavepack[22m | Storing File: res://scripts/native_motion_transition.gdc[39m[0m
2026-10-07T21:08:30.5996301Z [  19% ] [90m[1msavepack[22m | Storing File: res://scripts/native_hostile_rig.gdc[39m[0m
2026-10-07T21:08:30.6000644Z [  19% ] [90m[1msavepack[22m | Storing File: res://scripts/progression_service.gdc[39m[0m
2026-10-07T21:08:30.6001715Z [  20% ] [90m[1msavepack[22m | Storing File: res://assets/models/hostiles057/OUTFIT-LICENSE.txt[39m[0m
2026-10-07T21:08:30.6002422Z [  20% ] [90m[1msavepack[22m | Storing File: res://assets/models/raider056/WEAPON-LICENSE.txt[39m[0m
2026-10-07T21:08:30.6003243Z [  21% ] [90m[1msavepack[22m | Storing File: res://assets/models/nyra052/OUTFIT-LICENSE.txt[39m[0m
2026-10-07T21:08:30.6004066Z [  21% ] [90m[1msavepack[22m | Storing File: res://assets/models/nyra052/ANIMATION-LICENSE.txt[39m[0m
2026-10-07T21:08:30.6011650Z [  21% ] [90m[1msavepack[22m | Storing File: res://scripts/source_avatar_style.gdc[39m[0m
2026-10-07T21:08:30.6013112Z [  22% ] [90m[1msavepack[22m | Storing File: res://assets/models/hostiles057/ANIMATION1-LICENSE.txt[39m[0m
2026-10-07T21:08:30.6016836Z [  22% ] [90m[1msavepack[22m | Storing File: res://assets/models/nyra052/BASE-LICENSE.txt[39m[0m
2026-10-07T21:08:30.6018107Z [  22% ] [90m[1msavepack[22m | Storing File: res://assets/models/hostiles057/ANIMATION2-LICENSE.txt[39m[0m
2026-10-07T21:08:30.6019154Z [  23% ] [90m[1msavepack[22m | Storing File: res://assets/models/nyra054/QUATERNIUS-CC0-LICENSE.txt[39m[0m
2026-10-07T21:08:30.6020195Z [  23% ] [90m[1msavepack[22m | Storing File: res://assets/models/classes055/ANIMATION2-LICENSE.txt[39m[0m
2026-10-07T21:08:30.6023607Z [  23% ] [90m[1msavepack[22m | Storing File: res://scripts/ui_glyph.gdc[39m[0m
2026-10-07T21:08:32.9347275Z [  24% ] [90m[1msavepack[22m | Storing File: res://.godot/exported/133200997/export-bcb0d2eb5949c52b6a65bfe9de3e985b-Main.scn[39m[0m
2026-10-07T21:08:32.9348605Z [  24% ] [90m[1msavepack[22m | Storing File: res://assets/models/classes055/OUTFIT-LICENSE.txt[39m[0m
2026-10-07T21:08:32.9349774Z [  25% ] [90m[1msavepack[22m | Storing File: res://assets/models/raider056/OUTFIT-LICENSE.txt[39m[0m
2026-10-07T21:08:32.9350765Z [  25% ] [90m[1msavepack[22m | Storing File: res://assets/models/hostiles057/BASE-LICENSE.txt[39m[0m
2026-10-07T21:08:32.9361204Z [  25% ] [90m[1msavepack[22m | Storing File: res://scripts/source_avatar_combat.gdc[39m[0m
2026-10-07T21:08:32.9362354Z [  26% ] [90m[1msavepack[22m | Storing File: res://assets/models/raider056/ANIMATION2-LICENSE.txt[39m[0m
2026-10-07T21:08:32.9363434Z [  26% ] [90m[1msavepack[22m | Storing File: res://assets/models/raider056/BASE-LICENSE.txt[39m[0m
2026-10-07T21:08:32.9367381Z [  26% ] [90m[1msavepack[22m | Storing File: res://.godot/imported/Cinzel.ttf-1e003c02bd9f5caf99829299b24c9916.fontdata[39m[0m
2026-10-07T21:08:32.9368455Z [  26% ] [90m[1msavepack[22m | Storing File: res://assets/fonts/Cinzel.ttf.import[39m[0m
2026-10-07T21:08:32.9371973Z [  27% ] [90m[1msavepack[22m | Storing File: res://.godot/imported/Lora.ttf-ab235624946333bac5af92b83fa760cd.fontdata[39m[0m
2026-10-07T21:08:32.9373061Z [  27% ] [90m[1msavepack[22m | Storing File: res://assets/fonts/Lora.ttf.import[39m[0m
2026-10-07T21:08:32.9375800Z [  27% ] [90m[1msavepack[22m | Storing File: res://scripts/regional_sets.gdc[39m[0m
2026-10-07T21:08:32.9380687Z [  27% ] [90m[1msavepack[22m | Storing File: res://scripts/frame_metrics.gdc[39m[0m
2026-10-07T21:08:32.9430997Z [  28% ] [90m[1msavepack[22m | Storing File: res://.godot/imported/material-atlas.png-d2ef03e38b931e86c4bd2e43848185b7.ctex[39m[0m
2026-10-07T21:08:32.9432423Z [  28% ] [90m[1msavepack[22m | Storing File: res://assets/materials/field-surfaces/material-atlas.png.import[39m[0m
2026-10-07T21:08:32.9433666Z [  28% ] [90m[1msavepack[22m | Storing File: res://assets/materials/masonry/Bricks096-api.json[39m[0m
2026-10-07T21:08:32.9441636Z [  29% ] [90m[1msavepack[22m | Storing File: res://.godot/imported/Bricks096_1K-PNG_Color.png-96514fad640d6d30da4657340ba505cc.etc2.ctex[39m[0m
2026-10-07T21:08:32.9443002Z [  29% ] [90m[1msavepack[22m | Storing File: res://assets/materials/masonry/Bricks096_1K-PNG_Color.png.import[39m[0m
2026-10-07T21:08:32.9458074Z [  29% ] [90m[1msavepack[22m | Storing File: res://.godot/imported/Bricks096_1K-PNG_NormalGL.png-dd3048f795a07f2c1034b273535930a3.etc2.ctex[39m[0m
2026-10-07T21:08:32.9459472Z [  29% ] [90m[1msavepack[22m | Storing File: res://assets/materials/masonry/Bricks096_1K-PNG_NormalGL.png.import[39m[0m
2026-10-07T21:08:32.9467612Z [  29% ] [90m[1msavepack[22m | Storing File: res://.godot/imported/Bricks096_1K-PNG_Roughness.png-bcd6d5af63c81d428be0f6d738159434.etc2.ctex[39m[0m
2026-10-07T21:08:32.9469027Z [  29% ] [90m[1msavepack[22m | Storing File: res://assets/materials/masonry/Bricks096_1K-PNG_Roughness.png.import[39m[0m
2026-10-07T21:08:32.9470219Z [  30% ] [90m[1msavepack[22m | Storing File: res://assets/materials/masonry/manifest.json[39m[0m
2026-10-07T21:08:32.9499040Z [  30% ] [90m[1msavepack[22m | Storing File: res://.godot/imported/Metal063_1K-JPG_Color.jpg-ec5410a5800e87b2625174344b313cbc.ctex[39m[0m
2026-10-07T21:08:32.9500308Z [  30% ] [90m[1msavepack[22m | Storing File: res://assets/materials/metal/Metal063_1K-JPG_Color.jpg.import[39m[0m
2026-10-07T21:08:32.9515221Z [  30% ] [90m[1msavepack[22m | Storing File: res://.godot/imported/Metal063_1K-JPG_Roughness.jpg-1e98403cced51621af4952b86e8a979f.ctex[39m[0m
2026-10-07T21:08:32.9516572Z [  30% ] [90m[1msavepack[22m | Storing File: res://assets/materials/metal/Metal063_1K-JPG_Roughness.jpg.import[39m[0m
2026-10-07T21:08:32.9520419Z [  31% ] [90m[1msavepack[22m | Storing File: res://scripts/sculpted_mesh.gdc[39m[0m
2026-10-07T21:08:32.9523042Z [  31% ] [90m[1msavepack[22m | Storing File: res://scripts/playtest_notes.gdc[39m[0m
2026-10-07T21:08:32.9556677Z [  31% ] [90m[1msavepack[22m | Storing File: res://.godot/imported/nyra-face-albedo.png-bb02a2970f37df74d6e3a1504768bb5b.ctex[39m[0m
2026-10-07T21:08:32.9558034Z [  31% ] [90m[1msavepack[22m | Storing File: res://assets/materials/nyra-face/nyra-face-albedo.png.import[39m[0m
2026-10-07T21:08:32.9604899Z [  32% ] [90m[1msavepack[22m | Storing File: res://.godot/imported/ruin-floor-albedo.png-3123e49e0c3c94746731caaf6dc19ffa.ctex[39m[0m
2026-10-07T21:08:32.9606317Z [  32% ] [90m[1msavepack[22m | Storing File: res://assets/materials/ruin-floor/ruin-floor-albedo.png.import[39m[0m
2026-10-07T21:08:32.9607552Z [  32% ] [90m[1msavepack[22m | Storing File: res://assets/materials/ruin-floor/ruin-floor-albedo.png.json[39m[0m
2026-10-07T21:08:32.9622113Z [  33% ] [90m[1msavepack[22m | Storing File: res://.godot/imported/Rock030_1K-JPG_Color.jpg-df41745e8b7471faa2015f4b47bedb90.etc2.ctex[39m[0m
2026-10-07T21:08:32.9623395Z [  33% ] [90m[1msavepack[22m | Storing File: res://assets/materials/stone/Rock030_1K-JPG_Color.jpg.import[39m[0m
2026-10-07T21:08:32.9650853Z [  33% ] [90m[1msavepack[22m | Storing File: res://.godot/imported/Rock030_1K-JPG_NormalGL.jpg-3d4806f1d670e87dd2f1c6f1e64ab6d9.etc2.ctex[39m[0m
2026-10-07T21:08:32.9652307Z [  33% ] [90m[1msavepack[22m | Storing File: res://assets/materials/stone/Rock030_1K-JPG_NormalGL.jpg.import[39m[0m
2026-10-07T21:08:32.9666856Z [  33% ] [90m[1msavepack[22m | Storing File: res://.godot/imported/Rock030_1K-JPG_Roughness.jpg-c19eadd4b7b214882683c5bb785ae1cf.etc2.ctex[39m[0m
2026-10-07T21:08:32.9668501Z [  33% ] [90m[1msavepack[22m | Storing File: res://assets/materials/stone/Rock030_1K-JPG_Roughness.jpg.import[39m[0m
2026-10-07T21:08:32.9686521Z [  33% ] [90m[1msavepack[22m | Storing File: res://.godot/imported/ranger-native65.glb-490a9a1d119fb29561568ed604ef6b9b.scn[39m[0m
2026-10-07T21:08:32.9687782Z [  33% ] [90m[1msavepack[22m | Storing File: res://assets/models/classes055/ranger-native65.glb.import[39m[0m
2026-10-07T21:08:32.9688971Z [  33% ] [90m[1msavepack[22m | Storing File: res://assets/models/classes055/ranger-native65.json[39m[0m
2026-10-07T21:08:32.9709834Z [  33% ] [90m[1msavepack[22m | Storing File: res://.godot/imported/ranger-native65_T_Ranger_BaseColor.png-ff67b1e975b2afb02237cd2a6bd56758.ctex[39m[0m
2026-10-07T21:08:32.9711381Z [  33% ] [90m[1msavepack[22m | Storing File: res://assets/models/classes055/ranger-native65_T_Ranger_BaseColor.png.import[39m[0m
2026-10-07T21:08:32.9736496Z [  34% ] [90m[1msavepack[22m | Storing File: res://.godot/imported/ranger-native65_T_Ranger_Normal.png-00c1fb347948f3be6090a6f6350dc28c.ctex[39m[0m
2026-10-07T21:08:32.9738259Z [  34% ] [90m[1msavepack[22m | Storing File: res://assets/models/classes055/ranger-native65_T_Ranger_Normal.png.import[39m[0m
2026-10-07T21:08:32.9757838Z [  34% ] [90m[1msavepack[22m | Storing File: res://.godot/imported/ranger-native65_T_Ranger_ORM.png-fcf5a8da72a6bc3ef0996a0e7d537cbb.ctex[39m[0m
2026-10-07T21:08:32.9758715Z [  34% ] [90m[1msavepack[22m | Storing File: res://assets/models/classes055/ranger-native65_T_Ranger_ORM.png.import[39m[0m
2026-10-07T21:08:32.9771299Z [  34% ] [90m[1msavepack[22m | Storing File: res://.godot/imported/ranger-native65_T_Regular_Female_Dark_BaseColor.png-00a086a6e3cfcee3029995975694db80.ctex[39m[0m
2026-10-07T21:08:32.9772230Z [  34% ] [90m[1msavepack[22m | Storing File: res://assets/models/classes055/ranger-native65_T_Regular_Female_Dark_BaseColor.png.import[39m[0m
2026-10-07T21:08:32.9791601Z [  35% ] [90m[1msavepack[22m | Storing File: res://.godot/imported/ranger-native65_T_Regular_Female_Normal.png-1997afbb1dae25209f91890382330d17.ctex[39m[0m
2026-10-07T21:08:32.9792699Z [  35% ] [90m[1msavepack[22m | Storing File: res://assets/models/classes055/ranger-native65_T_Regular_Female_Normal.png.import[39m[0m
2026-10-07T21:08:32.9808177Z [  35% ] [90m[1msavepack[22m | Storing File: res://.godot/imported/ranger-native65_T_Regular_Female_Roughness.png-d50a7ea1ea0dc2069bf0c9f7224f0008.ctex[39m[0m
2026-10-07T21:08:32.9809190Z [  35% ] [90m[1msavepack[22m | Storing File: res://assets/models/classes055/ranger-native65_T_Regular_Female_Roughness.png.import[39m[0m
2026-10-07T21:08:32.9814837Z [  36% ] [90m[1msavepack[22m | Storing File: res://.godot/imported/archive_bay.glb-ff07994c46c125554a2fd1460b02e814.scn[39m[0m
2026-10-07T21:08:32.9816156Z [  36% ] [90m[1msavepack[22m | Storing File: res://assets/models/environment/archive_bay.glb.import[39m[0m
2026-10-07T21:08:32.9820114Z [  36% ] [90m[1msavepack[22m | Storing File: res://.godot/imported/archive_bay_broken.glb-62c9b9c48b44c6975a0edb2ebe0012cd.scn[39m[0m
2026-10-07T21:08:32.9821365Z [  36% ] [90m[1msavepack[22m | Storing File: res://assets/models/environment/archive_bay_broken.glb.import[39m[0m
2026-10-07T21:08:32.9822803Z [  36% ] [90m[1msavepack[22m | Storing File: res://.godot/imported/archive_end.glb-86312c95d60b4dcb64579584d96f1fe1.scn[39m[0m
2026-10-07T21:08:32.9824034Z [  36% ] [90m[1msavepack[22m | Storing File: res://assets/models/environment/archive_end.glb.import[39m[0m
2026-10-07T21:08:32.9826084Z [  37% ] [90m[1msavepack[22m | Storing File: res://.godot/imported/archive_return.glb-479e0f40dcfc73b28888d160483f7bda.scn[39m[0m
2026-10-07T21:08:32.9827378Z [  37% ] [90m[1msavepack[22m | Storing File: res://assets/models/environment/archive_return.glb.import[39m[0m
2026-10-07T21:08:32.9828640Z [  37% ] [90m[1msavepack[22m | Storing File: res://.godot/imported/archive_solid.glb-729974781d738c97909a31e44a048c3e.scn[39m[0m
2026-10-07T21:08:32.9830150Z [  37% ] [90m[1msavepack[22m | Storing File: res://assets/models/environment/archive_solid.glb.import[39m[0m
2026-10-07T21:08:32.9835178Z [  37% ] [90m[1msavepack[22m | Storing File: res://.godot/imported/citadel_bay.glb-e9484dce93d5a626d83678cb4a25a8f7.scn[39m[0m
2026-10-07T21:08:32.9836476Z [  37% ] [90m[1msavepack[22m | Storing File: res://assets/models/environment/citadel_bay.glb.import[39m[0m
2026-10-07T21:08:32.9841099Z [  38% ] [90m[1msavepack[22m | Storing File: res://.godot/imported/citadel_bay_broken.glb-23fc37b64c57a3d4053a76507cd3eb36.scn[39m[0m
2026-10-07T21:08:32.9842355Z [  38% ] [90m[1msavepack[22m | Storing File: res://assets/models/environment/citadel_bay_broken.glb.import[39m[0m
2026-10-07T21:08:32.9843718Z [  38% ] [90m[1msavepack[22m | Storing File: res://.godot/imported/citadel_end.glb-14b82078a057700512a7996b64011fa2.scn[39m[0m
2026-10-07T21:08:32.9844960Z [  38% ] [90m[1msavepack[22m | Storing File: res://assets/models/environment/citadel_end.glb.import[39m[0m
2026-10-07T21:08:32.9847558Z [  38% ] [90m[1msavepack[22m | Storing File: res://.godot/imported/citadel_return.glb-8c7f348e4c3c24f47246fe2c54342807.scn[39m[0m
2026-10-07T21:08:32.9848705Z [  38% ] [90m[1msavepack[22m | Storing File: res://assets/models/environment/citadel_return.glb.import[39m[0m
2026-10-07T21:08:32.9849973Z [  39% ] [90m[1msavepack[22m | Storing File: res://.godot/imported/citadel_solid.glb-6fb17af5901e7287d9e68c1e6a2a5a41.scn[39m[0m
2026-10-07T21:08:32.9851160Z [  39% ] [90m[1msavepack[22m | Storing File: res://assets/models/environment/citadel_solid.glb.import[39m[0m
2026-10-07T21:08:32.9852161Z [  39% ] [90m[1msavepack[22m | Storing File: res://assets/models/environment/manifest.json[39m[0m
2026-10-07T21:08:32.9858232Z [  40% ] [90m[1msavepack[22m | Storing File: res://.godot/imported/ossuary_bay.glb-1904a44fd1c4436880a364abce08dce7.scn[39m[0m
2026-10-07T21:08:32.9859385Z [  40% ] [90m[1msavepack[22m | Storing File: res://assets/models/environment/ossuary_bay.glb.import[39m[0m
2026-10-07T21:08:32.9865267Z [  40% ] [90m[1msavepack[22m | Storing File: res://.godot/imported/ossuary_bay_broken.glb-1af785b3a5f82e3c839ba29f6bffd08b.scn[39m[0m
2026-10-07T21:08:32.9866480Z [  40% ] [90m[1msavepack[22m | Storing File: res://assets/models/environment/ossuary_bay_broken.glb.import[39m[0m
2026-10-07T21:08:32.9867630Z [  40% ] [90m[1msavepack[22m | Storing File: res://.godot/imported/ossuary_end.glb-495736fc180ea23df3f97f7f6471f8ce.scn[39m[0m
2026-10-07T21:08:32.9868815Z [  40% ] [90m[1msavepack[22m | Storing File: res://assets/models/environment/ossuary_end.glb.import[39m[0m
2026-10-07T21:08:32.9871228Z [  41% ] [90m[1msavepack[22m | Storing File: res://.godot/imported/ossuary_return.glb-22f4302f4e0dba664c934ae4dcea2588.scn[39m[0m
2026-10-07T21:08:32.9895951Z [  41% ] [90m[1msavepack[22m | Storing File: res://assets/models/environment/ossuary_return.glb.import[39m[0m
2026-10-07T21:08:32.9897110Z [  41% ] [90m[1msavepack[22m | Storing File: res://.godot/imported/ossuary_solid.glb-89a36bb4201dbb371c888a6a592c86f1.scn[39m[0m
2026-10-07T21:08:32.9898326Z [  41% ] [90m[1msavepack[22m | Storing File: res://assets/models/environment/ossuary_solid.glb.import[39m[0m
2026-10-07T21:08:32.9899407Z [  41% ] [90m[1msavepack[22m | Storing File: res://.godot/imported/spire_bay.glb-772c070b1ba390b36326c3e661c64708.scn[39m[0m
2026-10-07T21:08:32.9900302Z [  41% ] [90m[1msavepack[22m | Storing File: res://assets/models/environment/spire_bay.glb.import[39m[0m
2026-10-07T21:08:32.9901070Z [  42% ] [90m[1msavepack[22m | Storing File: res://.godot/imported/spire_bay_broken.glb-698754b96b38ed297f50eed7c5c83883.scn[39m[0m
2026-10-07T21:08:32.9901781Z [  42% ] [90m[1msavepack[22m | Storing File: res://assets/models/environment/spire_bay_broken.glb.import[39m[0m
2026-10-07T21:08:32.9902818Z [  42% ] [90m[1msavepack[22m | Storing File: res://.godot/imported/spire_end.glb-99d2c2b983dd6d0098f70ad6bd36780d.scn[39m[0m
2026-10-07T21:08:32.9903995Z [  42% ] [90m[1msavepack[22m | Storing File: res://assets/models/environment/spire_end.glb.import[39m[0m
2026-10-07T21:08:32.9904779Z [  42% ] [90m[1msavepack[22m | Storing File: res://.godot/imported/spire_return.glb-255514099209b783c710a62b5fe7a365.scn[39m[0m
2026-10-07T21:08:32.9905566Z [  42% ] [90m[1msavepack[22m | Storing File: res://assets/models/environment/spire_return.glb.import[39m[0m
2026-10-07T21:08:32.9906275Z [  43% ] [90m[1msavepack[22m | Storing File: res://.godot/imported/spire_solid.glb-fc0d3f080a5b7f138e06b737e11eb426.scn[39m[0m
2026-10-07T21:08:32.9906952Z [  43% ] [90m[1msavepack[22m | Storing File: res://assets/models/environment/spire_solid.glb.import[39m[0m
2026-10-07T21:08:32.9907736Z [  43% ] [90m[1msavepack[22m | Storing File: res://.godot/imported/bulwark-fitted.glb-bc4d07ef55262003b7c8f04bada870e4.scn[39m[0m
2026-10-07T21:08:32.9908838Z [  43% ] [90m[1msavepack[22m | Storing File: res://assets/models/hostiles057/bulwark-fitted.glb.import[39m[0m
2026-10-07T21:08:32.9909640Z [  44% ] [90m[1msavepack[22m | Storing File: res://assets/models/hostiles057/death-grounding.json[39m[0m
2026-10-07T21:08:32.9910340Z [  44% ] [90m[1msavepack[22m | Storing File: res://.godot/imported/elite-fitted.glb-264dc0eba991e3013159da63f4675e95.scn[39m[0m
2026-10-07T21:08:32.9911283Z [  44% ] [90m[1msavepack[22m | Storing File: res://assets/models/hostiles057/elite-fitted.glb.import[39m[0m
2026-10-07T21:08:32.9912064Z [  44% ] [90m[1msavepack[22m | Storing File: res://.godot/imported/guardian_0-fitted.glb-25426893a2255d04d253cc9bd82f2ae6.scn[39m[0m
2026-10-07T21:08:32.9912789Z [  44% ] [90m[1msavepack[22m | Storing File: res://assets/models/hostiles057/guardian_0-fitted.glb.import[39m[0m
2026-10-07T21:08:32.9913559Z [  45% ] [90m[1msavepack[22m | Storing File: res://.godot/imported/guardian_1-fitted.glb-1921d13939516ef686b15728004e543a.scn[39m[0m
2026-10-07T21:08:32.9914279Z [  45% ] [90m[1msavepack[22m | Storing File: res://assets/models/hostiles057/guardian_1-fitted.glb.import[39m[0m
2026-10-07T21:08:32.9915318Z [  45% ] [90m[1msavepack[22m | Storing File: res://.godot/imported/guardian_2-fitted.glb-721b4c835963c05984259aedcde364bf.scn[39m[0m
2026-10-07T21:08:32.9916479Z [  45% ] [90m[1msavepack[22m | Storing File: res://assets/models/hostiles057/guardian_2-fitted.glb.import[39m[0m
2026-10-07T21:08:32.9917589Z [  45% ] [90m[1msavepack[22m | Storing File: res://.godot/imported/guardian_3-fitted.glb-a2936dd7a8a74948466f851db1c74fe5.scn[39m[0m
2026-10-07T21:08:32.9918583Z [  45% ] [90m[1msavepack[22m | Storing File: res://assets/models/hostiles057/guardian_3-fitted.glb.import[39m[0m
2026-10-07T21:08:32.9919305Z [  46% ] [90m[1msavepack[22m | Storing File: res://.godot/imported/hexer-fitted.glb-0e873e2b1ab7b4bf11e403ca136acd44.scn[39m[0m
2026-10-07T21:08:32.9920013Z [  46% ] [90m[1msavepack[22m | Storing File: res://assets/models/hostiles057/hexer-fitted.glb.import[39m[0m
2026-10-07T21:08:32.9927592Z [  46% ] [90m[1msavepack[22m | Storing File: res://.godot/imported/male-clothing-native65.glb-4bc33eab05e40be4347fd3591044ec78.scn[39m[0m
2026-10-07T21:08:32.9928794Z [  46% ] [90m[1msavepack[22m | Storing File: res://assets/models/hostiles057/male-clothing-native65.glb.import[39m[0m
2026-10-07T21:08:32.9936279Z [  46% ] [90m[1msavepack[22m | Storing File: res://.godot/imported/male-clothing-native65_T_Ranger_BaseColor.png-12a0111b640b393580c0c74dd0541db9.ctex[39m[0m
2026-10-07T21:08:32.9937758Z [  46% ] [90m[1msavepack[22m | Storing File: res://assets/models/hostiles057/male-clothing-native65_T_Ranger_BaseColor.png.import[39m[0m
2026-10-07T21:08:32.9945797Z [  47% ] [90m[1msavepack[22m | Storing File: res://.godot/imported/male-clothing-native65_T_Ranger_Normal.png-103f88c7a73e2d8b4ea25a441278fb0c.ctex[39m[0m
2026-10-07T21:08:32.9947149Z [  47% ] [90m[1msavepack[22m | Storing File: res://assets/models/hostiles057/male-clothing-native65_T_Ranger_Normal.png.import[39m[0m
2026-10-07T21:08:32.9953414Z [  47% ] [90m[1msavepack[22m | Storing File: res://.godot/imported/male-clothing-native65_T_Ranger_ORM.png-3d18487aa536380997251158d5263026.ctex[39m[0m
2026-10-07T21:08:32.9954574Z [  47% ] [90m[1msavepack[22m | Storing File: res://assets/models/hostiles057/male-clothing-native65_T_Ranger_ORM.png.import[39m[0m
2026-10-07T21:08:32.9955722Z [  48% ] [90m[1msavepack[22m | Storing File: res://assets/models/hostiles057/manifest.json[39m[0m
2026-10-07T21:08:32.9971274Z [  48% ] [90m[1msavepack[22m | Storing File: res://.godot/imported/arcanist.glb-3c1ca8c50ced7b1bb080bf14de9adaed.scn[39m[0m
2026-10-07T21:08:32.9972312Z [  48% ] [90m[1msavepack[22m | Storing File: res://assets/models/nyra052/arcanist.glb.import[39m[0m
2026-10-07T21:08:32.9974058Z [  48% ] [90m[1msavepack[22m | Storing File: res://.godot/imported/arcanist_T_Eye_Brown.png-3a92388c855c4da3ed5ebb1b643499f8.ctex[39m[0m
2026-10-07T21:08:32.9975304Z [  48% ] [90m[1msavepack[22m | Storing File: res://assets/models/nyra052/arcanist_T_Eye_Brown.png.import[39m[0m
2026-10-07T21:08:32.9976555Z [  49% ] [90m[1msavepack[22m | Storing File: res://.godot/imported/arcanist_T_Eye_Normal.png-d0e0e49e164be7d7911a341e15c97457.ctex[39m[0m
2026-10-07T21:08:32.9977673Z [  49% ] [90m[1msavepack[22m | Storing File: res://assets/models/nyra052/arcanist_T_Eye_Normal.png.import[39m[0m
2026-10-07T21:08:33.0016461Z [  49% ] [90m[1msavepack[22m | Storing File: res://.godot/imported/arcanist_T_Hair_2_BaseColor.png-491283e19764193163ba098b4d521c9f.ctex[39m[0m
2026-10-07T21:08:33.0017676Z [  49% ] [90m[1msavepack[22m | Storing File: res://assets/models/nyra052/arcanist_T_Hair_2_BaseColor.png.import[39m[0m
2026-10-07T21:08:33.0056901Z [  49% ] [90m[1msavepack[22m | Storing File: res://.godot/imported/arcanist_T_Hair_2_BaseColor_11.png-526fe5432cb9f52b3893ed62755d71e0.ctex[39m[0m
2026-10-07T21:08:33.0058128Z [  49% ] [90m[1msavepack[22m | Storing File: res://assets/models/nyra052/arcanist_T_Hair_2_BaseColor_11.png.import[39m[0m
2026-10-07T21:08:33.0152855Z [  50% ] [90m[1msavepack[22m | Storing File: res://.godot/imported/arcanist_T_Hair_2_Normal.png-9ae3f019e71cf1589212a91a398a11ab.ctex[39m[0m
2026-10-07T21:08:33.0154033Z [  50% ] [90m[1msavepack[22m | Storing File: res://assets/models/nyra052/arcanist_T_Hair_2_Normal.png.import[39m[0m
2026-10-07T21:08:33.0248109Z [  50% ] [90m[1msavepack[22m | Storing File: res://.godot/imported/arcanist_T_Hair_2_Normal_10.png-1d503becafcd8baaa9d264bfdce54d26.ctex[39m[0m
2026-10-07T21:08:33.0249308Z [  50% ] [90m[1msavepack[22m | Storing File: res://assets/models/nyra052/arcanist_T_Hair_2_Normal_10.png.import[39m[0m
2026-10-07T21:08:33.0293646Z [  50% ] [90m[1msavepack[22m | Storing File: res://.godot/imported/arcanist_T_Peasant_BaseColor.png-6b09cfec62fbd623789b2cbd35745052.ctex[39m[0m
2026-10-07T21:08:33.0294969Z [  50% ] [90m[1msavepack[22m | Storing File: res://assets/models/nyra052/arcanist_T_Peasant_BaseColor.png.import[39m[0m
2026-10-07T21:08:33.0361948Z [  51% ] [90m[1msavepack[22m | Storing File: res://.godot/imported/arcanist_T_Peasant_Normal.png-61c608e65908e28cafb164dc6f8aec0f.ctex[39m[0m
2026-10-07T21:08:33.0363001Z [  51% ] [90m[1msavepack[22m | Storing File: res://assets/models/nyra052/arcanist_T_Peasant_Normal.png.import[39m[0m
2026-10-07T21:08:33.0412565Z [  51% ] [90m[1msavepack[22m | Storing File: res://.godot/imported/arcanist_T_Peasant_ORM.png-823dd445cb815571be80b548d7b1bbed.ctex[39m[0m
2026-10-07T21:08:33.0413743Z [  51% ] [90m[1msavepack[22m | Storing File: res://assets/models/nyra052/arcanist_T_Peasant_ORM.png.import[39m[0m
2026-10-07T21:08:33.0444350Z [  52% ] [90m[1msavepack[22m | Storing File: res://.godot/imported/arcanist_T_Superhero_Female_Dark_BaseColor.png-eba1e7513f09f85bed5afd85ad1e21bf.ctex[39m[0m
2026-10-07T21:08:33.0445793Z [  52% ] [90m[1msavepack[22m | Storing File: res://assets/models/nyra052/arcanist_T_Superhero_Female_Dark_BaseColor.png.import[39m[0m
2026-10-07T21:08:33.0513724Z [  52% ] [90m[1msavepack[22m | Storing File: res://.godot/imported/arcanist_T_Superhero_Female_Normal.png-f21166227b7849545871db8bf89ff960.ctex[39m[0m
2026-10-07T21:08:33.0515103Z [  52% ] [90m[1msavepack[22m | Storing File: res://assets/models/nyra052/arcanist_T_Superhero_Female_Normal.png.import[39m[0m
2026-10-07T21:08:33.0562305Z [  52% ] [90m[1msavepack[22m | Storing File: res://.godot/imported/arcanist_T_Superhero_Female_Roughness.png-ae8ddc75d3e365a9d4e9f502d16746dc.ctex[39m[0m
2026-10-07T21:08:33.0563657Z [  52% ] [90m[1msavepack[22m | Storing File: res://assets/models/nyra052/arcanist_T_Superhero_Female_Roughness.png.import[39m[0m
2026-10-07T21:08:33.0564783Z [  53% ] [90m[1msavepack[22m | Storing File: res://assets/models/nyra052/assembly-report.json[39m[0m
2026-10-07T21:08:33.0565724Z [  53% ] [90m[1msavepack[22m | Storing File: res://assets/models/nyra052/death-grounding.json[39m[0m
2026-10-07T21:08:33.0567829Z [  53% ] [90m[1msavepack[22m | Storing File: res://.godot/imported/staff-grip053.glb-538fafc9510c5e213bbca84ab940ad6c.scn[39m[0m
2026-10-07T21:08:33.0568981Z [  53% ] [90m[1msavepack[22m | Storing File: res://assets/models/nyra052/staff-grip053.glb.import[39m[0m
2026-10-07T21:08:33.0569957Z [  54% ] [90m[1msavepack[22m | Storing File: res://assets/models/nyra052/staff-grip053.json[39m[0m
2026-10-07T21:08:33.0573362Z [  54% ] [90m[1msavepack[22m | Storing File: res://.godot/imported/nyra-attire054.glb-759cfa99cd6f687501ba1ecfc94c2b72.scn[39m[0m
2026-10-07T21:08:33.0574438Z [  54% ] [90m[1msavepack[22m | Storing File: res://assets/models/nyra054/nyra-attire054.glb.import[39m[0m
2026-10-07T21:08:33.0575518Z [  54% ] [90m[1msavepack[22m | Storing File: res://assets/models/nyra054/nyra-attire054.json[39m[0m
2026-10-07T21:08:33.0578903Z [  55% ] [90m[1msavepack[22m | Storing File: res://.godot/imported/archive_reliquary.glb-db05fb09173078618ff81ab5542c8f0a.scn[39m[0m
2026-10-07T21:08:33.0580089Z [  55% ] [90m[1msavepack[22m | Storing File: res://assets/models/props049/archive_reliquary.glb.import[39m[0m
2026-10-07T21:08:33.0582575Z [  55% ] [90m[1msavepack[22m | Storing File: res://.godot/imported/citadel_reliquary.glb-e149ce130a2000779f0a5d36d6ec4ded.scn[39m[0m
2026-10-07T21:08:33.0583687Z [  55% ] [90m[1msavepack[22m | Storing File: res://assets/models/props049/citadel_reliquary.glb.import[39m[0m
2026-10-07T21:08:33.0584639Z [  56% ] [90m[1msavepack[22m | Storing File: res://assets/models/props049/manifest.json[39m[0m
2026-10-07T21:08:33.0586965Z [  56% ] [90m[1msavepack[22m | Storing File: res://.godot/imported/ossuary_reliquary.glb-692346c48540b0d34e8f113690076a52.scn[39m[0m
2026-10-07T21:08:33.0588136Z [  56% ] [90m[1msavepack[22m | Storing File: res://assets/models/props049/ossuary_reliquary.glb.import[39m[0m
2026-10-07T21:08:33.0591023Z [  56% ] [90m[1msavepack[22m | Storing File: res://.godot/imported/spire_reliquary.glb-763af3f107c1da50e00446a758b1db9a.scn[39m[0m
2026-10-07T21:08:33.0592157Z [  56% ] [90m[1msavepack[22m | Storing File: res://assets/models/props049/spire_reliquary.glb.import[39m[0m
2026-10-07T21:08:33.0593280Z [  57% ] [90m[1msavepack[22m | Storing File: res://.godot/imported/axe-fitted.glb-b932ec18b219b7de686af92b1de2b5f5.scn[39m[0m
2026-10-07T21:08:33.0594305Z [  57% ] [90m[1msavepack[22m | Storing File: res://assets/models/raider056/axe-fitted.glb.import[39m[0m
2026-10-07T21:08:33.0595375Z [  57% ] [90m[1msavepack[22m | Storing File: res://assets/models/raider056/axe-fitted.json[39m[0m
2026-10-07T21:08:33.0596238Z [  57% ] [90m[1msavepack[22m | Storing File: res://assets/models/raider056/axe-grip.json[39m[0m
2026-10-07T21:08:33.0597410Z [  58% ] [90m[1msavepack[22m | Storing File: res://.godot/imported/axe-original.glb-b7d77301667adfe60dc6f56768041e2f.scn[39m[0m
2026-10-07T21:08:33.0598456Z [  58% ] [90m[1msavepack[22m | Storing File: res://assets/models/raider056/axe-original.glb.import[39m[0m
2026-10-07T21:08:33.0599456Z [  58% ] [90m[1msavepack[22m | Storing File: res://assets/models/raider056/death-grounding.json[39m[0m
2026-10-07T21:08:33.0611638Z [  58% ] [90m[1msavepack[22m | Storing File: res://.godot/imported/raider-native65.glb-b0d2c1c799914186d1dedd5700f1982e.scn[39m[0m
2026-10-07T21:08:33.0612839Z [  58% ] [90m[1msavepack[22m | Storing File: res://assets/models/raider056/raider-native65.glb.import[39m[0m
2026-10-07T21:08:33.0613869Z [  59% ] [90m[1msavepack[22m | Storing File: res://assets/models/raider056/raider-native65.json[39m[0m
2026-10-07T21:08:33.0616093Z [  59% ] [90m[1msavepack[22m | Storing File: res://.godot/imported/raider-native65_T_Eye_Brown.png-f270c61d828fb9176817c62cf8e77885.ctex[39m[0m
2026-10-07T21:08:33.0617119Z [  59% ] [90m[1msavepack[22m | Storing File: res://assets/models/raider056/raider-native65_T_Eye_Brown.png.import[39m[0m
2026-10-07T21:08:33.0618529Z [  60% ] [90m[1msavepack[22m | Storing File: res://.godot/imported/raider-native65_T_Eye_Normal.png-3d7f2319b50202c5a478669916324a52.ctex[39m[0m
2026-10-07T21:08:33.0619841Z [  60% ] [90m[1msavepack[22m | Storing File: res://assets/models/raider056/raider-native65_T_Eye_Normal.png.import[39m[0m
2026-10-07T21:08:33.0635313Z [  60% ] [90m[1msavepack[22m | Storing File: res://.godot/imported/raider-native65_T_Hair_1_BaseColor.png-078b95edb09a0872decbdf5cd83615f8.ctex[39m[0m
2026-10-07T21:08:33.0636255Z [  60% ] [90m[1msavepack[22m | Storing File: res://assets/models/raider056/raider-native65_T_Hair_1_BaseColor.png.import[39m[0m
2026-10-07T21:08:33.0662561Z [  60% ] [90m[1msavepack[22m | Storing File: res://.godot/imported/raider-native65_T_Hair_1_Normal.png-852bc6c2932ca3d001ef283dedeac73f.ctex[39m[0m
2026-10-07T21:08:33.0663858Z [  60% ] [90m[1msavepack[22m | Storing File: res://assets/models/raider056/raider-native65_T_Hair_1_Normal.png.import[39m[0m
2026-10-07T21:08:33.0679905Z [  61% ] [90m[1msavepack[22m | Storing File: res://.godot/imported/raider-native65_T_Peasant_BaseColor.png-531aedec174b8ff864334b6f0a805196.ctex[39m[0m
2026-10-07T21:08:33.0681247Z [  61% ] [90m[1msavepack[22m | Storing File: res://assets/models/raider056/raider-native65_T_Peasant_BaseColor.png.import[39m[0m
2026-10-07T21:08:33.0703828Z [  61% ] [90m[1msavepack[22m | Storing File: res://.godot/imported/raider-native65_T_Peasant_Normal.png-8df19bc83e27462b2bdb2122fceb5be4.ctex[39m[0m
2026-10-07T21:08:33.0705224Z [  61% ] [90m[1msavepack[22m | Storing File: res://assets/models/raider056/raider-native65_T_Peasant_Normal.png.import[39m[0m
2026-10-07T21:08:33.0719618Z [  61% ] [90m[1msavepack[22m | Storing File: res://.godot/imported/raider-native65_T_Peasant_ORM.png-35a6390bfea006daf25fb4cd3251d5f5.ctex[39m[0m
2026-10-07T21:08:33.0720649Z [  61% ] [90m[1msavepack[22m | Storing File: res://assets/models/raider056/raider-native65_T_Peasant_ORM.png.import[39m[0m
2026-10-07T21:08:33.0732599Z [  62% ] [90m[1msavepack[22m | Storing File: res://.godot/imported/raider-native65_T_Regular_Male_Dark_BaseColor.png-446fd27a479a3f1ce18f3821a044e29e.ctex[39m[0m
2026-10-07T21:08:33.0733977Z [  62% ] [90m[1msavepack[22m | Storing File: res://assets/models/raider056/raider-native65_T_Regular_Male_Dark_BaseColor.png.import[39m[0m
2026-10-07T21:08:33.0753816Z [  62% ] [90m[1msavepack[22m | Storing File: res://.godot/imported/raider-native65_T_Regular_Male_Normal.png-af7cc78725a32ee872f66afa48b57e71.ctex[39m[0m
2026-10-07T21:08:33.0755182Z [  62% ] [90m[1msavepack[22m | Storing File: res://assets/models/raider056/raider-native65_T_Regular_Male_Normal.png.import[39m[0m
2026-10-07T21:08:33.0768653Z [  62% ] [90m[1msavepack[22m | Storing File: res://.godot/imported/raider-native65_T_Regular_Male_Roughness.png-13a6897309ac1868fd653a67856e79c1.ctex[39m[0m
2026-10-07T21:08:33.0770001Z [  62% ] [90m[1msavepack[22m | Storing File: res://assets/models/raider056/raider-native65_T_Regular_Male_Roughness.png.import[39m[0m
2026-10-07T21:08:33.0781957Z [  63% ] [90m[1msavepack[22m | Storing File: res://.godot/imported/raider-native65_T_Superhero_Male_Dark.png-f3f0b4188e0227bbd5bf29dc0dd7d052.ctex[39m[0m
2026-10-07T21:08:33.0782873Z [  63% ] [90m[1msavepack[22m | Storing File: res://assets/models/raider056/raider-native65_T_Superhero_Male_Dark.png.import[39m[0m
2026-10-07T21:08:33.0804965Z [  63% ] [90m[1msavepack[22m | Storing File: res://.godot/imported/raider-native65_T_Superhero_Male_Normal.png-485e2c88b22b35138334ed8732147e4a.ctex[39m[0m
2026-10-07T21:08:33.0806239Z [  63% ] [90m[1msavepack[22m | Storing File: res://assets/models/raider056/raider-native65_T_Superhero_Male_Normal.png.import[39m[0m
2026-10-07T21:08:33.0819652Z [  64% ] [90m[1msavepack[22m | Storing File: res://.godot/imported/raider-native65_T_Superhero_Male_Roughness.png-972e754c15bd3cf6dbb037e30cd4daef.ctex[39m[0m
2026-10-07T21:08:33.0820701Z [  64% ] [90m[1msavepack[22m | Storing File: res://assets/models/raider056/raider-native65_T_Superhero_Male_Roughness.png.import[39m[0m
2026-10-07T21:08:33.0838759Z [  64% ] [90m[1msavepack[22m | Storing File: res://.godot/imported/arcanist.glb-5004bdb3c2653fcf413604205fcf0367.scn[39m[0m
2026-10-07T21:08:33.0839855Z [  64% ] [90m[1msavepack[22m | Storing File: res://assets/models/arcanist.glb.import[39m[0m
2026-10-07T21:08:33.0842977Z [  64% ] [90m[1msavepack[22m | Storing File: res://.godot/imported/bone_arch.glb-6f3011358c8e0905418e94b9a13a30c6.scn[39m[0m
2026-10-07T21:08:33.0844010Z [  64% ] [90m[1msavepack[22m | Storing File: res://assets/models/bone_arch.glb.import[39m[0m
2026-10-07T21:08:33.0845716Z [  65% ] [90m[1msavepack[22m | Storing File: res://.godot/imported/broken_pillar.glb-516c6c58bc674ca85d971a4912f65352.scn[39m[0m
2026-10-07T21:08:33.0846757Z [  65% ] [90m[1msavepack[22m | Storing File: res://assets/models/broken_pillar.glb.import[39m[0m
2026-10-07T21:08:33.0858992Z [  65% ] [90m[1msavepack[22m | Storing File: res://.godot/imported/bulwark.glb-9daf7d8282e45d3e1755ac7e3cc072e0.scn[39m[0m
2026-10-07T21:08:33.0859988Z [  65% ] [90m[1msavepack[22m | Storing File: res://assets/models/bulwark.glb.import[39m[0m
2026-10-07T21:08:33.0864539Z [  65% ] [90m[1msavepack[22m | Storing File: res://.godot/imported/carved_tomb.glb-1342e4177e3bf34445a3f0625bfcaadb.scn[39m[0m
2026-10-07T21:08:33.0865596Z [  65% ] [90m[1msavepack[22m | Storing File: res://assets/models/carved_tomb.glb.import[39m[0m
2026-10-07T21:08:33.0868948Z [  66% ] [90m[1msavepack[22m | Storing File: res://.godot/imported/ceremonial_brazier.glb-424edd82adb6f8d60d4f27e953676a75.scn[39m[0m
2026-10-07T21:08:33.0870020Z [  66% ] [90m[1msavepack[22m | Storing File: res://assets/models/ceremonial_brazier.glb.import[39m[0m
2026-10-07T21:08:33.0882224Z [  66% ] [90m[1msavepack[22m | Storing File: res://.godot/imported/drowned_library.glb-158fcdb2e20b53a6fa6e5459b54bb694.scn[39m[0m
2026-10-07T21:08:33.0883308Z [  66% ] [90m[1msavepack[22m | Storing File: res://assets/models/drowned_library.glb.import[39m[0m
2026-10-07T21:08:33.0894983Z [  66% ] [90m[1msavepack[22m | Storing File: res://.godot/imported/elite.glb-8cb06f9536a564d85872e4f2ace2fbf5.scn[39m[0m
2026-10-07T21:08:33.0896015Z [  66% ] [90m[1msavepack[22m | Storing File: res://assets/models/elite.glb.import[39m[0m
2026-10-07T21:08:33.0899872Z [  66% ] [90m[1msavepack[22m | Storing File: res://.godot/imported/expedition_table.glb-e7ad277c014b7d43674970541d41273f.scn[39m[0m
2026-10-07T21:08:33.0900917Z [  66% ] [90m[1msavepack[22m | Storing File: res://assets/models/expedition_table.glb.import[39m[0m
2026-10-07T21:08:33.0905935Z [  66% ] [90m[1msavepack[22m | Storing File: res://.godot/imported/field_forge.glb-6c3f0b0867b0fd3d23ce6c1ced123e35.scn[39m[0m
2026-10-07T21:08:33.0906923Z [  66% ] [90m[1msavepack[22m | Storing File: res://assets/models/field_forge.glb.import[39m[0m
2026-10-07T21:08:33.0910155Z [  67% ] [90m[1msavepack[22m | Storing File: res://.godot/imported/furnace.glb-a3f2271114d78038efb7789efcc2084f.scn[39m[0m
2026-10-07T21:08:33.0911115Z [  67% ] [90m[1msavepack[22m | Storing File: res://assets/models/furnace.glb.import[39m[0m
2026-10-07T21:08:33.0913088Z [  67% ] [90m[1msavepack[22m | Storing File: res://.godot/imported/furnace_throne.glb-23bd2b9a69f9ef9523f28ea87cad0282.scn[39m[0m
2026-10-07T21:08:33.0914158Z [  67% ] [90m[1msavepack[22m | Storing File: res://assets/models/furnace_throne.glb.import[39m[0m
2026-10-07T21:08:33.0918065Z [  67% ] [90m[1msavepack[22m | Storing File: res://.godot/imported/gothic_arch.glb-b1ced3826c210ff06a1b7ec0bb595469.scn[39m[0m
2026-10-07T21:08:33.0919098Z [  67% ] [90m[1msavepack[22m | Storing File: res://assets/models/gothic_arch.glb.import[39m[0m
2026-10-07T21:08:33.0935305Z [  68% ] [90m[1msavepack[22m | Storing File: res://.godot/imported/guardian_0.glb-e505398dad9424304a21a1940946aaee.scn[39m[0m
2026-10-07T21:08:33.0936180Z [  68% ] [90m[1msavepack[22m | Storing File: res://assets/models/guardian_0.glb.import[39m[0m
2026-10-07T21:08:33.0953944Z [  68% ] [90m[1msavepack[22m | Storing File: res://.godot/imported/guardian_1.glb-01b49232e4d939d2ee88563cf2cd0202.scn[39m[0m
2026-10-07T21:08:33.0955105Z [  68% ] [90m[1msavepack[22m | Storing File: res://assets/models/guardian_1.glb.import[39m[0m
2026-10-07T21:08:33.0972822Z [  68% ] [90m[1msavepack[22m | Storing File: res://.godot/imported/guardian_2.glb-863b7105932d4a5346a6fb87d9d8f70d.scn[39m[0m
2026-10-07T21:08:33.0973628Z [  68% ] [90m[1msavepack[22m | Storing File: res://assets/models/guardian_2.glb.import[39m[0m
2026-10-07T21:08:33.0986821Z [  69% ] [90m[1msavepack[22m | Storing File: res://.godot/imported/guardian_3.glb-8ef6846d9374c20d4f8c6addc3e4d2f9.scn[39m[0m
2026-10-07T21:08:33.0987833Z [  69% ] [90m[1msavepack[22m | Storing File: res://assets/models/guardian_3.glb.import[39m[0m
2026-10-07T21:08:33.0991246Z [  69% ] [90m[1msavepack[22m | Storing File: res://.godot/imported/hanging_bell.glb-6bb48c68b30f052700ce7074e2058738.scn[39m[0m
2026-10-07T21:08:33.0992174Z [  69% ] [90m[1msavepack[22m | Storing File: res://assets/models/hanging_bell.glb.import[39m[0m
2026-10-07T21:08:33.1009541Z [  69% ] [90m[1msavepack[22m | Storing File: res://.godot/imported/hexer.glb-9d251cb82a4d4bdc8400c1d95e364c8b.scn[39m[0m
2026-10-07T21:08:33.1010513Z [  69% ] [90m[1msavepack[22m | Storing File: res://assets/models/hexer.glb.import[39m[0m
2026-10-07T21:08:33.1014257Z [  70% ] [90m[1msavepack[22m | Storing File: res://.godot/imported/leaded_lancet.glb-337432674d0bacdafd8971e3859142aa.scn[39m[0m
2026-10-07T21:08:33.1015393Z [  70% ] [90m[1msavepack[22m | Storing File: res://assets/models/leaded_lancet.glb.import[39m[0m
2026-10-07T21:08:33.1017720Z [  70% ] [90m[1msavepack[22m | Storing File: res://.godot/imported/pilgrim_well.glb-c252c7e4d80ce50d549babfb023c60bb.scn[39m[0m
2026-10-07T21:08:33.1018713Z [  70% ] [90m[1msavepack[22m | Storing File: res://assets/models/pilgrim_well.glb.import[39m[0m
2026-10-07T21:08:33.1020929Z [  71% ] [90m[1msavepack[22m | Storing File: res://.godot/imported/pillar.glb-8fe894eddbe22220964a70cbd50ae07b.scn[39m[0m
2026-10-07T21:08:33.1021933Z [  71% ] [90m[1msavepack[22m | Storing File: res://assets/models/pillar.glb.import[39m[0m
2026-10-07T21:08:33.1032284Z [  71% ] [90m[1msavepack[22m | Storing File: res://.godot/imported/raider.glb-1f99c273da4e962a7987c83e798c6687.scn[39m[0m
2026-10-07T21:08:33.1033237Z [  71% ] [90m[1msavepack[22m | Storing File: res://assets/models/raider.glb.import[39m[0m
2026-10-07T21:08:33.1050732Z [  71% ] [90m[1msavepack[22m | Storing File: res://.godot/imported/ranger.glb-2cd432b83dd188329004b7e562197ce7.scn[39m[0m
2026-10-07T21:08:33.1051716Z [  71% ] [90m[1msavepack[22m | Storing File: res://assets/models/ranger.glb.import[39m[0m
2026-10-07T21:08:33.1055944Z [  72% ] [90m[1msavepack[22m | Storing File: res://.godot/imported/reliquary_altar.glb-acf9ad4ddc101c137057d5db75f2d126.scn[39m[0m
2026-10-07T21:08:33.1056997Z [  72% ] [90m[1msavepack[22m | Storing File: res://assets/models/reliquary_altar.glb.import[39m[0m
2026-10-07T21:08:33.1059719Z [  72% ] [90m[1msavepack[22m | Storing File: res://.godot/imported/ruined_vault.glb-2940559253e8ee532f2cb898abb920e0.scn[39m[0m
2026-10-07T21:08:33.1060516Z [  72% ] [90m[1msavepack[22m | Storing File: res://assets/models/ruined_vault.glb.import[39m[0m
2026-10-07T21:08:33.1065189Z [  72% ] [90m[1msavepack[22m | Storing File: res://.godot/imported/sanctuary_intarsia.glb-fc78226f71a4031be2450a3b74a18609.scn[39m[0m
2026-10-07T21:08:33.1066326Z [  72% ] [90m[1msavepack[22m | Storing File: res://assets/models/sanctuary_intarsia.glb.import[39m[0m
2026-10-07T21:08:33.1068173Z [  73% ] [90m[1msavepack[22m | Storing File: res://.godot/imported/seal_shrine.glb-8ac19114c88a8c00e25731c4f30ac788.scn[39m[0m
2026-10-07T21:08:33.1069167Z [  73% ] [90m[1msavepack[22m | Storing File: res://assets/models/seal_shrine.glb.import[39m[0m
2026-10-07T21:08:33.1086895Z [  73% ] [90m[1msavepack[22m | Storing File: res://.godot/imported/vowkeeper.glb-3d6ebad1e9dfb61f4bd9576d3bff2025.scn[39m[0m
2026-10-07T21:08:33.1088005Z [  73% ] [90m[1msavepack[22m | Storing File: res://assets/models/vowkeeper.glb.import[39m[0m
2026-10-07T21:08:33.1088904Z [  73% ] [90m[1msavepack[22m | Storing File: res://assets/shaders/aged_stone.gdshader[39m[0m
2026-10-07T21:08:33.1089753Z [  74% ] [90m[1msavepack[22m | Storing File: res://assets/shaders/camp_matte.gdshader[39m[0m
2026-10-07T21:08:33.1090587Z [  74% ] [90m[1msavepack[22m | Storing File: res://assets/shaders/camp_paving.gdshader[39m[0m
2026-10-07T21:08:33.1091437Z [  75% ] [90m[1msavepack[22m | Storing File: res://assets/shaders/character_surface.gdshader[39m[0m
2026-10-07T21:08:33.1092355Z [  75% ] [90m[1msavepack[22m | Storing File: res://assets/shaders/combat_telegraph.gdshader[39m[0m
2026-10-07T21:08:33.1093262Z [  75% ] [90m[1msavepack[22m | Storing File: res://assets/shaders/crafted_surface.gdshader[39m[0m
2026-10-07T21:08:33.1094164Z [  76% ] [90m[1msavepack[22m | Storing File: res://assets/shaders/crypt_mist.gdshader[39m[0m
2026-10-07T21:08:33.1095126Z [  76% ] [90m[1msavepack[22m | Storing File: res://assets/shaders/dungeon_atmosphere.gdshader[39m[0m
2026-10-07T21:08:33.1096017Z [  76% ] [90m[1msavepack[22m | Storing File: res://assets/shaders/dungeon_court.gdshader[39m[0m
2026-10-07T21:08:33.1096901Z [  77% ] [90m[1msavepack[22m | Storing File: res://assets/shaders/dungeon_water.gdshader[39m[0m
2026-10-07T21:08:33.1097747Z [  77% ] [90m[1msavepack[22m | Storing File: res://assets/shaders/ember_flame.gdshader[39m[0m
2026-10-07T21:08:33.1098623Z [  77% ] [90m[1msavepack[22m | Storing File: res://assets/shaders/environment_basin.gdshader[39m[0m
2026-10-07T21:08:33.1099236Z [  78% ] [90m[1msavepack[22m | Storing File: res://assets/shaders/forged_surface.gdshader[39m[0m
2026-10-07T21:08:33.1099804Z [  78% ] [90m[1msavepack[22m | Storing File: res://assets/shaders/ground_grime.gdshader[39m[0m
2026-10-07T21:08:33.1100416Z [  79% ] [90m[1msavepack[22m | Storing File: res://assets/shaders/hero_occlusion.gdshader[39m[0m
2026-10-07T21:08:33.1101001Z [  79% ] [90m[1msavepack[22m | Storing File: res://assets/shaders/magic_volume.gdshader[39m[0m
2026-10-07T21:08:33.1101591Z [  79% ] [90m[1msavepack[22m | Storing File: res://assets/shaders/masonry_surface.gdshader[39m[0m
2026-10-07T21:08:33.1117122Z [  80% ] [90m[1msavepack[22m | Storing File: res://scripts/ruin_architecture.gdc[39m[0m
2026-10-07T21:08:33.1118138Z [  80% ] [90m[1msavepack[22m | Storing File: res://assets/shaders/painted_stone.gdshader[39m[0m
2026-10-07T21:08:33.1119185Z [  80% ] [90m[1msavepack[22m | Storing File: res://assets/shaders/region_matte.gdshader[39m[0m
2026-10-07T21:08:33.1120029Z [  81% ] [90m[1msavepack[22m | Storing File: res://assets/shaders/ruin_deposit.gdshader[39m[0m
2026-10-07T21:08:33.1120886Z [  81% ] [90m[1msavepack[22m | Storing File: res://assets/shaders/ruin_floor.gdshader[39m[0m
2026-10-07T21:08:33.1121729Z [  81% ] [90m[1msavepack[22m | Storing File: res://assets/shaders/sanctuary_beam.gdshader[39m[0m
2026-10-07T21:08:33.1122677Z [  82% ] [90m[1msavepack[22m | Storing File: res://assets/shaders/sanctuary_glass.gdshader[39m[0m
2026-10-07T21:08:33.1123636Z [  82% ] [90m[1msavepack[22m | Storing File: res://assets/shaders/veil_gate.gdshader[39m[0m
2026-10-07T21:08:33.1124368Z [  83% ] [90m[1msavepack[22m | Storing File: res://assets/shaders/ward_surface.gdshader[39m[0m
2026-10-07T21:08:33.1125030Z [  83% ] [90m[1msavepack[22m | Storing File: res://assets/shaders/weathered_stone.gdshader[39m[0m
2026-10-07T21:08:33.1125933Z [  83% ] [90m[1msavepack[22m | Storing File: res://scripts/dungeon_theme.gdc[39m[0m
2026-10-07T21:08:33.1158839Z [  84% ] [90m[1msavepack[22m | Storing File: res://.godot/imported/archive.png-0c275731e847baf349ba6c4a8d26a9c8.ctex[39m[0m
2026-10-07T21:08:33.1159995Z [  84% ] [90m[1msavepack[22m | Storing File: res://assets/world/ashen-realms/archive.png.import[39m[0m
2026-10-07T21:08:33.1168212Z [  84% ] [90m[1msavepack[22m | Storing File: res://scripts/hostile_style.gdc[39m[0m
2026-10-07T21:08:33.1203024Z [  84% ] [90m[1msavepack[22m | Storing File: res://.godot/imported/camp.png-cd4448e832b49b45d15605665d6806b7.ctex[39m[0m
2026-10-07T21:08:33.1204026Z [  84% ] [90m[1msavepack[22m | Storing File: res://assets/world/ashen-realms/camp.png.import[39m[0m
2026-10-07T21:08:33.1205973Z [  85% ] [90m[1msavepack[22m | Storing File: res://scripts/render_budget.gdc[39m[0m
2026-10-07T21:08:33.1238979Z [  85% ] [90m[1msavepack[22m | Storing File: res://.godot/imported/citadel.png-809923b9d1a4d74a401967c2c8707e8e.ctex[39m[0m
2026-10-07T21:08:33.1240056Z [  85% ] [90m[1msavepack[22m | Storing File: res://assets/world/ashen-realms/citadel.png.import[39m[0m
2026-10-07T21:08:33.1244282Z [  85% ] [90m[1msavepack[22m | Storing File: res://scripts/native_mesh_lods.gdc[39m[0m
2026-10-07T21:08:33.1255582Z [  86% ] [90m[1msavepack[22m | Storing File: res://scripts/native_hostile_style.gdc[39m[0m
2026-10-07T21:08:33.1289002Z [  86% ] [90m[1msavepack[22m | Storing File: res://.godot/imported/ossuary.png-5c7897dc7f87654da5101b72d17d6b4f.ctex[39m[0m
2026-10-07T21:08:33.1290038Z [  86% ] [90m[1msavepack[22m | Storing File: res://assets/world/ashen-realms/ossuary.png.import[39m[0m
2026-10-07T21:08:33.1293292Z [  87% ] [90m[1msavepack[22m | Storing File: res://scripts/farm_forecast.gdc[39m[0m
2026-10-07T21:08:33.1325825Z [  87% ] [90m[1msavepack[22m | Storing File: res://.godot/imported/spire.png-8d81d9bb7e5fb7027f24a58564697528.ctex[39m[0m
2026-10-07T21:08:33.1326842Z [  87% ] [90m[1msavepack[22m | Storing File: res://assets/world/ashen-realms/spire.png.import[39m[0m
2026-10-07T21:08:33.1329093Z [  87% ] [90m[1msavepack[22m | Storing File: res://scripts/gear_advisor.gdc[39m[0m
2026-10-07T21:08:33.1333836Z [  88% ] [90m[1msavepack[22m | Storing File: res://scripts/native_equipment_finish.gdc[39m[0m
2026-10-07T21:08:33.1339868Z [  88% ] [90m[1msavepack[22m | Storing File: res://scripts/source_avatar_evade.gdc[39m[0m
2026-10-07T21:08:33.1346698Z [  88% ] [90m[1msavepack[22m | Storing File: res://scripts/expedition_contract.gdc[39m[0m
2026-10-07T21:08:33.1377957Z [  89% ] [90m[1msavepack[22m | Storing File: res://scripts/settings_panel.gdc[39m[0m
2026-10-07T21:08:33.1380752Z [  89% ] [90m[1msavepack[22m | Storing File: res://.godot/imported/app_icon.png-5d640de2395e757a338ed9ab80ddb512.ctex[39m[0m
2026-10-07T21:08:33.1381703Z [  89% ] [90m[1msavepack[22m | Storing File: res://assets/app_icon.png.import[39m[0m
2026-10-07T21:08:33.1383610Z [  89% ] [90m[1msavepack[22m | Storing File: res://.godot/imported/app_icon.svg-178bb982ce83b4c21063f1a6b4ae8feb.ctex[39m[0m
2026-10-07T21:08:33.1384590Z [  89% ] [90m[1msavepack[22m | Storing File: res://assets/app_icon.svg.import[39m[0m
2026-10-07T21:08:33.1385457Z [  90% ] [90m[1msavepack[22m | Storing File: res://assets/fonts/Cinzel-OFL.txt[39m[0m
2026-10-07T21:08:33.1386453Z [  90% ] [90m[1msavepack[22m | Storing File: res://assets/models/raider056/ANIMATION1-LICENSE.txt[39m[0m
2026-10-07T21:08:33.1387400Z [  91% ] [90m[1msavepack[22m | Storing File: res://assets/animations/LICENSE-Quaternius.txt[39m[0m
2026-10-07T21:08:33.1388226Z [  91% ] [90m[1msavepack[22m | Storing File: res://assets/fonts/Lora-OFL.txt[39m[0m
2026-10-07T21:08:33.1397573Z [  91% ] [90m[1msavepack[22m | Storing File: res://scripts/audio_director.gdc[39m[0m
2026-10-07T21:08:33.1400968Z [  92% ] [90m[1msavepack[22m | Storing File: res://scripts/authored_architecture.gdc[39m[0m
2026-10-07T21:08:33.1403406Z [  92% ] [90m[1msavepack[22m | Storing File: res://scripts/authored_characters.gdc[39m[0m
2026-10-07T21:08:33.1412397Z [  92% ] [90m[1msavepack[22m | Storing File: res://scripts/avatar_attire_motion.gdc[39m[0m
2026-10-07T21:08:33.1416919Z [  93% ] [90m[1msavepack[22m | Storing File: res://scripts/battle_art.gdc[39m[0m
2026-10-07T21:08:33.1426991Z [  93% ] [90m[1msavepack[22m | Storing File: res://scripts/boss_patterns.gdc[39m[0m
2026-10-07T21:08:33.1441063Z [  93% ] [90m[1msavepack[22m | Storing File: res://scripts/camp_scene.gdc[39m[0m
2026-10-07T21:08:33.1486260Z [  94% ] [90m[1msavepack[22m | Storing File: res://scripts/character_animation.gdc[39m[0m
2026-10-07T21:08:33.1505115Z [  94% ] [90m[1msavepack[22m | Storing File: res://scripts/character_rig.gdc[39m[0m
2026-10-07T21:08:33.1515424Z [  95% ] [90m[1msavepack[22m | Storing File: res://scripts/class_avatar_pose.gdc[39m[0m
2026-10-07T21:08:33.1530161Z [  95% ] [90m[1msavepack[22m | Storing File: res://scripts/class_avatar_rig.gdc[39m[0m
2026-10-07T21:08:33.1540625Z [  95% ] [90m[1msavepack[22m | Storing File: res://scripts/class_avatar_style.gdc[39m[0m
2026-10-07T21:08:33.1545296Z [  96% ] [90m[1msavepack[22m | Storing File: res://scripts/class_loot.gdc[39m[0m
2026-10-07T21:08:33.1547765Z [  96% ] [90m[1msavepack[22m | Storing File: res://scripts/class_relics.gdc[39m[0m
2026-10-07T21:08:33.1551628Z [  96% ] [90m[1msavepack[22m | Storing File: res://scripts/class_skills.gdc[39m[0m
2026-10-07T21:08:33.1564337Z [  97% ] [90m[1msavepack[22m | Storing File: res://scripts/cloud_save.gdc[39m[0m
2026-10-07T21:08:33.1567321Z [  97% ] [90m[1msavepack[22m | Storing File: res://scripts/combat_health_bar.gdc[39m[0m
2026-10-07T21:08:33.1576217Z [  97% ] [90m[1msavepack[22m | Storing File: res://scripts/combat_readability.gdc[39m[0m
2026-10-07T21:08:33.1580625Z [  98% ] [90m[1msavepack[22m | Storing File: res://scripts/combat_readout.gdc[39m[0m
2026-10-07T21:08:33.1582704Z [  98% ] [90m[1msavepack[22m | Storing File: res://scripts/combat_stances.gdc[39m[0m
2026-10-07T21:08:33.1583877Z [  98% ] [90m[1msavepack[22m | Storing File: res://addons/com.heroiclabs.nakama/api/NakamaAPI.gd.remap[39m[0m
2026-10-07T21:08:33.1584979Z [  98% ] [90m[1msavepack[22m | Storing File: res://addons/com.heroiclabs.nakama/api/NakamaRTAPI.gd.remap[39m[0m
2026-10-07T21:08:33.1586037Z [  98% ] [90m[1msavepack[22m | Storing File: res://addons/com.heroiclabs.nakama/api/NakamaRTMessage.gd.remap[39m[0m
2026-10-07T21:08:33.1587066Z [  98% ] [90m[1msavepack[22m | Storing File: res://addons/com.heroiclabs.nakama/api/NakamaSession.gd.remap[39m[0m
2026-10-07T21:08:33.1588144Z [  98% ] [90m[1msavepack[22m | Storing File: res://addons/com.heroiclabs.nakama/api/NakamaStorageObjectId.gd.remap[39m[0m
2026-10-07T21:08:33.1589289Z [  98% ] [90m[1msavepack[22m | Storing File: res://addons/com.heroiclabs.nakama/api/NakamaWriteStorageObject.gd.remap[39m[0m
2026-10-07T21:08:33.1590356Z [  98% ] [90m[1msavepack[22m | Storing File: res://addons/com.heroiclabs.nakama/client/NakamaClient.gd.remap[39m[0m
2026-10-07T21:08:33.1591471Z [  98% ] [90m[1msavepack[22m | Storing File: res://addons/com.heroiclabs.nakama/client/NakamaHTTPAdapter.gd.remap[39m[0m
2026-10-07T21:08:33.1592582Z [  98% ] [90m[1msavepack[22m | Storing File: res://addons/com.heroiclabs.nakama/Satori/utils/SatoriAsyncResult.gd.remap[39m[0m
2026-10-07T21:08:33.1593780Z [  98% ] [90m[1msavepack[22m | Storing File: res://addons/com.heroiclabs.nakama/Satori/utils/SatoriException.gd.remap[39m[0m
2026-10-07T21:08:33.1594997Z [  98% ] [90m[1msavepack[22m | Storing File: res://addons/com.heroiclabs.nakama/Satori/utils/SatoriLogger.gd.remap[39m[0m
2026-10-07T21:08:33.1596089Z [  98% ] [90m[1msavepack[22m | Storing File: res://addons/com.heroiclabs.nakama/Satori/utils/SatoriSerializer.gd.remap[39m[0m
2026-10-07T21:08:33.1597182Z [  98% ] [90m[1msavepack[22m | Storing File: res://addons/com.heroiclabs.nakama/Satori/Event.gd.remap[39m[0m
2026-10-07T21:08:33.1598159Z [  98% ] [90m[1msavepack[22m | Storing File: res://addons/com.heroiclabs.nakama/Satori/SatoriAPI.gd.remap[39m[0m
2026-10-07T21:08:33.1599217Z [  98% ] [90m[1msavepack[22m | Storing File: res://addons/com.heroiclabs.nakama/Satori/SatoriClient.gd.remap[39m[0m
2026-10-07T21:08:33.1600299Z [  98% ] [90m[1msavepack[22m | Storing File: res://addons/com.heroiclabs.nakama/Satori/SatoriHttpAdapter.gd.remap[39m[0m
2026-10-07T21:08:33.1601446Z [  98% ] [90m[1msavepack[22m | Storing File: res://addons/com.heroiclabs.nakama/Satori/SatoriSession.gd.remap[39m[0m
2026-10-07T21:08:33.1602513Z [  98% ] [90m[1msavepack[22m | Storing File: res://addons/com.heroiclabs.nakama/socket/NakamaSocket.gd.remap[39m[0m
2026-10-07T21:08:33.1603540Z [  98% ] [90m[1msavepack[22m | Storing File: res://addons/com.heroiclabs.nakama/socket/NakamaSocketAdapter.gd.remap[39m[0m
2026-10-07T21:08:33.1604757Z [  98% ] [90m[1msavepack[22m | Storing File: res://addons/com.heroiclabs.nakama/utils/NakamaAsyncResult.gd.remap[39m[0m
2026-10-07T21:08:33.1605816Z [  98% ] [90m[1msavepack[22m | Storing File: res://addons/com.heroiclabs.nakama/utils/NakamaException.gd.remap[39m[0m
2026-10-07T21:08:33.1606855Z [  98% ] [90m[1msavepack[22m | Storing File: res://addons/com.heroiclabs.nakama/utils/NakamaLogger.gd.remap[39m[0m
2026-10-07T21:08:33.1607967Z [  98% ] [90m[1msavepack[22m | Storing File: res://addons/com.heroiclabs.nakama/utils/NakamaMultiplayerBridge.gd.remap[39m[0m
2026-10-07T21:08:33.1609156Z [  98% ] [90m[1msavepack[22m | Storing File: res://addons/com.heroiclabs.nakama/utils/NakamaMultiplayerPeer.gd.remap[39m[0m
2026-10-07T21:08:33.1609985Z [  98% ] [90m[1msavepack[22m | Storing File: res://addons/com.heroiclabs.nakama/utils/NakamaSerializer.gd.remap[39m[0m
2026-10-07T21:08:33.1610651Z [  98% ] [90m[1msavepack[22m | Storing File: res://addons/com.heroiclabs.nakama/Nakama.gd.remap[39m[0m
2026-10-07T21:08:33.1611288Z [  98% ] [90m[1msavepack[22m | Storing File: res://addons/com.heroiclabs.nakama/Satori.gd.remap[39m[0m
2026-10-07T21:08:33.1611924Z [  98% ] [90m[1msavepack[22m | Storing File: res://assets/animations/vowkeeper_sword_foundation.gd.remap[39m[0m
2026-10-07T21:08:33.1612628Z [  98% ] [90m[1msavepack[22m | Storing File: res://scripts/dungeon_lighting.gd.remap[39m[0m
2026-10-07T21:08:33.1613287Z [  98% ] [90m[1msavepack[22m | Storing File: res://scripts/fellowship_service.gd.remap[39m[0m
2026-10-07T21:08:33.1613858Z [  98% ] [90m[1msavepack[22m | Storing File: res://scripts/game_preferences.gd.remap[39m[0m
2026-10-07T21:08:33.1614414Z [  98% ] [90m[1msavepack[22m | Storing File: res://scripts/save_store.gd.remap[39m[0m
2026-10-07T21:08:33.1615050Z [  98% ] [90m[1msavepack[22m | Storing File: res://scripts/regional_stage.gd.remap[39m[0m
2026-10-07T21:08:33.1615585Z [  98% ] [90m[1msavepack[22m | Storing File: res://scripts/dungeon_actor.gd.remap[39m[0m
2026-10-07T21:08:33.1616171Z [  98% ] [90m[1msavepack[22m | Storing File: res://scripts/dungeon_layout.gd.remap[39m[0m
2026-10-07T21:08:33.1616708Z [  98% ] [90m[1msavepack[22m | Storing File: res://scripts/release_info.gd.remap[39m[0m
2026-10-07T21:08:33.1617303Z [  98% ] [90m[1msavepack[22m | Storing File: res://scripts/oath_combat_rules.gd.remap[39m[0m
2026-10-07T21:08:33.1617847Z [  98% ] [90m[1msavepack[22m | Storing File: res://scripts/room_ground.gd.remap[39m[0m
2026-10-07T21:08:33.1618450Z [  98% ] [90m[1msavepack[22m | Storing File: res://scripts/source_avatar_rig.gd.remap[39m[0m
2026-10-07T21:08:33.1619048Z [  98% ] [90m[1msavepack[22m | Storing File: res://scripts/dungeon_world.gd.remap[39m[0m
2026-10-07T21:08:33.1619562Z [  98% ] [90m[1msavepack[22m | Storing File: res://scripts/main.gd.remap[39m[0m
2026-10-07T21:08:33.1620103Z [  98% ] [90m[1msavepack[22m | Storing File: res://scripts/expedition_simulation.gd.remap[39m[0m
2026-10-07T21:08:33.1620676Z [  98% ] [90m[1msavepack[22m | Storing File: res://scripts/mobile_safe_area.gd.remap[39m[0m
2026-10-07T21:08:33.1621267Z [  98% ] [90m[1msavepack[22m | Storing File: res://scripts/raider_avatar_rig.gd.remap[39m[0m
2026-10-07T21:08:33.1621842Z [  98% ] [90m[1msavepack[22m | Storing File: res://scripts/expedition_map.gd.remap[39m[0m
2026-10-07T21:08:33.1622377Z [  98% ] [90m[1msavepack[22m | Storing File: res://scripts/offline_farm.gd.remap[39m[0m
2026-10-07T21:08:33.1623007Z [  98% ] [90m[1msavepack[22m | Storing File: res://scripts/skill_glyph.gd.remap[39m[0m
2026-10-07T21:08:33.1623548Z [  98% ] [90m[1msavepack[22m | Storing File: res://scripts/hero_art.gd.remap[39m[0m
2026-10-07T21:08:33.1624130Z [  98% ] [90m[1msavepack[22m | Storing File: res://scripts/native_motion_transition.gd.remap[39m[0m
2026-10-07T21:08:33.1624810Z [  98% ] [90m[1msavepack[22m | Storing File: res://scripts/native_hostile_rig.gd.remap[39m[0m
2026-10-07T21:08:33.1625408Z [  98% ] [90m[1msavepack[22m | Storing File: res://scripts/progression_service.gd.remap[39m[0m
2026-10-07T21:08:33.1625969Z [  98% ] [90m[1msavepack[22m | Storing File: res://scripts/source_avatar_style.gd.remap[39m[0m
2026-10-07T21:08:33.1626521Z [  98% ] [90m[1msavepack[22m | Storing File: res://scripts/ui_glyph.gd.remap[39m[0m
2026-10-07T21:08:33.1627077Z [  98% ] [90m[1msavepack[22m | Storing File: res://Main.tscn.remap[39m[0m
2026-10-07T21:08:33.1627628Z [  98% ] [90m[1msavepack[22m | Storing File: res://scripts/source_avatar_combat.gd.remap[39m[0m
2026-10-07T21:08:33.1628241Z [  98% ] [90m[1msavepack[22m | Storing File: res://scripts/regional_sets.gd.remap[39m[0m
2026-10-07T21:08:33.1628919Z [  98% ] [90m[1msavepack[22m | Storing File: res://scripts/frame_metrics.gd.remap[39m[0m
2026-10-07T21:08:33.1629740Z [  98% ] [90m[1msavepack[22m | Storing File: res://scripts/sculpted_mesh.gd.remap[39m[0m
2026-10-07T21:08:33.1630592Z [  98% ] [90m[1msavepack[22m | Storing File: res://scripts/playtest_notes.gd.remap[39m[0m
2026-10-07T21:08:33.1631406Z [  98% ] [90m[1msavepack[22m | Storing File: res://scripts/ruin_architecture.gd.remap[39m[0m
2026-10-07T21:08:33.1632206Z [  98% ] [90m[1msavepack[22m | Storing File: res://scripts/dungeon_theme.gd.remap[39m[0m
2026-10-07T21:08:33.1632862Z [  98% ] [90m[1msavepack[22m | Storing File: res://scripts/hostile_style.gd.remap[39m[0m
2026-10-07T21:08:33.1633414Z [  98% ] [90m[1msavepack[22m | Storing File: res://scripts/render_budget.gd.remap[39m[0m
2026-10-07T21:08:33.1633987Z [  98% ] [90m[1msavepack[22m | Storing File: res://scripts/native_mesh_lods.gd.remap[39m[0m
2026-10-07T21:08:33.1634557Z [  98% ] [90m[1msavepack[22m | Storing File: res://scripts/native_hostile_style.gd.remap[39m[0m
2026-10-07T21:08:33.1635280Z [  98% ] [90m[1msavepack[22m | Storing File: res://scripts/farm_forecast.gd.remap[39m[0m
2026-10-07T21:08:33.1635875Z [  98% ] [90m[1msavepack[22m | Storing File: res://scripts/gear_advisor.gd.remap[39m[0m
2026-10-07T21:08:33.1636731Z [  98% ] [90m[1msavepack[22m | Storing File: res://scripts/native_equipment_finish.gd.remap[39m[0m
2026-10-07T21:08:33.1637363Z [  98% ] [90m[1msavepack[22m | Storing File: res://scripts/source_avatar_evade.gd.remap[39m[0m
2026-10-07T21:08:33.1637947Z [  98% ] [90m[1msavepack[22m | Storing File: res://scripts/expedition_contract.gd.remap[39m[0m
2026-10-07T21:08:33.1638504Z [  98% ] [90m[1msavepack[22m | Storing File: res://scripts/settings_panel.gd.remap[39m[0m
2026-10-07T21:08:33.1639125Z [  98% ] [90m[1msavepack[22m | Storing File: res://scripts/audio_director.gd.remap[39m[0m
2026-10-07T21:08:33.1639746Z [  98% ] [90m[1msavepack[22m | Storing File: res://scripts/authored_architecture.gd.remap[39m[0m
2026-10-07T21:08:33.1640491Z [  98% ] [90m[1msavepack[22m | Storing File: res://scripts/authored_characters.gd.remap[39m[0m
2026-10-07T21:08:33.1641193Z [  98% ] [90m[1msavepack[22m | Storing File: res://scripts/avatar_attire_motion.gd.remap[39m[0m
2026-10-07T21:08:33.1641803Z [  98% ] [90m[1msavepack[22m | Storing File: res://scripts/battle_art.gd.remap[39m[0m
2026-10-07T21:08:33.1642310Z [  98% ] [90m[1msavepack[22m | Storing File: res://scripts/boss_patterns.gd.remap[39m[0m
2026-10-07T21:08:33.1642956Z [  98% ] [90m[1msavepack[22m | Storing File: res://scripts/camp_scene.gd.remap[39m[0m
2026-10-07T21:08:33.1643511Z [  98% ] [90m[1msavepack[22m | Storing File: res://scripts/character_animation.gd.remap[39m[0m
2026-10-07T21:08:33.1644126Z [  98% ] [90m[1msavepack[22m | Storing File: res://scripts/character_rig.gd.remap[39m[0m
2026-10-07T21:08:33.1644754Z [  98% ] [90m[1msavepack[22m | Storing File: res://scripts/class_avatar_pose.gd.remap[39m[0m
2026-10-07T21:08:33.1645341Z [  98% ] [90m[1msavepack[22m | Storing File: res://scripts/class_avatar_rig.gd.remap[39m[0m
2026-10-07T21:08:33.1645942Z [  98% ] [90m[1msavepack[22m | Storing File: res://scripts/class_avatar_style.gd.remap[39m[0m
2026-10-07T21:08:33.1646487Z [  98% ] [90m[1msavepack[22m | Storing File: res://scripts/class_loot.gd.remap[39m[0m
2026-10-07T21:08:33.1647013Z [  98% ] [90m[1msavepack[22m | Storing File: res://scripts/class_relics.gd.remap[39m[0m
2026-10-07T21:08:33.1647559Z [  98% ] [90m[1msavepack[22m | Storing File: res://scripts/class_skills.gd.remap[39m[0m
2026-10-07T21:08:33.1648088Z [  98% ] [90m[1msavepack[22m | Storing File: res://scripts/cloud_save.gd.remap[39m[0m
2026-10-07T21:08:33.1648680Z [  98% ] [90m[1msavepack[22m | Storing File: res://scripts/combat_health_bar.gd.remap[39m[0m
2026-10-07T21:08:33.1649272Z [  98% ] [90m[1msavepack[22m | Storing File: res://scripts/combat_readability.gd.remap[39m[0m
2026-10-07T21:08:33.1649819Z [  98% ] [90m[1msavepack[22m | Storing File: res://scripts/combat_readout.gd.remap[39m[0m
2026-10-07T21:08:33.1650372Z [  98% ] [90m[1msavepack[22m | Storing File: res://scripts/combat_stances.gd.remap[39m[0m
2026-10-07T21:08:33.1651130Z [  98% ] [90m[1msavepack[22m | Storing File: res://.godot/global_script_class_cache.cfg[39m[0m
2026-10-07T21:08:33.1651693Z [  98% ] [90m[1msavepack[22m | Storing File: res://assets/app_icon.png[39m[0m
2026-10-07T21:08:33.1652189Z [  98% ] [90m[1msavepack[22m | Storing File: res://.godot/uid_cache.bin[39m[0m
2026-10-07T21:08:33.1652715Z [  98% ] [90m[1msavepack[22m | Storing File: res://project.binary[39m[0m
2026-10-07T21:08:33.1653133Z [92m[ DONE ][39m [1msavepack[22m
2026-10-07T21:08:33.1653457Z [0m
2026-10-07T21:08:33.8216535Z cannot connect to daemon at tcp:5037: Connection refused
2026-10-07T21:08:34.0674547Z Godot Engine v4.7.2.stable.official.ed1daf0bf - https://godotengine.org
2026-10-07T21:08:34.0890047Z 
2026-10-07T21:08:37.8233774Z EXPORTED AVATAR SMOKE: 60 checks, 0 failures
2026-10-07T21:08:37.9306533Z ##[group]Run mkdir -p build/reports
2026-10-07T21:08:37.9306928Z [36;1mmkdir -p build/reports[0m
2026-10-07T21:08:37.9307409Z [36;1mpython3 -m unittest discover -s tests -p 'test_*.py' -v 2>&1 | tee build/reports/python-contracts.log[0m
2026-10-07T21:08:37.9308020Z [36;1mpython3 scripts/run_beta_checks.py 2>&1 | tee build/reports/gameplay-quality.log[0m
2026-10-07T21:08:37.9342444Z shell: /usr/bin/bash --noprofile --norc -e -o pipefail {0}
2026-10-07T21:08:37.9342882Z ##[endgroup]
2026-10-07T21:08:38.0464866Z test_complete_profile_is_measurement_with_touch_pending_and_no_release_pass (test_android_device_probe.ObserverLifecycle.test_complete_profile_is_measurement_with_touch_pending_and_no_release_pass) ... ok
2026-10-07T21:08:38.0754213Z test_live_failure_never_becomes_a_profile_pass (test_android_device_probe.ObserverLifecycle.test_live_failure_never_becomes_a_profile_pass) ... ok
2026-10-07T21:08:38.0755798Z test_all_known_emulator_signals_are_refused (test_android_device_probe.ProbeContracts.test_all_known_emulator_signals_are_refused) ... ok
2026-10-07T21:08:38.0758668Z test_android_service_parsers_preserve_units_and_missing_data (test_android_device_probe.ProbeContracts.test_android_service_parsers_preserve_units_and_missing_data) ... ok
2026-10-07T21:08:38.0765468Z test_fixture_requires_all_distinct_cases_matching_apk_and_real_time (test_android_device_probe.ProbeContracts.test_fixture_requires_all_distinct_cases_matching_apk_and_real_time) ... ok
2026-10-07T21:08:38.0766973Z test_identity_is_bounded_and_does_not_store_raw_serial (test_android_device_probe.ProbeContracts.test_identity_is_bounded_and_does_not_store_raw_serial) ... ok
2026-10-07T21:08:38.0785912Z test_manifest_gate_refuses_shipping_or_online_or_nondebuggable_apks (test_android_device_probe.ProbeContracts.test_manifest_gate_refuses_shipping_or_online_or_nondebuggable_apks) ... ok
2026-10-07T21:08:38.0793556Z test_missing_adb_is_explicit_unavailable_not_a_measurement (test_android_device_probe.ProbeContracts.test_missing_adb_is_explicit_unavailable_not_a_measurement) ... ok
2026-10-07T21:08:38.0806451Z test_process_cpu_stat_accepts_names_with_spaces_and_parentheses (test_android_device_probe.ProbeContracts.test_process_cpu_stat_accepts_names_with_spaces_and_parentheses) ... ok
2026-10-07T21:08:38.0807898Z test_subprocess_target_is_selected_without_a_host_shell (test_android_device_probe.ProbeContracts.test_subprocess_target_is_selected_without_a_host_shell) ... ok
2026-10-07T21:08:38.0809509Z test_target_selection_never_implicitly_chooses_among_multiple_devices (test_android_device_probe.ProbeContracts.test_target_selection_never_implicitly_chooses_among_multiple_devices) ... ok
2026-10-07T21:08:38.0811010Z test_unavailable_optional_services_do_not_hide_other_samples (test_android_device_probe.ProbeContracts.test_unavailable_optional_services_do_not_hide_other_samples) ... ok
2026-10-07T21:08:38.0812037Z test_usb_charging_or_missing_power_state_never_claims_battery_drain (test_android_device_probe.ProbeContracts.test_usb_charging_or_missing_power_state_never_claims_battery_drain) ... ok
2026-10-07T21:08:38.0812944Z test_complete_bound_native_scene_receipt_passes (test_android_release.AndroidNativeArtReportChecks.test_complete_bound_native_scene_receipt_passes) ... ok
2026-10-07T21:08:38.0813810Z test_duplicate_or_missing_scenarios_are_rejected (test_android_release.AndroidNativeArtReportChecks.test_duplicate_or_missing_scenarios_are_rejected) ... ok
2026-10-07T21:08:38.0814997Z test_missing_native_clip_binding_anatomy_or_visible_geometry_fails (test_android_release.AndroidNativeArtReportChecks.test_missing_native_clip_binding_anatomy_or_visible_geometry_fails) ... ok
2026-10-07T21:08:38.0815974Z test_old_hidden_proxy_receipt_cannot_pass (test_android_release.AndroidNativeArtReportChecks.test_old_hidden_proxy_receipt_cannot_pass) ... ok
2026-10-07T21:08:38.0817117Z test_original_motion_sampling_and_progress_thresholds_are_required (test_android_release.AndroidNativeArtReportChecks.test_original_motion_sampling_and_progress_thresholds_are_required) ... ok
2026-10-07T21:08:38.0840824Z test_activity_error_with_zero_adb_exit_fails_before_waiting (test_android_release.AndroidRuntimeChecks.test_activity_error_with_zero_adb_exit_fails_before_waiting) ... ok
2026-10-07T21:08:38.0877045Z test_evidence_write_errors_do_not_replace_original_process_failure (test_android_release.AndroidRuntimeChecks.test_evidence_write_errors_do_not_replace_original_process_failure) ... ok
2026-10-07T21:08:38.0929060Z test_live_process_start_grace_and_both_markers_pass (test_android_release.AndroidRuntimeChecks.test_live_process_start_grace_and_both_markers_pass) ... ok
2026-10-07T21:08:38.0967769Z test_live_process_without_marker_still_times_out_at_original_deadline (test_android_release.AndroidRuntimeChecks.test_live_process_without_marker_still_times_out_at_original_deadline) ... ok
2026-10-07T21:08:38.0992138Z test_missing_device_preserves_original_failure_and_other_diagnostics (test_android_release.AndroidRuntimeChecks.test_missing_device_preserves_original_failure_and_other_diagnostics) ... ok
2026-10-07T21:08:38.1029693Z test_observed_process_loss_fails_even_if_a_marker_was_buffered (test_android_release.AndroidRuntimeChecks.test_observed_process_loss_fails_even_if_a_marker_was_buffered) ... ok
2026-10-07T21:08:38.1111448Z test_pidof_absence_during_grace_is_not_a_transport_error (test_android_release.AndroidRuntimeChecks.test_pidof_absence_during_grace_is_not_a_transport_error) ... ok
2026-10-07T21:08:38.1143749Z test_runtime_error_precedes_marker_success (test_android_release.AndroidRuntimeChecks.test_runtime_error_precedes_marker_success) ... ok
2026-10-07T21:08:38.1182111Z test_unrequested_process_restart_does_not_pass_from_old_marker (test_android_release.AndroidRuntimeChecks.test_unrequested_process_restart_does_not_pass_from_old_marker) ... ok
2026-10-07T21:08:38.1251928Z test_all_four_packages_share_one_import_and_use_their_actual_scene_architecture (test_android_release.QaExportChecks.test_all_four_packages_share_one_import_and_use_their_actual_scene_architecture) ... ok
2026-10-07T21:08:38.1386166Z test_crash_and_zero_exit_import_errors_stop_before_export_without_retry (test_android_release.QaExportChecks.test_crash_and_zero_exit_import_errors_stop_before_export_without_retry) ... ok
2026-10-07T21:08:38.1432243Z test_existing_editor_section_keeps_other_settings (test_android_release.QaExportChecks.test_existing_editor_section_keeps_other_settings) ... ok
2026-10-07T21:08:38.1488148Z test_export_error_stops_remaining_packages (test_android_release.QaExportChecks.test_export_error_stops_remaining_packages) ... ok
2026-10-07T21:08:38.1530063Z test_export_success_without_artifact_fails (test_android_release.QaExportChecks.test_export_success_without_artifact_fails) ... ok
2026-10-07T21:08:38.1566329Z test_qa_preserves_runtime_json_licences_and_offline_filter (test_android_release.QaExportChecks.test_qa_preserves_runtime_json_licences_and_offline_filter) ... ok
2026-10-07T21:08:38.1614931Z test_serial_import_isolated_from_shipping_settings_and_assets (test_android_release.QaExportChecks.test_serial_import_isolated_from_shipping_settings_and_assets) ... ok
2026-10-07T21:08:38.1616450Z test_16kb_segment_passes (test_android_release.ReleaseChecks.test_16kb_segment_passes) ... ok
2026-10-07T21:08:38.1617636Z test_4kb_and_misaligned_segments_fail (test_android_release.ReleaseChecks.test_4kb_and_misaligned_segments_fail) ... ok
2026-10-07T21:08:38.1625164Z test_current_release_identity_and_store_limits (test_android_release.ReleaseChecks.test_current_release_identity_and_store_limits) ... ok
2026-10-07T21:08:38.1629937Z test_missing_arm64_library_fails (test_android_release.ReleaseChecks.test_missing_arm64_library_fails) ... ok
2026-10-07T21:08:38.1657658Z test_missing_publication_details_never_report_ready (test_android_release.ReleaseChecks.test_missing_publication_details_never_report_ready) ... ok
2026-10-07T21:08:38.1659912Z test_actual_simulation_and_continuous_video_clock_are_both_checked (test_gameplay_capture.AudioChronologyContracts.test_actual_simulation_and_continuous_video_clock_are_both_checked) ... ok
2026-10-07T21:08:38.1661908Z test_cue_cannot_be_shifted_to_an_unrecorded_audio_boundary (test_gameplay_capture.AudioChronologyContracts.test_cue_cannot_be_shifted_to_an_unrecorded_audio_boundary) ... ok
2026-10-07T21:08:38.1663705Z test_dropped_or_overlapping_native_samples_are_rejected (test_gameplay_capture.AudioChronologyContracts.test_dropped_or_overlapping_native_samples_are_rejected) ... ok
2026-10-07T21:08:38.1729562Z test_normal_and_fractional_rates_have_no_accumulated_drift (test_gameplay_capture.AudioChronologyContracts.test_normal_and_fractional_rates_have_no_accumulated_drift) ... ok
2026-10-07T21:08:38.1731110Z test_rate_and_channel_changes_are_rejected (test_gameplay_capture.AudioChronologyContracts.test_rate_and_channel_changes_are_rejected) ... ok
2026-10-07T21:08:38.1732390Z test_explicit_full_recording_keeps_the_wrapper_from_inserting_a_prefix (test_gameplay_capture.FullExpeditionContracts.test_explicit_full_recording_keeps_the_wrapper_from_inserting_a_prefix) ... ok
2026-10-07T21:08:38.1733502Z test_full_simulation_positions_and_mana_cannot_hide_behind_presentation_poses (test_gameplay_capture.FullExpeditionContracts.test_full_simulation_positions_and_mana_cannot_hide_behind_presentation_poses) ... ok
2026-10-07T21:08:38.1743808Z test_lossless_pcm_archive_round_trip_is_checked_before_original_removal (test_gameplay_capture.FullExpeditionContracts.test_lossless_pcm_archive_round_trip_is_checked_before_original_removal) ... ok
2026-10-07T21:08:38.1745495Z test_nonfinite_native_transform_or_secondary_motion_state_is_rejected (test_gameplay_capture.FullExpeditionContracts.test_nonfinite_native_transform_or_secondary_motion_state_is_rejected) ... ok
2026-10-07T21:08:38.1747584Z test_only_independent_wall_time_can_be_excluded_from_actual_audio_comparison (test_gameplay_capture.FullExpeditionContracts.test_only_independent_wall_time_can_be_excluded_from_actual_audio_comparison) ... ok
2026-10-07T21:08:38.1750162Z test_real_guardian_victory_and_original_loot_outcome_are_all_required (test_gameplay_capture.FullExpeditionContracts.test_real_guardian_victory_and_original_loot_outcome_are_all_required) ... ok
2026-10-07T21:08:38.1752133Z test_camera_changes_and_missing_baseline_are_reported_independently (test_gameplay_capture.OrdinaryComparisonContracts.test_camera_changes_and_missing_baseline_are_reported_independently) ... ok
2026-10-07T21:08:38.1756736Z test_native_nan_and_short_sample_sources_cannot_pass_as_clean_audio (test_gameplay_capture.OrdinaryComparisonContracts.test_native_nan_and_short_sample_sources_cannot_pass_as_clean_audio) ... ok
2026-10-07T21:08:38.1758468Z test_pose_and_presentation_release_do_not_hide_gameplay_differences (test_gameplay_capture.OrdinaryComparisonContracts.test_pose_and_presentation_release_do_not_hide_gameplay_differences) ... ok
2026-10-07T21:08:38.1764167Z test_raw_and_compressed_native_prefix_samples_are_scanned_independently (test_gameplay_capture.OrdinaryComparisonContracts.test_raw_and_compressed_native_prefix_samples_are_scanned_independently) ... ok
2026-10-07T21:08:38.1766048Z test_a_prefix_cannot_claim_dungeon_completion_or_victory (test_gameplay_capture.OrdinaryPrefixContracts.test_a_prefix_cannot_claim_dungeon_completion_or_victory) ... ok
2026-10-07T21:08:38.1767438Z test_exact_ordinary_prefix_is_accepted_without_victory (test_gameplay_capture.OrdinaryPrefixContracts.test_exact_ordinary_prefix_is_accepted_without_victory) ... ok
2026-10-07T21:08:38.1768777Z test_missing_or_extra_prefix_frames_are_rejected (test_gameplay_capture.OrdinaryPrefixContracts.test_missing_or_extra_prefix_frames_are_rejected) ... ok
2026-10-07T21:08:38.1770238Z test_motion_evidence_is_selected_only_for_explicit_prefix (test_gameplay_capture.OrdinaryPrefixContracts.test_motion_evidence_is_selected_only_for_explicit_prefix) ... ok
2026-10-07T21:08:38.1771548Z test_wrapper_defaults_to_thirty_seconds_and_keeps_explicit_duration (test_gameplay_capture.OrdinaryPrefixContracts.test_wrapper_defaults_to_thirty_seconds_and_keeps_explicit_duration) ... ok
2026-10-07T21:08:38.1772112Z 
2026-10-07T21:08:38.1772271Z ----------------------------------------------------------------------
2026-10-07T21:08:38.1772676Z Ran 59 tests in 0.134s
2026-10-07T21:08:38.1772851Z 
2026-10-07T21:08:38.1772952Z OK
2026-10-07T21:08:38.1773481Z {"status": "measured_touch_pending", "report": "/tmp/tmpnv3qs2uq/output/device-profile.json", "reason": null, "physical_device_measured": true}
2026-10-07T21:08:38.1774389Z {"status": "failed", "report": "/tmp/tmpu46y8ojb/output/device-profile.json", "reason": "Activity start reported an error: Error type 3\nError: Activity does not exist", "physical_device_measured": false}
2026-10-07T21:08:38.1775455Z {"status": "failed", "report": "/tmp/tmp_nn14ih4/output/device-profile.json", "reason": "The QA process disappeared or failed to start", "physical_device_measured": false}
2026-10-07T21:08:38.1776367Z {"status": "failed", "report": "/tmp/tmpoowunqwj/output/device-profile.json", "reason": "The QA process restarted before finishing the profile", "physical_device_measured": false}
2026-10-07T21:08:38.1777224Z {"status": "failed", "report": "/tmp/tmpsec7khhi/output/device-profile.json", "reason": "The fixture failed: missing combat", "physical_device_measured": false}
2026-10-07T21:08:38.1778153Z {"status": "failed", "report": "/tmp/tmpjyretgaq/output/device-profile.json", "reason": "The QA process reported a script/runtime/shader error; see qa-logcat.txt", "physical_device_measured": false}
2026-10-07T21:08:38.1779129Z {"status": "failed", "report": "/tmp/tmpmpopfzor/output/device-profile.json", "reason": "Timed out without all six real-time class/quality measurements", "physical_device_measured": false}
2026-10-07T21:08:38.1780153Z {"status": "unavailable", "report": "/tmp/tmpxcmqbcq9/device-profile.json", "reason": "adb is unavailable; no physical Android device could be inspected", "physical_device_measured": false}
2026-10-07T21:08:38.2328450Z RUN beta_flow_smoke.gd
2026-10-07T21:09:07.5825778Z PASS BETA FLOW SMOKE: 46 checks
2026-10-07T21:09:07.5826221Z RUN combat_stances_smoke.gd
2026-10-07T21:09:12.1099227Z PASS COMBAT STANCES SMOKE: 140 checks
2026-10-07T21:09:15.1485679Z RUN combat_movement_smoke.gd
2026-10-07T21:09:15.1486468Z PASS COMBAT MOVEMENT SMOKE: 8 checks
2026-10-07T21:09:15.1486945Z RUN journey_smoke.gd
2026-10-07T21:10:04.2091090Z PASS JOURNEY SMOKE: 413 checks
2026-10-07T21:10:04.2091684Z RUN dungeon_smoke.gd
2026-10-07T21:12:49.6656766Z PASS DUNGEON SMOKE: 55 checks
2026-10-07T21:12:49.6657256Z RUN persistence_smoke.gd
2026-10-07T21:13:02.0964553Z PASS PERSISTENCE SMOKE: 89 checks
2026-10-07T21:13:02.0966329Z RUN arcane_tactics_smoke.gd
2026-10-07T21:13:18.5218905Z PASS ARCANE TACTICS SMOKE: 29 checks
2026-10-07T21:13:18.5219432Z RUN boss_patterns_smoke.gd
2026-10-07T21:13:48.2424475Z PASS BOSS PATTERNS SMOKE: 122 checks
2026-10-07T21:13:48.2425243Z RUN class_loot_smoke.gd
2026-10-07T21:13:52.2107838Z PASS CLASS LOOT SMOKE: 29 checks
2026-10-07T21:13:52.2108357Z RUN contracts_smoke.gd
2026-10-07T21:14:19.3391313Z PASS CONTRACTS SMOKE: 68 checks
2026-10-07T21:14:19.3393492Z RUN combined_oaths_phases_smoke.gd
2026-10-07T21:14:33.7165161Z PASS COMBINED OATHS / PHASES SMOKE: 338 checks
2026-10-07T21:14:33.7165762Z RUN main_combined_rules_smoke.gd
2026-10-07T21:14:43.9140580Z PASS MAIN COMBINED RULES SMOKE: 156 checks
2026-10-07T21:14:43.9141029Z RUN gear_forecast_smoke.gd
2026-10-07T21:15:22.7436862Z PASS GEAR / FORECAST SMOKE: 38 checks
2026-10-07T21:15:22.7438428Z RUN gear_goals_smoke.gd
2026-10-07T21:15:28.8518168Z PASS GEAR GOALS SMOKE: 114 checks
2026-10-07T21:15:28.8518671Z RUN regions_smoke.gd
2026-10-07T21:15:39.8871512Z PASS REGIONS SMOKE: 36 checks
2026-10-07T21:15:39.8871881Z RUN onboarding_smoke.gd
2026-10-07T21:15:48.7934287Z PASS ONBOARDING SMOKE: 19 checks
2026-10-07T21:15:48.7935108Z RUN success_loop_smoke.gd
2026-10-07T21:15:52.2960804Z PASS SUCCESS LOOP SMOKE: 87 checks
2026-10-07T21:15:52.2961408Z RUN recovery_smoke.gd
2026-10-07T21:15:55.1487082Z PASS RECOVERY SMOKE: 48 checks
2026-10-07T21:15:55.1487833Z RUN options_smoke.gd
2026-10-07T21:16:01.0720000Z PASS OPTIONS SMOKE: 82 checks
2026-10-07T21:16:01.0720483Z RUN skill_rotation_smoke.gd
2026-10-07T21:16:18.7094899Z PASS SKILL ROTATION SMOKE: 135 checks
2026-10-07T21:16:18.7095776Z RUN visuals_smoke.gd
2026-10-07T21:16:26.6799122Z PASS VISUALS SMOKE: 73 checks
2026-10-07T21:16:26.6799812Z RUN world_framing_smoke.gd
2026-10-07T21:16:50.1781264Z PASS WORLD FRAMING SMOKE: 900 checks
2026-10-07T21:16:50.1781916Z RUN authored_art_smoke.gd
2026-10-07T21:17:00.0047362Z PASS AUTHORED ART SMOKE: 105 checks
2026-10-07T21:17:00.0047839Z RUN character_equipment_smoke.gd
2026-10-07T21:17:05.6489299Z PASS CHARACTER EQUIPMENT SMOKE: 48 checks
2026-10-07T21:17:05.6489857Z RUN native_equipment_finish_smoke.gd
2026-10-07T21:17:11.1064532Z PASS NATIVE EQUIPMENT FINISH SMOKE: 129 checks
2026-10-07T21:17:11.1065104Z RUN presentation_smoke.gd
2026-10-07T21:17:20.8442108Z PASS PRESENTATION SMOKE: 188 checks
2026-10-07T21:17:20.8442612Z RUN frame_metrics_smoke.gd
2026-10-07T21:17:21.3687903Z PASS FRAME METRICS SMOKE: 10 checks
2026-10-07T21:17:21.3688529Z RUN room_ground_smoke.gd
2026-10-07T21:17:21.8927148Z PASS ROOM GROUND SMOKE: 19 checks
2026-10-07T21:17:21.8928852Z RUN character_3d_smoke.gd
2026-10-07T21:17:43.3435818Z PASS CHARACTER THREE D SMOKE: 168 checks
2026-10-07T21:17:43.3436475Z RUN source_avatar_smoke.gd
2026-10-07T21:17:46.7551375Z PASS SOURCE AVATAR: 39 checks
2026-10-07T21:17:46.7551882Z RUN source_avatar_grip_smoke.gd
2026-10-07T21:17:50.1641748Z PASS SOURCE AVATAR GRIP: 296 checks
2026-10-07T21:17:50.1642297Z RUN source_avatar_attack_smoke.gd
2026-10-07T21:17:58.8772296Z PASS SOURCE AVATAR ATTACK: 172 checks
2026-10-07T21:17:58.8772957Z RUN source_avatar_attack_contact_smoke.gd
2026-10-07T21:18:02.4738045Z PASS SOURCE AVATAR ATTACK CONTACT SMOKE: 295 checks
2026-10-07T21:18:02.4739690Z RUN source_avatar_evade_smoke.gd
2026-10-07T21:18:45.4909314Z PASS SOURCE AVATAR EVADE SMOKE: 2173 checks
2026-10-07T21:18:45.4909785Z RUN native_motion_transition_smoke.gd
2026-10-07T21:18:51.8791795Z PASS NATIVE MOTION TRANSITION SMOKE: 706 checks
2026-10-07T21:18:51.8792252Z RUN raider_native_smoke.gd
2026-10-07T21:18:54.9165140Z PASS RAIDER NATIVE SMOKE: 324 checks
2026-10-07T21:18:54.9165566Z RUN native_hostile_smoke.gd
2026-10-07T21:19:06.4156616Z PASS NATIVE HOSTILE SMOKE: 3775 checks
2026-10-07T21:19:06.4157172Z RUN combat_occlusion_smoke.gd
2026-10-07T21:19:09.8281872Z PASS COMBAT OCCLUSION SMOKE: 25 checks
2026-10-07T21:19:09.8282402Z RUN render_budget_smoke.gd
2026-10-07T21:19:17.1527460Z PASS RENDER BUDGET SMOKE: 287 checks
2026-10-07T21:19:17.1527981Z RUN source_avatar_style_smoke.gd
2026-10-07T21:19:20.4726652Z PASS SOURCE AVATAR STYLE SMOKE: 135 checks
2026-10-07T21:19:20.4727226Z RUN avatar_attire_quality_smoke.gd
2026-10-07T21:19:25.1882881Z PASS AVATAR ATTIRE QUALITY SMOKE: 306 checks
2026-10-07T21:19:25.1883403Z RUN class_avatar_quality_smoke.gd
2026-10-07T21:19:30.9252589Z PASS CLASS AVATAR QUALITY SMOKE: 398 checks
2026-10-07T21:19:30.9253122Z RUN guardian_presentation_smoke.gd
2026-10-07T21:19:42.0542782Z PASS GUARDIAN PRESENTATION SMOKE: 278 checks
2026-10-07T21:19:42.0543480Z RUN hostile_quality_smoke.gd
2026-10-07T21:19:48.6266683Z PASS HOSTILE QUALITY SMOKE: 96 checks
2026-10-07T21:19:48.6267502Z RUN dungeon_lighting_smoke.gd
2026-10-07T21:19:57.9949607Z PASS DUNGEON LIGHTING SMOKE: 60 checks
2026-10-07T21:19:57.9950383Z RUN combat_audio_smoke.gd
2026-10-07T21:19:59.2642943Z PASS COMBAT AUDIO SMOKE: 61 checks
2026-10-07T21:19:59.2644300Z RUN native_capture_audio_smoke.gd
2026-10-07T21:20:00.4403563Z PASS NATIVE CAPTURE AUDIO SMOKE: 79 checks
2026-10-07T21:20:00.4404139Z RUN animation_craft_smoke.gd
2026-10-07T21:20:27.9338574Z PASS ANIMATION CRAFT SMOKE: 74 checks
2026-10-07T21:20:27.9339303Z RUN camp_hud_smoke.gd
2026-10-07T21:20:43.8988909Z PASS CAMP HUD SMOKE: 44 checks
2026-10-07T21:20:43.8989404Z RUN combat_readability_smoke.gd
2026-10-07T21:21:00.7035252Z PASS COMBAT READABILITY SMOKE: 57 checks
2026-10-07T21:21:00.7035820Z RUN fellowship_ui_smoke.gd
2026-10-07T21:21:04.3957518Z PASS FELLOWSHIP UI SMOKE: 11 checks
2026-10-07T21:21:04.3958045Z RUN cloud_identity_smoke.gd
2026-10-07T21:21:04.9210411Z PASS CLOUD IDENTITY SMOKE: 14 checks
2026-10-07T21:21:04.9210809Z RUN mana_ward_smoke.gd
2026-10-07T21:21:09.6193974Z PASS MANA WARD SMOKE: 27 checks
2026-10-07T21:21:09.6194603Z PASS emberfall.js
2026-10-07T21:21:09.6195239Z PASS progression_runtime_test.js
2026-10-07T21:21:09.6196419Z PROGRESSION RUNTIME: server-owned profile, bounded AFK settlement, allowlists, inventory and replay protection passed.
2026-10-07T21:21:09.6197289Z BETA CHECKS: 53 Godot suites, 13424 checks, 0 failures
2026-10-07T21:21:09.6305410Z ##[group]Run actions/upload-artifact@v7
2026-10-07T21:21:09.6305774Z with:
2026-10-07T21:21:09.6306032Z   name: emberfall-gameplay-quality
2026-10-07T21:21:09.6306333Z   path: build/reports/*.log
2026-10-07T21:21:09.6306603Z   if-no-files-found: ignore
2026-10-07T21:21:09.6306889Z   retention-days: 14
2026-10-07T21:21:09.6307162Z   compression-level: 6
2026-10-07T21:21:09.6307421Z   overwrite: false
2026-10-07T21:21:09.6307698Z   include-hidden-files: false
2026-10-07T21:21:09.6307958Z   archive: true
2026-10-07T21:21:09.6308181Z ##[endgroup]
2026-10-07T21:21:09.7496413Z With the provided path, there will be 2 files uploaded
2026-10-07T21:21:09.7497154Z Artifact name is valid!
2026-10-07T21:21:09.7497542Z Root directory input is valid!
2026-10-07T21:21:10.0516844Z Uploading artifact: emberfall-gameplay-quality.zip
2026-10-07T21:21:10.0552351Z Beginning upload of artifact content to blob storage
2026-10-07T21:21:10.2403846Z Uploaded bytes 3989
2026-10-07T21:21:10.2816154Z Finished uploading artifact content to blob storage!
2026-10-07T21:21:10.2817008Z SHA256 digest of uploaded artifact is 6ff403f645d160cd6a5656ee16cd6c548859e4f8cd20778c0744b58bb79321cc
2026-10-07T21:21:10.2818038Z Finalizing artifact upload
2026-10-07T21:21:10.5934877Z Artifact emberfall-gameplay-quality successfully finalized. Artifact ID 11512407406
2026-10-07T21:21:10.5935792Z Artifact emberfall-gameplay-quality has been successfully uploaded! Final size is 3989 bytes. Artifact ID is 11512407406
2026-10-07T21:21:10.5938707Z Artifact download URL: https://github.com/Philmenting/Emberfall-Ashen-Veil/actions/runs/37686979998/artifacts/11512407406
2026-10-07T21:21:10.6090086Z Post job cleanup.
2026-10-07T21:21:10.6822606Z [command]/usr/bin/git version
2026-10-07T21:21:10.6867762Z git version 2.55.0
2026-10-07T21:21:10.6900773Z Temporarily overriding HOME='/home/runner/work/_temp/048e5ee4-1522-4201-9ff0-a1627cd837ff' before making global git config changes
2026-10-07T21:21:10.6901732Z Adding repository directory to the temporary git global config as a safe directory
2026-10-07T21:21:10.6906419Z [command]/usr/bin/git config --global --add safe.directory /home/runner/work/Emberfall-Ashen-Veil/Emberfall-Ashen-Veil
2026-10-07T21:21:10.6931399Z Removing SSH command configuration
2026-10-07T21:21:10.6937202Z [command]/usr/bin/git config --local --name-only --get-regexp core\.sshCommand
2026-10-07T21:21:10.6965488Z [command]/usr/bin/git submodule foreach --recursive sh -c "git config --local --name-only --get-regexp 'core\.sshCommand' && git config --local --unset-all 'core.sshCommand' || :"
2026-10-07T21:21:10.7149621Z Removing HTTP extra header
2026-10-07T21:21:10.7154285Z [command]/usr/bin/git config --local --name-only --get-regexp http\.https\:\/\/github\.com\/\.extraheader
2026-10-07T21:21:10.7179812Z [command]/usr/bin/git submodule foreach --recursive sh -c "git config --local --name-only --get-regexp 'http\.https\:\/\/github\.com\/\.extraheader' && git config --local --unset-all 'http.https://github.com/.extraheader' || :"
2026-10-07T21:21:10.7352614Z Removing includeIf entries pointing to credentials config files
2026-10-07T21:21:10.7356342Z [command]/usr/bin/git config --local --name-only --get-regexp ^includeIf\.gitdir:
2026-10-07T21:21:10.7377174Z includeif.gitdir:/home/runner/work/Emberfall-Ashen-Veil/Emberfall-Ashen-Veil/.git.path
2026-10-07T21:21:10.7377895Z includeif.gitdir:/home/runner/work/Emberfall-Ashen-Veil/Emberfall-Ashen-Veil/.git/worktrees/*.path
2026-10-07T21:21:10.7378372Z includeif.gitdir:/github/workspace/.git.path
2026-10-07T21:21:10.7378744Z includeif.gitdir:/github/workspace/.git/worktrees/*.path
2026-10-07T21:21:10.7386590Z [command]/usr/bin/git config --local --get-all includeif.gitdir:/home/runner/work/Emberfall-Ashen-Veil/Emberfall-Ashen-Veil/.git.path
2026-10-07T21:21:10.7405282Z /home/runner/work/_temp/git-credentials-e3049b31-c8b2-4ab9-afb4-0a423c3d49e3.config
2026-10-07T21:21:10.7414400Z [command]/usr/bin/git config --local --unset includeif.gitdir:/home/runner/work/Emberfall-Ashen-Veil/Emberfall-Ashen-Veil/.git.path \/home\/runner\/work\/_temp\/git\-credentials\-e3049b31\-c8b2\-4ab9\-afb4\-0a423c3d49e3\.config
2026-10-07T21:21:10.7443196Z [command]/usr/bin/git config --local --get-all includeif.gitdir:/home/runner/work/Emberfall-Ashen-Veil/Emberfall-Ashen-Veil/.git/worktrees/*.path
2026-10-07T21:21:10.7468479Z /home/runner/work/_temp/git-credentials-e3049b31-c8b2-4ab9-afb4-0a423c3d49e3.config
2026-10-07T21:21:10.7477119Z [command]/usr/bin/git config --local --unset includeif.gitdir:/home/runner/work/Emberfall-Ashen-Veil/Emberfall-Ashen-Veil/.git/worktrees/*.path \/home\/runner\/work\/_temp\/git\-credentials\-e3049b31\-c8b2\-4ab9\-afb4\-0a423c3d49e3\.config
2026-10-07T21:21:10.7505288Z [command]/usr/bin/git config --local --get-all includeif.gitdir:/github/workspace/.git.path
2026-10-07T21:21:10.7521284Z /github/runner_temp/git-credentials-e3049b31-c8b2-4ab9-afb4-0a423c3d49e3.config
2026-10-07T21:21:10.7527141Z [command]/usr/bin/git config --local --unset includeif.gitdir:/github/workspace/.git.path \/github\/runner_temp\/git\-credentials\-e3049b31\-c8b2\-4ab9\-afb4\-0a423c3d49e3\.config
2026-10-07T21:21:10.7551364Z [command]/usr/bin/git config --local --get-all includeif.gitdir:/github/workspace/.git/worktrees/*.path
2026-10-07T21:21:10.7568108Z /github/runner_temp/git-credentials-e3049b31-c8b2-4ab9-afb4-0a423c3d49e3.config
2026-10-07T21:21:10.7574007Z [command]/usr/bin/git config --local --unset includeif.gitdir:/github/workspace/.git/worktrees/*.path \/github\/runner_temp\/git\-credentials\-e3049b31\-c8b2\-4ab9\-afb4\-0a423c3d49e3\.config
2026-10-07T21:21:10.7607341Z [command]/usr/bin/git submodule foreach --recursive git config --local --show-origin --name-only --get-regexp remote.origin.url
2026-10-07T21:21:10.7773131Z Removing credentials config '/home/runner/work/_temp/git-credentials-e3049b31-c8b2-4ab9-afb4-0a423c3d49e3.config'
2026-10-07T21:21:10.7889291Z Cleaning up orphan processes
