2026-10-07T20:23:07.4367615Z Current runner version: '2.337.0'
2026-10-07T20:23:07.4390093Z ##[group]Runner Image Provisioner
2026-10-07T20:23:07.4390881Z Hosted Compute Agent
2026-10-07T20:23:07.4391567Z Version: 20261002.596
2026-10-07T20:23:07.4392077Z Commit: c3d12f3313a95f25162a1503be624f3b0617f8c0
2026-10-07T20:23:07.4392671Z Build Date: 2026-10-02T22:28:27Z
2026-10-07T20:23:07.4393203Z Worker ID: {8df9d5a9-efc2-4313-84d4-dae7869849cd}
2026-10-07T20:23:07.4393802Z Region: centralus
2026-10-07T20:23:07.4394250Z Cloud: Azure
2026-10-07T20:23:07.4394645Z ##[endgroup]
2026-10-07T20:23:07.4395757Z ##[group]Operating System
2026-10-07T20:23:07.4396236Z Ubuntu
2026-10-07T20:23:07.4396706Z 24.04.5
2026-10-07T20:23:07.4397119Z LTS
2026-10-07T20:23:07.4397539Z ##[endgroup]
2026-10-07T20:23:07.4397989Z ##[group]Runner Image
2026-10-07T20:23:07.4398457Z Image: ubuntu-24.04
2026-10-07T20:23:07.4398925Z Version: 20261004.327.1
2026-10-07T20:23:07.4399935Z Included Software: https://github.com/actions/runner-images/blob/ubuntu24/20261004.327/images/ubuntu/Ubuntu2404-Readme.md
2026-10-07T20:23:07.4401135Z Image Release: https://github.com/actions/runner-images/releases/tag/ubuntu24%2F20261004.327
2026-10-07T20:23:07.4402148Z ##[endgroup]
2026-10-07T20:23:07.4403043Z ##[group]GITHUB_TOKEN Permissions
2026-10-07T20:23:07.4404829Z Contents: read
2026-10-07T20:23:07.4405274Z Metadata: read
2026-10-07T20:23:07.4405718Z ##[endgroup]
2026-10-07T20:23:07.4407359Z Secret source: Actions
2026-10-07T20:23:07.4408079Z Cache mode: write
2026-10-07T20:23:07.4408633Z Prepare workflow directory
2026-10-07T20:23:07.4966724Z Prepare all required actions
2026-10-07T20:23:07.5018335Z Getting action download info
2026-10-07T20:23:07.7994980Z Download action repository 'actions/checkout@v7' (SHA:3d3c42e5aac5ba805825da76410c181273ba90b1)
2026-10-07T20:23:08.0643271Z Download action repository 'actions/setup-java@v6' (SHA:de7274f081f381c8f8158605e0321c36c376e2e6)
2026-10-07T20:23:09.8770275Z Download action repository 'android-actions/setup-android@v4' (SHA:be39fa834029ff78f1a44aa3bb0819b8fc2bd8fd)
2026-10-07T20:23:10.2217991Z Download action repository 'ReactiveCircus/android-emulator-runner@v2' (SHA:a421e43855164a8197daf9d8d40fe71c6996bb0d)
2026-10-07T20:23:10.5813079Z Download action repository 'actions/upload-artifact@v7' (SHA:cf430e030ddbb5b0abf93d22962f4752f3646cd9)
2026-10-07T20:23:11.1950355Z Complete job name: offline-runtime
2026-10-07T20:23:11.2480602Z ##[group]Run actions/checkout@v7
2026-10-07T20:23:11.2481084Z with:
2026-10-07T20:23:11.2481556Z   repository: Philmenting/Emberfall-Ashen-Veil
2026-10-07T20:23:11.2483633Z   token: ***
2026-10-07T20:23:11.2483942Z   ssh-strict: true
2026-10-07T20:23:11.2484178Z   ssh-user: git
2026-10-07T20:23:11.2484427Z   persist-credentials: true
2026-10-07T20:23:11.2484675Z   clean: true
2026-10-07T20:23:11.2484897Z   sparse-checkout-cone-mode: true
2026-10-07T20:23:11.2485195Z   fetch-depth: 1
2026-10-07T20:23:11.2485435Z   fetch-tags: false
2026-10-07T20:23:11.2485687Z   show-progress: true
2026-10-07T20:23:11.2485925Z   lfs: false
2026-10-07T20:23:11.2486167Z   submodules: false
2026-10-07T20:23:11.2486449Z   set-safe-directory: true
2026-10-07T20:23:11.2486701Z   allow-unsafe-pr-checkout: false
2026-10-07T20:23:11.2487082Z ##[endgroup]
2026-10-07T20:23:11.3320223Z Syncing repository: Philmenting/Emberfall-Ashen-Veil
2026-10-07T20:23:11.3322332Z ##[group]Getting Git version info
2026-10-07T20:23:11.3323166Z Working directory is '/home/runner/work/Emberfall-Ashen-Veil/Emberfall-Ashen-Veil'
2026-10-07T20:23:11.3323856Z [command]/usr/bin/git version
2026-10-07T20:23:11.3405299Z git version 2.55.0
2026-10-07T20:23:11.3426678Z ##[endgroup]
2026-10-07T20:23:11.3436414Z Temporarily overriding HOME='/home/runner/work/_temp/09a2bb75-a083-401e-ad90-eebfe7758fc6' before making global git config changes
2026-10-07T20:23:11.3437259Z Adding repository directory to the temporary git global config as a safe directory
2026-10-07T20:23:11.3441845Z [command]/usr/bin/git config --global --add safe.directory /home/runner/work/Emberfall-Ashen-Veil/Emberfall-Ashen-Veil
2026-10-07T20:23:11.3485691Z Deleting the contents of '/home/runner/work/Emberfall-Ashen-Veil/Emberfall-Ashen-Veil'
2026-10-07T20:23:11.3489019Z ##[group]Determining repository object format
2026-10-07T20:23:11.3490482Z ##[endgroup]
2026-10-07T20:23:11.3490981Z ##[group]Initializing the repository
2026-10-07T20:23:11.3495263Z [command]/usr/bin/git init /home/runner/work/Emberfall-Ashen-Veil/Emberfall-Ashen-Veil
2026-10-07T20:23:11.3589733Z hint: Using 'master' as the name for the initial branch. This default branch name
2026-10-07T20:23:11.3590997Z hint: will change to "main" in Git 3.0. To configure the initial branch name
2026-10-07T20:23:11.3592362Z hint: to use in all of your new repositories, which will suppress this warning,
2026-10-07T20:23:11.3593098Z hint: call:
2026-10-07T20:23:11.3593897Z hint:
2026-10-07T20:23:11.3595377Z hint: 	git config --global init.defaultBranch <name>
2026-10-07T20:23:11.3596911Z hint:
2026-10-07T20:23:11.3599202Z hint: Names commonly chosen instead of 'master' are 'main', 'trunk' and
2026-10-07T20:23:11.3603205Z hint: 'development'. The just-created branch can be renamed via this command:
2026-10-07T20:23:11.3608982Z hint:
2026-10-07T20:23:11.3610892Z hint: 	git branch -m <name>
2026-10-07T20:23:11.3611841Z hint:
2026-10-07T20:23:11.3612452Z hint: Disable this message with "git config set advice.defaultBranchName false"
2026-10-07T20:23:11.3613438Z Initialized empty Git repository in /home/runner/work/Emberfall-Ashen-Veil/Emberfall-Ashen-Veil/.git/
2026-10-07T20:23:11.3615323Z [command]/usr/bin/git remote add origin https://github.com/Philmenting/Emberfall-Ashen-Veil
2026-10-07T20:23:11.3667504Z ##[endgroup]
2026-10-07T20:23:11.3668133Z ##[group]Disabling automatic garbage collection
2026-10-07T20:23:11.3672258Z [command]/usr/bin/git config --local gc.auto 0
2026-10-07T20:23:11.3695619Z ##[endgroup]
2026-10-07T20:23:11.3696533Z ##[group]Setting up auth
2026-10-07T20:23:11.3700551Z Removing SSH command configuration
2026-10-07T20:23:11.3706426Z [command]/usr/bin/git config --local --name-only --get-regexp core\.sshCommand
2026-10-07T20:23:11.3725816Z [command]/usr/bin/git submodule foreach --recursive sh -c "git config --local --name-only --get-regexp 'core\.sshCommand' && git config --local --unset-all 'core.sshCommand' || :"
2026-10-07T20:23:11.4015643Z Removing HTTP extra header
2026-10-07T20:23:11.4019499Z [command]/usr/bin/git config --local --name-only --get-regexp http\.https\:\/\/github\.com\/\.extraheader
2026-10-07T20:23:11.4045060Z [command]/usr/bin/git submodule foreach --recursive sh -c "git config --local --name-only --get-regexp 'http\.https\:\/\/github\.com\/\.extraheader' && git config --local --unset-all 'http.https://github.com/.extraheader' || :"
2026-10-07T20:23:11.4194720Z Removing includeIf entries pointing to credentials config files
2026-10-07T20:23:11.4198664Z [command]/usr/bin/git config --local --name-only --get-regexp ^includeIf\.gitdir:
2026-10-07T20:23:11.4220913Z [command]/usr/bin/git submodule foreach --recursive git config --local --show-origin --name-only --get-regexp remote.origin.url
2026-10-07T20:23:11.4363282Z [command]/usr/bin/git config --file /home/runner/work/_temp/git-credentials-fd9ec6d1-8e68-4fa0-a1a8-5890953161ee.config http.https://github.com/.extraheader AUTHORIZATION: basic ***
2026-10-07T20:23:11.4391111Z [command]/usr/bin/git config --local includeIf.gitdir:/home/runner/work/Emberfall-Ashen-Veil/Emberfall-Ashen-Veil/.git.path /home/runner/work/_temp/git-credentials-fd9ec6d1-8e68-4fa0-a1a8-5890953161ee.config
2026-10-07T20:23:11.4414138Z [command]/usr/bin/git config --local includeIf.gitdir:/home/runner/work/Emberfall-Ashen-Veil/Emberfall-Ashen-Veil/.git/worktrees/*.path /home/runner/work/_temp/git-credentials-fd9ec6d1-8e68-4fa0-a1a8-5890953161ee.config
2026-10-07T20:23:11.4439539Z [command]/usr/bin/git config --local includeIf.gitdir:/github/workspace/.git.path /github/runner_temp/git-credentials-fd9ec6d1-8e68-4fa0-a1a8-5890953161ee.config
2026-10-07T20:23:11.4462800Z [command]/usr/bin/git config --local includeIf.gitdir:/github/workspace/.git/worktrees/*.path /github/runner_temp/git-credentials-fd9ec6d1-8e68-4fa0-a1a8-5890953161ee.config
2026-10-07T20:23:11.4483355Z ##[endgroup]
2026-10-07T20:23:11.4483721Z ##[group]Fetching the repository
2026-10-07T20:23:11.4488029Z [command]/usr/bin/git -c protocol.version=2 fetch --no-tags --prune --no-recurse-submodules --depth=1 origin +4089bce1de05701b281d4b8233a7c85073fe3677:refs/remotes/pull/5/merge
2026-10-07T20:24:49.2327842Z From https://github.com/Philmenting/Emberfall-Ashen-Veil
2026-10-07T20:24:49.2328720Z  * [new ref]         4089bce1de05701b281d4b8233a7c85073fe3677 -> pull/5/merge
2026-10-07T20:24:49.2333290Z ##[endgroup]
2026-10-07T20:24:49.2333942Z ##[group]Determining the checkout info
2026-10-07T20:24:49.2334491Z ##[endgroup]
2026-10-07T20:24:49.2346214Z [command]/usr/bin/git sparse-checkout disable
2026-10-07T20:24:49.2391895Z [command]/usr/bin/git config --local --unset-all extensions.worktreeConfig
2026-10-07T20:24:49.2441472Z ##[group]Checking out the ref
2026-10-07T20:24:49.2442310Z [command]/usr/bin/git checkout --progress --force refs/remotes/pull/5/merge
2026-10-07T20:24:50.2778891Z Updating files:  59% (1185/1992)
2026-10-07T20:24:50.3444921Z Updating files:  60% (1196/1992)
2026-10-07T20:24:50.3739123Z Updating files:  61% (1216/1992)
2026-10-07T20:24:50.4057571Z Updating files:  62% (1236/1992)
2026-10-07T20:24:50.4266652Z Updating files:  63% (1255/1992)
2026-10-07T20:24:50.4519469Z Updating files:  64% (1275/1992)
2026-10-07T20:24:50.4894266Z Updating files:  65% (1295/1992)
2026-10-07T20:24:50.5353564Z Updating files:  66% (1315/1992)
2026-10-07T20:24:50.5663467Z Updating files:  67% (1335/1992)
2026-10-07T20:24:50.5875265Z Updating files:  68% (1355/1992)
2026-10-07T20:24:50.6170582Z Updating files:  69% (1375/1992)
2026-10-07T20:24:50.6373518Z Updating files:  70% (1395/1992)
2026-10-07T20:24:50.6595118Z Updating files:  71% (1415/1992)
2026-10-07T20:24:50.6756862Z Updating files:  72% (1435/1992)
2026-10-07T20:24:50.7091816Z Updating files:  73% (1455/1992)
2026-10-07T20:24:50.7380572Z Updating files:  74% (1475/1992)
2026-10-07T20:24:50.7674746Z Updating files:  75% (1494/1992)
2026-10-07T20:24:50.8069607Z Updating files:  76% (1514/1992)
2026-10-07T20:24:50.8316060Z Updating files:  77% (1534/1992)
2026-10-07T20:24:50.8319973Z Updating files:  78% (1554/1992)
2026-10-07T20:24:50.8326474Z Updating files:  79% (1574/1992)
2026-10-07T20:24:50.8338662Z Updating files:  80% (1594/1992)
2026-10-07T20:24:50.8351088Z Updating files:  81% (1614/1992)
2026-10-07T20:24:50.8358558Z Updating files:  82% (1634/1992)
2026-10-07T20:24:50.8366339Z Updating files:  83% (1654/1992)
2026-10-07T20:24:50.8374710Z Updating files:  84% (1674/1992)
2026-10-07T20:24:50.8377871Z Updating files:  85% (1694/1992)
2026-10-07T20:24:50.8381351Z Updating files:  86% (1714/1992)
2026-10-07T20:24:50.8387419Z Updating files:  87% (1734/1992)
2026-10-07T20:24:50.8391802Z Updating files:  88% (1753/1992)
2026-10-07T20:24:50.8397962Z Updating files:  89% (1773/1992)
2026-10-07T20:24:50.8402633Z Updating files:  90% (1793/1992)
2026-10-07T20:24:50.8422293Z Updating files:  91% (1813/1992)
2026-10-07T20:24:50.8428028Z Updating files:  92% (1833/1992)
2026-10-07T20:24:50.8434782Z Updating files:  93% (1853/1992)
2026-10-07T20:24:50.8439727Z Updating files:  94% (1873/1992)
2026-10-07T20:24:50.8446611Z Updating files:  95% (1893/1992)
2026-10-07T20:24:50.8453344Z Updating files:  96% (1913/1992)
2026-10-07T20:24:50.8458857Z Updating files:  97% (1933/1992)
2026-10-07T20:24:50.8467087Z Updating files:  98% (1953/1992)
2026-10-07T20:24:50.8479383Z Updating files:  99% (1973/1992)
2026-10-07T20:24:50.8479808Z Updating files: 100% (1992/1992)
2026-10-07T20:24:50.8480249Z Updating files: 100% (1992/1992), done.
2026-10-07T20:24:50.8500326Z Note: switching to 'refs/remotes/pull/5/merge'.
2026-10-07T20:24:50.8500640Z 
2026-10-07T20:24:50.8500845Z You are in 'detached HEAD' state. You can look around, make experimental
2026-10-07T20:24:50.8501688Z changes and commit them, and you can discard any commits you make in this
2026-10-07T20:24:50.8502580Z state without impacting any branches by switching back to a branch.
2026-10-07T20:24:50.8502929Z 
2026-10-07T20:24:50.8503285Z If you want to create a new branch to retain commits you create, you may
2026-10-07T20:24:50.8503811Z do so (now or later) by using -c with the switch command. Example:
2026-10-07T20:24:50.8504076Z 
2026-10-07T20:24:50.8504235Z   git switch -c <new-branch-name>
2026-10-07T20:24:50.8504541Z 
2026-10-07T20:24:50.8504677Z Or undo this operation with:
2026-10-07T20:24:50.8504908Z 
2026-10-07T20:24:50.8505022Z   git switch -
2026-10-07T20:24:50.8505180Z 
2026-10-07T20:24:50.8505434Z Turn off this advice by setting config variable advice.detachedHead to false
2026-10-07T20:24:50.8505799Z 
2026-10-07T20:24:50.8506184Z HEAD is now at 4089bce Merge f8b99a84b4c96a87c4ecedf42217f448a2988d81 into 610c343073e7186589cba92c3fefb55a4db68e12
2026-10-07T20:24:50.8589173Z ##[endgroup]
2026-10-07T20:24:50.8633654Z [command]/usr/bin/git log -1 --format=%H
2026-10-07T20:24:50.8656868Z 4089bce1de05701b281d4b8233a7c85073fe3677
2026-10-07T20:24:50.8920713Z ##[group]Run actions/setup-java@v6
2026-10-07T20:24:50.8921007Z with:
2026-10-07T20:24:50.8921498Z   distribution: temurin
2026-10-07T20:24:50.8921769Z   java-version: 17
2026-10-07T20:24:50.8922020Z   java-package: jdk
2026-10-07T20:24:50.8922242Z   check-latest: false
2026-10-07T20:24:50.8922479Z   force-download: false
2026-10-07T20:24:50.8922701Z   set-default: true
2026-10-07T20:24:50.8922900Z   server-id: github
2026-10-07T20:24:50.8923183Z   mvn-repositories-include-central: true
2026-10-07T20:24:50.8923484Z   mvn-repositories-prioritize-central: true
2026-10-07T20:24:50.8923767Z   overwrite-settings: true
2026-10-07T20:24:50.8924052Z   cache-read-only: false
2026-10-07T20:24:50.8924273Z   job-status: success
2026-10-07T20:24:50.8926239Z   token: ***
2026-10-07T20:24:50.8926464Z   show-download-progress: false
2026-10-07T20:24:50.8926717Z   problem-matcher: true
2026-10-07T20:24:50.8926954Z ##[endgroup]
2026-10-07T20:24:50.9494944Z ##[group]Installed distributions
2026-10-07T20:24:50.9746028Z Resolved Java 17.0.20+1 from tool-cache
2026-10-07T20:24:50.9746374Z Setting Java 17.0.20+1 as the default
2026-10-07T20:24:50.9751013Z 
2026-10-07T20:24:50.9751366Z Java configuration:
2026-10-07T20:24:50.9751702Z   Distribution: temurin
2026-10-07T20:24:50.9752037Z   Version: 17.0.20+1
2026-10-07T20:24:50.9752403Z   Path: /opt/hostedtoolcache/Java_Temurin-Hotspot_jdk/17.0.20-1/x64
2026-10-07T20:24:50.9752753Z 
2026-10-07T20:24:50.9753116Z ##[endgroup]
2026-10-07T20:24:50.9784618Z Creating settings.xml with server-id: github
2026-10-07T20:24:50.9785006Z Creating toolchains.xml for JDK version 17 from temurin
2026-10-07T20:24:50.9785483Z Writing to /home/runner/.m2/settings.xml
2026-10-07T20:24:50.9787275Z Writing to /home/runner/.m2/toolchains.xml
2026-10-07T20:24:50.9810973Z Configured MAVEN_ARGS to include -ntp to suppress Maven transfer progress logs. Set 'show-download-progress: true' to keep the download progress output.
2026-10-07T20:24:50.9966586Z ##[group]Run android-actions/setup-android@v4
2026-10-07T20:24:50.9967068Z with:
2026-10-07T20:24:50.9967418Z   packages: platform-tools
2026-10-07T20:24:50.9967788Z   cmdline-tools-version: 15859902
2026-10-07T20:24:50.9968180Z   accept-android-sdk-licenses: true
2026-10-07T20:24:50.9968586Z   log-accepted-android-sdk-licenses: true
2026-10-07T20:24:50.9968982Z env:
2026-10-07T20:24:50.9969394Z   JAVA_HOME: /opt/hostedtoolcache/Java_Temurin-Hotspot_jdk/17.0.20-1/x64
2026-10-07T20:24:50.9969992Z   JAVA_HOME_17_X64: /opt/hostedtoolcache/Java_Temurin-Hotspot_jdk/17.0.20-1/x64
2026-10-07T20:24:50.9970597Z   MAVEN_ARGS: -ntp
2026-10-07T20:24:50.9970900Z ##[endgroup]
2026-10-07T20:24:51.0935087Z Found preinstalled sdkmanager in /usr/local/lib/android/sdk/cmdline-tools/latest with following source.properties:
2026-10-07T20:24:51.0936070Z Pkg.Revision=12.0
2026-10-07T20:24:51.0936461Z Pkg.Path=cmdline-tools;12.0
2026-10-07T20:24:51.0936890Z Pkg.Desc=Android SDK Command-line Tools
2026-10-07T20:24:51.0937919Z 
2026-10-07T20:24:51.0938126Z Wrong version in preinstalled sdkmanager
2026-10-07T20:24:51.0938700Z Downloading commandline tools from https://dl.google.com/android/repository/commandlinetools-linux-15859902_latest.zip
2026-10-07T20:24:52.0845052Z [command]/usr/bin/unzip -o -q /home/runner/work/_temp/ac395f44-2cd0-42be-8c18-064e88342dd0
2026-10-07T20:24:52.8565151Z Accepting Android SDK licenses
2026-10-07T20:24:52.8569069Z [command]/usr/local/lib/android/sdk/cmdline-tools/22.0/bin/sdkmanager --licenses
2026-10-07T20:24:58.3048922Z WARNING: The SDK Manager CLI tool (sdkmanager) is deprecated. Use Android CLI instead.
2026-10-07T20:24:58.3049691Z The 'android' binary can also be found in the cmdline-tools directory, and 'android sdk' is the replacement for 'sdkmanager'.
2026-10-07T20:24:58.3050521Z To learn more about the Android CLI and how to use it, see the documentation (https://d.android.com/tools/agents/android-cli)
2026-10-07T20:24:58.3050881Z 
2026-10-07T20:25:05.1830732Z Loading local repository...                                                     
2026-10-07T20:25:05.1831485Z [=========                              ] 25% Loading local repository...       
2026-10-07T20:25:09.1862896Z [=========                              ] 25% Fetch remote repository...        
2026-10-07T20:25:09.5363054Z [==========                             ] 26% Fetch remote repository...        
2026-10-07T20:25:09.5384008Z [============                           ] 31% Fetch remote repository...        
2026-10-07T20:25:09.5647483Z [============                           ] 32% Fetch remote repository...        
2026-10-07T20:25:09.5670425Z [=============                          ] 33% Fetch remote repository...        
2026-10-07T20:25:09.5824129Z [=============                          ] 35% Fetch remote repository...        
2026-10-07T20:25:09.5836590Z [==============                         ] 36% Fetch remote repository...        
2026-10-07T20:25:09.6082929Z [==============                         ] 37% Fetch remote repository...        
2026-10-07T20:25:09.6083583Z [===============                        ] 38% Fetch remote repository...        
2026-10-07T20:25:09.6264613Z [===============                        ] 39% Fetch remote repository...        
2026-10-07T20:25:09.6266751Z [================                       ] 40% Fetch remote repository...        
2026-10-07T20:25:09.6394770Z [================                       ] 41% Fetch remote repository...        
2026-10-07T20:25:09.6398230Z [================                       ] 42% Fetch remote repository...        
2026-10-07T20:25:09.6556753Z [=================                      ] 44% Fetch remote repository...        
2026-10-07T20:25:09.6559521Z [=================                      ] 45% Fetch remote repository...        
2026-10-07T20:25:09.6704271Z [==================                     ] 46% Fetch remote repository...        
2026-10-07T20:25:09.6705849Z [==================                     ] 47% Fetch remote repository...        
2026-10-07T20:25:09.7003836Z [===================                    ] 48% Fetch remote repository...        
2026-10-07T20:25:09.7007215Z [===================                    ] 49% Fetch remote repository...        
2026-10-07T20:25:09.7124153Z [====================                   ] 50% Fetch remote repository...        
2026-10-07T20:25:09.7143480Z [====================                   ] 51% Fetch remote repository...        
2026-10-07T20:25:09.7253425Z [====================                   ] 53% Fetch remote repository...        
2026-10-07T20:25:09.7255631Z [=====================                  ] 54% Fetch remote repository...        
2026-10-07T20:25:09.7382716Z [=====================                  ] 55% Fetch remote repository...        
2026-10-07T20:25:09.7386895Z [======================                 ] 56% Fetch remote repository...        
2026-10-07T20:25:09.7605411Z [======================                 ] 57% Fetch remote repository...        
2026-10-07T20:25:09.7610266Z [=======================                ] 58% Fetch remote repository...        
2026-10-07T20:25:09.7723907Z [=======================                ] 59% Fetch remote repository...        
2026-10-07T20:25:09.7724724Z [========================               ] 60% Fetch remote repository...        
2026-10-07T20:25:09.7852194Z [========================               ] 61% Fetch remote repository...        
2026-10-07T20:25:09.7852993Z [=========================              ] 63% Fetch remote repository...        
2026-10-07T20:25:09.8371396Z [=========================              ] 64% Fetch remote repository...        
2026-10-07T20:25:09.8384320Z [=========================              ] 65% Fetch remote repository...        
2026-10-07T20:25:09.8503819Z [==========================             ] 66% Fetch remote repository...        
2026-10-07T20:25:09.8513847Z [==========================             ] 67% Fetch remote repository...        
2026-10-07T20:25:09.8628935Z [===========================            ] 68% Fetch remote repository...        
2026-10-07T20:25:09.8652715Z [===========================            ] 69% Fetch remote repository...        
2026-10-07T20:25:09.8947850Z [============================           ] 70% Fetch remote repository...        
2026-10-07T20:25:09.8948986Z [============================           ] 72% Fetch remote repository...        
2026-10-07T20:25:09.9085536Z [=============================          ] 73% Fetch remote repository...        
2026-10-07T20:25:09.9086741Z [=============================          ] 74% Fetch remote repository...        
2026-10-07T20:25:09.9151863Z [=============================          ] 75% Fetch remote repository...        
2026-10-07T20:25:09.9245456Z [=============================          ] 75% Computing updates...              
2026-10-07T20:25:09.9246495Z [=======================================] 100% Computing updates...             
2026-10-07T20:25:10.0019500Z 6 of 7 SDK package licenses not accepted.
2026-10-07T20:25:10.0020339Z Review licenses that have not been accepted (y/N)? 
2026-10-07T20:25:10.0020888Z 1/6: License android-googletv-license:
2026-10-07T20:25:10.0021465Z ---------------------------------------
2026-10-07T20:25:10.0021935Z Terms and Conditions
2026-10-07T20:25:10.0022114Z 
2026-10-07T20:25:10.0022441Z This is the Google TV Add-on for the Android Software Development Kit License Agreement.
2026-10-07T20:25:10.0022847Z 
2026-10-07T20:25:10.0023012Z 1. Introduction
2026-10-07T20:25:10.0023165Z 
2026-10-07T20:25:10.0024393Z 1.1 The Google TV Add-on for the Android Software Development Kit (referred to in this License Agreement as the "Google TV Add-on" and specifically including the Android system files, packaged APIs, and Google APIs add-ons) is licensed to you subject to the terms of this License Agreement. This License Agreement forms a legally binding contract between you and Google in relation to your use of the Google TV Add-on.
2026-10-07T20:25:10.0025789Z 
2026-10-07T20:25:10.0026669Z 1.2 "Google" means Google Inc., a Delaware corporation with principal place of business at 1600 Amphitheatre Parkway, Mountain View, CA 94043, United States.
2026-10-07T20:25:10.0027307Z 
2026-10-07T20:25:10.0027451Z 2. Accepting this License Agreement
2026-10-07T20:25:10.0028281Z 
2026-10-07T20:25:10.0028880Z 2.1 In order to use the Google TV Add-on, you must first agree to this License Agreement. You may not use the Google TV Add-on if you do not accept this License Agreement.
2026-10-07T20:25:10.0029563Z 
2026-10-07T20:25:10.0029755Z 2.2 You can accept this License Agreement by:
2026-10-07T20:25:10.0030023Z 
2026-10-07T20:25:10.0030386Z (A) clicking to accept or agree to this License Agreement, where this option is made available to you; or
2026-10-07T20:25:10.0030884Z 
2026-10-07T20:25:10.0031571Z (B) by actually using the Google TV Add-on. In this case, you agree that use of the Google TV Add-on constitutes acceptance of the License Agreement from that point onwards.
2026-10-07T20:25:10.0032204Z 
2026-10-07T20:25:10.0033020Z 2.3 You may not use the Google TV Add-on and may not accept the Licensing Agreement if you are a person barred from receiving the Google TV Add-on under the laws of the United States or other countries including the country in which you are resident or from which you use the Google TV Add-on.
2026-10-07T20:25:10.0033925Z 
2026-10-07T20:25:10.0035064Z 2.4 If you are agreeing to be bound by this License Agreement on behalf of your employer or other entity, you represent and warrant that you have full legal authority to bind your employer or such entity to this License Agreement. If you do not have the requisite authority, you may not accept the Licensing Agreement or use the Google TV Add-on on behalf of your employer or other entity.
2026-10-07T20:25:10.0036549Z 
2026-10-07T20:25:10.0036717Z 3. Google TV Add-on License from Google
2026-10-07T20:25:10.0036918Z 
2026-10-07T20:25:10.0037748Z 3.1 Subject to the terms of this License Agreement, Google grants you a limited, worldwide, royalty-free, non- assignable and non-exclusive license to use the Google TV Add-on solely to develop applications to run on the Google TV platform.
2026-10-07T20:25:10.0038573Z 
2026-10-07T20:25:10.0039960Z 3.2 You agree that Google or third parties own all legal right, title and interest in and to the Google TV Add-on, including any Intellectual Property Rights that subsist in the Google TV Add-on. "Intellectual Property Rights" means any and all rights under patent law, copyright law, trade secret law, trademark law, and any and all other proprietary rights. Google reserves all rights not expressly granted to you.
2026-10-07T20:25:10.0041598Z 
2026-10-07T20:25:10.0043754Z 3.3 Except to the extent required by applicable third party licenses, you may not copy (except for backup purposes), modify, adapt, redistribute, decompile, reverse engineer, disassemble, or create derivative works of the Google TV Add-on or any part of the Google TV Add-on. Except to the extent required by applicable third party licenses, you may not load any part of the Google TV Add-on onto a mobile handset, television, or any other hardware device except a personal computer, combine any part of the Google TV Add-on with other software, or distribute any software or device incorporating a part of the Google TV Add-on.
2026-10-07T20:25:10.0046052Z 
2026-10-07T20:25:10.0046763Z 3.4 Use, reproduction and distribution of components of the Google TV Add-on licensed under an open source software license are governed solely by the terms of that open source software license and not this License Agreement.
2026-10-07T20:25:10.0047523Z 
2026-10-07T20:25:10.0049419Z 3.5 You agree that the form and nature of the Google TV Add-on that Google provides may change without prior notice to you and that future versions of the Google TV Add-on may be incompatible with applications developed on previous versions of the Google TV Add-on. You agree that Google may stop (permanently or temporarily) providing the Google TV Add-on (or any features within the Google TV Add-on) to you or to users generally at Google's sole discretion, without prior notice to you.
2026-10-07T20:25:10.0051611Z 
2026-10-07T20:25:10.0052929Z 3.6 Nothing in this License Agreement gives you a right to use any of Google's or it’s licensors’ trade names, trademarks, service marks, logos, domain names, or other distinctive brand features.
2026-10-07T20:25:10.0053613Z 
2026-10-07T20:25:10.0054208Z 3.7 You agree that you will not remove, obscure, or alter any proprietary rights notices (including copyright and trademark notices) that may be affixed to or contained within the Google TV Add-on.
2026-10-07T20:25:10.0054812Z 
2026-10-07T20:25:10.0055032Z 4. Use of the Google TV Add-on by You
2026-10-07T20:25:10.0055341Z 
2026-10-07T20:25:10.0056346Z 4.1 Google agrees that it obtains no right, title or interest from you (or your licensors) under this License Agreement in or to any software applications that you develop using the Google TV Add-on, including any intellectual property rights that subsist in those applications.
2026-10-07T20:25:10.0057476Z 
2026-10-07T20:25:10.0058566Z 4.2 You agree to use the Google TV Add-on and write applications only for purposes that are permitted by (a) this License Agreement and (b) any applicable law, regulation or generally accepted practices or guidelines in the relevant jurisdictions (including any laws regarding the export of data or software to and from the United States or other relevant countries).
2026-10-07T20:25:10.0059759Z 
2026-10-07T20:25:10.0062734Z 4.3 You agree that if you use the Google TV Add-on to develop applications for general public users, you will protect the privacy and legal rights of those users. If the users provide you with user names, passwords, or other login information or personal information, your must make the users aware that the information will be available to your application, and you must provide legally adequate privacy notice and protection for those users. If your application stores personal or sensitive information provided by users, it must do so securely. If the user provides your application with Google Account information, your application may only use that information to access the user's Google Account when, and for the limited purposes for which, the user has given you explicit permission to do so.
2026-10-07T20:25:10.0065659Z 
2026-10-07T20:25:10.0067151Z 4.4 You agree that you will not engage in any activity with the Google TV Add-on, including the development or distribution of an application, that interferes with, disrupts, damages, or accesses in an unauthorized manner the servers, networks, or other properties or services of any third party including, but not limited to, Google, Multichannel Video Program Distributors or any mobile communications carrier.
2026-10-07T20:25:10.0068521Z 
2026-10-07T20:25:10.0069772Z 4.5 You agree that you are solely responsible for (and that Google has no responsibility to you or to any third party for) any data, content, or resources that you create, transmit or display through the Google TV platform and/or applications for the Google TV platform, and for the consequences of your actions (including any loss or damage which Google may suffer) by doing so.
2026-10-07T20:25:10.0071072Z 
2026-10-07T20:25:10.0072411Z 4.6 You agree that you are solely responsible for (and that Google has no responsibility to you or to any third party for) any breach of your obligations under this License Agreement, any applicable third party contract or Terms of Service, or any applicable law or regulation, and for the consequences (including any loss or damage which Google or any third party may suffer) of any such breach.
2026-10-07T20:25:10.0073850Z 
2026-10-07T20:25:10.0074030Z 5. Your Developer Credentials
2026-10-07T20:25:10.0074302Z 
2026-10-07T20:25:10.0075502Z 5.1 You agree that you are responsible for maintaining the confidentiality of any developer credentials that may be issued to you by Google or which you may choose yourself and that you will be solely responsible for all applications that are developed under your developer credentials.
2026-10-07T20:25:10.0076664Z 
2026-10-07T20:25:10.0076799Z 6. Privacy and Information
2026-10-07T20:25:10.0077031Z 
2026-10-07T20:25:10.0078793Z 6.1 In order to continually innovate and improve the Google TV Add-on, Google may collect certain usage statistics from the software including but not limited to a unique identifier, associated IP address, version number of the software, and information on which tools and/or services in the Google TV Add-on are being used and how they are being used. Before any of this information is collected, the Google TV Add-on will notify you and seek your consent. If you withhold consent, the information will not be collected.
2026-10-07T20:25:10.0080757Z 
2026-10-07T20:25:10.0081456Z 6.2 The data collected is examined in the aggregate to improve the Google TV Add-on and is maintained in accordance with Google's Privacy Policy.
2026-10-07T20:25:10.0082060Z 
2026-10-07T20:25:10.0082259Z 7. Third Party Applications for the Google TV Platform
2026-10-07T20:25:10.0082597Z 
2026-10-07T20:25:10.0085065Z 7.1 If you use the Google TV Add-on to run applications developed by a third party or that access data, content or resources provided by a third party, you agree that Google is not responsible for those applications, data, content, or resources. You understand that all data, content or resources which you may access through such third party applications are the sole responsibility of the person from which they originated and that Google is not liable for any loss or damage that you may experience as a result of the use or access of any of those third party applications, data, content, or resources.
2026-10-07T20:25:10.0087297Z 
2026-10-07T20:25:10.0088959Z 7.2 You should be aware the data, content, and resources presented to you through such a third party application may be protected by intellectual property rights which are owned by the providers (or by other persons or companies on their behalf). You may not modify, rent, lease, loan, sell, distribute or create derivative works based on these data, content, or resources (either in whole or in part) unless you have been specifically given permission to do so by the relevant owners.
2026-10-07T20:25:10.0090596Z 
2026-10-07T20:25:10.0091761Z 7.3 You acknowledge that your use of such third party applications, data, content, or resources may be subject to separate terms between you and the relevant third party. In that case, this License Agreement does not affect your legal relationship with these third parties.
2026-10-07T20:25:10.0092771Z 
2026-10-07T20:25:10.0092932Z 8. Using Google TV APIs
2026-10-07T20:25:10.0093124Z 
2026-10-07T20:25:10.0095996Z 8.1 If you use any Google TV API to retrieve data from Google, you acknowledge that the data (“Google TV API Content”) may be protected by intellectual property rights which are owned by Google or those parties that provide the data (or by other persons or companies on their behalf). Your use of any such API may be subject to additional Terms of Service. You may not modify, rent, lease, loan, sell, distribute or create derivative works based on this data (either in whole or in part) unless allowed by the relevant Terms of Service. Some portions of the Google TV API Content are licensed to Google by third parties, including but not limited to Tribune Media Services
2026-10-07T20:25:10.0098241Z 
2026-10-07T20:25:10.0099022Z 8.2 If you use any API to retrieve a user's data from Google, you acknowledge and agree that you shall retrieve data only with the user's explicit consent and only when, and for the limited purposes for which, the user has given you permission to do so.
2026-10-07T20:25:10.0099924Z 
2026-10-07T20:25:10.0100204Z 8.3 Except as explicitly permitted in Section 3 (Google TV Add-on License from Google), you must:
2026-10-07T20:25:10.0100681Z 
2026-10-07T20:25:10.0101373Z (a) not modify nor format the Google TV API Content except to the extent reasonably and technically necessary to optimize the display such Google TV API Content in your application;
2026-10-07T20:25:10.0102019Z 
2026-10-07T20:25:10.0102809Z (b) not edit the Google TV API Content in a manner that renders the Google TV API Content inaccurate of alters its inherent meaning (provided that displaying excerpts will not violate the foregoing); or
2026-10-07T20:25:10.0103445Z 
2026-10-07T20:25:10.0103862Z (c) not create any commercial audience measurement tool or service using the Google TV API Content
2026-10-07T20:25:10.0104282Z 
2026-10-07T20:25:10.0104414Z 9. Terminating this License Agreement
2026-10-07T20:25:10.0104637Z 
2026-10-07T20:25:10.0104923Z 9.1 This License Agreement will continue to apply until terminated by either you or Google as set out below.
2026-10-07T20:25:10.0105385Z 
2026-10-07T20:25:10.0105879Z 9.2 If you want to terminate this License Agreement, you may do so by ceasing your use of the Google TV Add-on and any relevant developer credentials.
2026-10-07T20:25:10.0106384Z 
2026-10-07T20:25:10.0106618Z 9.3 Google may at any time, terminate this License Agreement with you if:
2026-10-07T20:25:10.0107007Z 
2026-10-07T20:25:10.0107342Z (A) you have breached any provision of this License Agreement; or
2026-10-07T20:25:10.0107613Z 
2026-10-07T20:25:10.0107744Z (B) Google is required to do so by law; or
2026-10-07T20:25:10.0107969Z 
2026-10-07T20:25:10.0108616Z (C) the partner with whom Google offered certain parts of Google TV Add-on (such as APIs) to you has terminated its relationship with Google or ceased to offer certain parts of the Google TV Add-on to you; or
2026-10-07T20:25:10.0109341Z 
2026-10-07T20:25:10.0110489Z (D) Google decides to no longer providing the Google TV Add-on or certain parts of the Google TV Add-on to users in the country in which you are resident or from which you use the service, or the provision of the Google TV Add-on or certain Google TV Add-on services to you by Google is, in Google's sole discretion, no longer commercially viable.
2026-10-07T20:25:10.0112011Z 
2026-10-07T20:25:10.0113334Z 9.4 When this License Agreement comes to an end, all of the legal rights, obligations and liabilities that you and Google have benefited from, been subject to (or which have accrued over time whilst this License Agreement has been in force) or which are expressed to continue indefinitely, shall be unaffected by this cessation, and the provisions of paragraph 14.7 shall continue to apply to such rights, obligations and liabilities indefinitely.
2026-10-07T20:25:10.0114768Z 
2026-10-07T20:25:10.0114983Z 10. DISCLAIMER OF WARRANTIES
2026-10-07T20:25:10.0115154Z 
2026-10-07T20:25:10.0115735Z 10.1 YOU EXPRESSLY UNDERSTAND AND AGREE THAT YOUR USE OF THE GOOGLE TV ADD-ON IS AT YOUR SOLE RISK AND THAT THE GOOGLE TV ADD-ON IS PROVIDED "AS IS" AND "AS AVAILABLE" WITHOUT WARRANTY OF ANY KIND FROM GOOGLE.
2026-10-07T20:25:10.0116373Z 
2026-10-07T20:25:10.0117302Z 10.2 YOUR USE OF THE GOOGLE TV ADD-ON AND ANY MATERIAL DOWNLOADED OR OTHERWISE OBTAINED THROUGH THE USE OF THE GOOGLE TV ADD-ON IS AT YOUR OWN DISCRETION AND RISK AND YOU ARE SOLELY RESPONSIBLE FOR ANY DAMAGE TO YOUR COMPUTER SYSTEM OR OTHER DEVICE OR LOSS OF DATA THAT RESULTS FROM SUCH USE.
2026-10-07T20:25:10.0118301Z 
2026-10-07T20:25:10.0119209Z 10.3 GOOGLE FURTHER EXPRESSLY DISCLAIMS ALL WARRANTIES AND CONDITIONS OF ANY KIND, WHETHER EXPRESS OR IMPLIED, INCLUDING, BUT NOT LIMITED TO THE IMPLIED WARRANTIES AND CONDITIONS OF MERCHANTABILITY, FITNESS FOR A PARTICULAR PURPOSE AND NON-INFRINGEMENT.
2026-10-07T20:25:10.0120264Z 
2026-10-07T20:25:10.0120416Z 11. LIMITATION OF LIABILITY
2026-10-07T20:25:10.0120639Z 
2026-10-07T20:25:10.0122422Z 11.1 YOU EXPRESSLY UNDERSTAND AND AGREE THAT GOOGLE, ITS SUBSIDIARIES AND AFFILIATES, AND ITS LICENSORS SHALL NOT BE LIABLE TO YOU UNDER ANY THEORY OF LIABILITY FOR ANY DIRECT, INDIRECT, INCIDENTAL, SPECIAL CONSEQUENTIAL OR EXEMPLARY DAMAGES THAT MAY BE INCURRED BY YOU, INCLUDING ANY LOSS OF DATA, WHETHER OR NOT GOOGLE OR ITS REPRESENTATIVES HAVE BEEN ADVISED OF OR SHOULD HAVE BEEN AWARE OF THE POSSIBILITY OF ANY SUCH LOSSES ARISING.
2026-10-07T20:25:10.0123990Z 
2026-10-07T20:25:10.0124114Z 12. Indemnification
2026-10-07T20:25:10.0124478Z 
2026-10-07T20:25:10.0126958Z 12.1 To the maximum extent permitted by law, you agree to defend, indemnify and hold harmless Google, its affiliates and their respective directors, officers, employees and agents from and against any and all claims, actions, suits or proceedings, as well as any and all losses, liabilities, damages, costs and expenses (including reasonable attorneys fees) arising out of or accruing from (a) your use of the Google TV Add-on, (b) any application you develop on the Google TV Add-on that infringes any copyright, trademark, trade secret, trade dress, patent or other intellectual property right of any person or defames any person or violates their rights of publicity or privacy, and (c) any non-compliance by you with this License Agreement.
2026-10-07T20:25:10.0129504Z 
2026-10-07T20:25:10.0129685Z 13. Changes to the License Agreement
2026-10-07T20:25:10.0129948Z 
2026-10-07T20:25:10.0130244Z 13.1 Google may make changes to the License Agreement as it distributes new versions of the Google TV Add-on.
2026-10-07T20:25:10.0130879Z 
2026-10-07T20:25:10.0131036Z 14. General Legal Terms
2026-10-07T20:25:10.0131416Z 
2026-10-07T20:25:10.0132504Z 14.1 This License Agreement constitute the whole legal agreement between you and Google and govern your use of the Google TV Add-on (excluding any services which Google may provide to you under a separate written agreement), and completely replace any prior agreements between you and Google in relation to the Google TV Add-on.
2026-10-07T20:25:10.0133691Z 
2026-10-07T20:25:10.0134749Z 14.2 You agree that if Google does not exercise or enforce any legal right or remedy which is contained in this License Agreement (or which Google has the benefit of under any applicable law), this will not be taken to be a formal waiver of Google's rights and that those rights or remedies will still be available to Google.
2026-10-07T20:25:10.0135922Z 
2026-10-07T20:25:10.0136999Z 14.3 If any court of law, having the jurisdiction to decide on this matter, rules that any provision of this License Agreement is invalid, then that provision will be removed from this License Agreement without affecting the rest of this License Agreement. The remaining provisions of this License Agreement will continue to be valid and enforceable.
2026-10-07T20:25:10.0138371Z 
2026-10-07T20:25:10.0140477Z 14.4 You acknowledge and agree that Google’s API data licensors and each member of the group of companies of which Google is the parent shall be third party beneficiaries to this License Agreement and that such other companies shall be entitled to directly enforce, and rely upon, any provision of this License Agreement that confers a benefit on (or rights in favor of) them. Other than this, no other person or company shall be third party beneficiaries to this License Agreement.
2026-10-07T20:25:10.0142304Z 
2026-10-07T20:25:10.0143300Z 14.5 EXPORT RESTRICTIONS. THE GOOGLE TV ADD-ON IS SUBJECT TO UNITED STATES EXPORT LAWS AND REGULATIONS. YOU MUST COMPLY WITH ALL DOMESTIC AND INTERNATIONAL EXPORT LAWS AND REGULATIONS THAT APPLY TO THE GOOGLE TV ADD-ON. THESE LAWS INCLUDE RESTRICTIONS ON DESTINATIONS, END USERS AND END USE.
2026-10-07T20:25:10.0144396Z 
2026-10-07T20:25:10.0145419Z 14.6 The rights granted in this License Agreement may not be assigned or transferred by either you or Google without the prior written approval of the other party. Neither you nor Google shall be permitted to delegate their responsibilities or obligations under this License Agreement without the prior written approval of the other party.
2026-10-07T20:25:10.0146548Z 
2026-10-07T20:25:10.0148319Z 14.7 This License Agreement, and your relationship with Google under this License Agreement, shall be governed by the laws of the State of California without regard to its conflict of laws provisions. You and Google agree to submit to the exclusive jurisdiction of the courts located within the county of Santa Clara, California to resolve any legal matter arising from this License Agreement. Notwithstanding this, you agree that Google shall still be allowed to apply for injunctive remedies (or an equivalent type of urgent legal relief) in any jurisdiction.
2026-10-07T20:25:10.0149946Z 
2026-10-07T20:25:10.0149951Z 
2026-10-07T20:25:10.0150100Z August 15, 2011
2026-10-07T20:25:10.0150440Z ---------------------------------------
2026-10-07T20:25:10.0150797Z Accept? (y/N): 
2026-10-07T20:25:10.0151089Z 2/6: License android-googlexr-license:
2026-10-07T20:25:10.0152116Z ---------------------------------------
2026-10-07T20:25:10.0152836Z To get started with the Android XR Emulator System Image SDK, you must agree to the following terms and conditions. As described below, please note that this is a preview, emulated version of the Android XR OS, subject to change, that you use at your own risk.
2026-10-07T20:25:10.0153440Z 
2026-10-07T20:25:10.0153637Z This is the Android XR Emulator System Image SDK License Agreement
2026-10-07T20:25:10.0153838Z 
2026-10-07T20:25:10.0153955Z 1. Introduction
2026-10-07T20:25:10.0154089Z 
2026-10-07T20:25:10.0155165Z 1.1 The Android Android XR Emulator System Image SDK (referred to in the License Agreement as the "SDK" and specifically including the Android system files,, packaged APIs, library files (if and when they are made available), and Google applications and APIs add-ons) is licensed to you subject to the terms of the License Agreement. The License Agreement forms a legally binding contract between you and Google in relation to your use of the SDK.
2026-10-07T20:25:10.0156183Z 
2026-10-07T20:25:10.0156653Z 1.2 "Android" means the Android software stack for devices, as made available under the Android Open Source Project, which is located at the following URL: https://source.android.com/, as updated from time to time.
2026-10-07T20:25:10.0157156Z 
2026-10-07T20:25:10.0157626Z 1.3 "Google" means Google LLC, organized under the laws of the State of Delaware, USA, and operating under the laws of the USA with principal place of business at 1600 Amphitheatre Parkway, Mountain View, CA 94043, USA.
2026-10-07T20:25:10.0158194Z 
2026-10-07T20:25:10.0158305Z 2. Accepting this License Agreement
2026-10-07T20:25:10.0158477Z 
2026-10-07T20:25:10.0158762Z 2.1 In order to use the SDK, you must first agree to the License Agreement. You may not use the SDK if you do not accept the License Agreement.
2026-10-07T20:25:10.0159140Z 
2026-10-07T20:25:10.0159378Z 2.2 By clicking to accept and/or using this SDK, you hereby agree to the terms of the License Agreement.
2026-10-07T20:25:10.0159651Z 
2026-10-07T20:25:10.0160179Z 2.3 You may not use the SDK and may not accept the License Agreement if you are a person barred from receiving the SDK under the laws of the United States or other countries, including the country in which you are resident or from which you use the SDK.
2026-10-07T20:25:10.0160755Z 
2026-10-07T20:25:10.0161898Z 2.4 If you are agreeing to be bound by the License Agreement on behalf of your employer or other entity, you represent and warrant that you have full legal authority to bind your employer or such entity to the License Agreement. If you do not have the requisite authority, you may not accept the License Agreement or use the SDK on behalf of your employer or other entity.
2026-10-07T20:25:10.0162760Z 
2026-10-07T20:25:10.0162900Z 3. SDK License from Google
2026-10-07T20:25:10.0163056Z 
2026-10-07T20:25:10.0163654Z 3.1 Subject to the terms of the License Agreement, Google grants you a limited, worldwide, royalty-free, non-assignable, non-exclusive, and non-sublicensable license to use the SDK solely to develop applications for Android XR.
2026-10-07T20:25:10.0164492Z 
2026-10-07T20:25:10.0165004Z 3.2 You may not use this SDK to develop applications for other platforms or to develop another SDK. You are of course free to develop applications for other platforms provided that this SDK is not used for that purpose.
2026-10-07T20:25:10.0165533Z 
2026-10-07T20:25:10.0166440Z 3.3 You agree that Google or third parties own all legal right, title and interest in and to the SDK, including any Intellectual Property Rights that subsist in the SDK. "Intellectual Property Rights" means any and all rights under patent law, copyright law, trade secret law, trademark law, and any and all other proprietary rights. Google reserves all rights not expressly granted to you.
2026-10-07T20:25:10.0167480Z 
2026-10-07T20:25:10.0168686Z 3.4 You may not use the SDK for any purpose not expressly permitted by the License Agreement. Except to the extent required by applicable third party licenses, you may not (a) copy (except for backup purposes), modify, adapt, redistribute, decompile, reverse engineer, disassemble, or create derivative works of the SDK or any part of the SDK; or (b) load any part of the SDK onto a mobile handset or any other hardware device except a personal computer, combine any part of the SDK with other software, or distribute any software or device incorporating a part of the SDK.
2026-10-07T20:25:10.0169920Z 
2026-10-07T20:25:10.0170791Z 3.5 Use, reproduction and distribution of components of the SDK licensed under an open source software license are governed solely by the terms of that open source software license and not the License Agreement. You agree to remain a licensee in good standing in regard to such open source software licenses under all the rights granted and to refrain from any actions that may terminate, suspend, or breach such rights.
2026-10-07T20:25:10.0171902Z 
2026-10-07T20:25:10.0172805Z 3.6 You agree that the form and nature of the SDK that Google provides may change without prior notice to you and that future versions of the SDK may be incompatible with applications developed on previous versions of the SDK. You agree that Google may stop (permanently or temporarily) providing the SDK (or any features within the SDK) to you or to users generally at Google's sole discretion, without prior notice to you.
2026-10-07T20:25:10.0173698Z 
2026-10-07T20:25:10.0174085Z 3.7 Nothing in the License Agreement gives you a right to use any of Google's trade names, trademarks, service marks, logos, domain names, or other distinctive brand features.
2026-10-07T20:25:10.0174520Z 
2026-10-07T20:25:10.0174884Z 3.8 You agree that you will not remove, obscure, or alter any proprietary rights notices (including copyright and trademark notices) that may be affixed to or contained within the SDK.
2026-10-07T20:25:10.0175382Z 
2026-10-07T20:25:10.0175470Z 4. Use of the SDK by You
2026-10-07T20:25:10.0175639Z 
2026-10-07T20:25:10.0176224Z 4.1 Google agrees that it obtains no right, title or interest from you (or your licensors) under the License Agreement in or to any software applications that you develop using the SDK, including any intellectual property rights that subsist in those applications.
2026-10-07T20:25:10.0176794Z 
2026-10-07T20:25:10.0177576Z 4.2 You agree to use the SDK and write applications only for purposes that are permitted by (a) the License Agreement and (b) any applicable law, regulation or generally accepted practices or guidelines in the relevant jurisdictions (including any laws regarding the export of data or software to and from the United States or other relevant countries).
2026-10-07T20:25:10.0178378Z 
2026-10-07T20:25:10.0180146Z 4.3 You agree that if you use the SDK to develop applications for general public users, you will protect the privacy and legal rights of those users. If the users provide you with user names, passwords, or other login information or personal information, you must make the users aware that the information will be available to your application, and you must provide legally adequate privacy notice and protection for those users. If your application stores personal or sensitive information provided by users, it must do so securely. If the user provides your application with Google Account information, your application may only use that information to access the user's Google Account when, and for the limited purposes for which, the user has given you permission to do so.
2026-10-07T20:25:10.0181944Z 
2026-10-07T20:25:10.0182760Z 4.4 You agree that you will not engage in any activity with the SDK, including the development or distribution of an application, that interferes with, disrupts, damages, or accesses in an unauthorized manner the servers, networks, or other properties or services of any third party including, but not limited to, Google or any mobile communications carrier.
2026-10-07T20:25:10.0183566Z 
2026-10-07T20:25:10.0184322Z 4.5 You agree that you are solely responsible for (and that Google has no responsibility to you or to any third party for) any data, content, or resources that you create, transmit or display through Android and/or applications for Android, and for the consequences of your actions (including any loss or damage which Google may suffer) by doing so.
2026-10-07T20:25:10.0185092Z 
2026-10-07T20:25:10.0185909Z 4.6 You agree that you are solely responsible for (and that Google has no responsibility to you or to any third party for) any breach of your obligations under the License Agreement, any applicable third party contract or Terms of Service, or any applicable law or regulation, and for the consequences (including any loss or damage which Google or any third party may suffer) of any such breach.
2026-10-07T20:25:10.0186863Z 
2026-10-07T20:25:10.0187470Z 4.7 The SDK is in development, and your testing and feedback are an important part of the development process. By using the SDK, you acknowledge that implementation of some features are still under development and that you should not rely on the SDK having the full functionality of a stable release.
2026-10-07T20:25:10.0188167Z 
2026-10-07T20:25:10.0188293Z 5. Your Developer Credentials
2026-10-07T20:25:10.0188419Z 
2026-10-07T20:25:10.0189068Z 5.1 You agree that you are responsible for maintaining the confidentiality of any developer credentials that may be issued to you by Google or which you may choose yourself and that you will be solely responsible for all applications that are developed under your developer credentials.
2026-10-07T20:25:10.0189737Z 
2026-10-07T20:25:10.0189831Z 6. Privacy and Information
2026-10-07T20:25:10.0189992Z 
2026-10-07T20:25:10.0191010Z 6.1 In order to continually innovate and improve the SDK, Google may collect certain usage statistics from the software including but not limited to a unique identifier, associated IP address, version number of the software, and information on which tools and/or services in the SDK are being used and how they are being used. Before any of this information is collected, the SDK will notify you and seek your consent. If you withhold consent, the information will not be collected.
2026-10-07T20:25:10.0192211Z 
2026-10-07T20:25:10.0192682Z 6.2 The data collected is examined in the aggregate to improve the SDK and is maintained in accordance with Google's Privacy Policy, which is located at the following URL: https://policies.google.com/privacy
2026-10-07T20:25:10.0193192Z 
2026-10-07T20:25:10.0193407Z 6.3 Anonymized and aggregated sets of the data may be shared with Google partners to improve the SDK.
2026-10-07T20:25:10.0193709Z 
2026-10-07T20:25:10.0193840Z 7. Third Party Applications
2026-10-07T20:25:10.0193998Z 
2026-10-07T20:25:10.0195225Z 7.1 If you use the SDK to run applications developed by a third party or that access data, content or resources provided by a third party, you agree that Google is not responsible for those applications, data, content, or resources. You understand that all data, content or resources which you may access through such third party applications are the sole responsibility of the person from which they originated and that Google is not liable for any loss or damage that you may experience as a result of the use or access of any of those third party applications, data, content, or resources.
2026-10-07T20:25:10.0196514Z 
2026-10-07T20:25:10.0197562Z 7.2 You should be aware that the data, content, and resources presented to you through such a third party application may be protected by intellectual property rights which are owned by the providers (or by other persons or companies on their behalf). You may not modify, rent, lease, loan, sell, distribute or create derivative works based on these data, content, or resources (either in whole or in part) unless you have been specifically given permission to do so by the relevant owners.
2026-10-07T20:25:10.0198625Z 
2026-10-07T20:25:10.0199204Z 7.3 You acknowledge that your use of such third party applications, data, content, or resources may be subject to separate terms between you and the relevant third party. In that case, the License Agreement does not affect your legal relationship with these third parties.
2026-10-07T20:25:10.0199811Z 
2026-10-07T20:25:10.0199915Z 8. Using Android APIs
2026-10-07T20:25:10.0200108Z 
2026-10-07T20:25:10.0200193Z 8.1 Google Data APIs
2026-10-07T20:25:10.0200336Z 
2026-10-07T20:25:10.0201485Z 8.1.1 If you use any API to retrieve data from Google, you acknowledge that the data may be protected by intellectual property rights which are owned by Google or those parties that provide the data (or by other persons or companies on their behalf). Your use of any such API may be subject to additional Terms of Service. You may not modify, rent, lease, loan, sell, distribute or create derivative works based on this data (either in whole or in part) unless allowed by the relevant Terms of Service.
2026-10-07T20:25:10.0202605Z 
2026-10-07T20:25:10.0204409Z 8.1.2 If you use any API to retrieve a user's data from Google, you acknowledge and agree that you shall retrieve data only with the user's explicit consent and only when, and for the limited purposes for which, the user has given you permission to do so. If you use the Android Recognition Service API, documented at the following URL: https://developer.android.com/reference/android/speech/RecognitionService, as updated from time to time, you acknowledge that the use of the API is subject to the Data Processing Addendum for Products where Google is a Data Processor, which is located at the following URL: https://privacy.google.com/businesses/gdprprocessorterms/, as updated from time to time. By clicking to accept, you hereby agree to the terms of the Data Processing Addendum for Products where Google is a Data Processor.
2026-10-07T20:25:10.0206195Z 
2026-10-07T20:25:10.0206327Z 9. Terminating this License Agreement
2026-10-07T20:25:10.0206493Z 
2026-10-07T20:25:10.0206750Z 9.1 The License Agreement will continue to apply until terminated by either you or Google as set out below.
2026-10-07T20:25:10.0207042Z 
2026-10-07T20:25:10.0207335Z 9.2 If you want to terminate the License Agreement, you may do so by ceasing your use of the SDK and any relevant developer credentials.
2026-10-07T20:25:10.0207693Z 
2026-10-07T20:25:10.0208965Z 9.3 Google may at any time, terminate the License Agreement with you if: (A) you have breached any provision of the License Agreement; or (B) Google is required to do so by law; or (C) the partner with whom Google offered certain parts of SDK (such as APIs) to you has terminated its relationship with Google or ceased to offer certain parts of the SDK to you; or (D) Google decides to no longer provide the SDK or certain parts of the SDK to users in the country in which you are resident or from which you use the service, or the provision of the SDK or certain SDK services to you by Google is, in Google's sole discretion, no longer commercially viable.
2026-10-07T20:25:10.0210352Z 
2026-10-07T20:25:10.0211412Z 9.4 When the License Agreement comes to an end, all of the legal rights, obligations and liabilities that you and Google have benefited from, been subject to (or which have accrued over time whilst the License Agreement has been in force) or which are expressed to continue indefinitely, shall be unaffected by this cessation, and the provisions of paragraph 14.7 shall continue to apply to such rights, obligations and liabilities indefinitely.
2026-10-07T20:25:10.0212408Z 
2026-10-07T20:25:10.0212525Z 10. DISCLAIMER OF WARRANTIES
2026-10-07T20:25:10.0212675Z 
2026-10-07T20:25:10.0213142Z 10.1 YOU EXPRESSLY UNDERSTAND AND AGREE THAT YOUR USE OF THE SDK IS AT YOUR SOLE RISK AND THAT THE SDK IS PROVIDED "AS IS" AND "AS AVAILABLE" WITHOUT WARRANTY OF ANY KIND FROM GOOGLE.
2026-10-07T20:25:10.0213560Z 
2026-10-07T20:25:10.0214113Z 10.2 YOUR USE OF THE SDK AND ANY MATERIAL DOWNLOADED OR OTHERWISE OBTAINED THROUGH THE USE OF THE SDK IS AT YOUR OWN DISCRETION AND RISK AND YOU ARE SOLELY RESPONSIBLE FOR ANY DAMAGE TO YOUR COMPUTER SYSTEM OR OTHER DEVICE OR LOSS OF DATA THAT RESULTS FROM SUCH USE.
2026-10-07T20:25:10.0214724Z 
2026-10-07T20:25:10.0215254Z 10.3 GOOGLE FURTHER EXPRESSLY DISCLAIMS ALL WARRANTIES AND CONDITIONS OF ANY KIND, WHETHER EXPRESS OR IMPLIED, INCLUDING, BUT NOT LIMITED TO THE IMPLIED WARRANTIES AND CONDITIONS OF MERCHANTABILITY, FITNESS FOR A PARTICULAR PURPOSE AND NON-INFRINGEMENT.
2026-10-07T20:25:10.0215899Z 
2026-10-07T20:25:10.0215992Z 11. LIMITATION OF LIABILITY
2026-10-07T20:25:10.0216172Z 
2026-10-07T20:25:10.0217112Z 11.1 YOU EXPRESSLY UNDERSTAND AND AGREE THAT GOOGLE, ITS SUBSIDIARIES AND AFFILIATES, AND ITS LICENSORS SHALL NOT BE LIABLE TO YOU UNDER ANY THEORY OF LIABILITY FOR ANY DIRECT, INDIRECT, INCIDENTAL, SPECIAL, CONSEQUENTIAL OR EXEMPLARY DAMAGES THAT MAY BE INCURRED BY YOU, INCLUDING ANY LOSS OF DATA, WHETHER OR NOT GOOGLE OR ITS REPRESENTATIVES HAVE BEEN ADVISED OF OR SHOULD HAVE BEEN AWARE OF THE POSSIBILITY OF ANY SUCH LOSSES ARISING.
2026-10-07T20:25:10.0218133Z 
2026-10-07T20:25:10.0218231Z 12. Indemnification
2026-10-07T20:25:10.0218375Z 
2026-10-07T20:25:10.0219856Z 12.1 To the maximum extent permitted by law, you agree to defend, indemnify and hold harmless Google, its affiliates and their respective directors, officers, employees and agents from and against any and all claims, actions, suits or proceedings, as well as any and all losses, liabilities, damages, costs and expenses (including reasonable attorneys fees) arising out of or accruing from (a) your use of the SDK, (b) any application you develop on the SDK that infringes any copyright, trademark, trade secret, trade dress, patent or other intellectual property right of any person or defames any person or violates their rights of publicity or privacy, and (c) any non-compliance by you with the License Agreement.
2026-10-07T20:25:10.0221481Z 
2026-10-07T20:25:10.0221624Z 13. Changes to the License Agreement
2026-10-07T20:25:10.0221835Z 
2026-10-07T20:25:10.0222308Z 13.1 Google may make changes to the License Agreement as it distributes new versions of the SDK. When these changes are made, Google will make a new version of the License Agreement available on the website where the SDK is made available.
2026-10-07T20:25:10.0222861Z 
2026-10-07T20:25:10.0222950Z 14. General Legal Terms
2026-10-07T20:25:10.0223099Z 
2026-10-07T20:25:10.0223779Z 14.1 The License Agreement constitutes the whole legal agreement between you and Google and governs your use of the SDK (excluding any services which Google may provide to you under a separate written agreement), and completely replaces any prior agreements between you and Google in relation to the SDK.
2026-10-07T20:25:10.0224451Z 
2026-10-07T20:25:10.0225121Z 14.2 You agree that if Google does not exercise or enforce any legal right or remedy which is contained in the License Agreement (or which Google has the benefit of under any applicable law), this will not be taken to be a formal waiver of Google's rights and that those rights or remedies will still be available to Google.
2026-10-07T20:25:10.0225821Z 
2026-10-07T20:25:10.0226520Z 14.3 If any court of law, having the jurisdiction to decide on this matter, rules that any provision of the License Agreement is invalid, then that provision will be removed from the License Agreement without affecting the rest of the License Agreement. The remaining provisions of the License Agreement will continue to be valid and enforceable.
2026-10-07T20:25:10.0227327Z 
2026-10-07T20:25:10.0228311Z 14.4 You acknowledge and agree that each member of the group of companies of which Google is the parent shall be third party beneficiaries to the License Agreement and that such other companies shall be entitled to directly enforce, and rely upon, any provision of the License Agreement that confers a benefit on (or rights in favor of) them. Other than this, no other person or company shall be third party beneficiaries to the License Agreement.
2026-10-07T20:25:10.0229302Z 
2026-10-07T20:25:10.0229836Z 14.5 EXPORT RESTRICTIONS. THE SDK IS SUBJECT TO UNITED STATES EXPORT LAWS AND REGULATIONS. YOU MUST COMPLY WITH ALL DOMESTIC AND INTERNATIONAL EXPORT LAWS AND REGULATIONS THAT APPLY TO THE SDK. THESE LAWS INCLUDE RESTRICTIONS ON DESTINATIONS, END USERS AND END USE.
2026-10-07T20:25:10.0230475Z 
2026-10-07T20:25:10.0231326Z 14.6 The rights granted in the License Agreement may not be assigned or transferred by either you or Google without the prior written approval of the other party. Neither you nor Google shall be permitted to delegate their responsibilities or obligations under the License Agreement without the prior written approval of the other party.
2026-10-07T20:25:10.0232080Z 
2026-10-07T20:25:10.0233250Z 14.7 The License Agreement, and your relationship with Google under the License Agreement, shall be governed by the laws of the State of California without regard to its conflict of laws provisions. You and Google agree to submit to the exclusive jurisdiction of the courts located within the county of Santa Clara, California to resolve any legal matter arising from the License Agreement. Notwithstanding this, you agree that Google shall still be allowed to apply for injunctive remedies (or an equivalent type of urgent legal relief) in any jurisdiction.
2026-10-07T20:25:10.0234638Z ---------------------------------------
2026-10-07T20:25:10.0234929Z Accept? (y/N): 
2026-10-07T20:25:10.0235178Z 3/6: License android-sdk-arm-dbt-license:
2026-10-07T20:25:10.0235472Z ---------------------------------------
2026-10-07T20:25:10.0235732Z Terms and Conditions
2026-10-07T20:25:10.0235904Z 
2026-10-07T20:25:10.0236061Z This is the Android Software Development Kit License Agreement
2026-10-07T20:25:10.0236285Z 
2026-10-07T20:25:10.0236372Z 1. Introduction
2026-10-07T20:25:10.0236515Z 
2026-10-07T20:25:10.0237358Z 1.1 The Android Software Development Kit (referred to in the License Agreement as the "SDK" and specifically including the Android system files, packaged APIs, and Google APIs add-ons) is licensed to you subject to the terms of the License Agreement. The License Agreement forms a legally binding contract between you and Google in relation to your use of the SDK.
2026-10-07T20:25:10.0238164Z 
2026-10-07T20:25:10.0238630Z 1.2 "Android" means the Android software stack for devices, as made available under the Android Open Source Project, which is located at the following URL: http://source.android.com/, as updated from time to time.
2026-10-07T20:25:10.0239145Z 
2026-10-07T20:25:10.0239871Z 1.3 A "compatible implementation" means any Android device that (i) complies with the Android Compatibility Definition document, which can be found at the Android compatibility website (http://source.android.com/compatibility) and which may be updated from time to time; and (ii) successfully passes the Android Compatibility Test Suite (CTS).
2026-10-07T20:25:10.0240789Z 
2026-10-07T20:25:10.0241165Z 1.4 "Google" means Google Inc., a Delaware corporation with principal place of business at 1600 Amphitheatre Parkway, Mountain View, CA 94043, United States.
2026-10-07T20:25:10.0241767Z 
2026-10-07T20:25:10.0241771Z 
2026-10-07T20:25:10.0241908Z 2. Accepting the License Agreement
2026-10-07T20:25:10.0242048Z 
2026-10-07T20:25:10.0242411Z 2.1 In order to use the SDK, you must first agree to the License Agreement. You may not use the SDK if you do not accept the License Agreement.
2026-10-07T20:25:10.0242779Z 
2026-10-07T20:25:10.0242947Z 2.2 By clicking to accept, you hereby agree to the terms of the License Agreement.
2026-10-07T20:25:10.0243201Z 
2026-10-07T20:25:10.0243795Z 2.3 You may not use the SDK and may not accept the License Agreement if you are a person barred from receiving the SDK under the laws of the United States or other countries, including the country in which you are resident or from which you use the SDK.
2026-10-07T20:25:10.0244390Z 
2026-10-07T20:25:10.0245166Z 2.4 If you are agreeing to be bound by the License Agreement on behalf of your employer or other entity, you represent and warrant that you have full legal authority to bind your employer or such entity to the License Agreement. If you do not have the requisite authority, you may not accept the License Agreement or use the SDK on behalf of your employer or other entity.
2026-10-07T20:25:10.0245979Z 
2026-10-07T20:25:10.0245983Z 
2026-10-07T20:25:10.0246076Z 3. SDK License from Google
2026-10-07T20:25:10.0246222Z 
2026-10-07T20:25:10.0246817Z 3.1 Subject to the terms of the License Agreement, Google grants you a limited, worldwide, royalty-free, non-assignable, non-exclusive, and non-sublicensable license to use the SDK solely to develop applications for compatible implementations of Android.
2026-10-07T20:25:10.0247409Z 
2026-10-07T20:25:10.0248136Z 3.2 You may not use this SDK to develop applications for other platforms (including non-compatible implementations of Android) or to develop another SDK. You are of course free to develop applications for other platforms, including non-compatible implementations of Android, provided that this SDK is not used for that purpose.
2026-10-07T20:25:10.0248928Z 
2026-10-07T20:25:10.0249705Z 3.3 You agree that Google or third parties own all legal right, title and interest in and to the SDK, including any Intellectual Property Rights that subsist in the SDK. "Intellectual Property Rights" means any and all rights under patent law, copyright law, trade secret law, trademark law, and any and all other proprietary rights. Google reserves all rights not expressly granted to you.
2026-10-07T20:25:10.0250594Z 
2026-10-07T20:25:10.0251434Z 3.4 You may not use the SDK for any purpose not expressly permitted by the License Agreement. Except to the extent required by applicable third party licenses, you may not copy (except for backup purposes), modify, adapt, redistribute, decompile, reverse engineer, disassemble, or create derivative works of the SDK or any part of the SDK.
2026-10-07T20:25:10.0252188Z 
2026-10-07T20:25:10.0252643Z 3.5 Use, reproduction and distribution of components of the SDK licensed under an open source software license are governed solely by the terms of that open source software license and not the License Agreement.
2026-10-07T20:25:10.0253213Z 
2026-10-07T20:25:10.0254080Z 3.6 You agree that the form and nature of the SDK that Google provides may change without prior notice to you and that future versions of the SDK may be incompatible with applications developed on previous versions of the SDK. You agree that Google may stop (permanently or temporarily) providing the SDK (or any features within the SDK) to you or to users generally at Google's sole discretion, without prior notice to you.
2026-10-07T20:25:10.0255038Z 
2026-10-07T20:25:10.0255436Z 3.7 Nothing in the License Agreement gives you a right to use any of Google's trade names, trademarks, service marks, logos, domain names, or other distinctive brand features.
2026-10-07T20:25:10.0255871Z 
2026-10-07T20:25:10.0256269Z 3.8 You agree that you will not remove, obscure, or alter any proprietary rights notices (including copyright and trademark notices) that may be affixed to or contained within the SDK.
2026-10-07T20:25:10.0256762Z 
2026-10-07T20:25:10.0256766Z 
2026-10-07T20:25:10.0256862Z 4. Use of the SDK by You
2026-10-07T20:25:10.0257030Z 
2026-10-07T20:25:10.0257595Z 4.1 Google agrees that it obtains no right, title or interest from you (or your licensors) under the License Agreement in or to any software applications that you develop using the SDK, including any intellectual property rights that subsist in those applications.
2026-10-07T20:25:10.0258199Z 
2026-10-07T20:25:10.0259047Z 4.2 You agree to use the SDK and write applications only for purposes that are permitted by (a) the License Agreement and (b) any applicable law, regulation or generally accepted practices or guidelines in the relevant jurisdictions (including any laws regarding the export of data or software to and from the United States or other relevant countries).
2026-10-07T20:25:10.0259866Z 
2026-10-07T20:25:10.0261619Z 4.3 You agree that if you use the SDK to develop applications for general public users, you will protect the privacy and legal rights of those users. If the users provide you with user names, passwords, or other login information or personal information, you must make the users aware that the information will be available to your application, and you must provide legally adequate privacy notice and protection for those users. If your application stores personal or sensitive information provided by users, it must do so securely. If the user provides your application with Google Account information, your application may only use that information to access the user's Google Account when, and for the limited purposes for which, the user has given you permission to do so.
2026-10-07T20:25:10.0263261Z 
2026-10-07T20:25:10.0264125Z 4.4 You agree that you will not engage in any activity with the SDK, including the development or distribution of an application, that interferes with, disrupts, damages, or accesses in an unauthorized manner the servers, networks, or other properties or services of any third party including, but not limited to, Google or any mobile communications carrier.
2026-10-07T20:25:10.0264936Z 
2026-10-07T20:25:10.0265913Z 4.5 You agree that you are solely responsible for (and that Google has no responsibility to you or to any third party for) any data, content, or resources that you create, transmit or display through Android and/or applications for Android, and for the consequences of your actions (including any loss or damage which Google may suffer) by doing so.
2026-10-07T20:25:10.0266673Z 
2026-10-07T20:25:10.0267561Z 4.6 You agree that you are solely responsible for (and that Google has no responsibility to you or to any third party for) any breach of your obligations under the License Agreement, any applicable third party contract or Terms of Service, or any applicable law or regulation, and for the consequences (including any loss or damage which Google or any third party may suffer) of any such breach.
2026-10-07T20:25:10.0268467Z 
2026-10-07T20:25:10.0269515Z 4.7 This software enables the execution of intellectual property owned by Arm Limited. You agree that your use of the software, that allows execution of ARM Instruction Set Architecture (“ISA”) compliant executables for application development and debug only on x86 desktop, laptop, customer on-premise servers, and customer-procured cloud-based environments.
2026-10-07T20:25:10.0270369Z 
2026-10-07T20:25:10.0270489Z 5. Your Developer Credentials
2026-10-07T20:25:10.0270648Z 
2026-10-07T20:25:10.0271435Z 5.1 You agree that you are responsible for maintaining the confidentiality of any developer credentials that may be issued to you by Google or which you may choose yourself and that you will be solely responsible for all applications that are developed under your developer credentials.
2026-10-07T20:25:10.0272126Z 
2026-10-07T20:25:10.0272228Z 6. Privacy and Information
2026-10-07T20:25:10.0272384Z 
2026-10-07T20:25:10.0273478Z 6.1 In order to continually innovate and improve the SDK, Google may collect certain usage statistics from the software including but not limited to a unique identifier, associated IP address, version number of the software, and information on which tools and/or services in the SDK are being used and how they are being used. Before any of this information is collected, the SDK will notify you and seek your consent. If you withhold consent, the information will not be collected.
2026-10-07T20:25:10.0274533Z 
2026-10-07T20:25:10.0274837Z 6.2 The data collected is examined in the aggregate to improve the SDK and is maintained in accordance with Google's Privacy Policy.
2026-10-07T20:25:10.0275192Z 
2026-10-07T20:25:10.0275195Z 
2026-10-07T20:25:10.0275277Z 7. Third Party Applications
2026-10-07T20:25:10.0275461Z 
2026-10-07T20:25:10.0276796Z 7.1 If you use the SDK to run applications developed by a third party or that access data, content or resources provided by a third party, you agree that Google is not responsible for those applications, data, content, or resources. You understand that all data, content or resources which you may access through such third party applications are the sole responsibility of the person from which they originated and that Google is not liable for any loss or damage that you may experience as a result of the use or access of any of those third party applications, data, content, or resources.
2026-10-07T20:25:10.0278574Z 
2026-10-07T20:25:10.0279621Z 7.2 You should be aware the data, content, and resources presented to you through such a third party application may be protected by intellectual property rights which are owned by the providers (or by other persons or companies on their behalf). You may not modify, rent, lease, loan, sell, distribute or create derivative works based on these data, content, or resources (either in whole or in part) unless you have been specifically given permission to do so by the relevant owners.
2026-10-07T20:25:10.0280754Z 
2026-10-07T20:25:10.0281558Z 7.3 You acknowledge that your use of such third party applications, data, content, or resources may be subject to separate terms between you and the relevant third party. In that case, the License Agreement does not affect your legal relationship with these third parties.
2026-10-07T20:25:10.0282422Z 
2026-10-07T20:25:10.0282427Z 
2026-10-07T20:25:10.0282577Z 8. Using Android APIs
2026-10-07T20:25:10.0282737Z 
2026-10-07T20:25:10.0282882Z 8.1 Google Data APIs
2026-10-07T20:25:10.0283086Z 
2026-10-07T20:25:10.0284664Z 8.1.1 If you use any API to retrieve data from Google, you acknowledge that the data may be protected by intellectual property rights which are owned by Google or those parties that provide the data (or by other persons or companies on their behalf). Your use of any such API may be subject to additional Terms of Service. You may not modify, rent, lease, loan, sell, distribute or create derivative works based on this data (either in whole or in part) unless allowed by the relevant Terms of Service.
2026-10-07T20:25:10.0286393Z 
2026-10-07T20:25:10.0288860Z 8.1.2 If you use any API to retrieve a user's data from Google, you acknowledge and agree that you shall retrieve data only with the user's explicit consent and only when, and for the limited purposes for which, the user has given you permission to do so. If you use the Android Recognition Service API, documented at the following URL: https://developer.android.com/reference/android/speech/RecognitionService, as updated from time to time, you acknowledge that the use of the API is subject to the Data Processing Addendum for Products where Google is a Data Processor, which is located at the following URL: https://privacy.google.com/businesses/gdprprocessorterms/, as updated from time to time. By clicking to accept, you hereby agree to the terms of the Data Processing Addendum for Products where Google is a Data Processor.
2026-10-07T20:25:10.0291327Z 
2026-10-07T20:25:10.0291333Z 
2026-10-07T20:25:10.0291492Z 9. Terminating the License Agreement
2026-10-07T20:25:10.0291668Z 
2026-10-07T20:25:10.0291987Z 9.1 The License Agreement will continue to apply until terminated by either you or Google as set out below.
2026-10-07T20:25:10.0292331Z 
2026-10-07T20:25:10.0292749Z 9.2 If you want to terminate the License Agreement, you may do so by ceasing your use of the SDK and any relevant developer credentials.
2026-10-07T20:25:10.0293194Z 
2026-10-07T20:25:10.0295077Z 9.3 Google may at any time, terminate the License Agreement with you if: (A) you have breached any provision of the License Agreement; or (B) Google is required to do so by law; or (C) the partner with whom Google offered certain parts of SDK (such as APIs) to you has terminated its relationship with Google or ceased to offer certain parts of the SDK to you; or (D) Google decides to no longer provide the SDK or certain parts of the SDK to users in the country in which you are resident or from which you use the service, or the provision of the SDK or certain SDK services to you by Google is, in Google's sole discretion, no longer commercially viable.
2026-10-07T20:25:10.0297156Z 
2026-10-07T20:25:10.0298613Z 9.4 When the License Agreement comes to an end, all of the legal rights, obligations and liabilities that you and Google have benefited from, been subject to (or which have accrued over time whilst the License Agreement has been in force) or which are expressed to continue indefinitely, shall be unaffected by this cessation, and the provisions of paragraph 14.7 shall continue to apply to such rights, obligations and liabilities indefinitely.
2026-10-07T20:25:10.0300158Z 
2026-10-07T20:25:10.0300163Z 
2026-10-07T20:25:10.0300281Z 10. DISCLAIMER OF WARRANTIES
2026-10-07T20:25:10.0300499Z 
2026-10-07T20:25:10.0301034Z 10.1 YOU EXPRESSLY UNDERSTAND AND AGREE THAT YOUR USE OF THE SDK IS AT YOUR SOLE RISK AND THAT THE SDK IS PROVIDED "AS IS" AND "AS AVAILABLE" WITHOUT WARRANTY OF ANY KIND FROM GOOGLE.
2026-10-07T20:25:10.0301909Z 
2026-10-07T20:25:10.0302776Z 10.2 YOUR USE OF THE SDK AND ANY MATERIAL DOWNLOADED OR OTHERWISE OBTAINED THROUGH THE USE OF THE SDK IS AT YOUR OWN DISCRETION AND RISK AND YOU ARE SOLELY RESPONSIBLE FOR ANY DAMAGE TO YOUR COMPUTER SYSTEM OR OTHER DEVICE OR LOSS OF DATA THAT RESULTS FROM SUCH USE.
2026-10-07T20:25:10.0303724Z 
2026-10-07T20:25:10.0304611Z 10.3 GOOGLE FURTHER EXPRESSLY DISCLAIMS ALL WARRANTIES AND CONDITIONS OF ANY KIND, WHETHER EXPRESS OR IMPLIED, INCLUDING, BUT NOT LIMITED TO THE IMPLIED WARRANTIES AND CONDITIONS OF MERCHANTABILITY, FITNESS FOR A PARTICULAR PURPOSE AND NON-INFRINGEMENT.
2026-10-07T20:25:10.0305447Z 
2026-10-07T20:25:10.0305451Z 
2026-10-07T20:25:10.0305580Z 11. LIMITATION OF LIABILITY
2026-10-07T20:25:10.0305785Z 
2026-10-07T20:25:10.0307152Z 11.1 YOU EXPRESSLY UNDERSTAND AND AGREE THAT GOOGLE, ITS SUBSIDIARIES AND AFFILIATES, AND ITS LICENSORS SHALL NOT BE LIABLE TO YOU UNDER ANY THEORY OF LIABILITY FOR ANY DIRECT, INDIRECT, INCIDENTAL, SPECIAL, CONSEQUENTIAL OR EXEMPLARY DAMAGES THAT MAY BE INCURRED BY YOU, INCLUDING ANY LOSS OF DATA, WHETHER OR NOT GOOGLE OR ITS REPRESENTATIVES HAVE BEEN ADVISED OF OR SHOULD HAVE BEEN AWARE OF THE POSSIBILITY OF ANY SUCH LOSSES ARISING.
2026-10-07T20:25:10.0308646Z 
2026-10-07T20:25:10.0308651Z 
2026-10-07T20:25:10.0308743Z 12. Indemnification
2026-10-07T20:25:10.0308969Z 
2026-10-07T20:25:10.0311515Z 12.1 To the maximum extent permitted by law, you agree to defend, indemnify and hold harmless Google, its affiliates and their respective directors, officers, employees and agents from and against any and all claims, actions, suits or proceedings, as well as any and all losses, liabilities, damages, costs and expenses (including reasonable attorneys fees) arising out of or accruing from (a) your use of the SDK, (b) any application you develop on the SDK that infringes any copyright, trademark, trade secret, trade dress, patent or other intellectual property right of any person or defames any person or violates their rights of publicity or privacy, and (c) any non-compliance by you with the License Agreement.
2026-10-07T20:25:10.0313752Z 
2026-10-07T20:25:10.0313756Z 
2026-10-07T20:25:10.0313916Z 13. Changes to the License Agreement
2026-10-07T20:25:10.0314166Z 
2026-10-07T20:25:10.0314959Z 13.1 Google may make changes to the License Agreement as it distributes new versions of the SDK. When these changes are made, Google will make a new version of the License Agreement available on the website where the SDK is made available.
2026-10-07T20:25:10.0315861Z 
2026-10-07T20:25:10.0315867Z 
2026-10-07T20:25:10.0316015Z 14. General Legal Terms
2026-10-07T20:25:10.0316176Z 
2026-10-07T20:25:10.0317317Z 14.1 The License Agreement constitutes the whole legal agreement between you and Google and governs your use of the SDK (excluding any services which Google may provide to you under a separate written agreement), and completely replaces any prior agreements between you and Google in relation to the SDK.
2026-10-07T20:25:10.0318452Z 
2026-10-07T20:25:10.0319445Z 14.2 You agree that if Google does not exercise or enforce any legal right or remedy which is contained in the License Agreement (or which Google has the benefit of under any applicable law), this will not be taken to be a formal waiver of Google's rights and that those rights or remedies will still be available to Google.
2026-10-07T20:25:10.0320593Z 
2026-10-07T20:25:10.0321849Z 14.3 If any court of law, having the jurisdiction to decide on this matter, rules that any provision of the License Agreement is invalid, then that provision will be removed from the License Agreement without affecting the rest of the License Agreement. The remaining provisions of the License Agreement will continue to be valid and enforceable.
2026-10-07T20:25:10.0323125Z 
2026-10-07T20:25:10.0324451Z 14.4 You acknowledge and agree that each member of the group of companies of which Google is the parent shall be third party beneficiaries to the License Agreement and that such other companies shall be entitled to directly enforce, and rely upon, any provision of the License Agreement that confers a benefit on (or rights in favor of) them. Other than this, no other person or company shall be third party beneficiaries to the License Agreement.
2026-10-07T20:25:10.0326083Z 
2026-10-07T20:25:10.0326870Z 14.5 EXPORT RESTRICTIONS. THE SDK IS SUBJECT TO UNITED STATES EXPORT LAWS AND REGULATIONS. YOU MUST COMPLY WITH ALL DOMESTIC AND INTERNATIONAL EXPORT LAWS AND REGULATIONS THAT APPLY TO THE SDK. THESE LAWS INCLUDE RESTRICTIONS ON DESTINATIONS, END USERS AND END USE.
2026-10-07T20:25:10.0327857Z 
2026-10-07T20:25:10.0329012Z 14.6 The rights granted in the License Agreement may not be assigned or transferred by either you or Google without the prior written approval of the other party. Neither you nor Google shall be permitted to delegate their responsibilities or obligations under the License Agreement without the prior written approval of the other party.
2026-10-07T20:25:10.0330115Z 
2026-10-07T20:25:10.0331930Z 14.7 The License Agreement, and your relationship with Google under the License Agreement, shall be governed by the laws of the State of California without regard to its conflict of laws provisions. You and Google agree to submit to the exclusive jurisdiction of the courts located within the county of Santa Clara, California to resolve any legal matter arising from the License Agreement. Notwithstanding this, you agree that Google shall still be allowed to apply for injunctive remedies (or an equivalent type of urgent legal relief) in any jurisdiction.
2026-10-07T20:25:10.0333728Z 
2026-10-07T20:25:10.0333733Z 
2026-10-07T20:25:10.0333898Z January 16, 2019
2026-10-07T20:25:10.0334214Z ---------------------------------------
2026-10-07T20:25:10.0334726Z Accept? (y/N): 
2026-10-07T20:25:10.0335085Z 4/6: License android-sdk-preview-license:
2026-10-07T20:25:10.0335460Z ---------------------------------------
2026-10-07T20:25:10.0336998Z To get started with the Android SDK Preview, you must agree to the following terms and conditions. As described below, please note that this is a preview version of the Android SDK, subject to change, that you use at your own risk. The Android SDK Preview is not a stable release, and may contain errors and defects that can result in serious damage to your computer systems, devices and data.
2026-10-07T20:25:10.0338366Z 
2026-10-07T20:25:10.0338614Z This is the Android SDK Preview License Agreement (the "License Agreement").
2026-10-07T20:25:10.0338913Z 
2026-10-07T20:25:10.0339029Z 1. Introduction
2026-10-07T20:25:10.0339229Z 
2026-10-07T20:25:10.0340792Z 1.1 The Android SDK Preview (referred to in the License Agreement as the “Preview” and specifically including the Android system files, packaged APIs, and Preview library files, if and when they are made available) is licensed to you subject to the terms of the License Agreement. The License Agreement forms a legally binding contract between you and Google in relation to your use of the Preview.
2026-10-07T20:25:10.0342541Z 
2026-10-07T20:25:10.0343089Z 1.2 "Android" means the Android software stack for devices, as made available under the Android Open Source Project, which is located at the following URL: http://source.android.com/, as updated from time to time.
2026-10-07T20:25:10.0343565Z 
2026-10-07T20:25:10.0343966Z 1.3 "Google" means Google Inc., a Delaware corporation with principal place of business at 1600 Amphitheatre Parkway, Mountain View, CA 94043, United States.
2026-10-07T20:25:10.0344395Z 
2026-10-07T20:25:10.0344496Z 2. Accepting the License Agreement
2026-10-07T20:25:10.0344665Z 
2026-10-07T20:25:10.0344974Z 2.1 In order to use the Preview, you must first agree to the License Agreement. You may not use the Preview if you do not accept the License Agreement.
2026-10-07T20:25:10.0345500Z 
2026-10-07T20:25:10.0345762Z 2.2 By clicking to accept and/or using the Preview, you hereby agree to the terms of the License Agreement.
2026-10-07T20:25:10.0346113Z 
2026-10-07T20:25:10.0346669Z 2.3 You may not use the Preview and may not accept the License Agreement if you are a person barred from receiving the Preview under the laws of the United States or other countries including the country in which you are resident or from which you use the Preview.
2026-10-07T20:25:10.0347333Z 
2026-10-07T20:25:10.0348287Z 2.4 If you will use the Preview internally within your company or organization you agree to be bound by the License Agreement on behalf of your employer or other entity, and you represent and warrant that you have full legal authority to bind your employer or such entity to the License Agreement. If you do not have the requisite authority, you may not accept the License Agreement or use the Preview on behalf of your employer or other entity.
2026-10-07T20:25:10.0349272Z 
2026-10-07T20:25:10.0349401Z 3. Preview License from Google
2026-10-07T20:25:10.0349538Z 
2026-10-07T20:25:10.0350239Z 3.1 Subject to the terms of the License Agreement, Google grants you a royalty-free, non-assignable, non-exclusive, non-sublicensable, limited, revocable license to use the Preview, personally or internally within your company or organization, solely to develop applications to run on the Android platform.
2026-10-07T20:25:10.0350992Z 
2026-10-07T20:25:10.0352009Z 3.2 You agree that Google or third parties owns all legal right, title and interest in and to the Preview, including any Intellectual Property Rights that subsist in the Preview. "Intellectual Property Rights" means any and all rights under patent law, copyright law, trade secret law, trademark law, and any and all other proprietary rights. Google reserves all rights not expressly granted to you.
2026-10-07T20:25:10.0352919Z 
2026-10-07T20:25:10.0354156Z 3.3 You may not use the Preview for any purpose not expressly permitted by the License Agreement. Except to the extent required by applicable third party licenses, you may not: (a) copy (except for backup purposes), modify, adapt, redistribute, decompile, reverse engineer, disassemble, or create derivative works of the Preview or any part of the Preview; or (b) load any part of the Preview onto a mobile handset or any other hardware device except a personal computer, combine any part of the Preview with other software, or distribute any software or device incorporating a part of the Preview.
2026-10-07T20:25:10.0355704Z 
2026-10-07T20:25:10.0356235Z 3.4 You agree that you will not take any actions that may cause or result in the fragmentation of Android, including but not limited to distributing, participating in the creation of, or promoting in any way a software development kit derived from the Preview.
2026-10-07T20:25:10.0356836Z 
2026-10-07T20:25:10.0357938Z 3.5 Use, reproduction and distribution of components of the Preview licensed under an open source software license are governed solely by the terms of that open source software license and not the License Agreement. You agree to remain a licensee in good standing in regard to such open source software licenses under all the rights granted and to refrain from any actions that may terminate, suspend, or breach such rights.
2026-10-07T20:25:10.0359095Z 
2026-10-07T20:25:10.0360075Z 3.6 You agree that the form and nature of the Preview that Google provides may change without prior notice to you and that future versions of the Preview may be incompatible with applications developed on previous versions of the Preview. You agree that Google may stop (permanently or temporarily) providing the Preview (or any features within the Preview) to you or to users generally at Google's sole discretion, without prior notice to you.
2026-10-07T20:25:10.0361062Z 
2026-10-07T20:25:10.0361586Z 3.7 Nothing in the License Agreement gives you a right to use any of Google's trade names, trademarks, service marks, logos, domain names, or other distinctive brand features.
2026-10-07T20:25:10.0362005Z 
2026-10-07T20:25:10.0362443Z 3.8 You agree that you will not remove, obscure, or alter any proprietary rights notices (including copyright and trademark notices) that may be affixed to or contained within the Preview.
2026-10-07T20:25:10.0362951Z 
2026-10-07T20:25:10.0363077Z 4. Use of the Preview by You
2026-10-07T20:25:10.0363243Z 
2026-10-07T20:25:10.0363865Z 4.1 Google agrees that nothing in the License Agreement gives Google any right, title or interest from you (or your licensors) under the License Agreement in or to any software applications that you develop using the Preview, including any intellectual property rights that subsist in those applications.
2026-10-07T20:25:10.0364563Z 
2026-10-07T20:25:10.0365339Z 4.2 You agree to use the Preview and write applications only for purposes that are permitted by (a) the License Agreement, and (b) any applicable law, regulation or generally accepted practices or guidelines in the relevant jurisdictions (including any laws regarding the export of data or software to and from the United States or other relevant countries).
2026-10-07T20:25:10.0366184Z 
2026-10-07T20:25:10.0367924Z 4.3 You agree that if you use the Preview to develop applications, you will protect the privacy and legal rights of users. If users provide you with user names, passwords, or other login information or personal information, you must make the users aware that the information will be available to your application, and you must provide legally adequate privacy notice and protection for those users. If your application stores personal or sensitive information provided by users, it must do so securely. If users provide you with Google Account information, your application may only use that information to access the user's Google Account when, and for the limited purposes for which, each user has given you permission to do so.
2026-10-07T20:25:10.0369519Z 
2026-10-07T20:25:10.0370186Z 4.4 You agree that you will not engage in any activity with the Preview, including the development or distribution of an application, that interferes with, disrupts, damages, or accesses in an unauthorized manner the servers, networks, or other properties or services of Google or any third party.
2026-10-07T20:25:10.0370837Z 
2026-10-07T20:25:10.0371854Z 4.5 You agree that you are solely responsible for (and that Google has no responsibility to you or to any third party for) any data, content, or resources that you create, transmit or display through Android and/or applications for Android, and for the consequences of your actions (including any loss or damage which Google may suffer) by doing so.
2026-10-07T20:25:10.0372646Z 
2026-10-07T20:25:10.0373466Z 4.6 You agree that you are solely responsible for (and that Google has no responsibility to you or to any third party for) any breach of your obligations under the License Agreement, any applicable third party contract or Terms of Service, or any applicable law or regulation, and for the consequences (including any loss or damage which Google or any third party may suffer) of any such breach.
2026-10-07T20:25:10.0374304Z 
2026-10-07T20:25:10.0375391Z 4.7 The Preview is in development, and your testing and feedback are an important part of the development process. By using the Preview, you acknowledge that implementation of some features are still under development and that you should not rely on the Preview having the full functionality of a stable release. You agree not to publicly distribute or ship any application using this Preview as this Preview will no longer be supported after the official Android SDK is released.
2026-10-07T20:25:10.0376466Z 
2026-10-07T20:25:10.0376563Z 5. Your Developer Credentials
2026-10-07T20:25:10.0376729Z 
2026-10-07T20:25:10.0377346Z 5.1 You agree that you are responsible for maintaining the confidentiality of any developer credentials that may be issued to you by Google or which you may choose yourself and that you will be solely responsible for all applications that are developed under your developer credentials.
2026-10-07T20:25:10.0378033Z 
2026-10-07T20:25:10.0378152Z 6. Privacy and Information
2026-10-07T20:25:10.0378284Z 
2026-10-07T20:25:10.0379316Z 6.1 In order to continually innovate and improve the Preview, Google may collect certain usage statistics from the software including but not limited to a unique identifier, associated IP address, version number of the software, and information on which tools and/or services in the Preview are being used and how they are being used. Before any of this information is collected, the Preview will notify you and seek your consent. If you withhold consent, the information will not be collected.
2026-10-07T20:25:10.0380455Z 
2026-10-07T20:25:10.0380911Z 6.2 The data collected is examined in the aggregate to improve the Preview and is maintained in accordance with Google's Privacy Policy located at http://www.google.com/policies/privacy/.
2026-10-07T20:25:10.0381533Z 
2026-10-07T20:25:10.0381654Z 7. Third Party Applications
2026-10-07T20:25:10.0381805Z 
2026-10-07T20:25:10.0383767Z 7.1 If you use the Preview to run applications developed by a third party or that access data, content or resources provided by a third party, you agree that Google is not responsible for those applications, data, content, or resources. You understand that all data, content or resources which you may access through such third party applications are the sole responsibility of the person from which they originated and that Google is not liable for any loss or damage that you may experience as a result of the use or access of any of those third party applications, data, content, or resources.
2026-10-07T20:25:10.0385359Z 
2026-10-07T20:25:10.0386376Z 7.2 You should be aware the data, content, and resources presented to you through such a third party application may be protected by intellectual property rights which are owned by the providers (or by other persons or companies on their behalf). You may not modify, rent, lease, loan, sell, distribute or create derivative works based on these data, content, or resources (either in whole or in part) unless you have been specifically given permission to do so by the relevant owners.
2026-10-07T20:25:10.0387433Z 
2026-10-07T20:25:10.0387800Z 7.3 You acknowledge that your use of such third party applications, data, content, or resources may be subject to separate terms between you and the relevant third party.
2026-10-07T20:25:10.0388246Z 
2026-10-07T20:25:10.0388332Z 8. Using Google APIs
2026-10-07T20:25:10.0388532Z 
2026-10-07T20:25:10.0388641Z 8.1 Google APIs
2026-10-07T20:25:10.0388762Z 
2026-10-07T20:25:10.0389773Z 8.1.1 If you use any API to retrieve data from Google, you acknowledge that the data may be protected by intellectual property rights which are owned by Google or those parties that provide the data (or by other persons or companies on their behalf). Your use of any such API may be subject to additional Terms of Service. You may not modify, rent, lease, loan, sell, distribute or create derivative works based on this data (either in whole or in part) unless allowed by the relevant Terms of Service.
2026-10-07T20:25:10.0390843Z 
2026-10-07T20:25:10.0391638Z 8.1.2 If you use any API to retrieve a user's data from Google, you acknowledge and agree that you shall retrieve data only with the user's explicit consent and only when, and for the limited purposes for which, the user has given you permission to do so.
2026-10-07T20:25:10.0392253Z 
2026-10-07T20:25:10.0392421Z 9. Terminating the License Agreement
2026-10-07T20:25:10.0392571Z 
2026-10-07T20:25:10.0392835Z 9.1 the License Agreement will continue to apply until terminated by either you or Google as set out below.
2026-10-07T20:25:10.0393125Z 
2026-10-07T20:25:10.0393439Z 9.2 If you want to terminate the License Agreement, you may do so by ceasing your use of the Preview and any relevant developer credentials.
2026-10-07T20:25:10.0393836Z 
2026-10-07T20:25:10.0394048Z 9.3 Google may at any time, terminate the License Agreement, with or without cause, upon notice to you.
2026-10-07T20:25:10.0394340Z 
2026-10-07T20:25:10.0395056Z 9.4 The License Agreement will automatically terminate without notice or other action upon the earlier of: (A) when Google ceases to provide the Preview or certain parts of the Preview to users in the country in which you are resident or from which you use the service; and (B) Google issues a final release version of the Android SDK.
2026-10-07T20:25:10.0395886Z 
2026-10-07T20:25:10.0396445Z 9.5 When the License Agreement is terminated, the license granted to you in the License Agreement will terminate, you will immediately cease all use of the Preview, and the provisions of paragraphs 10, 11, 12 and 14 shall survive indefinitely.
2026-10-07T20:25:10.0397029Z 
2026-10-07T20:25:10.0397112Z 10. DISCLAIMERS
2026-10-07T20:25:10.0397242Z 
2026-10-07T20:25:10.0397645Z 10.1 YOU EXPRESSLY UNDERSTAND AND AGREE THAT YOUR USE OF THE PREVIEW IS AT YOUR SOLE RISK AND THAT THE PREVIEW IS PROVIDED "AS IS" AND "AS AVAILABLE" WITHOUT WARRANTY OF ANY KIND FROM GOOGLE.
2026-10-07T20:25:10.0398128Z 
2026-10-07T20:25:10.0399388Z 10.2 YOUR USE OF THE PREVIEW AND ANY MATERIAL DOWNLOADED OR OTHERWISE OBTAINED THROUGH THE USE OF THE PREVIEW IS AT YOUR OWN DISCRETION AND RISK AND YOU ARE SOLELY RESPONSIBLE FOR ANY DAMAGE TO YOUR COMPUTER SYSTEM OR OTHER DEVICE OR LOSS OF DATA THAT RESULTS FROM SUCH USE. WITHOUT LIMITING THE FOREGOING, YOU UNDERSTAND THAT THE PREVIEW IS NOT A STABLE RELEASE AND MAY CONTAIN ERRORS, DEFECTS AND SECURITY VULNERABILITIES THAT CAN RESULT IN SIGNIFICANT DAMAGE, INCLUDING THE COMPLETE, IRRECOVERABLE LOSS OF USE OF YOUR COMPUTER SYSTEM OR OTHER DEVICE.
2026-10-07T20:25:10.0400665Z 
2026-10-07T20:25:10.0401322Z 10.3 GOOGLE FURTHER EXPRESSLY DISCLAIMS ALL WARRANTIES AND CONDITIONS OF ANY KIND, WHETHER EXPRESS OR IMPLIED, INCLUDING, BUT NOT LIMITED TO THE IMPLIED WARRANTIES AND CONDITIONS OF MERCHANTABILITY, FITNESS FOR A PARTICULAR PURPOSE AND NON-INFRINGEMENT.
2026-10-07T20:25:10.0402022Z 
2026-10-07T20:25:10.0402124Z 11. LIMITATION OF LIABILITY
2026-10-07T20:25:10.0402300Z 
2026-10-07T20:25:10.0403237Z 11.1 YOU EXPRESSLY UNDERSTAND AND AGREE THAT GOOGLE, ITS SUBSIDIARIES AND AFFILIATES, AND ITS LICENSORS SHALL NOT BE LIABLE TO YOU UNDER ANY THEORY OF LIABILITY FOR ANY DIRECT, INDIRECT, INCIDENTAL, SPECIAL, CONSEQUENTIAL OR EXEMPLARY DAMAGES THAT MAY BE INCURRED BY YOU, INCLUDING ANY LOSS OF DATA, WHETHER OR NOT GOOGLE OR ITS REPRESENTATIVES HAVE BEEN ADVISED OF OR SHOULD HAVE BEEN AWARE OF THE POSSIBILITY OF ANY SUCH LOSSES ARISING.
2026-10-07T20:25:10.0404222Z 
2026-10-07T20:25:10.0404333Z 12. Indemnification
2026-10-07T20:25:10.0404485Z 
2026-10-07T20:25:10.0406270Z 12.1 To the maximum extent permitted by law, you agree to defend, indemnify and hold harmless Google, its affiliates and their respective directors, officers, employees and agents from and against any and all claims, actions, suits or proceedings, as well as any and all losses, liabilities, damages, costs and expenses (including reasonable attorneys’ fees) arising out of or accruing from (a) your use of the Preview, (b) any application you develop on the Preview that infringes any Intellectual Property Rights of any person or defames any person or violates their rights of publicity or privacy, and (c) any non-compliance by you of the License Agreement.
2026-10-07T20:25:10.0407723Z 
2026-10-07T20:25:10.0407866Z 13. Changes to the License Agreement
2026-10-07T20:25:10.0408070Z 
2026-10-07T20:25:10.0408568Z 13.1 Google may make changes to the License Agreement as it distributes new versions of the Preview. When these changes are made, Google will make a new version of the License Agreement available on the website where the Preview is made available.
2026-10-07T20:25:10.0409175Z 
2026-10-07T20:25:10.0409272Z 14. General Legal Terms
2026-10-07T20:25:10.0409431Z 
2026-10-07T20:25:10.0410153Z 14.1 the License Agreement constitutes the whole legal agreement between you and Google and governs your use of the Preview (excluding any services which Google may provide to you under a separate written agreement), and completely replaces any prior agreements between you and Google in relation to the Preview.
2026-10-07T20:25:10.0410843Z 
2026-10-07T20:25:10.0411705Z 14.2 You agree that if Google does not exercise or enforce any legal right or remedy which is contained in the License Agreement (or which Google has the benefit of under any applicable law), this will not be taken to be a formal waiver of Google's rights and that those rights or remedies will still be available to Google.
2026-10-07T20:25:10.0412480Z 
2026-10-07T20:25:10.0413193Z 14.3 If any court of law, having the jurisdiction to decide on this matter, rules that any provision of the License Agreement is invalid, then that provision will be removed from the License Agreement without affecting the rest of the License Agreement. The remaining provisions of the License Agreement will continue to be valid and enforceable.
2026-10-07T20:25:10.0413976Z 
2026-10-07T20:25:10.0414908Z 14.4 You acknowledge and agree that each member of the group of companies of which Google is the parent shall be third party beneficiaries to the License Agreement and that such other companies shall be entitled to directly enforce, and rely upon, any provision of the License Agreement that confers a benefit on (or rights in favor of) them. Other than this, no other person or company shall be third party beneficiaries to the License Agreement.
2026-10-07T20:25:10.0416076Z 
2026-10-07T20:25:10.0416888Z 14.5 EXPORT RESTRICTIONS. THE PREVIEW IS SUBJECT TO UNITED STATES EXPORT LAWS AND REGULATIONS. YOU MUST COMPLY WITH ALL DOMESTIC AND INTERNATIONAL EXPORT LAWS AND REGULATIONS THAT APPLY TO THE PREVIEW. THESE LAWS INCLUDE RESTRICTIONS ON DESTINATIONS, END USERS AND END USE.
2026-10-07T20:25:10.0417582Z 
2026-10-07T20:25:10.0418251Z 14.6 The License Agreement may not be assigned or transferred by you without the prior written approval of Google, and any attempted assignment without such approval will be void. You shall not delegate your responsibilities or obligations under the License Agreement without the prior written approval of Google.
2026-10-07T20:25:10.0418970Z 
2026-10-07T20:25:10.0420150Z 14.7 The License Agreement, and your relationship with Google under the License Agreement, shall be governed by the laws of the State of California without regard to its conflict of laws provisions. You and Google agree to submit to the exclusive jurisdiction of the courts located within the county of Santa Clara, California to resolve any legal matter arising from the License Agreement. Notwithstanding this, you agree that Google shall still be allowed to apply for injunctive remedies (or an equivalent type of urgent legal relief) in any jurisdiction.
2026-10-07T20:25:10.0421522Z 
2026-10-07T20:25:10.0421616Z June 2014.
2026-10-07T20:25:10.0421871Z ---------------------------------------
2026-10-07T20:25:10.0422133Z Accept? (y/N): 
2026-10-07T20:25:10.0422401Z 5/6: License google-gdk-license:
2026-10-07T20:25:10.0422664Z ---------------------------------------
2026-10-07T20:25:10.0422985Z This is a Developer Preview of the GDK that is subject to change.
2026-10-07T20:25:10.0423249Z 
2026-10-07T20:25:10.0423334Z Terms and Conditions
2026-10-07T20:25:10.0423479Z 
2026-10-07T20:25:10.0423643Z This is the Glass Development Kit License Agreement.
2026-10-07T20:25:10.0423868Z 
2026-10-07T20:25:10.0423996Z 1. Introduction
2026-10-07T20:25:10.0424105Z 
2026-10-07T20:25:10.0424936Z 1.1 The Glass Development Kit (referred to in this License Agreement as the "GDK" and specifically including the Android system files, packaged APIs, and GDK library files, if and when they are made available) is licensed to you subject to the terms of this License Agreement. This License Agreement forms a legally binding contract between you and Google in relation to your use of the GDK.
2026-10-07T20:25:10.0425795Z 
2026-10-07T20:25:10.0425986Z 1.2 "Glass" means Glass devices and the Glass software stack for use on Glass devices.
2026-10-07T20:25:10.0426246Z 
2026-10-07T20:25:10.0426249Z 
2026-10-07T20:25:10.0426688Z 1.3 "Android" means the Android software stack for devices, as made available under the Android Open Source Project, which is located at the following URL: http://source.android.com/, as updated from time to time.
2026-10-07T20:25:10.0427248Z 
2026-10-07T20:25:10.0427599Z 1.4 "Google" means Google Inc., a Delaware corporation with principal place of business at 1600 Amphitheatre Parkway, Mountain View, CA 94043, United States.
2026-10-07T20:25:10.0428005Z 
2026-10-07T20:25:10.0428128Z 2. Accepting this License Agreement
2026-10-07T20:25:10.0428300Z 
2026-10-07T20:25:10.0428584Z 2.1 In order to use the GDK, you must first agree to this License Agreement. You may not use the GDK if you do not accept this License Agreement.
2026-10-07T20:25:10.0429021Z 
2026-10-07T20:25:10.0429204Z 2.2 By clicking to accept, you hereby agree to the terms of this License Agreement.
2026-10-07T20:25:10.0429456Z 
2026-10-07T20:25:10.0429988Z 2.3 You may not use the GDK and may not accept the License Agreement if you are a person barred from receiving the GDK under the laws of the United States or other countries including the country in which you are resident or from which you use the GDK.
2026-10-07T20:25:10.0430542Z 
2026-10-07T20:25:10.0431492Z 2.4 If you are agreeing to be bound by this License Agreement on behalf of your employer or other entity, you represent and warrant that you have full legal authority to bind your employer or such entity to this License Agreement. If you do not have the requisite authority, you may not accept the License Agreement or use the GDK on behalf of your employer or other entity.
2026-10-07T20:25:10.0432318Z 
2026-10-07T20:25:10.0432411Z 3. GDK License from Google
2026-10-07T20:25:10.0432566Z 
2026-10-07T20:25:10.0433104Z 3.1 Subject to the terms of this License Agreement, Google grants you a limited, worldwide, royalty-free, non-assignable and non-exclusive license to use the GDK solely to develop applications to run on the Glass platform for Glass devices.
2026-10-07T20:25:10.0433762Z 
2026-10-07T20:25:10.0434908Z 3.2 You agree that Google or third parties own all legal right, title and interest in and to the GDK, including any Intellectual Property Rights that subsist in the GDK. "Intellectual Property Rights" means any and all rights under patent law, copyright law, trade secret law, trademark law, and any and all other proprietary rights. Google reserves all rights not expressly granted to you.
2026-10-07T20:25:10.0436104Z 
2026-10-07T20:25:10.0437962Z 3.3 You may not use the GDK for any purpose not expressly permitted by this License Agreement. Except to the extent required by applicable third party licenses, you may not: (a) copy (except for backup purposes), modify, adapt, redistribute, decompile, reverse engineer, disassemble, or create derivative works of the GDK or any part of the GDK; or (b) load any part of the GDK onto a mobile handset or wearable computing device or any other hardware device except a Glass device personal computer, combine any part of the GDK with other software, or distribute any software or device incorporating a part of the GDK.
2026-10-07T20:25:10.0439950Z 
2026-10-07T20:25:10.0441011Z 3.4 You agree that you will not take any actions that may cause or result in the fragmentation of Glass, including but not limited to distributing, participating in the creation of, or promoting in any way a software development kit derived from the GDK.
2026-10-07T20:25:10.0442009Z 
2026-10-07T20:25:10.0442632Z 3.5 Use, reproduction and distribution of components of the GDK licensed under an open source software license are governed solely by the terms of that open source software license and not this License Agreement.
2026-10-07T20:25:10.0443384Z 
2026-10-07T20:25:10.0444823Z 3.6 You agree that the form and nature of the GDK that Google provides may change without prior notice to you and that future versions of the GDK may be incompatible with applications developed on previous versions of the GDK. You agree that Google may stop (permanently or temporarily) providing the GDK (or any features within the GDK) to you or to users generally at Google's sole discretion, without prior notice to you.
2026-10-07T20:25:10.0446083Z 
2026-10-07T20:25:10.0446620Z 3.7 Nothing in this License Agreement gives you a right to use any of Google's trade names, trademarks, service marks, logos, domain names, or other distinctive brand features.
2026-10-07T20:25:10.0447266Z 
2026-10-07T20:25:10.0447660Z 3.8 You agree that you will not remove, obscure, or alter any proprietary rights notices (including copyright and trademark notices) that may be affixed to or contained within the GDK.
2026-10-07T20:25:10.0448127Z 
2026-10-07T20:25:10.0448131Z 
2026-10-07T20:25:10.0448921Z 3.9 Your use of any Android system files, packaged APIs, or other components of the GDK which are part of the Android Software Development Kit is subject to the terms of the Android Software Development Kit License Agreement located at http://developer.android.com/sdk/terms.html. These terms are hereby incorporated by reference into this License Agreement.
2026-10-07T20:25:10.0449700Z 
2026-10-07T20:25:10.0449822Z 4. Use of the GDK by You
2026-10-07T20:25:10.0449967Z 
2026-10-07T20:25:10.0450516Z 4.1 Google agrees that it obtains no right, title or interest from you (or your licensors) under this License Agreement in or to any software applications that you develop using the GDK, including any intellectual property rights that subsist in those applications.
2026-10-07T20:25:10.0451157Z 
2026-10-07T20:25:10.0452627Z 4.2 You agree to use the GDK and write applications only for purposes that are permitted by (a) this License Agreement, (b) the Glass Platform Developer Policies (located at https://developers.google.com/glass/policies, and hereby incorporated into this License Agreement by reference), and (c) any applicable law, regulation or generally accepted practices or guidelines in the relevant jurisdictions (including any laws regarding the export of data or software to and from the United States or other relevant countries).
2026-10-07T20:25:10.0453773Z 
2026-10-07T20:25:10.0455367Z 4.3 You agree that if you use the GDK to develop applications for general public users, you will protect the privacy and legal rights of those users. If the users provide you with user names, passwords, or other login information or personal information, you must make the users aware that the information will be available to your application, and you must provide legally adequate privacy notice and protection for those users. If your application stores personal or sensitive information provided by users, it must do so securely. If the user provides your application with Google Account information, your application may only use that information to access the user's Google Account when, and for the limited purposes for which, the user has given you permission to do so.
2026-10-07T20:25:10.0457055Z 
2026-10-07T20:25:10.0457749Z 4.4 You agree that you will not engage in any activity with the GDK, including the development or distribution of an application, that interferes with, disrupts, damages, or accesses in an unauthorized manner the servers, networks, or other properties or services of any third party including, but not limited to, Google.
2026-10-07T20:25:10.0458612Z 
2026-10-07T20:25:10.0459394Z 4.5 You agree that you are solely responsible for (and that Google has no responsibility to you or to any third party for) any data, content, or resources that you create, transmit or display through Glass and/or applications for Glass, and for the consequences of your actions (including any loss or damage which Google may suffer) by doing so.
2026-10-07T20:25:10.0460179Z 
2026-10-07T20:25:10.0461029Z 4.6 You agree that you are solely responsible for (and that Google has no responsibility to you or to any third party for) any breach of your obligations under this License Agreement, any applicable third party contract or Terms of Service, or any applicable law or regulation, and for the consequences (including any loss or damage which Google or any third party may suffer) of any such breach.
2026-10-07T20:25:10.0462140Z 
2026-10-07T20:25:10.0462177Z 
2026-10-07T20:25:10.0462952Z 4.7 The GDK is in development, and your testing and feedback are an important part of the development process. By using the GDK, you acknowledge that implementation of some features are still under development and that you should not rely on the GDK, Glass devices, Glass system software, Google Mirror API, or Glass services having the full functionality of a stable release.
2026-10-07T20:25:10.0463834Z 
2026-10-07T20:25:10.0463985Z 5. Your Developer Credentials
2026-10-07T20:25:10.0464122Z 
2026-10-07T20:25:10.0464733Z 5.1 You agree that you are responsible for maintaining the confidentiality of any developer credentials that may be issued to you by Google or which you may choose yourself and that you will be solely responsible for all applications that are developed under your developer credentials.
2026-10-07T20:25:10.0465378Z 
2026-10-07T20:25:10.0465495Z 6. Privacy and Information
2026-10-07T20:25:10.0465702Z 
2026-10-07T20:25:10.0465705Z 
2026-10-07T20:25:10.0466704Z 6.1 In order to continually innovate and improve the GDK, Google may collect certain usage statistics from the software including but not limited to a unique identifier, associated IP address, version number of the software, and information on which tools and/or services in the GDK are being used and how they are being used. Before any of this information is collected, the GDK will notify you and seek your consent. If you withhold consent, the information will not be collected.
2026-10-07T20:25:10.0467835Z 
2026-10-07T20:25:10.0468129Z 6.2 The data collected is examined in the aggregate to improve the GDK and is maintained in accordance with Google's Privacy Policy.
2026-10-07T20:25:10.0468455Z 
2026-10-07T20:25:10.0468604Z 7. Third Party Applications
2026-10-07T20:25:10.0468766Z 
2026-10-07T20:25:10.0470005Z 7.1 If you use the GDK to run applications developed by a third party or that access data, content or resources provided by a third party, you agree that Google is not responsible for those applications, data, content, or resources. You understand that all data, content or resources which you may access through such third party applications are the sole responsibility of the person from which they originated and that Google is not liable for any loss or damage that you may experience as a result of the use or access of any of those third party applications, data, content, or resources.
2026-10-07T20:25:10.0471501Z 
2026-10-07T20:25:10.0472565Z 7.2 You should be aware the data, content, and resources presented to you through such a third party application may be protected by intellectual property rights which are owned by the providers (or by other persons or companies on their behalf). You may not modify, rent, lease, loan, sell, distribute or create derivative works based on these data, content, or resources (either in whole or in part) unless you have been specifically given permission to do so by the relevant owners.
2026-10-07T20:25:10.0473744Z 
2026-10-07T20:25:10.0474431Z 7.3 You acknowledge that your use of such third party applications, data, content, or resources may be subject to separate terms between you and the relevant third party. In that case, this License Agreement does not affect your legal relationship with these third parties.
2026-10-07T20:25:10.0481857Z 
2026-10-07T20:25:10.0482016Z 8. Using Google APIs
2026-10-07T20:25:10.0482272Z 
2026-10-07T20:25:10.0482453Z 8.1 Google APIs
2026-10-07T20:25:10.0482589Z 
2026-10-07T20:25:10.0483956Z 8.1.1 If you use any API to retrieve data from Google, you acknowledge that the data may be protected by intellectual property rights which are owned by Google or those parties that provide the data (or by other persons or companies on their behalf). Your use of any such API may be subject to additional Terms of Service. You may not modify, rent, lease, loan, sell, distribute or create derivative works based on this data (either in whole or in part) unless allowed by the relevant Terms of Service.
2026-10-07T20:25:10.0485239Z 
2026-10-07T20:25:10.0485817Z 8.1.2 If you use any API to retrieve a user's data from Google, you acknowledge and agree that you shall retrieve data only with the user's explicit consent and only when, and for the limited purposes for which, the user has given you permission to do so.
2026-10-07T20:25:10.0486649Z 
2026-10-07T20:25:10.0486832Z 9. Terminating this License Agreement
2026-10-07T20:25:10.0486997Z 
2026-10-07T20:25:10.0487252Z 9.1 This License Agreement will continue to apply until terminated by either you or Google as set out below.
2026-10-07T20:25:10.0487643Z 
2026-10-07T20:25:10.0487919Z 9.2 If you want to terminate this License Agreement, you may do so by ceasing your use of the GDK and any relevant developer credentials.
2026-10-07T20:25:10.0488323Z 
2026-10-07T20:25:10.0489933Z 9.3 Google may at any time, terminate this License Agreement with you if: (A) you have breached any provision of this License Agreement; or (B) Google is required to do so by law; or (C) the partner with whom Google offered certain parts of GDK (such as APIs) to you has terminated its relationship with Google or ceased to offer certain parts of the GDK to you; or (D) Google decides to no longer provide the GDK or certain parts of the GDK to users in the country in which you are resident or from which you use the service, or the provision of the GDK or certain GDK services to you by Google is, in Google's sole discretion, no longer commercially viable.
2026-10-07T20:25:10.0491616Z 
2026-10-07T20:25:10.0492738Z 9.4 When this License Agreement comes to an end, all of the legal rights, obligations and liabilities that you and Google have benefited from, been subject to (or which have accrued over time whilst this License Agreement has been in force) or which are expressed to continue indefinitely, shall be unaffected by this cessation, and the provisions of paragraph 14.7 shall continue to apply to such rights, obligations and liabilities indefinitely.
2026-10-07T20:25:10.0493943Z 
2026-10-07T20:25:10.0494075Z 10. DISCLAIMER OF WARRANTIES
2026-10-07T20:25:10.0494207Z 
2026-10-07T20:25:10.0494682Z 10.1 YOU EXPRESSLY UNDERSTAND AND AGREE THAT YOUR USE OF THE GDK IS AT YOUR SOLE RISK AND THAT THE GDK IS PROVIDED "AS IS" AND "AS AVAILABLE" WITHOUT WARRANTY OF ANY KIND FROM GOOGLE.
2026-10-07T20:25:10.0495117Z 
2026-10-07T20:25:10.0495743Z 10.2 YOUR USE OF THE GDK AND ANY MATERIAL DOWNLOADED OR OTHERWISE OBTAINED THROUGH THE USE OF THE GDK IS AT YOUR OWN DISCRETION AND RISK AND YOU ARE SOLELY RESPONSIBLE FOR ANY DAMAGE TO YOUR COMPUTER SYSTEM OR OTHER DEVICE OR LOSS OF DATA THAT RESULTS FROM SUCH USE.
2026-10-07T20:25:10.0496465Z 
2026-10-07T20:25:10.0497071Z 10.3 GOOGLE FURTHER EXPRESSLY DISCLAIMS ALL WARRANTIES AND CONDITIONS OF ANY KIND, WHETHER EXPRESS OR IMPLIED, INCLUDING, BUT NOT LIMITED TO THE IMPLIED WARRANTIES AND CONDITIONS OF MERCHANTABILITY, FITNESS FOR A PARTICULAR PURPOSE AND NON-INFRINGEMENT.
2026-10-07T20:25:10.0497759Z 
2026-10-07T20:25:10.0497897Z 11. LIMITATION OF LIABILITY
2026-10-07T20:25:10.0498028Z 
2026-10-07T20:25:10.0499114Z 11.1 YOU EXPRESSLY UNDERSTAND AND AGREE THAT GOOGLE, ITS SUBSIDIARIES AND AFFILIATES, AND ITS LICENSORS SHALL NOT BE LIABLE TO YOU UNDER ANY THEORY OF LIABILITY FOR ANY DIRECT, INDIRECT, INCIDENTAL, SPECIAL, CONSEQUENTIAL OR EXEMPLARY DAMAGES THAT MAY BE INCURRED BY YOU, INCLUDING ANY LOSS OF DATA, WHETHER OR NOT GOOGLE OR ITS REPRESENTATIVES HAVE BEEN ADVISED OF OR SHOULD HAVE BEEN AWARE OF THE POSSIBILITY OF ANY SUCH LOSSES ARISING.
2026-10-07T20:25:10.0500227Z 
2026-10-07T20:25:10.0500339Z 12. Indemnification
2026-10-07T20:25:10.0500496Z 
2026-10-07T20:25:10.0502420Z 12.1 To the maximum extent permitted by law, you agree to defend, indemnify and hold harmless Google, its affiliates and their respective directors, officers, employees and agents from and against any and all claims, actions, suits or proceedings, as well as any and all losses, liabilities, damages, costs and expenses (including reasonable attorneys fees) arising out of or accruing from (a) your use of the GDK, (b) any application you develop on the GDK that infringes any copyright, trademark, trade secret, trade dress, patent or other intellectual property right of any person or defames any person or violates their rights of publicity or privacy, and (c) any non-compliance by you with this License Agreement.
2026-10-07T20:25:10.0504261Z 
2026-10-07T20:25:10.0504350Z 13. Changes to the License Agreement
2026-10-07T20:25:10.0504555Z 
2026-10-07T20:25:10.0505111Z 13.1 Google may make changes to the License Agreement as it distributes new versions of the GDK. When these changes are made, Google will make a new version of the License Agreement available on the website where the GDK is made available.
2026-10-07T20:25:10.0505743Z 
2026-10-07T20:25:10.0505866Z 14. General Legal Terms
2026-10-07T20:25:10.0505975Z 
2026-10-07T20:25:10.0506726Z 14.1 This License Agreement constitutes the whole legal agreement between you and Google and governs your use of the GDK (excluding any services which Google may provide to you under a separate written agreement), and completely replaces any prior agreements between you and Google in relation to the GDK.
2026-10-07T20:25:10.0507544Z 
2026-10-07T20:25:10.0508273Z 14.2 You agree that if Google does not exercise or enforce any legal right or remedy which is contained in this License Agreement (or which Google has the benefit of under any applicable law), this will not be taken to be a formal waiver of Google's rights and that those rights or remedies will still be available to Google.
2026-10-07T20:25:10.0509187Z 
2026-10-07T20:25:10.0509996Z 14.3 If any court of law, having the jurisdiction to decide on this matter, rules that any provision of this License Agreement is invalid, then that provision will be removed from this License Agreement without affecting the rest of this License Agreement. The remaining provisions of this License Agreement will continue to be valid and enforceable.
2026-10-07T20:25:10.0510836Z 
2026-10-07T20:25:10.0512338Z 14.4 You acknowledge and agree that each member of the group of companies of which Google is the parent shall be third party beneficiaries to this License Agreement and that such other companies shall be entitled to directly enforce, and rely upon, any provision of this License Agreement that confers a benefit on (or rights in favor of) them. Other than this, no other person or company shall be third party beneficiaries to this License Agreement.
2026-10-07T20:25:10.0513981Z 
2026-10-07T20:25:10.0514890Z 14.5 EXPORT RESTRICTIONS. THE GDK IS SUBJECT TO UNITED STATES EXPORT LAWS AND REGULATIONS. YOU MUST COMPLY WITH ALL DOMESTIC AND INTERNATIONAL EXPORT LAWS AND REGULATIONS THAT APPLY TO THE GDK. THESE LAWS INCLUDE RESTRICTIONS ON DESTINATIONS, END USERS AND END USE.
2026-10-07T20:25:10.0515837Z 
2026-10-07T20:25:10.0517149Z 14.6 The rights granted in this License Agreement may not be assigned or transferred by either you or Google without the prior written approval of the other party. Neither you nor Google shall be permitted to delegate their responsibilities or obligations under this License Agreement without the prior written approval of the other party.
2026-10-07T20:25:10.0518391Z 
2026-10-07T20:25:10.0520430Z 14.7 This License Agreement, and your relationship with Google under this License Agreement, shall be governed by the laws of the State of California without regard to its conflict of laws provisions. You and Google agree to submit to the exclusive jurisdiction of the courts located within the county of Santa Clara, California to resolve any legal matter arising from this License Agreement. Notwithstanding this, you agree that Google shall still be allowed to apply for injunctive remedies (or an equivalent type of urgent legal relief) in any jurisdiction.
2026-10-07T20:25:10.0523120Z 
2026-10-07T20:25:10.0523304Z November 19, 2013
2026-10-07T20:25:10.0523628Z ---------------------------------------
2026-10-07T20:25:10.0524040Z Accept? (y/N): 
2026-10-07T20:25:10.0524397Z 6/6: License mips-android-sysimage-license:
2026-10-07T20:25:10.0524808Z ---------------------------------------
2026-10-07T20:25:10.0527330Z MIPS Technologies, Inc. (“MIPS”) Internal Evaluation License Agreement for MIPS Android™ System Images for Android Software Development Kit (SDK): This Internal Evaluation License Agreement (this "Agreement") is entered into by and between MIPS and you (as an individual developer or a legal entity -- identified below as “Recipient”). MIPS shall make the Evaluation Software available to Recipient as described in accordance with the terms and conditions set forth below.
2026-10-07T20:25:10.0529351Z 
2026-10-07T20:25:10.0531571Z By clicking on the “Accept” button, downloading, installing, or otherwise using the Evaluation Materials (defined below), you agree to be bound by the terms of this Agreement effective as of the date you click “Accept” (the “Effective Date”), and if doing so on behalf of an entity, you represent that you are authorized to bind the entity to the terms and conditions of this Agreement. If you do not agree to be bound by the terms and conditions of this Agreement, do not download, install, or use the Evaluation Materials.
2026-10-07T20:25:10.0533197Z 
2026-10-07T20:25:10.0533475Z 1. DEFINITIONS. These terms shall have the following meanings:
2026-10-07T20:25:10.0533820Z 
2026-10-07T20:25:10.0534471Z 1.1 “MIPS” shall mean MIPS Technologies, Inc., a Delaware corporation having a principal place of business at: 955 East Arques Ave., Sunnyvale, CA 94085
2026-10-07T20:25:10.0535011Z 
2026-10-07T20:25:10.0535605Z 1.2 “Evaluation Software” shall mean MIPS Android™ emulator system images for Android Software Development Kit (SDK), as made available to Recipient.
2026-10-07T20:25:10.0536168Z 
2026-10-07T20:25:10.0538001Z 1.3 “Evaluation Materials" means, collectively, the Evaluation Software (in source and/or object code form) and documentation (including, without limitation, any design documents, specifications, reference manuals, and other related materials) related to the Evaluation Software as made available to Recipient.
2026-10-07T20:25:10.0539061Z 
2026-10-07T20:25:10.0542781Z 1.4 “Open Source Software” means any software that requires (as a condition of use, modification and/or distribution of such software) that such software or other software incorporated into, derived from or distributed with such software (a) be disclosed or distributed in source code form; or (b) be licensed by the user to third parties for the purpose of making and/or distributing derivative works; or (c) be redistributable at no charge. Open Source Software includes, without limitation, software licensed or distributed under any of the following licenses or distribution models, or licenses or distribution models substantially similar to any of the following: (a) GNU’s General Public License (GPL) or Lesser/Library GPL (LGPL), (b) the Artistic License (e.g., PERL), (c) the Mozilla Public License, (d) the Netscape Public License, (e) the Sun Community Source License (SCSL), (f) the Sun Industry Source License (SISL), (g) the Apache Software license and (h) the Common Public License (CPL).
2026-10-07T20:25:10.0547415Z 
2026-10-07T20:25:10.0549530Z 1.5 “Pre-Release Materials” means “alpha” or “beta” designated pre-release features, which may not be fully functional, which MIPS may substantially modify in producing any production version of the Evaluation Materials, and/or which is still under development by MIPS and/or MIPS’ suppliers.
2026-10-07T20:25:10.0551620Z 
2026-10-07T20:25:10.0554319Z 2. PURPOSE. MIPS desires to make the Evaluation Materials available to Recipient solely for Recipient's internal evaluation of the Evaluation Software to evaluate the desirability of cooperating with MIPS in developing products that are compatible with the Evaluation Software and/or to advise MIPS as to possible modifications to the Evaluation Software. Recipient may not disclose, distribute, modify (except to facilitate the above-mentioned internal evaluation), or make commercial use of the Evaluation Materials or any modifications of the Evaluation Materials.
2026-10-07T20:25:10.0556643Z 
2026-10-07T20:25:10.0558559Z THE EVALUATION MATERIALS ARE PROVIDED FOR EVALUATION PURPOSES ONLY AND MAY NOT BE MODIFIED (EXCEPT TO FACILITATE THE INTERNAL EVALUATION) OR DISTRIBUTED BY RECIPIENT OR INCORPORATED INTO RECIPIENT’S PRODUCTS OR SOFTWARE. PLEASE CONTACT A MIPS SALES REPRESENTATIVE TO LEARN ABOUT THE AVAILABILITY AND COST OF A COMMERCIAL VERSION OF THE EVALUATION SOFTWARE.
2026-10-07T20:25:10.0560187Z 
2026-10-07T20:25:10.0561448Z 3. TITLE. Title to the Evaluation Materials remains with MIPS or its suppliers. Recipient shall not mortgage, pledge or encumber the Evaluation Materials in any way. Recipient shall return all Evaluation Materials, keeping no copies, upon termination or expiration of this Agreement.
2026-10-07T20:25:10.0562643Z 
2026-10-07T20:25:10.0566754Z 4. LICENSE. MIPS grants Recipient a royalty-free, personal, nontransferable, nonexclusive license under its copyrights to use the Evaluation Software only for the purposes described in paragraph 2 above and only for a period beginning on the Effective Date and extending to the first anniversary of the Effective Date (the “Evaluation Period”). Unless otherwise communicated in writing by MIPS to Recipient, to the extent the Evaluation Software is provided in more than one delivery or release (each, a “Release”) the license grant in this Section 4 and the Evaluation Period shall apply to each Release, in which case the Evaluation Period shall begin on the date that the Release is made generally available and continue to the first anniversary of such date. Recipient may not make modifications to the Evaluation Software. Recipient shall not disassemble, reverse-engineer, or decompile any software that is not provided to Recipient in source code form.
2026-10-07T20:25:10.0570254Z 
2026-10-07T20:25:10.0570262Z 
2026-10-07T20:25:10.0572267Z EXCEPT AS PROVIDED HEREIN, NO OTHER LICENSE, EXPRESS OR IMPLIED, BY ESTOPPEL OR OTHERWISE, TO ANY OTHER MIPS INTELLECTUAL PROPERTY RIGHTS IS GRANTED TO THE RECIPIENT. OTHER THAN AS EXPLICITLY SET FORTH IN PARAGRAPH 2 ABOVE, NO RIGHT TO COPY, TO REPRODUCE, TO MODIFY, OR TO CREATE DERIVATIVE WORKS OF, THE EVALUATION MATERIALS IS GRANTED HEREIN.
2026-10-07T20:25:10.0573783Z 
2026-10-07T20:25:10.0574689Z 5. NO OBLIGATION. Recipient shall have no duty to purchase or license any product from MIPS. MIPS and its suppliers shall have no obligation to provide support for, or develop a non-evaluation version of, the Evaluation Software or to license any version of it.
2026-10-07T20:25:10.0575669Z 
2026-10-07T20:25:10.0579921Z 6. MODIFICATIONS. This Agreement does not obligate Recipient to provide MIPS with comments or suggestions regarding Evaluation Materials. However, should Recipient provide MIPS with comments or suggestions for the modification, correction, improvement or enhancement of (a) the Evaluation Materials or (b) MIPS products or processes which may embody the Evaluation Materials, then Recipient agrees to grant and hereby grants to MIPS a non-exclusive, irrevocable, worldwide, fully paid-up, royalty-free license, with the right to sublicense MIPS’ licensees and customers, under Recipient’s Intellectual property rights, to use and disclose such comments and suggestions in any manner MIPS chooses and to display, perform, copy, make, have made, use, sell, offer to sell, import, and otherwise dispose of MIPS’ and its sublicensee’s products embodying such comments and suggestions in any manner and via any media MIPS chooses, without reference to the source.
2026-10-07T20:25:10.0584089Z 
2026-10-07T20:25:10.0586213Z 7. WARRANTY DISCLAIMER. MIPS AND ITS SUPPLIERS MAKE NO WARRANTIES WITH RESPECT TO EVALUATION MATERIALS, EITHER EXPRESS OR IMPLIED, INCLUDING ANY IMPLIED WARRANTIES OF MERCHANTABILITY OR FITNESS FOR A PARTICULAR PURPOSE, OR ANY IMPLIED WARRANTY OF NONINFRINGEMENT WITH RESPECT TO THIRD PARTY INTELLECTUAL PROPERTY. RECIPIENT ACKNOWLEDGES AND AGREES THAT THE EVALUATION MATERIALS ARE PROVIDED “AS IS,” WITHOUT WARRANTY OF ANY KIND.
2026-10-07T20:25:10.0588017Z 
2026-10-07T20:25:10.0590277Z 8. LIMITATION OF LIABILITY. MIPS AND ITS SUPPLIERS SHALL NOT BE LIABLE FOR ANY PROPERTY DAMAGE, PERSONAL INJURY, LOSS OF PROFITS, INTERRUPTION OF BUSINESS OR FOR ANY DIRECT, INDIRECT, SPECIAL, CONSEQUENTIAL OR INCIDENTAL DAMAGES, HOWEVER CAUSED OR ALLEGED, WHETHER FOR BREACH OF WARRANTY, CONTRACT, STRICT LIABILITY OR OTHERWISE, INCLUDING WITHOUT LIMITATION, UNDER TORT OR OTHER LEGAL THEORY. MIPS AND ITS SUPPLIERS DISCLAIM ANY AND ALL LIABILITY, INCLUDING LIABILITY FOR INFRINGEMENT OF ANY INTELLECTUAL PROPERTY RIGHTS OF ANY KIND RELATING TO THE EVALUATION MATERIALS.
2026-10-07T20:25:10.0592803Z 
2026-10-07T20:25:10.0593803Z 9. EXPIRATION. MIPS may terminate this Agreement immediately after a breach by Recipient or otherwise at MIPS’ reasonable discretion and upon five (5) business days’ notice to Recipient.
2026-10-07T20:25:10.0594618Z 
2026-10-07T20:25:10.0594793Z 10. GENERAL.
2026-10-07T20:25:10.0595028Z 
2026-10-07T20:25:10.0599390Z 10.1 Controlling Law. This Agreement shall be governed by California law excluding its choice of law rules. With the exception of MIPS’ rights to enforce its intellectual property rights and any confidentiality obligations under this Agreement or any licenses distributed with the Evaluation Materials, all disputes and any claims arising under or relating to this Agreement shall be subject to the exclusive jurisdiction and venue of the state and federal courts located in Santa Clara County, California. Each party hereby agrees to jurisdiction and venue in the courts set forth in the preceding sentence. The parties agree that the United Nations Convention on Contracts for the International Sale of Goods is specifically excluded from application to this Agreement. The parties consent to the personal jurisdiction of the above courts.
2026-10-07T20:25:10.0603009Z 
2026-10-07T20:25:10.0604825Z 10.2 Remedies. Recipient acknowledges and agrees that any breach of confidentiality obligations under this Agreement or any licenses distributed with the Evaluation Materials, as well as any disclosure, commercialization, or public use of the Evaluation Materials, would cause irreparable injury to MIPS, and therefore Recipient agrees to consent to, and hereby consents to, the grant of an injunction by any court of competent jurisdiction in the event of an actual or threatened breach.
2026-10-07T20:25:10.0606623Z 
2026-10-07T20:25:10.0608626Z 10.3 Assignment. Recipient may not delegate, assign or transfer this Agreement, the license granted or any of Recipient’s rights, obligations, or duties hereunder, expressly, by implication, by operation of law, by way of merger (regardless of whether Recipient is the surviving entity) or acquisition, or otherwise and any attempt to do so, without MIPS’ express prior written consent, shall be ineffective, null and void. MIPS may freely assign this Agreement, and its rights and obligations hereunder, in its sole discretion.
2026-10-07T20:25:10.0610423Z 
2026-10-07T20:25:10.0612317Z 10.4 Entire Agreement. This Agreement constitutes the entire agreement between Recipient and MIPS and supersedes in their entirety any and all oral or written agreements previously existing between Recipient and MIPS with respect to the subject matter hereof. This Agreement may only be amended or supplemented by a writing that refers explicitly to this Agreement and that is signed or otherwise accepted by duly authorized representatives of Recipient and MIPS.
2026-10-07T20:25:10.0614401Z 
2026-10-07T20:25:10.0616295Z 10.5 Severability. In the event that any provision of this Agreement is finally adjudicated to be unenforceable or invalid under any applicable law, such unenforceability or invalidity shall not render this Agreement unenforceable or invalid as a whole, and, in such event, such unenforceable or invalid provision shall be interpreted so as to best accomplish the objectives of such provision within the limits of applicable law or applicable court decisions.
2026-10-07T20:25:10.0618255Z 
2026-10-07T20:25:10.0623687Z 10.6 Export Regulations / Export Control. Recipient shall not export, either directly or indirectly, any product, service or technical data or system incorporating the Evaluation Materials without first obtaining any required license or other necessary approval from the U.S. Department of Commerce or any other governing agency or department of the United States Government. In the event any product is exported from the United States or re-exported from a foreign destination by Recipient, Recipient shall ensure that the distribution and export/re-export or import of the product is in compliance with all applicable laws, regulations, orders, or other restrictions of the U.S. Export Administration Regulations and the appropriate foreign government. Recipient agrees that neither it nor any of its subsidiaries will export/re-export any technical data, process, product, or service, directly or indirectly, to any country for which the United States government or any agency thereof or the foreign government from where it is shipping requires an export license, or other governmental approval, without first obtaining such license or approval. Recipient also agrees to implement measures to ensure that foreign national employees are authorized to receive any information controlled by U.S. export control laws. An export is "deemed" to take place when information is released to a foreign national wherever located.
2026-10-07T20:25:10.0629856Z 
2026-10-07T20:25:10.0634329Z 10.7 Special Terms for Pre-Release Materials. If so indicated in the description of the Evaluation Software, the Evaluation Software may contain Pre-Release Materials. Recipient hereby understands, acknowledges and agrees that: (i) Pre-Release Materials may not be fully tested and may contain bugs or errors; (ii) Pre-Release materials are not suitable for commercial release in their current state; (iii) regulatory approvals for Pre-Release Materials (such as UL or FCC) have not been obtained, and Pre-Release Materials may therefore not be certified for use in certain countries or environments or may not be suitable for certain applications and (iv) MIPS can provide no assurance that it will ever produce or make generally available a production version of the Pre-Release Materials . MIPS is not under any obligation to develop and/or release or offer for sale or license a final product based upon the Pre-Release Materials and may unilaterally elect to abandon the Pre-Release Materials or any such development platform at any time and without any obligation or liability whatsoever to Recipient or any other person.
2026-10-07T20:25:10.0639591Z 
2026-10-07T20:25:10.0640637Z ANY PRE-RELEASE MATERIALS ARE NON-QUALIFIED AND, AS SUCH, ARE PROVIDED “AS IS” AND “AS AVAILABLE”, POSSIBLY WITH FAULTS, AND WITHOUT REPRESENTATION OR WARRANTY OF ANY KIND.
2026-10-07T20:25:10.0641552Z 
2026-10-07T20:25:10.0644095Z 10.8 Open Source Software. In the event Open Source software is included with Evaluation Software, such Open Source software is licensed pursuant to the applicable Open Source software license agreement identified in the Open Source software comments in the applicable source code file(s) and/or file header as indicated in the Evaluation Software. Additional detail may be available (where applicable) in the accompanying on-line documentation. With respect to the Open Source software, nothing in this Agreement limits any rights under, or grants rights that supersede, the terms of any applicable Open Source software license agreement.
2026-10-07T20:25:10.0646723Z ---------------------------------------
2026-10-07T20:25:10.0647153Z Accept? (y/N): All SDK package licenses accepted
2026-10-07T20:25:10.0647482Z 
2026-10-07T20:25:10.0647837Z [command]/usr/local/lib/android/sdk/cmdline-tools/22.0/bin/sdkmanager platform-tools
2026-10-07T20:25:10.1126989Z WARNING: The SDK Manager CLI tool (sdkmanager) is deprecated. Use Android CLI instead.
2026-10-07T20:25:10.1161435Z The 'android' binary can also be found in the cmdline-tools directory, and 'android sdk' is the replacement for 'sdkmanager'.
2026-10-07T20:25:10.1162653Z To learn more about the Android CLI and how to use it, see the documentation (https://d.android.com/tools/agents/android-cli)
2026-10-07T20:25:10.1163199Z 
2026-10-07T20:25:10.6523236Z Loading package information...                                                  
2026-10-07T20:25:10.7099457Z Loading local repository...                                                     
2026-10-07T20:25:10.7100131Z [                                       ] 3% Loading local repository...        
2026-10-07T20:25:10.7173336Z [                                       ] 3% Fetch remote repository...         
2026-10-07T20:25:10.8744751Z [=                                      ] 3% Fetch remote repository...         
2026-10-07T20:25:10.9285161Z [=                                      ] 4% Fetch remote repository...         
2026-10-07T20:25:10.9439480Z [=                                      ] 5% Fetch remote repository...         
2026-10-07T20:25:10.9858806Z [==                                     ] 5% Fetch remote repository...         
2026-10-07T20:25:11.0108044Z [==                                     ] 6% Fetch remote repository...         
2026-10-07T20:25:11.0542978Z [==                                     ] 7% Fetch remote repository...         
2026-10-07T20:25:11.0572555Z [==                                     ] 7% Computing updates...               
2026-10-07T20:25:11.0628124Z [===                                    ] 8% Computing updates...               
2026-10-07T20:25:11.0876342Z [===                                    ] 10% Computing updates...              
2026-10-07T20:25:11.0877147Z [=======================================] 100% Computing updates...             
2026-10-07T20:25:11.0878746Z 
2026-10-07T20:25:11.1266296Z ##[group]Run sdkmanager --install 'platform-tools' 'platforms;android-35' 'build-tools;35.0.1' 'platforms;android-36' 'build-tools;36.1.0'
2026-10-07T20:25:11.1267044Z [36;1msdkmanager --install 'platform-tools' 'platforms;android-35' 'build-tools;35.0.1' 'platforms;android-36' 'build-tools;36.1.0'[0m
2026-10-07T20:25:11.1435249Z shell: /usr/bin/bash -e {0}
2026-10-07T20:25:11.1435623Z env:
2026-10-07T20:25:11.1435946Z   JAVA_HOME: /opt/hostedtoolcache/Java_Temurin-Hotspot_jdk/17.0.20-1/x64
2026-10-07T20:25:11.1436363Z   JAVA_HOME_17_X64: /opt/hostedtoolcache/Java_Temurin-Hotspot_jdk/17.0.20-1/x64
2026-10-07T20:25:11.1436736Z   MAVEN_ARGS: -ntp
2026-10-07T20:25:11.1436976Z   ANDROID_HOME: /usr/local/lib/android/sdk
2026-10-07T20:25:11.1437313Z   ANDROID_SDK_ROOT: /usr/local/lib/android/sdk
2026-10-07T20:25:11.1437637Z ##[endgroup]
2026-10-07T20:25:11.2366017Z WARNING: The SDK Manager CLI tool (sdkmanager) is deprecated. Use Android CLI instead.
2026-10-07T20:25:11.2367726Z The 'android' binary can also be found in the cmdline-tools directory, and 'android sdk' is the replacement for 'sdkmanager'.
2026-10-07T20:25:11.2369873Z To learn more about the Android CLI and how to use it, see the documentation (https://d.android.com/tools/agents/android-cli)
2026-10-07T20:25:11.2370611Z 
2026-10-07T20:25:11.8303372Z Loading package information...                                                  
2026-10-07T20:25:11.8992937Z Loading local repository...                                                     
2026-10-07T20:25:11.8995347Z [                                       ] 3% Loading local repository...        
2026-10-07T20:25:11.9077647Z [                                       ] 3% Fetch remote repository...         
2026-10-07T20:25:12.1009392Z [=                                      ] 3% Fetch remote repository...         
2026-10-07T20:25:12.1536338Z [=                                      ] 4% Fetch remote repository...         
2026-10-07T20:25:12.1838006Z [=                                      ] 5% Fetch remote repository...         
2026-10-07T20:25:12.2137831Z [==                                     ] 5% Fetch remote repository...         
2026-10-07T20:25:12.2757639Z [==                                     ] 6% Fetch remote repository...         
2026-10-07T20:25:12.3176122Z [==                                     ] 7% Fetch remote repository...         
2026-10-07T20:25:12.3202987Z [==                                     ] 7% Computing updates...               
2026-10-07T20:25:12.3264589Z [===                                    ] 8% Computing updates...               
2026-10-07T20:25:12.3330037Z [===                                    ] 10% Computing updates...              
2026-10-07T20:25:12.3330913Z [=======================================] 100% Computing updates...             
2026-10-07T20:25:12.3332022Z 
2026-10-07T20:25:12.3644091Z ##[group]Run mkdir -p "$RUNNER_TEMP/godot" "$HOME/.local/share/godot/export_templates/4.7.2.stable"
2026-10-07T20:25:12.3644751Z [36;1mmkdir -p "$RUNNER_TEMP/godot" "$HOME/.local/share/godot/export_templates/4.7.2.stable"[0m
2026-10-07T20:25:12.3645252Z [36;1mcurl --fail --location --retry 3 --output "$RUNNER_TEMP/godot/godot.zip" \[0m
2026-10-07T20:25:12.3645845Z [36;1m  https://github.com/godotengine/godot-builds/releases/download/4.7.2-stable/Godot_v4.7.2-stable_linux.x86_64.zip[0m
2026-10-07T20:25:12.3646455Z [36;1munzip -q "$RUNNER_TEMP/godot/godot.zip" -d "$RUNNER_TEMP/godot"[0m
2026-10-07T20:25:12.3646917Z [36;1msudo install -m 0755 "$RUNNER_TEMP/godot/Godot_v4.7.2-stable_linux.x86_64" /usr/local/bin/godot[0m
2026-10-07T20:25:12.3647418Z [36;1mcurl --fail --location --retry 3 --output "$RUNNER_TEMP/godot/templates.tpz" \[0m
2026-10-07T20:25:12.3648079Z [36;1m  https://github.com/godotengine/godot-builds/releases/download/4.7.2-stable/Godot_v4.7.2-stable_export_templates.tpz[0m
2026-10-07T20:25:12.3648642Z [36;1munzip -q "$RUNNER_TEMP/godot/templates.tpz" -d "$RUNNER_TEMP/godot/templates"[0m
2026-10-07T20:25:12.3649156Z [36;1mcp "$RUNNER_TEMP/godot/templates/templates/"* "$HOME/.local/share/godot/export_templates/4.7.2.stable/"[0m
2026-10-07T20:25:12.3684767Z shell: /usr/bin/bash -e {0}
2026-10-07T20:25:12.3685039Z env:
2026-10-07T20:25:12.3685894Z   JAVA_HOME: /opt/hostedtoolcache/Java_Temurin-Hotspot_jdk/17.0.20-1/x64
2026-10-07T20:25:12.3686318Z   JAVA_HOME_17_X64: /opt/hostedtoolcache/Java_Temurin-Hotspot_jdk/17.0.20-1/x64
2026-10-07T20:25:12.3686641Z   MAVEN_ARGS: -ntp
2026-10-07T20:25:12.3686928Z   ANDROID_HOME: /usr/local/lib/android/sdk
2026-10-07T20:25:12.3687215Z   ANDROID_SDK_ROOT: /usr/local/lib/android/sdk
2026-10-07T20:25:12.3687507Z ##[endgroup]
2026-10-07T20:25:12.3814379Z   % Total    % Received % Xferd  Average Speed   Time    Time     Time  Current
2026-10-07T20:25:12.3815049Z                                  Dload  Upload   Total   Spent    Left  Speed
2026-10-07T20:25:12.3815347Z 
2026-10-07T20:25:12.5372128Z   0     0    0     0    0     0      0      0 --:--:-- --:--:-- --:--:--     0
2026-10-07T20:25:12.5372721Z   0     0    0     0    0     0      0      0 --:--:-- --:--:-- --:--:--     0
2026-10-07T20:25:12.7730068Z 
2026-10-07T20:25:13.0526349Z   8 74.2M    8 6241k    0     0  15.5M      0  0:00:04 --:--:--  0:00:04 15.5M
2026-10-07T20:25:13.0526841Z 100 74.2M  100 74.2M    0     0   110M      0 --:--:-- --:--:-- --:--:--  244M
2026-10-07T20:25:13.9489857Z   % Total    % Received % Xferd  Average Speed   Time    Time     Time  Current
2026-10-07T20:25:13.9490622Z                                  Dload  Upload   Total   Spent    Left  Speed
2026-10-07T20:25:13.9490879Z 
2026-10-07T20:25:14.0341990Z   0     0    0     0    0     0      0      0 --:--:-- --:--:-- --:--:--     0
2026-10-07T20:25:14.0342539Z   0     0    0     0    0     0      0      0 --:--:-- --:--:-- --:--:--     0
2026-10-07T20:25:14.7670155Z 
2026-10-07T20:25:15.7669832Z  15 1221M   15  190M    0     0   232M      0  0:00:05 --:--:--  0:00:05  232M
2026-10-07T20:25:16.7730896Z  40 1221M   40  500M    0     0   275M      0  0:00:04  0:00:01  0:00:03  310M
2026-10-07T20:25:17.7699261Z  66 1221M   66  816M    0     0   288M      0  0:00:04  0:00:02  0:00:02  312M
2026-10-07T20:25:18.1492236Z  90 1221M   90 1108M    0     0   290M      0  0:00:04  0:00:03  0:00:01  305M
2026-10-07T20:25:18.1493130Z 100 1221M  100 1221M    0     0   290M      0  0:00:04  0:00:04 --:--:--  305M
2026-10-07T20:25:36.2923691Z ##[group]Run mkdir -p "$HOME/.config/godot" "$HOME/.android"
2026-10-07T20:25:36.2924172Z [36;1mmkdir -p "$HOME/.config/godot" "$HOME/.android"[0m
2026-10-07T20:25:36.2924592Z [36;1mkeytool -genkeypair -keystore "$RUNNER_TEMP/debug.keystore" -storepass android \[0m
2026-10-07T20:25:36.2925335Z [36;1m  -alias androiddebugkey -keypass android -keyalg RSA -keysize 2048 -validity 10000 \[0m
2026-10-07T20:25:36.2925744Z [36;1m  -dname 'CN=Android Debug,O=Android,C=US'[0m
2026-10-07T20:25:36.2926082Z [36;1mcat > "$HOME/.config/godot/editor_settings-4.7.tres" <<EOF[0m
2026-10-07T20:25:36.2926510Z [36;1m[gd_resource type="EditorSettings" format=3][0m
2026-10-07T20:25:36.2926819Z [36;1m[0m
2026-10-07T20:25:36.2927029Z [36;1m[resource][0m
2026-10-07T20:25:36.2927270Z [36;1m[0m
2026-10-07T20:25:36.2927513Z [36;1mexport/android/java_sdk_path = "$JAVA_HOME"[0m
2026-10-07T20:25:36.2927885Z [36;1mexport/android/android_sdk_path = "$ANDROID_HOME"[0m
2026-10-07T20:25:36.2928252Z [36;1mEOF[0m
2026-10-07T20:25:36.2963968Z shell: /usr/bin/bash -e {0}
2026-10-07T20:25:36.2964342Z env:
2026-10-07T20:25:36.2964704Z   JAVA_HOME: /opt/hostedtoolcache/Java_Temurin-Hotspot_jdk/17.0.20-1/x64
2026-10-07T20:25:36.2965176Z   JAVA_HOME_17_X64: /opt/hostedtoolcache/Java_Temurin-Hotspot_jdk/17.0.20-1/x64
2026-10-07T20:25:36.2965533Z   MAVEN_ARGS: -ntp
2026-10-07T20:25:36.2965789Z   ANDROID_HOME: /usr/local/lib/android/sdk
2026-10-07T20:25:36.2966103Z   ANDROID_SDK_ROOT: /usr/local/lib/android/sdk
2026-10-07T20:25:36.2966427Z ##[endgroup]
2026-10-07T20:25:36.9710793Z Generating 2,048 bit RSA key pair and self-signed certificate (SHA256withRSA) with a validity of 10,000 days
2026-10-07T20:25:36.9711998Z 	for: CN=Android Debug, O=Android, C=US
2026-10-07T20:25:37.2049739Z ##[group]Run python3 -m unittest discover -s tests -p 'test_android*.py' -v
2026-10-07T20:25:37.2050314Z [36;1mpython3 -m unittest discover -s tests -p 'test_android*.py' -v[0m
2026-10-07T20:25:37.2086169Z shell: /usr/bin/bash -e {0}
2026-10-07T20:25:37.2086602Z env:
2026-10-07T20:25:37.2086927Z   JAVA_HOME: /opt/hostedtoolcache/Java_Temurin-Hotspot_jdk/17.0.20-1/x64
2026-10-07T20:25:37.2087358Z   JAVA_HOME_17_X64: /opt/hostedtoolcache/Java_Temurin-Hotspot_jdk/17.0.20-1/x64
2026-10-07T20:25:37.2087765Z   MAVEN_ARGS: -ntp
2026-10-07T20:25:37.2088008Z   ANDROID_HOME: /usr/local/lib/android/sdk
2026-10-07T20:25:37.2088331Z   ANDROID_SDK_ROOT: /usr/local/lib/android/sdk
2026-10-07T20:25:37.2088592Z ##[endgroup]
2026-10-07T20:25:37.5357316Z test_complete_profile_is_measurement_with_touch_pending_and_no_release_pass (test_android_device_probe.ObserverLifecycle.test_complete_profile_is_measurement_with_touch_pending_and_no_release_pass) ... ok
2026-10-07T20:25:41.6949836Z test_live_failure_never_becomes_a_profile_pass (test_android_device_probe.ObserverLifecycle.test_live_failure_never_becomes_a_profile_pass) ... ok
2026-10-07T20:25:41.6951628Z test_all_known_emulator_signals_are_refused (test_android_device_probe.ProbeContracts.test_all_known_emulator_signals_are_refused) ... ok
2026-10-07T20:25:41.6953033Z test_android_service_parsers_preserve_units_and_missing_data (test_android_device_probe.ProbeContracts.test_android_service_parsers_preserve_units_and_missing_data) ... ok
2026-10-07T20:25:41.6959988Z test_fixture_requires_all_distinct_cases_matching_apk_and_real_time (test_android_device_probe.ProbeContracts.test_fixture_requires_all_distinct_cases_matching_apk_and_real_time) ... ok
2026-10-07T20:25:41.6961604Z test_identity_is_bounded_and_does_not_store_raw_serial (test_android_device_probe.ProbeContracts.test_identity_is_bounded_and_does_not_store_raw_serial) ... ok
2026-10-07T20:25:41.7154889Z test_manifest_gate_refuses_shipping_or_online_or_nondebuggable_apks (test_android_device_probe.ProbeContracts.test_manifest_gate_refuses_shipping_or_online_or_nondebuggable_apks) ... ok
2026-10-07T20:25:41.7163494Z test_missing_adb_is_explicit_unavailable_not_a_measurement (test_android_device_probe.ProbeContracts.test_missing_adb_is_explicit_unavailable_not_a_measurement) ... ok
2026-10-07T20:25:41.7165086Z test_process_cpu_stat_accepts_names_with_spaces_and_parentheses (test_android_device_probe.ProbeContracts.test_process_cpu_stat_accepts_names_with_spaces_and_parentheses) ... ok
2026-10-07T20:25:41.7166832Z test_subprocess_target_is_selected_without_a_host_shell (test_android_device_probe.ProbeContracts.test_subprocess_target_is_selected_without_a_host_shell) ... ok
2026-10-07T20:25:41.7168306Z test_target_selection_never_implicitly_chooses_among_multiple_devices (test_android_device_probe.ProbeContracts.test_target_selection_never_implicitly_chooses_among_multiple_devices) ... ok
2026-10-07T20:25:41.7171889Z test_unavailable_optional_services_do_not_hide_other_samples (test_android_device_probe.ProbeContracts.test_unavailable_optional_services_do_not_hide_other_samples) ... ok
2026-10-07T20:25:41.7173483Z test_usb_charging_or_missing_power_state_never_claims_battery_drain (test_android_device_probe.ProbeContracts.test_usb_charging_or_missing_power_state_never_claims_battery_drain) ... ok
2026-10-07T20:25:41.7174962Z test_complete_bound_native_scene_receipt_passes (test_android_release.AndroidNativeArtReportChecks.test_complete_bound_native_scene_receipt_passes) ... ok
2026-10-07T20:25:41.7176512Z test_duplicate_or_missing_scenarios_are_rejected (test_android_release.AndroidNativeArtReportChecks.test_duplicate_or_missing_scenarios_are_rejected) ... ok
2026-10-07T20:25:41.7178083Z test_missing_native_clip_binding_anatomy_or_visible_geometry_fails (test_android_release.AndroidNativeArtReportChecks.test_missing_native_clip_binding_anatomy_or_visible_geometry_fails) ... ok
2026-10-07T20:25:41.7179972Z test_old_hidden_proxy_receipt_cannot_pass (test_android_release.AndroidNativeArtReportChecks.test_old_hidden_proxy_receipt_cannot_pass) ... ok
2026-10-07T20:25:41.7181617Z test_original_motion_sampling_and_progress_thresholds_are_required (test_android_release.AndroidNativeArtReportChecks.test_original_motion_sampling_and_progress_thresholds_are_required) ... ok
2026-10-07T20:25:41.7217650Z test_activity_error_with_zero_adb_exit_fails_before_waiting (test_android_release.AndroidRuntimeChecks.test_activity_error_with_zero_adb_exit_fails_before_waiting) ... ok
2026-10-07T20:25:41.7259101Z test_evidence_write_errors_do_not_replace_original_process_failure (test_android_release.AndroidRuntimeChecks.test_evidence_write_errors_do_not_replace_original_process_failure) ... ok
2026-10-07T20:25:41.7324156Z test_live_process_start_grace_and_both_markers_pass (test_android_release.AndroidRuntimeChecks.test_live_process_start_grace_and_both_markers_pass) ... ok
2026-10-07T20:25:41.7374270Z test_live_process_without_marker_still_times_out_at_original_deadline (test_android_release.AndroidRuntimeChecks.test_live_process_without_marker_still_times_out_at_original_deadline) ... ok
2026-10-07T20:25:41.7398904Z test_missing_device_preserves_original_failure_and_other_diagnostics (test_android_release.AndroidRuntimeChecks.test_missing_device_preserves_original_failure_and_other_diagnostics) ... ok
2026-10-07T20:25:41.7449562Z test_observed_process_loss_fails_even_if_a_marker_was_buffered (test_android_release.AndroidRuntimeChecks.test_observed_process_loss_fails_even_if_a_marker_was_buffered) ... ok
2026-10-07T20:25:41.7562404Z test_pidof_absence_during_grace_is_not_a_transport_error (test_android_release.AndroidRuntimeChecks.test_pidof_absence_during_grace_is_not_a_transport_error) ... ok
2026-10-07T20:25:41.7599725Z test_runtime_error_precedes_marker_success (test_android_release.AndroidRuntimeChecks.test_runtime_error_precedes_marker_success) ... ok
2026-10-07T20:25:41.7655081Z test_unrequested_process_restart_does_not_pass_from_old_marker (test_android_release.AndroidRuntimeChecks.test_unrequested_process_restart_does_not_pass_from_old_marker) ... ok
2026-10-07T20:25:41.7740510Z test_all_four_packages_share_one_import_and_use_their_actual_scene_architecture (test_android_release.QaExportChecks.test_all_four_packages_share_one_import_and_use_their_actual_scene_architecture) ... ok
2026-10-07T20:25:41.7854196Z test_crash_and_zero_exit_import_errors_stop_before_export_without_retry (test_android_release.QaExportChecks.test_crash_and_zero_exit_import_errors_stop_before_export_without_retry) ... ok
2026-10-07T20:25:41.7885498Z test_existing_editor_section_keeps_other_settings (test_android_release.QaExportChecks.test_existing_editor_section_keeps_other_settings) ... ok
2026-10-07T20:25:41.7929528Z test_export_error_stops_remaining_packages (test_android_release.QaExportChecks.test_export_error_stops_remaining_packages) ... ok
2026-10-07T20:25:41.7975329Z test_export_success_without_artifact_fails (test_android_release.QaExportChecks.test_export_success_without_artifact_fails) ... ok
2026-10-07T20:25:41.8009244Z test_qa_preserves_runtime_json_licences_and_offline_filter (test_android_release.QaExportChecks.test_qa_preserves_runtime_json_licences_and_offline_filter) ... ok
2026-10-07T20:25:41.8056773Z test_serial_import_isolated_from_shipping_settings_and_assets (test_android_release.QaExportChecks.test_serial_import_isolated_from_shipping_settings_and_assets) ... ok
2026-10-07T20:25:41.8058344Z test_16kb_segment_passes (test_android_release.ReleaseChecks.test_16kb_segment_passes) ... ok
2026-10-07T20:25:41.8059354Z test_4kb_and_misaligned_segments_fail (test_android_release.ReleaseChecks.test_4kb_and_misaligned_segments_fail) ... ok
2026-10-07T20:25:41.8067532Z test_current_release_identity_and_store_limits (test_android_release.ReleaseChecks.test_current_release_identity_and_store_limits) ... ok
2026-10-07T20:25:41.8072173Z test_missing_arm64_library_fails (test_android_release.ReleaseChecks.test_missing_arm64_library_fails) ... ok
2026-10-07T20:25:41.8102095Z test_missing_publication_details_never_report_ready (test_android_release.ReleaseChecks.test_missing_publication_details_never_report_ready) ... ok
2026-10-07T20:25:41.8103064Z 
2026-10-07T20:25:41.8103533Z ----------------------------------------------------------------------
2026-10-07T20:25:41.8104293Z Ran 39 tests in 4.347s
2026-10-07T20:25:41.8104613Z 
2026-10-07T20:25:41.8104780Z OK
2026-10-07T20:25:41.8106541Z {"status": "measured_touch_pending", "report": "/tmp/tmpkch7n2ut/output/device-profile.json", "reason": null, "physical_device_measured": true}
2026-10-07T20:25:41.8109000Z {"status": "failed", "report": "/tmp/tmp27hwhb3t/output/device-profile.json", "reason": "Activity start reported an error: Error type 3\nError: Activity does not exist", "physical_device_measured": false}
2026-10-07T20:25:41.8113111Z {"status": "failed", "report": "/tmp/tmp_hucsh38/output/device-profile.json", "reason": "The QA process disappeared or failed to start", "physical_device_measured": false}
2026-10-07T20:25:41.8114765Z {"status": "failed", "report": "/tmp/tmpb_771iie/output/device-profile.json", "reason": "The QA process restarted before finishing the profile", "physical_device_measured": false}
2026-10-07T20:25:41.8115910Z {"status": "failed", "report": "/tmp/tmp52d29o90/output/device-profile.json", "reason": "The fixture failed: missing combat", "physical_device_measured": false}
2026-10-07T20:25:41.8117110Z {"status": "failed", "report": "/tmp/tmpa0lgjt8v/output/device-profile.json", "reason": "The QA process reported a script/runtime/shader error; see qa-logcat.txt", "physical_device_measured": false}
2026-10-07T20:25:41.8118413Z {"status": "failed", "report": "/tmp/tmppduhs28t/output/device-profile.json", "reason": "Timed out without all six real-time class/quality measurements", "physical_device_measured": false}
2026-10-07T20:25:41.8119670Z {"status": "unavailable", "report": "/tmp/tmp8chvx2oa/device-profile.json", "reason": "adb is unavailable; no physical Android device could be inspected", "physical_device_measured": false}
2026-10-07T20:25:41.8321399Z ##[group]Run mkdir -p build
2026-10-07T20:25:41.8321816Z [36;1mmkdir -p build[0m
2026-10-07T20:25:41.8322038Z [36;1mpackages=()[0m
2026-10-07T20:25:41.8322301Z [36;1mif [ "" != "true" ]; then[0m
2026-10-07T20:25:41.8322700Z [36;1m  packages+=(--package res://tests/android_beta_flow.tscn build/emberfall-afk-qa.apk x86_64)[0m
2026-10-07T20:25:41.8323070Z [36;1mfi[0m
2026-10-07T20:25:41.8323435Z [36;1mpackages+=(--package res://tests/android_success_flow.tscn build/emberfall-success-qa.apk x86_64)[0m
2026-10-07T20:25:41.8324065Z [36;1mpackages+=(--package res://tests/android_art_flow.tscn build/emberfall-art-qa.apk x86_64)[0m
2026-10-07T20:25:41.8324608Z [36;1mpackages+=(--package res://tests/android_device_probe.tscn build/emberfall-pixel-probe.apk arm64-v8a)[0m
2026-10-07T20:25:41.8325137Z [36;1mpython3 scripts/export_android_qa.py "${packages[@]}" 2>&1 | tee build/android-qa-export.log[0m
2026-10-07T20:25:41.8359823Z shell: /usr/bin/bash --noprofile --norc -e -o pipefail {0}
2026-10-07T20:25:41.8360176Z env:
2026-10-07T20:25:41.8360477Z   JAVA_HOME: /opt/hostedtoolcache/Java_Temurin-Hotspot_jdk/17.0.20-1/x64
2026-10-07T20:25:41.8360908Z   JAVA_HOME_17_X64: /opt/hostedtoolcache/Java_Temurin-Hotspot_jdk/17.0.20-1/x64
2026-10-07T20:25:41.8361438Z   MAVEN_ARGS: -ntp
2026-10-07T20:25:41.8361673Z   ANDROID_HOME: /usr/local/lib/android/sdk
2026-10-07T20:25:41.8361969Z   ANDROID_SDK_ROOT: /usr/local/lib/android/sdk
2026-10-07T20:25:41.8362341Z   GODOT_ANDROID_KEYSTORE_DEBUG_PATH: /home/runner/work/_temp/debug.keystore
2026-10-07T20:25:41.8362711Z   GODOT_ANDROID_KEYSTORE_DEBUG_USER: androiddebugkey
2026-10-07T20:25:41.8363055Z   GODOT_ANDROID_KEYSTORE_DEBUG_PASSWORD: android
2026-10-07T20:25:41.8363324Z ##[endgroup]
2026-10-07T20:25:41.9467457Z Importing the isolated QA project once for 4 package(s), with serial asset imports.
2026-10-07T20:26:25.2646344Z Godot Engine v4.7.2.stable.official.ed1daf0bf - https://godotengine.org
2026-10-07T20:26:25.2646978Z 
2026-10-07T20:26:25.2647788Z [   0% ] [90m[1mfirst_scan_filesystem[22m | Started Project initialization (5 steps)[39m[0m
2026-10-07T20:26:25.2750030Z [   0% ] [90m[1mfirst_scan_filesystem[22m | Scanning file structure...[39m[0m
2026-10-07T20:26:25.2751555Z [  16% ] [90m[1mfirst_scan_filesystem[22m | Loading global class names...[39m[0m
2026-10-07T20:26:25.2752205Z [  33% ] [90m[1mfirst_scan_filesystem[22m | Verifying GDExtensions...[39m[0m
2026-10-07T20:26:25.2752854Z [  50% ] [90m[1mfirst_scan_filesystem[22m | Creating autoload scripts...[39m[0m
2026-10-07T20:26:25.2753647Z [  66% ] [90m[1mfirst_scan_filesystem[22m | Initializing plugins...[39m[0m
2026-10-07T20:26:25.2754261Z [  83% ] [90m[1mfirst_scan_filesystem[22m | Starting file scan...[39m[0m
2026-10-07T20:26:25.2754812Z [92m[ DONE ][39m [1mfirst_scan_filesystem[22m
2026-10-07T20:26:25.2755182Z [0m
2026-10-07T20:26:25.2755812Z [   0% ] [90m[1mupdate_scripts_classes[22m | Started Registering global classes... (204 steps)[39m[0m
2026-10-07T20:26:25.2756541Z [   0% ] [90m[1mupdate_scripts_classes[22m | NakamaAPI[39m[0m
2026-10-07T20:26:25.2757112Z [   0% ] [90m[1mupdate_scripts_classes[22m | NakamaRTAPI[39m[0m
2026-10-07T20:26:25.2757680Z [   0% ] [90m[1mupdate_scripts_classes[22m | NakamaRTMessage[39m[0m
2026-10-07T20:26:25.2758256Z [   1% ] [90m[1mupdate_scripts_classes[22m | NakamaSession[39m[0m
2026-10-07T20:26:25.2758864Z [   1% ] [90m[1mupdate_scripts_classes[22m | NakamaStorageObjectId[39m[0m
2026-10-07T20:26:25.2759520Z [   2% ] [90m[1mupdate_scripts_classes[22m | NakamaWriteStorageObject[39m[0m
2026-10-07T20:26:25.2760130Z [   2% ] [90m[1mupdate_scripts_classes[22m | NakamaClient[39m[0m
2026-10-07T20:26:25.2760707Z [   3% ] [90m[1mupdate_scripts_classes[22m | NakamaHTTPAdapter[39m[0m
2026-10-07T20:26:25.2761426Z [   3% ] [90m[1mupdate_scripts_classes[22m | SatoriAsyncResult[39m[0m
2026-10-07T20:26:25.2762031Z [   4% ] [90m[1mupdate_scripts_classes[22m | SatoriException[39m[0m
2026-10-07T20:26:25.2762961Z [   4% ] [90m[1mupdate_scripts_classes[22m | SatoriLogger[39m[0m
2026-10-07T20:26:25.2763551Z [   5% ] [90m[1mupdate_scripts_classes[22m | SatoriSerializer[39m[0m
2026-10-07T20:26:25.2764151Z [   5% ] [90m[1mupdate_scripts_classes[22m | Event[39m[0m
2026-10-07T20:26:25.2773508Z [   6% ] [90m[1mupdate_scripts_classes[22m | SatoriAPI[39m[0m
2026-10-07T20:26:25.2774069Z [   6% ] [90m[1mupdate_scripts_classes[22m | SatoriClient[39m[0m
2026-10-07T20:26:25.2774669Z [   7% ] [90m[1mupdate_scripts_classes[22m | SatoriHTTPAdapter[39m[0m
2026-10-07T20:26:25.2775506Z [   7% ] [90m[1mupdate_scripts_classes[22m | SatoriSession[39m[0m
2026-10-07T20:26:25.2776040Z [   8% ] [90m[1mupdate_scripts_classes[22m | NakamaSocket[39m[0m
2026-10-07T20:26:25.2776586Z [   8% ] [90m[1mupdate_scripts_classes[22m | NakamaSocketAdapter[39m[0m
2026-10-07T20:26:25.2777146Z [   9% ] [90m[1mupdate_scripts_classes[22m | NakamaAsyncResult[39m[0m
2026-10-07T20:26:25.2777696Z [   9% ] [90m[1mupdate_scripts_classes[22m | NakamaException[39m[0m
2026-10-07T20:26:25.2778225Z [  10% ] [90m[1mupdate_scripts_classes[22m | NakamaLogger[39m[0m
2026-10-07T20:26:25.2778795Z [  10% ] [90m[1mupdate_scripts_classes[22m | NakamaMultiplayerBridge[39m[0m
2026-10-07T20:26:25.2779322Z [  11% ] [90m[1mupdate_scripts_classes[22m | NakamaMultiplayerPeer[39m[0m
2026-10-07T20:26:25.2779739Z [  11% ] [90m[1mupdate_scripts_classes[22m | NakamaSerializer[39m[0m
2026-10-07T20:26:25.2780103Z [  12% ] [90m[1mupdate_scripts_classes[22m | [39m[0m
2026-10-07T20:26:25.2780449Z [  12% ] [90m[1mupdate_scripts_classes[22m | [39m[0m
2026-10-07T20:26:25.2801992Z [  13% ] [90m[1mupdate_scripts_classes[22m | [39m[0m
2026-10-07T20:26:25.2802635Z [  13% ] [90m[1mupdate_scripts_classes[22m | [39m[0m
2026-10-07T20:26:25.2802971Z [  14% ] [90m[1mupdate_scripts_classes[22m | [39m[0m
2026-10-07T20:26:25.2803294Z [  14% ] [90m[1mupdate_scripts_classes[22m | [39m[0m
2026-10-07T20:26:25.2803632Z [  15% ] [90m[1mupdate_scripts_classes[22m | [39m[0m
2026-10-07T20:26:25.2803944Z [  15% ] [90m[1mupdate_scripts_classes[22m | [39m[0m
2026-10-07T20:26:25.2804257Z [  16% ] [90m[1mupdate_scripts_classes[22m | [39m[0m
2026-10-07T20:26:25.2804572Z [  16% ] [90m[1mupdate_scripts_classes[22m | [39m[0m
2026-10-07T20:26:25.2804883Z [  17% ] [90m[1mupdate_scripts_classes[22m | [39m[0m
2026-10-07T20:26:25.2805197Z [  17% ] [90m[1mupdate_scripts_classes[22m | [39m[0m
2026-10-07T20:26:25.2805511Z [  18% ] [90m[1mupdate_scripts_classes[22m | [39m[0m
2026-10-07T20:26:25.2805829Z [  18% ] [90m[1mupdate_scripts_classes[22m | [39m[0m
2026-10-07T20:26:25.2806139Z [  19% ] [90m[1mupdate_scripts_classes[22m | [39m[0m
2026-10-07T20:26:25.2806447Z [  19% ] [90m[1mupdate_scripts_classes[22m | [39m[0m
2026-10-07T20:26:25.2806757Z [  20% ] [90m[1mupdate_scripts_classes[22m | [39m[0m
2026-10-07T20:26:25.2807075Z [  20% ] [90m[1mupdate_scripts_classes[22m | [39m[0m
2026-10-07T20:26:25.2807384Z [  20% ] [90m[1mupdate_scripts_classes[22m | [39m[0m
2026-10-07T20:26:25.2807694Z [  21% ] [90m[1mupdate_scripts_classes[22m | [39m[0m
2026-10-07T20:26:25.2808000Z [  21% ] [90m[1mupdate_scripts_classes[22m | [39m[0m
2026-10-07T20:26:25.2808308Z [  22% ] [90m[1mupdate_scripts_classes[22m | [39m[0m
2026-10-07T20:26:25.2808626Z [  22% ] [90m[1mupdate_scripts_classes[22m | [39m[0m
2026-10-07T20:26:25.2808952Z [  23% ] [90m[1mupdate_scripts_classes[22m | [39m[0m
2026-10-07T20:26:25.2809281Z [  23% ] [90m[1mupdate_scripts_classes[22m | [39m[0m
2026-10-07T20:26:25.2809609Z [  24% ] [90m[1mupdate_scripts_classes[22m | [39m[0m
2026-10-07T20:26:25.2809940Z [  24% ] [90m[1mupdate_scripts_classes[22m | [39m[0m
2026-10-07T20:26:25.2810262Z [  25% ] [90m[1mupdate_scripts_classes[22m | [39m[0m
2026-10-07T20:26:25.2810580Z [  25% ] [90m[1mupdate_scripts_classes[22m | [39m[0m
2026-10-07T20:26:25.2811101Z [  26% ] [90m[1mupdate_scripts_classes[22m | [39m[0m
2026-10-07T20:26:25.2811636Z [  26% ] [90m[1mupdate_scripts_classes[22m | [39m[0m
2026-10-07T20:26:25.2811963Z [  27% ] [90m[1mupdate_scripts_classes[22m | [39m[0m
2026-10-07T20:26:25.2812287Z [  27% ] [90m[1mupdate_scripts_classes[22m | [39m[0m
2026-10-07T20:26:25.2812620Z [  28% ] [90m[1mupdate_scripts_classes[22m | [39m[0m
2026-10-07T20:26:25.2812949Z [  28% ] [90m[1mupdate_scripts_classes[22m | [39m[0m
2026-10-07T20:26:25.2813309Z [  29% ] [90m[1mupdate_scripts_classes[22m | [39m[0m
2026-10-07T20:26:25.2813863Z [  29% ] [90m[1mupdate_scripts_classes[22m | [39m[0m
2026-10-07T20:26:25.2814345Z [  30% ] [90m[1mupdate_scripts_classes[22m | [39m[0m
2026-10-07T20:26:25.2814712Z [  30% ] [90m[1mupdate_scripts_classes[22m | [39m[0m
2026-10-07T20:26:25.2815039Z [  31% ] [90m[1mupdate_scripts_classes[22m | [39m[0m
2026-10-07T20:26:25.2815375Z [  31% ] [90m[1mupdate_scripts_classes[22m | [39m[0m
2026-10-07T20:26:25.2815705Z [  32% ] [90m[1mupdate_scripts_classes[22m | [39m[0m
2026-10-07T20:26:25.2816028Z [  32% ] [90m[1mupdate_scripts_classes[22m | [39m[0m
2026-10-07T20:26:25.2816354Z [  33% ] [90m[1mupdate_scripts_classes[22m | [39m[0m
2026-10-07T20:26:25.2816679Z [  33% ] [90m[1mupdate_scripts_classes[22m | [39m[0m
2026-10-07T20:26:25.2817005Z [  34% ] [90m[1mupdate_scripts_classes[22m | [39m[0m
2026-10-07T20:26:25.2817330Z [  34% ] [90m[1mupdate_scripts_classes[22m | [39m[0m
2026-10-07T20:26:25.2817663Z [  35% ] [90m[1mupdate_scripts_classes[22m | [39m[0m
2026-10-07T20:26:25.2817993Z [  35% ] [90m[1mupdate_scripts_classes[22m | [39m[0m
2026-10-07T20:26:25.2818316Z [  36% ] [90m[1mupdate_scripts_classes[22m | [39m[0m
2026-10-07T20:26:25.2818648Z [  36% ] [90m[1mupdate_scripts_classes[22m | [39m[0m
2026-10-07T20:26:25.2818977Z [  37% ] [90m[1mupdate_scripts_classes[22m | [39m[0m
2026-10-07T20:26:25.2819303Z [  37% ] [90m[1mupdate_scripts_classes[22m | [39m[0m
2026-10-07T20:26:25.2819633Z [  38% ] [90m[1mupdate_scripts_classes[22m | [39m[0m
2026-10-07T20:26:25.2819971Z [  38% ] [90m[1mupdate_scripts_classes[22m | [39m[0m
2026-10-07T20:26:25.2820305Z [  39% ] [90m[1mupdate_scripts_classes[22m | [39m[0m
2026-10-07T20:26:25.2820639Z [  39% ] [90m[1mupdate_scripts_classes[22m | [39m[0m
2026-10-07T20:26:25.2820960Z [  40% ] [90m[1mupdate_scripts_classes[22m | [39m[0m
2026-10-07T20:26:25.2821499Z [  40% ] [90m[1mupdate_scripts_classes[22m | [39m[0m
2026-10-07T20:26:25.2821867Z [  40% ] [90m[1mupdate_scripts_classes[22m | [39m[0m
2026-10-07T20:26:25.2822202Z [  41% ] [90m[1mupdate_scripts_classes[22m | [39m[0m
2026-10-07T20:26:25.2822537Z [  41% ] [90m[1mupdate_scripts_classes[22m | [39m[0m
2026-10-07T20:26:25.2822864Z [  42% ] [90m[1mupdate_scripts_classes[22m | [39m[0m
2026-10-07T20:26:25.2823195Z [  42% ] [90m[1mupdate_scripts_classes[22m | [39m[0m
2026-10-07T20:26:25.2823524Z [  43% ] [90m[1mupdate_scripts_classes[22m | [39m[0m
2026-10-07T20:26:25.2823853Z [  43% ] [90m[1mupdate_scripts_classes[22m | [39m[0m
2026-10-07T20:26:25.2824180Z [  44% ] [90m[1mupdate_scripts_classes[22m | [39m[0m
2026-10-07T20:26:25.2824508Z [  44% ] [90m[1mupdate_scripts_classes[22m | [39m[0m
2026-10-07T20:26:25.2824842Z [  45% ] [90m[1mupdate_scripts_classes[22m | [39m[0m
2026-10-07T20:26:25.2825166Z [  45% ] [90m[1mupdate_scripts_classes[22m | [39m[0m
2026-10-07T20:26:25.2825539Z [  46% ] [90m[1mupdate_scripts_classes[22m | [39m[0m
2026-10-07T20:26:25.2825883Z [  46% ] [90m[1mupdate_scripts_classes[22m | [39m[0m
2026-10-07T20:26:25.2826204Z [  47% ] [90m[1mupdate_scripts_classes[22m | [39m[0m
2026-10-07T20:26:25.2826530Z [  47% ] [90m[1mupdate_scripts_classes[22m | [39m[0m
2026-10-07T20:26:25.2826852Z [  48% ] [90m[1mupdate_scripts_classes[22m | [39m[0m
2026-10-07T20:26:25.2827189Z [  48% ] [90m[1mupdate_scripts_classes[22m | [39m[0m
2026-10-07T20:26:25.2827602Z [  49% ] [90m[1mupdate_scripts_classes[22m | [39m[0m
2026-10-07T20:26:25.2827937Z [  49% ] [90m[1mupdate_scripts_classes[22m | [39m[0m
2026-10-07T20:26:25.2828262Z [  50% ] [90m[1mupdate_scripts_classes[22m | [39m[0m
2026-10-07T20:26:25.2828591Z [  50% ] [90m[1mupdate_scripts_classes[22m | [39m[0m
2026-10-07T20:26:25.2828918Z [  51% ] [90m[1mupdate_scripts_classes[22m | [39m[0m
2026-10-07T20:26:25.2829243Z [  51% ] [90m[1mupdate_scripts_classes[22m | [39m[0m
2026-10-07T20:26:25.2829578Z [  52% ] [90m[1mupdate_scripts_classes[22m | [39m[0m
2026-10-07T20:26:25.2829967Z [  52% ] [90m[1mupdate_scripts_classes[22m | [39m[0m
2026-10-07T20:26:25.2830280Z [  53% ] [90m[1mupdate_scripts_classes[22m | [39m[0m
2026-10-07T20:26:25.2830601Z [  53% ] [90m[1mupdate_scripts_classes[22m | [39m[0m
2026-10-07T20:26:25.2830914Z [  54% ] [90m[1mupdate_scripts_classes[22m | [39m[0m
2026-10-07T20:26:25.2831367Z [  54% ] [90m[1mupdate_scripts_classes[22m | [39m[0m
2026-10-07T20:26:25.2831733Z [  55% ] [90m[1mupdate_scripts_classes[22m | [39m[0m
2026-10-07T20:26:25.2832069Z [  55% ] [90m[1mupdate_scripts_classes[22m | [39m[0m
2026-10-07T20:26:25.2832397Z [  56% ] [90m[1mupdate_scripts_classes[22m | [39m[0m
2026-10-07T20:26:25.2832721Z [  56% ] [90m[1mupdate_scripts_classes[22m | [39m[0m
2026-10-07T20:26:25.2833045Z [  57% ] [90m[1mupdate_scripts_classes[22m | [39m[0m
2026-10-07T20:26:25.2833369Z [  57% ] [90m[1mupdate_scripts_classes[22m | [39m[0m
2026-10-07T20:26:25.2833689Z [  58% ] [90m[1mupdate_scripts_classes[22m | [39m[0m
2026-10-07T20:26:25.2834011Z [  58% ] [90m[1mupdate_scripts_classes[22m | [39m[0m
2026-10-07T20:26:25.2834338Z [  59% ] [90m[1mupdate_scripts_classes[22m | [39m[0m
2026-10-07T20:26:25.2834656Z [  59% ] [90m[1mupdate_scripts_classes[22m | [39m[0m
2026-10-07T20:26:25.2834975Z [  60% ] [90m[1mupdate_scripts_classes[22m | [39m[0m
2026-10-07T20:26:25.2835279Z [  60% ] [90m[1mupdate_scripts_classes[22m | [39m[0m
2026-10-07T20:26:25.2835595Z [  60% ] [90m[1mupdate_scripts_classes[22m | [39m[0m
2026-10-07T20:26:25.2835903Z [  61% ] [90m[1mupdate_scripts_classes[22m | [39m[0m
2026-10-07T20:26:25.2836218Z [  61% ] [90m[1mupdate_scripts_classes[22m | [39m[0m
2026-10-07T20:26:25.2836533Z [  62% ] [90m[1mupdate_scripts_classes[22m | [39m[0m
2026-10-07T20:26:25.2836862Z [  62% ] [90m[1mupdate_scripts_classes[22m | [39m[0m
2026-10-07T20:26:25.2837175Z [  63% ] [90m[1mupdate_scripts_classes[22m | [39m[0m
2026-10-07T20:26:25.2837488Z [  63% ] [90m[1mupdate_scripts_classes[22m | [39m[0m
2026-10-07T20:26:25.2837798Z [  64% ] [90m[1mupdate_scripts_classes[22m | [39m[0m
2026-10-07T20:26:25.2838112Z [  64% ] [90m[1mupdate_scripts_classes[22m | [39m[0m
2026-10-07T20:26:25.2838421Z [  65% ] [90m[1mupdate_scripts_classes[22m | [39m[0m
2026-10-07T20:26:25.2838732Z [  65% ] [90m[1mupdate_scripts_classes[22m | [39m[0m
2026-10-07T20:26:25.2839053Z [  66% ] [90m[1mupdate_scripts_classes[22m | [39m[0m
2026-10-07T20:26:25.2839367Z [  66% ] [90m[1mupdate_scripts_classes[22m | [39m[0m
2026-10-07T20:26:25.2839688Z [  67% ] [90m[1mupdate_scripts_classes[22m | [39m[0m
2026-10-07T20:26:25.2840004Z [  67% ] [90m[1mupdate_scripts_classes[22m | [39m[0m
2026-10-07T20:26:25.2840313Z [  68% ] [90m[1mupdate_scripts_classes[22m | [39m[0m
2026-10-07T20:26:25.2840625Z [  68% ] [90m[1mupdate_scripts_classes[22m | [39m[0m
2026-10-07T20:26:25.2840940Z [  69% ] [90m[1mupdate_scripts_classes[22m | [39m[0m
2026-10-07T20:26:25.2841429Z [  69% ] [90m[1mupdate_scripts_classes[22m | [39m[0m
2026-10-07T20:26:25.2841763Z [  70% ] [90m[1mupdate_scripts_classes[22m | [39m[0m
2026-10-07T20:26:25.2842077Z [  70% ] [90m[1mupdate_scripts_classes[22m | [39m[0m
2026-10-07T20:26:25.2842393Z [  71% ] [90m[1mupdate_scripts_classes[22m | [39m[0m
2026-10-07T20:26:25.2842708Z [  71% ] [90m[1mupdate_scripts_classes[22m | [39m[0m
2026-10-07T20:26:25.2843096Z [  72% ] [90m[1mupdate_scripts_classes[22m | [39m[0m
2026-10-07T20:26:25.2843410Z [  72% ] [90m[1mupdate_scripts_classes[22m | [39m[0m
2026-10-07T20:26:25.2843735Z [  73% ] [90m[1mupdate_scripts_classes[22m | [39m[0m
2026-10-07T20:26:25.2844052Z [  73% ] [90m[1mupdate_scripts_classes[22m | [39m[0m
2026-10-07T20:26:25.2844358Z [  74% ] [90m[1mupdate_scripts_classes[22m | [39m[0m
2026-10-07T20:26:25.2844663Z [  74% ] [90m[1mupdate_scripts_classes[22m | [39m[0m
2026-10-07T20:26:25.2844970Z [  75% ] [90m[1mupdate_scripts_classes[22m | [39m[0m
2026-10-07T20:26:25.2845357Z [  75% ] [90m[1mupdate_scripts_classes[22m | [39m[0m
2026-10-07T20:26:25.2845668Z [  76% ] [90m[1mupdate_scripts_classes[22m | [39m[0m
2026-10-07T20:26:25.2845985Z [  76% ] [90m[1mupdate_scripts_classes[22m | [39m[0m
2026-10-07T20:26:25.2846300Z [  77% ] [90m[1mupdate_scripts_classes[22m | [39m[0m
2026-10-07T20:26:25.2846607Z [  77% ] [90m[1mupdate_scripts_classes[22m | [39m[0m
2026-10-07T20:26:25.2846929Z [  78% ] [90m[1mupdate_scripts_classes[22m | [39m[0m
2026-10-07T20:26:25.2847237Z [  78% ] [90m[1mupdate_scripts_classes[22m | [39m[0m
2026-10-07T20:26:25.2847546Z [  79% ] [90m[1mupdate_scripts_classes[22m | [39m[0m
2026-10-07T20:26:25.2847912Z [  79% ] [90m[1mupdate_scripts_classes[22m | [39m[0m
2026-10-07T20:26:25.2848273Z [  80% ] [90m[1mupdate_scripts_classes[22m | [39m[0m
2026-10-07T20:26:25.2848594Z [  80% ] [90m[1mupdate_scripts_classes[22m | [39m[0m
2026-10-07T20:26:25.2848916Z [  80% ] [90m[1mupdate_scripts_classes[22m | [39m[0m
2026-10-07T20:26:25.2849231Z [  81% ] [90m[1mupdate_scripts_classes[22m | [39m[0m
2026-10-07T20:26:25.2849551Z [  81% ] [90m[1mupdate_scripts_classes[22m | [39m[0m
2026-10-07T20:26:25.2849872Z [  82% ] [90m[1mupdate_scripts_classes[22m | [39m[0m
2026-10-07T20:26:25.2850197Z [  82% ] [90m[1mupdate_scripts_classes[22m | [39m[0m
2026-10-07T20:26:25.2850530Z [  83% ] [90m[1mupdate_scripts_classes[22m | [39m[0m
2026-10-07T20:26:25.2850872Z [  83% ] [90m[1mupdate_scripts_classes[22m | [39m[0m
2026-10-07T20:26:25.2851310Z [  84% ] [90m[1mupdate_scripts_classes[22m | [39m[0m
2026-10-07T20:26:25.2851727Z [  84% ] [90m[1mupdate_scripts_classes[22m | [39m[0m
2026-10-07T20:26:25.2852067Z [  85% ] [90m[1mupdate_scripts_classes[22m | [39m[0m
2026-10-07T20:26:25.2852394Z [  85% ] [90m[1mupdate_scripts_classes[22m | [39m[0m
2026-10-07T20:26:25.2852717Z [  86% ] [90m[1mupdate_scripts_classes[22m | [39m[0m
2026-10-07T20:26:25.2853047Z [  86% ] [90m[1mupdate_scripts_classes[22m | [39m[0m
2026-10-07T20:26:25.2853403Z [  87% ] [90m[1mupdate_scripts_classes[22m | [39m[0m
2026-10-07T20:26:25.2853742Z [  87% ] [90m[1mupdate_scripts_classes[22m | [39m[0m
2026-10-07T20:26:25.2854083Z [  88% ] [90m[1mupdate_scripts_classes[22m | [39m[0m
2026-10-07T20:26:25.2854406Z [  88% ] [90m[1mupdate_scripts_classes[22m | [39m[0m
2026-10-07T20:26:25.2854720Z [  89% ] [90m[1mupdate_scripts_classes[22m | [39m[0m
2026-10-07T20:26:25.2855046Z [  89% ] [90m[1mupdate_scripts_classes[22m | [39m[0m
2026-10-07T20:26:25.2855376Z [  90% ] [90m[1mupdate_scripts_classes[22m | [39m[0m
2026-10-07T20:26:25.2855720Z [  90% ] [90m[1mupdate_scripts_classes[22m | [39m[0m
2026-10-07T20:26:25.2856050Z [  91% ] [90m[1mupdate_scripts_classes[22m | [39m[0m
2026-10-07T20:26:25.2856377Z [  91% ] [90m[1mupdate_scripts_classes[22m | [39m[0m
2026-10-07T20:26:25.2856716Z [  92% ] [90m[1mupdate_scripts_classes[22m | [39m[0m
2026-10-07T20:26:25.2857049Z [  92% ] [90m[1mupdate_scripts_classes[22m | [39m[0m
2026-10-07T20:26:25.2857385Z [  93% ] [90m[1mupdate_scripts_classes[22m | [39m[0m
2026-10-07T20:26:25.2857709Z [  93% ] [90m[1mupdate_scripts_classes[22m | [39m[0m
2026-10-07T20:26:25.2858041Z [  94% ] [90m[1mupdate_scripts_classes[22m | [39m[0m
2026-10-07T20:26:25.2858368Z [  94% ] [90m[1mupdate_scripts_classes[22m | [39m[0m
2026-10-07T20:26:25.2858760Z [  95% ] [90m[1mupdate_scripts_classes[22m | [39m[0m
2026-10-07T20:26:25.2859075Z [  95% ] [90m[1mupdate_scripts_classes[22m | [39m[0m
2026-10-07T20:26:25.2859394Z [  96% ] [90m[1mupdate_scripts_classes[22m | [39m[0m
2026-10-07T20:26:25.2859715Z [  96% ] [90m[1mupdate_scripts_classes[22m | [39m[0m
2026-10-07T20:26:25.2860048Z [  97% ] [90m[1mupdate_scripts_classes[22m | [39m[0m
2026-10-07T20:26:25.2860398Z [  97% ] [90m[1mupdate_scripts_classes[22m | [39m[0m
2026-10-07T20:26:25.2860725Z [  98% ] [90m[1mupdate_scripts_classes[22m | [39m[0m
2026-10-07T20:26:25.2861448Z [  98% ] [90m[1mupdate_scripts_classes[22m | [39m[0m
2026-10-07T20:26:25.2861806Z [  99% ] [90m[1mupdate_scripts_classes[22m | [39m[0m
2026-10-07T20:26:25.2862153Z [92m[ DONE ][39m [1mupdate_scripts_classes[22m
2026-10-07T20:26:25.2862403Z [0m
2026-10-07T20:26:25.2862797Z [   0% ] [90m[1m_update_scan_actions[22m | Started Scanning actions... (115 steps)[39m[0m
2026-10-07T20:26:25.2863292Z [   0% ] [90m[1m_update_scan_actions[22m | arcanist.png[39m[0m
2026-10-07T20:26:25.2863680Z [   0% ] [90m[1m_update_scan_actions[22m | bulwark.png[39m[0m
2026-10-07T20:26:25.2864048Z [   1% ] [90m[1m_update_scan_actions[22m | elite.png[39m[0m
2026-10-07T20:26:25.2864433Z [   2% ] [90m[1m_update_scan_actions[22m | guardian_0.png[39m[0m
2026-10-07T20:26:25.2864825Z [   3% ] [90m[1m_update_scan_actions[22m | guardian_1.png[39m[0m
2026-10-07T20:26:25.2865220Z [   4% ] [90m[1m_update_scan_actions[22m | guardian_2.png[39m[0m
2026-10-07T20:26:25.2865630Z [   5% ] [90m[1m_update_scan_actions[22m | guardian_3.png[39m[0m
2026-10-07T20:26:25.2866019Z [   6% ] [90m[1m_update_scan_actions[22m | hexer.png[39m[0m
2026-10-07T20:26:25.2866402Z [   6% ] [90m[1m_update_scan_actions[22m | raider.png[39m[0m
2026-10-07T20:26:25.2866795Z [   7% ] [90m[1m_update_scan_actions[22m | ranger.png[39m[0m
2026-10-07T20:26:25.2867189Z [   8% ] [90m[1m_update_scan_actions[22m | vowkeeper.png[39m[0m
2026-10-07T20:26:25.2867592Z [   9% ] [90m[1m_update_scan_actions[22m | arcanist.png[39m[0m
2026-10-07T20:26:25.2867987Z [  10% ] [90m[1m_update_scan_actions[22m | guardian_0.png[39m[0m
2026-10-07T20:26:25.2868444Z [  11% ] [90m[1m_update_scan_actions[22m | guardian_1.png[39m[0m
2026-10-07T20:26:25.2868819Z [  12% ] [90m[1m_update_scan_actions[22m | guardian_2.png[39m[0m
2026-10-07T20:26:25.2869184Z [  12% ] [90m[1m_update_scan_actions[22m | guardian_3.png[39m[0m
2026-10-07T20:26:25.2869552Z [  13% ] [90m[1m_update_scan_actions[22m | hostiles.png[39m[0m
2026-10-07T20:26:25.2869911Z [  14% ] [90m[1m_update_scan_actions[22m | ranger.png[39m[0m
2026-10-07T20:26:25.2870273Z [  15% ] [90m[1m_update_scan_actions[22m | vowkeeper.png[39m[0m
2026-10-07T20:26:25.2870629Z [  16% ] [90m[1m_update_scan_actions[22m | Cinzel.ttf[39m[0m
2026-10-07T20:26:25.2870984Z [  17% ] [90m[1m_update_scan_actions[22m | Lora.ttf[39m[0m
2026-10-07T20:26:25.2871556Z [  18% ] [90m[1m_update_scan_actions[22m | material-atlas.png[39m[0m
2026-10-07T20:26:25.2871998Z [  18% ] [90m[1m_update_scan_actions[22m | Bricks096_1K-PNG_Color.png[39m[0m
2026-10-07T20:26:25.2872451Z [  19% ] [90m[1m_update_scan_actions[22m | Bricks096_1K-PNG_NormalGL.png[39m[0m
2026-10-07T20:26:25.2872927Z [  20% ] [90m[1m_update_scan_actions[22m | Bricks096_1K-PNG_Roughness.png[39m[0m
2026-10-07T20:26:25.2873382Z [  21% ] [90m[1m_update_scan_actions[22m | Metal063_1K-JPG_Color.jpg[39m[0m
2026-10-07T20:26:25.2873832Z [  22% ] [90m[1m_update_scan_actions[22m | Metal063_1K-JPG_Roughness.jpg[39m[0m
2026-10-07T20:26:25.2874260Z [  23% ] [90m[1m_update_scan_actions[22m | nyra-face-albedo.png[39m[0m
2026-10-07T20:26:25.2874677Z [  24% ] [90m[1m_update_scan_actions[22m | ruin-floor-albedo.png[39m[0m
2026-10-07T20:26:25.2875105Z [  25% ] [90m[1m_update_scan_actions[22m | Rock030_1K-JPG_Color.jpg[39m[0m
2026-10-07T20:26:25.2875545Z [  25% ] [90m[1m_update_scan_actions[22m | Rock030_1K-JPG_NormalGL.jpg[39m[0m
2026-10-07T20:26:25.2876058Z [  26% ] [90m[1m_update_scan_actions[22m | Rock030_1K-JPG_Roughness.jpg[39m[0m
2026-10-07T20:26:25.2876483Z [  27% ] [90m[1m_update_scan_actions[22m | ranger-native65.glb[39m[0m
2026-10-07T20:26:25.2876875Z [  28% ] [90m[1m_update_scan_actions[22m | archive_bay.glb[39m[0m
2026-10-07T20:26:25.2877271Z [  29% ] [90m[1m_update_scan_actions[22m | archive_bay_broken.glb[39m[0m
2026-10-07T20:26:25.2877659Z [  30% ] [90m[1m_update_scan_actions[22m | archive_end.glb[39m[0m
2026-10-07T20:26:25.2878038Z [  31% ] [90m[1m_update_scan_actions[22m | archive_return.glb[39m[0m
2026-10-07T20:26:25.2878482Z [  31% ] [90m[1m_update_scan_actions[22m | archive_solid.glb[39m[0m
2026-10-07T20:26:25.2878909Z [  32% ] [90m[1m_update_scan_actions[22m | citadel_bay.glb[39m[0m
2026-10-07T20:26:25.2879314Z [  33% ] [90m[1m_update_scan_actions[22m | citadel_bay_broken.glb[39m[0m
2026-10-07T20:26:25.2879718Z [  34% ] [90m[1m_update_scan_actions[22m | citadel_end.glb[39m[0m
2026-10-07T20:26:25.2880106Z [  35% ] [90m[1m_update_scan_actions[22m | citadel_return.glb[39m[0m
2026-10-07T20:26:25.2880507Z [  36% ] [90m[1m_update_scan_actions[22m | citadel_solid.glb[39m[0m
2026-10-07T20:26:25.2880890Z [  37% ] [90m[1m_update_scan_actions[22m | ossuary_bay.glb[39m[0m
2026-10-07T20:26:25.2881492Z [  37% ] [90m[1m_update_scan_actions[22m | ossuary_bay_broken.glb[39m[0m
2026-10-07T20:26:25.2881935Z [  38% ] [90m[1m_update_scan_actions[22m | ossuary_end.glb[39m[0m
2026-10-07T20:26:25.2882347Z [  39% ] [90m[1m_update_scan_actions[22m | ossuary_return.glb[39m[0m
2026-10-07T20:26:25.2882744Z [  40% ] [90m[1m_update_scan_actions[22m | ossuary_solid.glb[39m[0m
2026-10-07T20:26:25.2883137Z [  41% ] [90m[1m_update_scan_actions[22m | spire_bay.glb[39m[0m
2026-10-07T20:26:25.2883541Z [  42% ] [90m[1m_update_scan_actions[22m | spire_bay_broken.glb[39m[0m
2026-10-07T20:26:25.2883952Z [  43% ] [90m[1m_update_scan_actions[22m | spire_end.glb[39m[0m
2026-10-07T20:26:25.2884357Z [  43% ] [90m[1m_update_scan_actions[22m | spire_return.glb[39m[0m
2026-10-07T20:26:25.2884770Z [  44% ] [90m[1m_update_scan_actions[22m | spire_solid.glb[39m[0m
2026-10-07T20:26:25.2885171Z [  45% ] [90m[1m_update_scan_actions[22m | bulwark-fitted.glb[39m[0m
2026-10-07T20:26:25.2885580Z [  46% ] [90m[1m_update_scan_actions[22m | elite-fitted.glb[39m[0m
2026-10-07T20:26:25.2885998Z [  47% ] [90m[1m_update_scan_actions[22m | guardian_0-fitted.glb[39m[0m
2026-10-07T20:26:25.2886425Z [  48% ] [90m[1m_update_scan_actions[22m | guardian_1-fitted.glb[39m[0m
2026-10-07T20:26:25.2886856Z [  49% ] [90m[1m_update_scan_actions[22m | guardian_2-fitted.glb[39m[0m
2026-10-07T20:26:25.2887310Z [  50% ] [90m[1m_update_scan_actions[22m | guardian_3-fitted.glb[39m[0m
2026-10-07T20:26:25.2887719Z [  50% ] [90m[1m_update_scan_actions[22m | hexer-fitted.glb[39m[0m
2026-10-07T20:26:25.2888167Z [  51% ] [90m[1m_update_scan_actions[22m | male-clothing-native65.glb[39m[0m
2026-10-07T20:26:25.2888600Z [  52% ] [90m[1m_update_scan_actions[22m | arcanist.glb[39m[0m
2026-10-07T20:26:25.2889010Z [  53% ] [90m[1m_update_scan_actions[22m | staff-grip053.glb[39m[0m
2026-10-07T20:26:25.2889432Z [  54% ] [90m[1m_update_scan_actions[22m | nyra-attire054.glb[39m[0m
2026-10-07T20:26:25.2889863Z [  55% ] [90m[1m_update_scan_actions[22m | archive_reliquary.glb[39m[0m
2026-10-07T20:26:25.2890343Z [  56% ] [90m[1m_update_scan_actions[22m | citadel_reliquary.glb[39m[0m
2026-10-07T20:26:25.2890787Z [  56% ] [90m[1m_update_scan_actions[22m | ossuary_reliquary.glb[39m[0m
2026-10-07T20:26:25.2891359Z [  57% ] [90m[1m_update_scan_actions[22m | spire_reliquary.glb[39m[0m
2026-10-07T20:26:25.2891805Z [  58% ] [90m[1m_update_scan_actions[22m | axe-fitted.glb[39m[0m
2026-10-07T20:26:25.2892214Z [  59% ] [90m[1m_update_scan_actions[22m | axe-original.glb[39m[0m
2026-10-07T20:26:25.2892707Z [  60% ] [90m[1m_update_scan_actions[22m | raider-native65.glb[39m[0m
2026-10-07T20:26:25.2893140Z [  61% ] [90m[1m_update_scan_actions[22m | arcanist.glb[39m[0m
2026-10-07T20:26:25.2893537Z [  62% ] [90m[1m_update_scan_actions[22m | bone_arch.glb[39m[0m
2026-10-07T20:26:25.2893949Z [  62% ] [90m[1m_update_scan_actions[22m | broken_pillar.glb[39m[0m
2026-10-07T20:26:25.2894352Z [  63% ] [90m[1m_update_scan_actions[22m | bulwark.glb[39m[0m
2026-10-07T20:26:25.2894754Z [  64% ] [90m[1m_update_scan_actions[22m | carved_tomb.glb[39m[0m
2026-10-07T20:26:25.2895176Z [  65% ] [90m[1m_update_scan_actions[22m | ceremonial_brazier.glb[39m[0m
2026-10-07T20:26:25.2895720Z [  66% ] [90m[1m_update_scan_actions[22m | drowned_library.glb[39m[0m
2026-10-07T20:26:25.2896144Z [  67% ] [90m[1m_update_scan_actions[22m | elite.glb[39m[0m
2026-10-07T20:26:25.2896564Z [  68% ] [90m[1m_update_scan_actions[22m | expedition_table.glb[39m[0m
2026-10-07T20:26:25.2896988Z [  68% ] [90m[1m_update_scan_actions[22m | field_forge.glb[39m[0m
2026-10-07T20:26:25.2897380Z [  69% ] [90m[1m_update_scan_actions[22m | furnace.glb[39m[0m
2026-10-07T20:26:25.2897790Z [  70% ] [90m[1m_update_scan_actions[22m | furnace_throne.glb[39m[0m
2026-10-07T20:26:25.2898206Z [  71% ] [90m[1m_update_scan_actions[22m | gothic_arch.glb[39m[0m
2026-10-07T20:26:25.2898620Z [  72% ] [90m[1m_update_scan_actions[22m | guardian_0.glb[39m[0m
2026-10-07T20:26:25.2899013Z [  73% ] [90m[1m_update_scan_actions[22m | guardian_1.glb[39m[0m
2026-10-07T20:26:25.2899441Z [  74% ] [90m[1m_update_scan_actions[22m | guardian_2.glb[39m[0m
2026-10-07T20:26:25.2899816Z [  75% ] [90m[1m_update_scan_actions[22m | guardian_3.glb[39m[0m
2026-10-07T20:26:25.2900184Z [  75% ] [90m[1m_update_scan_actions[22m | hanging_bell.glb[39m[0m
2026-10-07T20:26:25.2900556Z [  76% ] [90m[1m_update_scan_actions[22m | hexer.glb[39m[0m
2026-10-07T20:26:25.2900932Z [  77% ] [90m[1m_update_scan_actions[22m | leaded_lancet.glb[39m[0m
2026-10-07T20:26:25.2901422Z [  78% ] [90m[1m_update_scan_actions[22m | pilgrim_well.glb[39m[0m
2026-10-07T20:26:25.2901798Z [  79% ] [90m[1m_update_scan_actions[22m | pillar.glb[39m[0m
2026-10-07T20:26:25.2902159Z [  80% ] [90m[1m_update_scan_actions[22m | raider.glb[39m[0m
2026-10-07T20:26:25.2902512Z [  81% ] [90m[1m_update_scan_actions[22m | ranger.glb[39m[0m
2026-10-07T20:26:25.2902894Z [  81% ] [90m[1m_update_scan_actions[22m | reliquary_altar.glb[39m[0m
2026-10-07T20:26:25.2903323Z [  82% ] [90m[1m_update_scan_actions[22m | ruined_vault.glb[39m[0m
2026-10-07T20:26:25.2903921Z [  83% ] [90m[1m_update_scan_actions[22m | sanctuary_intarsia.glb[39m[0m
2026-10-07T20:26:25.2904394Z [  84% ] [90m[1m_update_scan_actions[22m | seal_shrine.glb[39m[0m
2026-10-07T20:26:25.2904881Z [  85% ] [90m[1m_update_scan_actions[22m | vowkeeper.glb[39m[0m
2026-10-07T20:26:25.2905341Z [  86% ] [90m[1m_update_scan_actions[22m | archive.png[39m[0m
2026-10-07T20:26:25.2905806Z [  87% ] [90m[1m_update_scan_actions[22m | camp.png[39m[0m
2026-10-07T20:26:25.2906261Z [  87% ] [90m[1m_update_scan_actions[22m | citadel.png[39m[0m
2026-10-07T20:26:25.2906696Z [  88% ] [90m[1m_update_scan_actions[22m | ossuary.png[39m[0m
2026-10-07T20:26:25.2907114Z [  89% ] [90m[1m_update_scan_actions[22m | spire.png[39m[0m
2026-10-07T20:26:25.2907813Z [  90% ] [90m[1m_update_scan_actions[22m | camp-matte.png[39m[0m
2026-10-07T20:26:25.2908286Z [  91% ] [90m[1m_update_scan_actions[22m | camp-stations.png[39m[0m
2026-10-07T20:26:25.2908771Z [  92% ] [90m[1m_update_scan_actions[22m | painted-stone.png[39m[0m
2026-10-07T20:26:25.2909242Z [  93% ] [90m[1m_update_scan_actions[22m | region-atlas.png[39m[0m
2026-10-07T20:26:25.2909683Z [  93% ] [90m[1m_update_scan_actions[22m | app_icon.png[39m[0m
2026-10-07T20:26:25.2910147Z [  94% ] [90m[1m_update_scan_actions[22m | app_icon.svg[39m[0m
2026-10-07T20:26:25.2910663Z [  95% ] [90m[1m_update_scan_actions[22m | cinder_knight.webp[39m[0m
2026-10-07T20:26:25.2911343Z [  96% ] [90m[1m_update_scan_actions[22m | hollow_spire_corridor.webp[39m[0m
2026-10-07T20:26:25.2911864Z [  97% ] [90m[1m_update_scan_actions[22m | nyra_portrait.webp[39m[0m
2026-10-07T20:26:25.2912317Z [  98% ] [90m[1m_update_scan_actions[22m | nyra_runner.webp[39m[0m
2026-10-07T20:26:25.2912774Z [92m[ DONE ][39m [1m_update_scan_actions[22m
2026-10-07T20:26:25.2913072Z [0m
2026-10-07T20:26:25.2913481Z [   0% ] [90m[1mreimport[22m | Started (Re)Importing Assets (115 steps)[39m[0m
2026-10-07T20:26:25.2914084Z [   0% ] [90m[1mreimport[22m | Preparing files to reimport...[39m[0m
2026-10-07T20:26:25.2914539Z [   0% ] [90m[1mreimport[22m | Preparing files to reimport...[39m[0m
2026-10-07T20:26:25.2915066Z [   1% ] [90m[1mreimport[22m | Preparing files to reimport...[39m[0m
2026-10-07T20:26:25.2915529Z [   2% ] [90m[1mreimport[22m | Preparing files to reimport...[39m[0m
2026-10-07T20:26:25.2915973Z [   3% ] [90m[1mreimport[22m | Preparing files to reimport...[39m[0m
2026-10-07T20:26:25.2916364Z [   4% ] [90m[1mreimport[22m | Preparing files to reimport...[39m[0m
2026-10-07T20:26:25.2916754Z [   5% ] [90m[1mreimport[22m | Preparing files to reimport...[39m[0m
2026-10-07T20:26:25.2917145Z [   6% ] [90m[1mreimport[22m | Preparing files to reimport...[39m[0m
2026-10-07T20:26:25.2917534Z [   6% ] [90m[1mreimport[22m | Preparing files to reimport...[39m[0m
2026-10-07T20:26:25.2917937Z [   7% ] [90m[1mreimport[22m | Preparing files to reimport...[39m[0m
2026-10-07T20:26:25.2918329Z [   8% ] [90m[1mreimport[22m | Preparing files to reimport...[39m[0m
2026-10-07T20:26:25.2918717Z [   9% ] [90m[1mreimport[22m | Preparing files to reimport...[39m[0m
2026-10-07T20:26:25.2919230Z [  10% ] [90m[1mreimport[22m | Preparing files to reimport...[39m[0m
2026-10-07T20:26:25.2919897Z [  11% ] [90m[1mreimport[22m | Preparing files to reimport...[39m[0m
2026-10-07T20:26:25.2920316Z [  12% ] [90m[1mreimport[22m | Preparing files to reimport...[39m[0m
2026-10-07T20:26:25.2920705Z [  12% ] [90m[1mreimport[22m | Preparing files to reimport...[39m[0m
2026-10-07T20:26:25.2921108Z [  13% ] [90m[1mreimport[22m | Preparing files to reimport...[39m[0m
2026-10-07T20:26:25.2921702Z [  14% ] [90m[1mreimport[22m | Preparing files to reimport...[39m[0m
2026-10-07T20:26:25.2922105Z [  15% ] [90m[1mreimport[22m | Preparing files to reimport...[39m[0m
2026-10-07T20:26:25.2922495Z [  16% ] [90m[1mreimport[22m | Preparing files to reimport...[39m[0m
2026-10-07T20:26:25.2922891Z [  17% ] [90m[1mreimport[22m | Preparing files to reimport...[39m[0m
2026-10-07T20:26:25.2923283Z [  18% ] [90m[1mreimport[22m | Preparing files to reimport...[39m[0m
2026-10-07T20:26:25.2923682Z [  18% ] [90m[1mreimport[22m | Preparing files to reimport...[39m[0m
2026-10-07T20:26:25.2924074Z [  19% ] [90m[1mreimport[22m | Preparing files to reimport...[39m[0m
2026-10-07T20:26:25.2924472Z [  20% ] [90m[1mreimport[22m | Preparing files to reimport...[39m[0m
2026-10-07T20:26:25.2924865Z [  21% ] [90m[1mreimport[22m | Preparing files to reimport...[39m[0m
2026-10-07T20:26:25.2925255Z [  22% ] [90m[1mreimport[22m | Preparing files to reimport...[39m[0m
2026-10-07T20:26:25.2925703Z [  23% ] [90m[1mreimport[22m | Preparing files to reimport...[39m[0m
2026-10-07T20:26:25.2926108Z [  24% ] [90m[1mreimport[22m | Preparing files to reimport...[39m[0m
2026-10-07T20:26:25.2926505Z [  25% ] [90m[1mreimport[22m | Preparing files to reimport...[39m[0m
2026-10-07T20:26:25.2926914Z [  25% ] [90m[1mreimport[22m | Preparing files to reimport...[39m[0m
2026-10-07T20:26:25.2927319Z [  26% ] [90m[1mreimport[22m | Preparing files to reimport...[39m[0m
2026-10-07T20:26:25.2927721Z [  27% ] [90m[1mreimport[22m | Preparing files to reimport...[39m[0m
2026-10-07T20:26:25.2928124Z [  28% ] [90m[1mreimport[22m | Preparing files to reimport...[39m[0m
2026-10-07T20:26:25.2928621Z [  29% ] [90m[1mreimport[22m | Preparing files to reimport...[39m[0m
2026-10-07T20:26:25.2929028Z [  30% ] [90m[1mreimport[22m | Preparing files to reimport...[39m[0m
2026-10-07T20:26:25.2929423Z [  31% ] [90m[1mreimport[22m | Preparing files to reimport...[39m[0m
2026-10-07T20:26:25.2929813Z [  31% ] [90m[1mreimport[22m | Preparing files to reimport...[39m[0m
2026-10-07T20:26:25.2930251Z [  32% ] [90m[1mreimport[22m | Preparing files to reimport...[39m[0m
2026-10-07T20:26:25.2930656Z [  33% ] [90m[1mreimport[22m | Preparing files to reimport...[39m[0m
2026-10-07T20:26:25.2931105Z [  34% ] [90m[1mreimport[22m | Preparing files to reimport...[39m[0m
2026-10-07T20:26:25.2931684Z [  35% ] [90m[1mreimport[22m | Preparing files to reimport...[39m[0m
2026-10-07T20:26:25.2932088Z [  36% ] [90m[1mreimport[22m | Preparing files to reimport...[39m[0m
2026-10-07T20:26:25.2932487Z [  37% ] [90m[1mreimport[22m | Preparing files to reimport...[39m[0m
2026-10-07T20:26:25.2932891Z [  37% ] [90m[1mreimport[22m | Preparing files to reimport...[39m[0m
2026-10-07T20:26:25.2933293Z [  38% ] [90m[1mreimport[22m | Preparing files to reimport...[39m[0m
2026-10-07T20:26:25.2933699Z [  39% ] [90m[1mreimport[22m | Preparing files to reimport...[39m[0m
2026-10-07T20:26:25.2934100Z [  40% ] [90m[1mreimport[22m | Preparing files to reimport...[39m[0m
2026-10-07T20:26:25.2934506Z [  41% ] [90m[1mreimport[22m | Preparing files to reimport...[39m[0m
2026-10-07T20:26:25.2934904Z [  42% ] [90m[1mreimport[22m | Preparing files to reimport...[39m[0m
2026-10-07T20:26:25.2935303Z [  43% ] [90m[1mreimport[22m | Preparing files to reimport...[39m[0m
2026-10-07T20:26:25.2935698Z [  43% ] [90m[1mreimport[22m | Preparing files to reimport...[39m[0m
2026-10-07T20:26:25.2936096Z [  44% ] [90m[1mreimport[22m | Preparing files to reimport...[39m[0m
2026-10-07T20:26:25.2936495Z [  45% ] [90m[1mreimport[22m | Preparing files to reimport...[39m[0m
2026-10-07T20:26:25.2936905Z [  46% ] [90m[1mreimport[22m | Preparing files to reimport...[39m[0m
2026-10-07T20:26:25.2937306Z [  47% ] [90m[1mreimport[22m | Preparing files to reimport...[39m[0m
2026-10-07T20:26:25.2937708Z [  48% ] [90m[1mreimport[22m | Preparing files to reimport...[39m[0m
2026-10-07T20:26:25.2938107Z [  49% ] [90m[1mreimport[22m | Preparing files to reimport...[39m[0m
2026-10-07T20:26:25.2938501Z [  50% ] [90m[1mreimport[22m | Preparing files to reimport...[39m[0m
2026-10-07T20:26:25.2938902Z [  50% ] [90m[1mreimport[22m | Preparing files to reimport...[39m[0m
2026-10-07T20:26:25.2939303Z [  51% ] [90m[1mreimport[22m | Preparing files to reimport...[39m[0m
2026-10-07T20:26:25.2939873Z [  52% ] [90m[1mreimport[22m | Preparing files to reimport...[39m[0m
2026-10-07T20:26:25.2940286Z [  53% ] [90m[1mreimport[22m | Preparing files to reimport...[39m[0m
2026-10-07T20:26:25.2940691Z [  54% ] [90m[1mreimport[22m | Preparing files to reimport...[39m[0m
2026-10-07T20:26:25.2941103Z [  55% ] [90m[1mreimport[22m | Preparing files to reimport...[39m[0m
2026-10-07T20:26:25.2941612Z [  56% ] [90m[1mreimport[22m | Preparing files to reimport...[39m[0m
2026-10-07T20:26:25.2942009Z [  56% ] [90m[1mreimport[22m | Preparing files to reimport...[39m[0m
2026-10-07T20:26:25.2942413Z [  57% ] [90m[1mreimport[22m | Preparing files to reimport...[39m[0m
2026-10-07T20:26:25.2942807Z [  58% ] [90m[1mreimport[22m | Preparing files to reimport...[39m[0m
2026-10-07T20:26:25.2943204Z [  59% ] [90m[1mreimport[22m | Preparing files to reimport...[39m[0m
2026-10-07T20:26:25.2943603Z [  60% ] [90m[1mreimport[22m | Preparing files to reimport...[39m[0m
2026-10-07T20:26:25.2943997Z [  61% ] [90m[1mreimport[22m | Preparing files to reimport...[39m[0m
2026-10-07T20:26:25.2944391Z [  62% ] [90m[1mreimport[22m | Preparing files to reimport...[39m[0m
2026-10-07T20:26:25.2944789Z [  62% ] [90m[1mreimport[22m | Preparing files to reimport...[39m[0m
2026-10-07T20:26:25.2945270Z [  63% ] [90m[1mreimport[22m | Preparing files to reimport...[39m[0m
2026-10-07T20:26:25.2945672Z [  64% ] [90m[1mreimport[22m | Preparing files to reimport...[39m[0m
2026-10-07T20:26:25.2946071Z [  65% ] [90m[1mreimport[22m | Preparing files to reimport...[39m[0m
2026-10-07T20:26:25.2946468Z [  66% ] [90m[1mreimport[22m | Preparing files to reimport...[39m[0m
2026-10-07T20:26:25.2946865Z [  67% ] [90m[1mreimport[22m | Preparing files to reimport...[39m[0m
2026-10-07T20:26:25.2947267Z [  68% ] [90m[1mreimport[22m | Preparing files to reimport...[39m[0m
2026-10-07T20:26:25.2948082Z [  68% ] [90m[1mreimport[22m | Preparing files to reimport...[39m[0m
2026-10-07T20:26:25.2948481Z [  69% ] [90m[1mreimport[22m | Preparing files to reimport...[39m[0m
2026-10-07T20:26:25.2948880Z [  70% ] [90m[1mreimport[22m | Preparing files to reimport...[39m[0m
2026-10-07T20:26:25.2949284Z [  71% ] [90m[1mreimport[22m | Preparing files to reimport...[39m[0m
2026-10-07T20:26:25.2949701Z [  72% ] [90m[1mreimport[22m | Preparing files to reimport...[39m[0m
2026-10-07T20:26:25.2950113Z [  73% ] [90m[1mreimport[22m | Preparing files to reimport...[39m[0m
2026-10-07T20:26:25.2950525Z [  74% ] [90m[1mreimport[22m | Preparing files to reimport...[39m[0m
2026-10-07T20:26:25.2950943Z [  75% ] [90m[1mreimport[22m | Preparing files to reimport...[39m[0m
2026-10-07T20:26:25.2951439Z [  75% ] [90m[1mreimport[22m | Preparing files to reimport...[39m[0m
2026-10-07T20:26:25.2951863Z [  76% ] [90m[1mreimport[22m | Preparing files to reimport...[39m[0m
2026-10-07T20:26:25.2952264Z [  77% ] [90m[1mreimport[22m | Preparing files to reimport...[39m[0m
2026-10-07T20:26:25.2952659Z [  78% ] [90m[1mreimport[22m | Preparing files to reimport...[39m[0m
2026-10-07T20:26:25.2953054Z [  79% ] [90m[1mreimport[22m | Preparing files to reimport...[39m[0m
2026-10-07T20:26:25.2953460Z [  80% ] [90m[1mreimport[22m | Preparing files to reimport...[39m[0m
2026-10-07T20:26:25.2953861Z [  81% ] [90m[1mreimport[22m | Preparing files to reimport...[39m[0m
2026-10-07T20:26:25.2954255Z [  81% ] [90m[1mreimport[22m | Preparing files to reimport...[39m[0m
2026-10-07T20:26:25.2954654Z [  82% ] [90m[1mreimport[22m | Preparing files to reimport...[39m[0m
2026-10-07T20:26:25.2955051Z [  83% ] [90m[1mreimport[22m | Preparing files to reimport...[39m[0m
2026-10-07T20:26:25.2955449Z [  84% ] [90m[1mreimport[22m | Preparing files to reimport...[39m[0m
2026-10-07T20:26:25.2955843Z [  85% ] [90m[1mreimport[22m | Preparing files to reimport...[39m[0m
2026-10-07T20:26:25.2956253Z [  86% ] [90m[1mreimport[22m | Preparing files to reimport...[39m[0m
2026-10-07T20:26:25.2956650Z [  87% ] [90m[1mreimport[22m | Preparing files to reimport...[39m[0m
2026-10-07T20:26:25.2957045Z [  87% ] [90m[1mreimport[22m | Preparing files to reimport...[39m[0m
2026-10-07T20:26:25.2957432Z [  88% ] [90m[1mreimport[22m | Preparing files to reimport...[39m[0m
2026-10-07T20:26:25.2957830Z [  89% ] [90m[1mreimport[22m | Preparing files to reimport...[39m[0m
2026-10-07T20:26:25.2958228Z [  90% ] [90m[1mreimport[22m | Preparing files to reimport...[39m[0m
2026-10-07T20:26:25.2958637Z [  91% ] [90m[1mreimport[22m | Preparing files to reimport...[39m[0m
2026-10-07T20:26:25.2959031Z [  92% ] [90m[1mreimport[22m | Preparing files to reimport...[39m[0m
2026-10-07T20:26:25.2959424Z [  93% ] [90m[1mreimport[22m | Preparing files to reimport...[39m[0m
2026-10-07T20:26:25.2959823Z [  93% ] [90m[1mreimport[22m | Preparing files to reimport...[39m[0m
2026-10-07T20:26:25.2960221Z [  94% ] [90m[1mreimport[22m | Preparing files to reimport...[39m[0m
2026-10-07T20:26:25.2960618Z [  95% ] [90m[1mreimport[22m | Preparing files to reimport...[39m[0m
2026-10-07T20:26:25.2961015Z [  96% ] [90m[1mreimport[22m | Preparing files to reimport...[39m[0m
2026-10-07T20:26:25.2961607Z [  97% ] [90m[1mreimport[22m | Preparing files to reimport...[39m[0m
2026-10-07T20:26:25.2962100Z [  98% ] [90m[1mreimport[22m | Preparing files to reimport...[39m[0m
2026-10-07T20:26:25.2962540Z [   0% ] [90m[1mreimport[22m | Executing pre-reimport operations...[39m[0m
2026-10-07T20:26:25.2963069Z [   0% ] [90m[1mpreload_reimporting_scene[22m | Started Preparing scenes for reload (1 steps)[39m[0m
2026-10-07T20:26:25.2963588Z [   0% ] [90m[1mpreload_reimporting_scene[22m | Analyzing scene [empty][39m[0m
2026-10-07T20:26:25.2964076Z [  50% ] [90m[1mpreload_reimporting_scene[22m | Preparation done.[39m[0m
2026-10-07T20:26:25.2964715Z [92m[ DONE ][39m [1mpreload_reimporting_scene[22m
2026-10-07T20:26:25.2965019Z [0m
2026-10-07T20:26:25.2965380Z [   0% ] [90m[1mreimport[22m | Lora.ttf[39m[0m
2026-10-07T20:26:25.2965832Z [   0% ] [90m[1mreimport[22m | Cinzel.ttf[39m[0m
2026-10-07T20:26:25.2966378Z [   1% ] [90m[1mreimport[22m | Metal063_1K-JPG_Color.jpg[39m[0m
2026-10-07T20:26:25.2966990Z [   2% ] [90m[1mreimport[22m | Metal063_1K-JPG_Roughness.jpg[39m[0m
2026-10-07T20:26:25.2967592Z [   3% ] [90m[1mreimport[22m | nyra-face-albedo.png[39m[0m
2026-10-07T20:26:25.2968173Z [   4% ] [90m[1mreimport[22m | ruin-floor-albedo.png[39m[0m
2026-10-07T20:26:25.2968753Z [   5% ] [90m[1mreimport[22m | Rock030_1K-JPG_Color.jpg[39m[0m
2026-10-07T20:26:25.2969364Z [   6% ] [90m[1mreimport[22m | Rock030_1K-JPG_NormalGL.jpg[39m[0m
2026-10-07T20:26:25.2969990Z [   6% ] [90m[1mreimport[22m | Rock030_1K-JPG_Roughness.jpg[39m[0m
2026-10-07T20:26:25.2970555Z [   7% ] [90m[1mreimport[22m | archive.png[39m[0m
2026-10-07T20:26:25.2971054Z [   8% ] [90m[1mreimport[22m | camp.png[39m[0m
2026-10-07T20:26:25.2971690Z [   9% ] [90m[1mreimport[22m | citadel.png[39m[0m
2026-10-07T20:26:25.2972157Z [  10% ] [90m[1mreimport[22m | ossuary.png[39m[0m
2026-10-07T20:26:25.2972569Z [  11% ] [90m[1mreimport[22m | spire.png[39m[0m
2026-10-07T20:26:25.2973000Z [  12% ] [90m[1mreimport[22m | camp-matte.png[39m[0m
2026-10-07T20:26:25.2973474Z [  12% ] [90m[1mreimport[22m | camp-stations.png[39m[0m
2026-10-07T20:26:25.2973969Z [  13% ] [90m[1mreimport[22m | painted-stone.png[39m[0m
2026-10-07T20:26:25.2974432Z [  14% ] [90m[1mreimport[22m | region-atlas.png[39m[0m
2026-10-07T20:26:25.2974847Z [  15% ] [90m[1mreimport[22m | app_icon.png[39m[0m
2026-10-07T20:26:25.2975264Z [  16% ] [90m[1mreimport[22m | app_icon.svg[39m[0m
2026-10-07T20:26:25.2975725Z [  17% ] [90m[1mreimport[22m | cinder_knight.webp[39m[0m
2026-10-07T20:26:25.2976222Z [  18% ] [90m[1mreimport[22m | hollow_spire_corridor.webp[39m[0m
2026-10-07T20:26:25.2976723Z [  18% ] [90m[1mreimport[22m | nyra_portrait.webp[39m[0m
2026-10-07T20:26:25.2977171Z [  19% ] [90m[1mreimport[22m | nyra_runner.webp[39m[0m
2026-10-07T20:26:25.2977618Z [  20% ] [90m[1mreimport[22m | arcanist.png[39m[0m
2026-10-07T20:26:25.2978066Z [  21% ] [90m[1mreimport[22m | bulwark.png[39m[0m
2026-10-07T20:26:25.2978526Z [  22% ] [90m[1mreimport[22m | elite.png[39m[0m
2026-10-07T20:26:25.2978992Z [  23% ] [90m[1mreimport[22m | guardian_0.png[39m[0m
2026-10-07T20:26:25.2979467Z [  24% ] [90m[1mreimport[22m | guardian_1.png[39m[0m
2026-10-07T20:26:25.2979929Z [  25% ] [90m[1mreimport[22m | guardian_2.png[39m[0m
2026-10-07T20:26:25.2980394Z [  25% ] [90m[1mreimport[22m | guardian_3.png[39m[0m
2026-10-07T20:26:25.2980837Z [  26% ] [90m[1mreimport[22m | hexer.png[39m[0m
2026-10-07T20:26:25.2981419Z [  27% ] [90m[1mreimport[22m | raider.png[39m[0m
2026-10-07T20:26:25.2981891Z [  28% ] [90m[1mreimport[22m | ranger.png[39m[0m
2026-10-07T20:26:25.2982364Z [  29% ] [90m[1mreimport[22m | vowkeeper.png[39m[0m
2026-10-07T20:26:25.2982832Z [  30% ] [90m[1mreimport[22m | arcanist.png[39m[0m
2026-10-07T20:26:25.2983298Z [  31% ] [90m[1mreimport[22m | guardian_0.png[39m[0m
2026-10-07T20:26:25.2983769Z [  31% ] [90m[1mreimport[22m | guardian_1.png[39m[0m
2026-10-07T20:26:25.2984434Z [  32% ] [90m[1mreimport[22m | guardian_2.png[39m[0m
2026-10-07T20:26:25.2984958Z [  33% ] [90m[1mreimport[22m | Bricks096_1K-PNG_Roughness.png[39m[0m
2026-10-07T20:26:25.2985550Z [  34% ] [90m[1mreimport[22m | Bricks096_1K-PNG_NormalGL.png[39m[0m
2026-10-07T20:26:25.2986131Z [  35% ] [90m[1mreimport[22m | Bricks096_1K-PNG_Color.png[39m[0m
2026-10-07T20:26:25.2986676Z [  36% ] [90m[1mreimport[22m | material-atlas.png[39m[0m
2026-10-07T20:26:25.2987165Z [  37% ] [90m[1mreimport[22m | vowkeeper.png[39m[0m
2026-10-07T20:26:25.2987637Z [  37% ] [90m[1mreimport[22m | ranger.png[39m[0m
2026-10-07T20:26:25.2988188Z [  38% ] [90m[1mreimport[22m | hostiles.png[39m[0m
2026-10-07T20:26:25.2988648Z [  39% ] [90m[1mreimport[22m | guardian_3.png[39m[0m
2026-10-07T20:26:25.2989131Z [  40% ] [90m[1mreimport[22m | pilgrim_well.glb[39m[0m
2026-10-07T20:26:25.2989643Z [   0% ] [90m[1mimport[22m | Started Import Scene (104 steps)[39m[0m
2026-10-07T20:26:25.2990175Z [   0% ] [90m[1mimport[22m | Importing Scene...[39m[0m
2026-10-07T20:26:25.2990689Z [   1% ] [90m[1mimport[22m | Running Custom Script...[39m[0m
2026-10-07T20:26:25.2991366Z [  99% ] [90m[1mimport[22m | Saving...[39m[0m
2026-10-07T20:26:25.2991791Z [92m[ DONE ][39m [1mimport[22m
2026-10-07T20:26:25.2992089Z [0m
2026-10-07T20:26:25.2992519Z [  41% ] [90m[1mreimport[22m | leaded_lancet.glb[39m[0m
2026-10-07T20:26:25.2993076Z [   0% ] [90m[1mimport[22m | Started Import Scene (104 steps)[39m[0m
2026-10-07T20:26:25.2993670Z [   0% ] [90m[1mimport[22m | Importing Scene...[39m[0m
2026-10-07T20:26:25.2994196Z [   1% ] [90m[1mimport[22m | Running Custom Script...[39m[0m
2026-10-07T20:26:25.2994673Z [  99% ] [90m[1mimport[22m | Saving...[39m[0m
2026-10-07T20:26:25.2995066Z [92m[ DONE ][39m [1mimport[22m
2026-10-07T20:26:25.2995345Z [0m
2026-10-07T20:26:25.2995700Z [  42% ] [90m[1mreimport[22m | hexer.glb[39m[0m
2026-10-07T20:26:25.2996226Z [   0% ] [90m[1mimport[22m | Started Import Scene (104 steps)[39m[0m
2026-10-07T20:26:25.2996754Z [   0% ] [90m[1mimport[22m | Importing Scene...[39m[0m
2026-10-07T20:26:25.2997260Z [   1% ] [90m[1mimport[22m | Running Custom Script...[39m[0m
2026-10-07T20:26:25.2997735Z [  99% ] [90m[1mimport[22m | Saving...[39m[0m
2026-10-07T20:26:25.2998137Z [92m[ DONE ][39m [1mimport[22m
2026-10-07T20:26:25.2998412Z [0m
2026-10-07T20:26:25.2998788Z [  43% ] [90m[1mreimport[22m | hanging_bell.glb[39m[0m
2026-10-07T20:26:25.2999351Z [   0% ] [90m[1mimport[22m | Started Import Scene (104 steps)[39m[0m
2026-10-07T20:26:25.2999884Z [   0% ] [90m[1mimport[22m | Importing Scene...[39m[0m
2026-10-07T20:26:25.3000406Z [   1% ] [90m[1mimport[22m | Running Custom Script...[39m[0m
2026-10-07T20:26:25.3000886Z [  99% ] [90m[1mimport[22m | Saving...[39m[0m
2026-10-07T20:26:25.3001407Z [92m[ DONE ][39m [1mimport[22m
2026-10-07T20:26:25.3001698Z [0m
2026-10-07T20:26:25.3002045Z [  43% ] [90m[1mreimport[22m | guardian_3.glb[39m[0m
2026-10-07T20:26:25.3002656Z [   0% ] [90m[1mimport[22m | Started Import Scene (104 steps)[39m[0m
2026-10-07T20:26:25.3003226Z [   0% ] [90m[1mimport[22m | Importing Scene...[39m[0m
2026-10-07T20:26:25.3003753Z [   1% ] [90m[1mimport[22m | Running Custom Script...[39m[0m
2026-10-07T20:26:25.3004261Z [  99% ] [90m[1mimport[22m | Saving...[39m[0m
2026-10-07T20:26:25.3004682Z [92m[ DONE ][39m [1mimport[22m
2026-10-07T20:26:25.3004979Z [0m
2026-10-07T20:26:25.3005370Z [  44% ] [90m[1mreimport[22m | guardian_2.glb[39m[0m
2026-10-07T20:26:25.3005983Z [   0% ] [90m[1mimport[22m | Started Import Scene (104 steps)[39m[0m
2026-10-07T20:26:25.3006571Z [   0% ] [90m[1mimport[22m | Importing Scene...[39m[0m
2026-10-07T20:26:25.3007129Z [   1% ] [90m[1mimport[22m | Running Custom Script...[39m[0m
2026-10-07T20:26:25.3007653Z [  99% ] [90m[1mimport[22m | Saving...[39m[0m
2026-10-07T20:26:25.3008072Z [92m[ DONE ][39m [1mimport[22m
2026-10-07T20:26:25.3008369Z [0m
2026-10-07T20:26:25.3008925Z [  45% ] [90m[1mreimport[22m | guardian_1.glb[39m[0m
2026-10-07T20:26:25.3009530Z [   0% ] [90m[1mimport[22m | Started Import Scene (104 steps)[39m[0m
2026-10-07T20:26:25.3010135Z [   0% ] [90m[1mimport[22m | Importing Scene...[39m[0m
2026-10-07T20:26:25.3010707Z [   1% ] [90m[1mimport[22m | Running Custom Script...[39m[0m
2026-10-07T20:26:25.3011359Z [  99% ] [90m[1mimport[22m | Saving...[39m[0m
2026-10-07T20:26:25.3011809Z [92m[ DONE ][39m [1mimport[22m
2026-10-07T20:26:25.3012123Z [0m
2026-10-07T20:26:25.3012523Z [  46% ] [90m[1mreimport[22m | guardian_0.glb[39m[0m
2026-10-07T20:26:25.3013256Z [   0% ] [90m[1mimport[22m | Started Import Scene (104 steps)[39m[0m
2026-10-07T20:26:25.3013835Z [   0% ] [90m[1mimport[22m | Importing Scene...[39m[0m
2026-10-07T20:26:25.3014408Z [   1% ] [90m[1mimport[22m | Running Custom Script...[39m[0m
2026-10-07T20:26:25.3014923Z [  99% ] [90m[1mimport[22m | Saving...[39m[0m
2026-10-07T20:26:25.3015346Z [92m[ DONE ][39m [1mimport[22m
2026-10-07T20:26:25.3015628Z [0m
2026-10-07T20:26:25.3016016Z [  47% ] [90m[1mreimport[22m | gothic_arch.glb[39m[0m
2026-10-07T20:26:25.3016607Z [   0% ] [90m[1mimport[22m | Started Import Scene (104 steps)[39m[0m
2026-10-07T20:26:25.3017187Z [   0% ] [90m[1mimport[22m | Importing Scene...[39m[0m
2026-10-07T20:26:25.3017736Z [   1% ] [90m[1mimport[22m | Running Custom Script...[39m[0m
2026-10-07T20:26:25.3018260Z [  99% ] [90m[1mimport[22m | Saving...[39m[0m
2026-10-07T20:26:25.3018677Z [92m[ DONE ][39m [1mimport[22m
2026-10-07T20:26:25.3018986Z [0m
2026-10-07T20:26:25.3019400Z [  48% ] [90m[1mreimport[22m | furnace_throne.glb[39m[0m
2026-10-07T20:26:25.3020022Z [   0% ] [90m[1mimport[22m | Started Import Scene (104 steps)[39m[0m
2026-10-07T20:26:25.3020586Z [   0% ] [90m[1mimport[22m | Importing Scene...[39m[0m
2026-10-07T20:26:25.3021120Z [   1% ] [90m[1mimport[22m | Running Custom Script...[39m[0m
2026-10-07T20:26:25.3021772Z [  99% ] [90m[1mimport[22m | Saving...[39m[0m
2026-10-07T20:26:25.3022185Z [92m[ DONE ][39m [1mimport[22m
2026-10-07T20:26:25.3022483Z [0m
2026-10-07T20:26:25.3022877Z [  49% ] [90m[1mreimport[22m | furnace.glb[39m[0m
2026-10-07T20:26:25.3023511Z [   0% ] [90m[1mimport[22m | Started Import Scene (104 steps)[39m[0m
2026-10-07T20:26:25.3024094Z [   0% ] [90m[1mimport[22m | Importing Scene...[39m[0m
2026-10-07T20:26:25.3024673Z [   1% ] [90m[1mimport[22m | Running Custom Script...[39m[0m
2026-10-07T20:26:25.3025216Z [  99% ] [90m[1mimport[22m | Saving...[39m[0m
2026-10-07T20:26:25.3025793Z [92m[ DONE ][39m [1mimport[22m
2026-10-07T20:26:25.3026109Z [0m
2026-10-07T20:26:25.3026521Z [  50% ] [90m[1mreimport[22m | field_forge.glb[39m[0m
2026-10-07T20:26:25.3027136Z [   0% ] [90m[1mimport[22m | Started Import Scene (104 steps)[39m[0m
2026-10-07T20:26:25.3027747Z [   0% ] [90m[1mimport[22m | Importing Scene...[39m[0m
2026-10-07T20:26:25.3028335Z [   1% ] [90m[1mimport[22m | Running Custom Script...[39m[0m
2026-10-07T20:26:25.3028839Z [  99% ] [90m[1mimport[22m | Saving...[39m[0m
2026-10-07T20:26:25.3029285Z [92m[ DONE ][39m [1mimport[22m
2026-10-07T20:26:25.3029593Z [0m
2026-10-07T20:26:25.3030029Z [  50% ] [90m[1mreimport[22m | expedition_table.glb[39m[0m
2026-10-07T20:26:25.3030666Z [   0% ] [90m[1mimport[22m | Started Import Scene (104 steps)[39m[0m
2026-10-07T20:26:25.3031358Z [   0% ] [90m[1mimport[22m | Importing Scene...[39m[0m
2026-10-07T20:26:25.3031976Z [   1% ] [90m[1mimport[22m | Running Custom Script...[39m[0m
2026-10-07T20:26:25.3032495Z [  99% ] [90m[1mimport[22m | Saving...[39m[0m
2026-10-07T20:26:25.3032923Z [92m[ DONE ][39m [1mimport[22m
2026-10-07T20:26:25.3033244Z [0m
2026-10-07T20:26:25.3033632Z [  51% ] [90m[1mreimport[22m | elite.glb[39m[0m
2026-10-07T20:26:25.3034261Z [   0% ] [90m[1mimport[22m | Started Import Scene (104 steps)[39m[0m
2026-10-07T20:26:25.3034935Z [   0% ] [90m[1mimport[22m | Importing Scene...[39m[0m
2026-10-07T20:26:25.3035494Z [   1% ] [90m[1mimport[22m | Running Custom Script...[39m[0m
2026-10-07T20:26:25.3035993Z [  99% ] [90m[1mimport[22m | Saving...[39m[0m
2026-10-07T20:26:25.3036421Z [92m[ DONE ][39m [1mimport[22m
2026-10-07T20:26:25.3036718Z [0m
2026-10-07T20:26:25.3037147Z [  52% ] [90m[1mreimport[22m | drowned_library.glb[39m[0m
2026-10-07T20:26:25.3037738Z [   0% ] [90m[1mimport[22m | Started Import Scene (104 steps)[39m[0m
2026-10-07T20:26:25.3038325Z [   0% ] [90m[1mimport[22m | Importing Scene...[39m[0m
2026-10-07T20:26:25.3038988Z [   1% ] [90m[1mimport[22m | Running Custom Script...[39m[0m
2026-10-07T20:26:25.3039502Z [  99% ] [90m[1mimport[22m | Saving...[39m[0m
2026-10-07T20:26:25.3039907Z [92m[ DONE ][39m [1mimport[22m
2026-10-07T20:26:25.3040211Z [0m
2026-10-07T20:26:25.3040618Z [  53% ] [90m[1mreimport[22m | pillar.glb[39m[0m
2026-10-07T20:26:25.3041324Z [   0% ] [90m[1mimport[22m | Started Import Scene (104 steps)[39m[0m
2026-10-07T20:26:25.3041915Z [   0% ] [90m[1mimport[22m | Importing Scene...[39m[0m
2026-10-07T20:26:25.3042469Z [   1% ] [90m[1mimport[22m | Running Custom Script...[39m[0m
2026-10-07T20:26:25.3043029Z [  99% ] [90m[1mimport[22m | Saving...[39m[0m
2026-10-07T20:26:25.3043462Z [92m[ DONE ][39m [1mimport[22m
2026-10-07T20:26:25.3043753Z [0m
2026-10-07T20:26:25.3044138Z [  54% ] [90m[1mreimport[22m | raider.glb[39m[0m
2026-10-07T20:26:25.3044780Z [   0% ] [90m[1mimport[22m | Started Import Scene (104 steps)[39m[0m
2026-10-07T20:26:25.3045339Z [   0% ] [90m[1mimport[22m | Importing Scene...[39m[0m
2026-10-07T20:26:25.3045923Z [   1% ] [90m[1mimport[22m | Running Custom Script...[39m[0m
2026-10-07T20:26:25.3046453Z [  99% ] [90m[1mimport[22m | Saving...[39m[0m
2026-10-07T20:26:25.3046893Z [92m[ DONE ][39m [1mimport[22m
2026-10-07T20:26:25.3047210Z [0m
2026-10-07T20:26:25.3047612Z [  55% ] [90m[1mreimport[22m | ranger.glb[39m[0m
2026-10-07T20:26:25.3048195Z [   0% ] [90m[1mimport[22m | Started Import Scene (104 steps)[39m[0m
2026-10-07T20:26:25.3048793Z [   0% ] [90m[1mimport[22m | Importing Scene...[39m[0m
2026-10-07T20:26:25.3049367Z [   1% ] [90m[1mimport[22m | Running Custom Script...[39m[0m
2026-10-07T20:26:25.3049907Z [  99% ] [90m[1mimport[22m | Saving...[39m[0m
2026-10-07T20:26:25.3050352Z [92m[ DONE ][39m [1mimport[22m
2026-10-07T20:26:25.3050646Z [0m
2026-10-07T20:26:25.3051072Z [  56% ] [90m[1mreimport[22m | reliquary_altar.glb[39m[0m
2026-10-07T20:26:25.3051884Z [   0% ] [90m[1mimport[22m | Started Import Scene (104 steps)[39m[0m
2026-10-07T20:26:25.3052498Z [   0% ] [90m[1mimport[22m | Importing Scene...[39m[0m
2026-10-07T20:26:25.3053067Z [   1% ] [90m[1mimport[22m | Running Custom Script...[39m[0m
2026-10-07T20:26:25.3053605Z [  99% ] [90m[1mimport[22m | Saving...[39m[0m
2026-10-07T20:26:25.3054092Z [92m[ DONE ][39m [1mimport[22m
2026-10-07T20:26:25.3054389Z [0m
2026-10-07T20:26:25.3054877Z [  56% ] [90m[1mreimport[22m | ruined_vault.glb[39m[0m
2026-10-07T20:26:25.3055514Z [   0% ] [90m[1mimport[22m | Started Import Scene (104 steps)[39m[0m
2026-10-07T20:26:25.3056141Z [   0% ] [90m[1mimport[22m | Importing Scene...[39m[0m
2026-10-07T20:26:25.3056764Z [   1% ] [90m[1mimport[22m | Running Custom Script...[39m[0m
2026-10-07T20:26:25.3057367Z [  99% ] [90m[1mimport[22m | Saving...[39m[0m
2026-10-07T20:26:25.3057811Z [92m[ DONE ][39m [1mimport[22m
2026-10-07T20:26:25.3058133Z [0m
2026-10-07T20:26:25.3058539Z [  57% ] [90m[1mreimport[22m | sanctuary_intarsia.glb[39m[0m
2026-10-07T20:26:25.3059051Z [   0% ] [90m[1mimport[22m | Started Import Scene (104 steps)[39m[0m
2026-10-07T20:26:25.3059569Z [   0% ] [90m[1mimport[22m | Importing Scene...[39m[0m
2026-10-07T20:26:25.3060077Z [   1% ] [90m[1mimport[22m | Running Custom Script...[39m[0m
2026-10-07T20:26:25.3060547Z [  99% ] [90m[1mimport[22m | Saving...[39m[0m
2026-10-07T20:26:25.3061052Z [92m[ DONE ][39m [1mimport[22m
2026-10-07T20:26:25.3061498Z [0m
2026-10-07T20:26:25.3061877Z [  58% ] [90m[1mreimport[22m | seal_shrine.glb[39m[0m
2026-10-07T20:26:25.3062442Z [   0% ] [90m[1mimport[22m | Started Import Scene (104 steps)[39m[0m
2026-10-07T20:26:25.3062927Z [   0% ] [90m[1mimport[22m | Importing Scene...[39m[0m
2026-10-07T20:26:25.3063422Z [   1% ] [90m[1mimport[22m | Running Custom Script...[39m[0m
2026-10-07T20:26:25.3063879Z [  99% ] [90m[1mimport[22m | Saving...[39m[0m
2026-10-07T20:26:25.3064260Z [92m[ DONE ][39m [1mimport[22m
2026-10-07T20:26:25.3064679Z [0m
2026-10-07T20:26:25.3065035Z [  59% ] [90m[1mreimport[22m | vowkeeper.glb[39m[0m
2026-10-07T20:26:25.3065634Z [   0% ] [90m[1mimport[22m | Started Import Scene (104 steps)[39m[0m
2026-10-07T20:26:25.3066109Z [   0% ] [90m[1mimport[22m | Importing Scene...[39m[0m
2026-10-07T20:26:25.3066571Z [   1% ] [90m[1mimport[22m | Running Custom Script...[39m[0m
2026-10-07T20:26:25.3067000Z [  99% ] [90m[1mimport[22m | Saving...[39m[0m
2026-10-07T20:26:25.3067370Z [92m[ DONE ][39m [1mimport[22m
2026-10-07T20:26:25.3067630Z [0m
2026-10-07T20:26:25.3067986Z [  60% ] [90m[1mreimport[22m | citadel_bay.glb[39m[0m
2026-10-07T20:26:25.3068483Z [   0% ] [90m[1mimport[22m | Started Import Scene (104 steps)[39m[0m
2026-10-07T20:26:25.3068999Z [   0% ] [90m[1mimport[22m | Importing Scene...[39m[0m
2026-10-07T20:26:25.3069498Z [   1% ] [90m[1mimport[22m | Running Custom Script...[39m[0m
2026-10-07T20:26:25.3069980Z [  99% ] [90m[1mimport[22m | Saving...[39m[0m
2026-10-07T20:26:25.3070386Z [92m[ DONE ][39m [1mimport[22m
2026-10-07T20:26:25.3070670Z [0m
2026-10-07T20:26:25.3071057Z [  61% ] [90m[1mreimport[22m | archive_solid.glb[39m[0m
2026-10-07T20:26:25.3071814Z [   0% ] [90m[1mimport[22m | Started Import Scene (104 steps)[39m[0m
2026-10-07T20:26:25.3072363Z [   0% ] [90m[1mimport[22m | Importing Scene...[39m[0m
2026-10-07T20:26:25.3072887Z [   1% ] [90m[1mimport[22m | Running Custom Script...[39m[0m
2026-10-07T20:26:25.3073361Z [  99% ] [90m[1mimport[22m | Saving...[39m[0m
2026-10-07T20:26:25.3073754Z [92m[ DONE ][39m [1mimport[22m
2026-10-07T20:26:25.3074035Z [0m
2026-10-07T20:26:25.3074420Z [  62% ] [90m[1mreimport[22m | archive_return.glb[39m[0m
2026-10-07T20:26:25.3074998Z [   0% ] [90m[1mimport[22m | Started Import Scene (104 steps)[39m[0m
2026-10-07T20:26:25.3075526Z [   0% ] [90m[1mimport[22m | Importing Scene...[39m[0m
2026-10-07T20:26:25.3076086Z [   1% ] [90m[1mimport[22m | Running Custom Script...[39m[0m
2026-10-07T20:26:25.3076571Z [  99% ] [90m[1mimport[22m | Saving...[39m[0m
2026-10-07T20:26:25.3076979Z [92m[ DONE ][39m [1mimport[22m
2026-10-07T20:26:25.3077261Z [0m
2026-10-07T20:26:25.3077636Z [  62% ] [90m[1mreimport[22m | archive_end.glb[39m[0m
2026-10-07T20:26:25.3078213Z [   0% ] [90m[1mimport[22m | Started Import Scene (104 steps)[39m[0m
2026-10-07T20:26:25.3078775Z [   0% ] [90m[1mimport[22m | Importing Scene...[39m[0m
2026-10-07T20:26:25.3079312Z [   1% ] [90m[1mimport[22m | Running Custom Script...[39m[0m
2026-10-07T20:26:25.3079795Z [  99% ] [90m[1mimport[22m | Saving...[39m[0m
2026-10-07T20:26:25.3080207Z [92m[ DONE ][39m [1mimport[22m
2026-10-07T20:26:25.3080491Z [0m
2026-10-07T20:26:25.3080896Z [  63% ] [90m[1mreimport[22m | archive_bay_broken.glb[39m[0m
2026-10-07T20:26:25.3081636Z [   0% ] [90m[1mimport[22m | Started Import Scene (104 steps)[39m[0m
2026-10-07T20:26:25.3082188Z [   0% ] [90m[1mimport[22m | Importing Scene...[39m[0m
2026-10-07T20:26:25.3082724Z [   1% ] [90m[1mimport[22m | Running Custom Script...[39m[0m
2026-10-07T20:26:25.3083210Z [  99% ] [90m[1mimport[22m | Saving...[39m[0m
2026-10-07T20:26:25.3083618Z [92m[ DONE ][39m [1mimport[22m
2026-10-07T20:26:25.3083904Z [0m
2026-10-07T20:26:25.3084268Z [  64% ] [90m[1mreimport[22m | archive_bay.glb[39m[0m
2026-10-07T20:26:25.3084982Z [   0% ] [90m[1mimport[22m | Started Import Scene (104 steps)[39m[0m
2026-10-07T20:26:25.3085538Z [   0% ] [90m[1mimport[22m | Importing Scene...[39m[0m
2026-10-07T20:26:25.3086094Z [   1% ] [90m[1mimport[22m | Running Custom Script...[39m[0m
2026-10-07T20:26:25.3086582Z [  99% ] [90m[1mimport[22m | Saving...[39m[0m
2026-10-07T20:26:25.3086992Z [92m[ DONE ][39m [1mimport[22m
2026-10-07T20:26:25.3087272Z [0m
2026-10-07T20:26:25.3087677Z [  65% ] [90m[1mreimport[22m | ranger-native65.glb[39m[0m
2026-10-07T20:26:25.3088251Z [   0% ] [90m[1mimport[22m | Started Import Scene (104 steps)[39m[0m
2026-10-07T20:26:25.3088871Z [   0% ] [90m[1mimport[22m | Importing Scene...[39m[0m
2026-10-07T20:26:25.3089391Z [   1% ] [90m[1mimport[22m | Running Custom Script...[39m[0m
2026-10-07T20:26:25.3089875Z [  99% ] [90m[1mimport[22m | Saving...[39m[0m
2026-10-07T20:26:25.3090273Z [92m[ DONE ][39m [1mimport[22m
2026-10-07T20:26:25.3090557Z [0m
2026-10-07T20:26:25.3090974Z [  66% ] [90m[1mreimport[22m | guardian_2-fitted.glb[39m[0m
2026-10-07T20:26:25.3091646Z [   0% ] [90m[1mimport[22m | Started Import Scene (104 steps)[39m[0m
2026-10-07T20:26:25.3092077Z [   0% ] [90m[1mimport[22m | Importing Scene...[39m[0m
2026-10-07T20:26:25.3092428Z [   1% ] [90m[1mimport[22m | Running Custom Script...[39m[0m
2026-10-07T20:26:25.3092748Z [  99% ] [90m[1mimport[22m | Saving...[39m[0m
2026-10-07T20:26:25.3093018Z [92m[ DONE ][39m [1mimport[22m
2026-10-07T20:26:25.3093213Z [0m
2026-10-07T20:26:25.3093483Z [  67% ] [90m[1mreimport[22m | guardian_1-fitted.glb[39m[0m
2026-10-07T20:26:25.3093871Z [   0% ] [90m[1mimport[22m | Started Import Scene (104 steps)[39m[0m
2026-10-07T20:26:25.3094237Z [   0% ] [90m[1mimport[22m | Importing Scene...[39m[0m
2026-10-07T20:26:25.3094577Z [   1% ] [90m[1mimport[22m | Running Custom Script...[39m[0m
2026-10-07T20:26:25.3094897Z [  99% ] [90m[1mimport[22m | Saving...[39m[0m
2026-10-07T20:26:25.3095164Z [92m[ DONE ][39m [1mimport[22m
2026-10-07T20:26:25.3095357Z [0m
2026-10-07T20:26:25.3095622Z [  68% ] [90m[1mreimport[22m | guardian_0-fitted.glb[39m[0m
2026-10-07T20:26:25.3096003Z [   0% ] [90m[1mimport[22m | Started Import Scene (104 steps)[39m[0m
2026-10-07T20:26:25.3096365Z [   0% ] [90m[1mimport[22m | Importing Scene...[39m[0m
2026-10-07T20:26:25.3096714Z [   1% ] [90m[1mimport[22m | Running Custom Script...[39m[0m
2026-10-07T20:26:25.3097037Z [  99% ] [90m[1mimport[22m | Saving...[39m[0m
2026-10-07T20:26:25.3097305Z [92m[ DONE ][39m [1mimport[22m
2026-10-07T20:26:25.3097499Z [0m
2026-10-07T20:26:25.3097762Z [  68% ] [90m[1mreimport[22m | elite-fitted.glb[39m[0m
2026-10-07T20:26:25.3098139Z [   0% ] [90m[1mimport[22m | Started Import Scene (104 steps)[39m[0m
2026-10-07T20:26:25.3098493Z [   0% ] [90m[1mimport[22m | Importing Scene...[39m[0m
2026-10-07T20:26:25.3098849Z [   1% ] [90m[1mimport[22m | Running Custom Script...[39m[0m
2026-10-07T20:26:25.3099171Z [  99% ] [90m[1mimport[22m | Saving...[39m[0m
2026-10-07T20:26:25.3099437Z [92m[ DONE ][39m [1mimport[22m
2026-10-07T20:26:25.3099628Z [0m
2026-10-07T20:26:25.3099892Z [  69% ] [90m[1mreimport[22m | bulwark-fitted.glb[39m[0m
2026-10-07T20:26:25.3100273Z [   0% ] [90m[1mimport[22m | Started Import Scene (104 steps)[39m[0m
2026-10-07T20:26:25.3100626Z [   0% ] [90m[1mimport[22m | Importing Scene...[39m[0m
2026-10-07T20:26:25.3100984Z [   1% ] [90m[1mimport[22m | Running Custom Script...[39m[0m
2026-10-07T20:26:25.3101511Z [  99% ] [90m[1mimport[22m | Saving...[39m[0m
2026-10-07T20:26:25.3101806Z [92m[ DONE ][39m [1mimport[22m
2026-10-07T20:26:25.3102010Z [0m
2026-10-07T20:26:25.3102271Z [  70% ] [90m[1mreimport[22m | spire_solid.glb[39m[0m
2026-10-07T20:26:25.3102649Z [   0% ] [90m[1mimport[22m | Started Import Scene (104 steps)[39m[0m
2026-10-07T20:26:25.3103010Z [   0% ] [90m[1mimport[22m | Importing Scene...[39m[0m
2026-10-07T20:26:25.3103449Z [   1% ] [90m[1mimport[22m | Running Custom Script...[39m[0m
2026-10-07T20:26:25.3103779Z [  99% ] [90m[1mimport[22m | Saving...[39m[0m
2026-10-07T20:26:25.3104052Z [92m[ DONE ][39m [1mimport[22m
2026-10-07T20:26:25.3104248Z [0m
2026-10-07T20:26:25.3104508Z [  71% ] [90m[1mreimport[22m | spire_return.glb[39m[0m
2026-10-07T20:26:25.3104876Z [   0% ] [90m[1mimport[22m | Started Import Scene (104 steps)[39m[0m
2026-10-07T20:26:25.3105236Z [   0% ] [90m[1mimport[22m | Importing Scene...[39m[0m
2026-10-07T20:26:25.3105581Z [   1% ] [90m[1mimport[22m | Running Custom Script...[39m[0m
2026-10-07T20:26:25.3105961Z [  99% ] [90m[1mimport[22m | Saving...[39m[0m
2026-10-07T20:26:25.3106223Z [92m[ DONE ][39m [1mimport[22m
2026-10-07T20:26:25.3106414Z [0m
2026-10-07T20:26:25.3106664Z [  72% ] [90m[1mreimport[22m | spire_end.glb[39m[0m
2026-10-07T20:26:25.3107026Z [   0% ] [90m[1mimport[22m | Started Import Scene (104 steps)[39m[0m
2026-10-07T20:26:25.3107386Z [   0% ] [90m[1mimport[22m | Importing Scene...[39m[0m
2026-10-07T20:26:25.3107735Z [   1% ] [90m[1mimport[22m | Running Custom Script...[39m[0m
2026-10-07T20:26:25.3108062Z [  99% ] [90m[1mimport[22m | Saving...[39m[0m
2026-10-07T20:26:25.3108331Z [92m[ DONE ][39m [1mimport[22m
2026-10-07T20:26:25.3108521Z [0m
2026-10-07T20:26:25.3108792Z [  73% ] [90m[1mreimport[22m | spire_bay_broken.glb[39m[0m
2026-10-07T20:26:25.3109175Z [   0% ] [90m[1mimport[22m | Started Import Scene (104 steps)[39m[0m
2026-10-07T20:26:25.3109535Z [   0% ] [90m[1mimport[22m | Importing Scene...[39m[0m
2026-10-07T20:26:25.3109881Z [   1% ] [90m[1mimport[22m | Running Custom Script...[39m[0m
2026-10-07T20:26:25.3110211Z [  99% ] [90m[1mimport[22m | Saving...[39m[0m
2026-10-07T20:26:25.3110480Z [92m[ DONE ][39m [1mimport[22m
2026-10-07T20:26:25.3110672Z [0m
2026-10-07T20:26:25.3110924Z [  74% ] [90m[1mreimport[22m | spire_bay.glb[39m[0m
2026-10-07T20:26:25.3111502Z [   0% ] [90m[1mimport[22m | Started Import Scene (104 steps)[39m[0m
2026-10-07T20:26:25.3111883Z [   0% ] [90m[1mimport[22m | Importing Scene...[39m[0m
2026-10-07T20:26:25.3112236Z [   1% ] [90m[1mimport[22m | Running Custom Script...[39m[0m
2026-10-07T20:26:25.3112568Z [  99% ] [90m[1mimport[22m | Saving...[39m[0m
2026-10-07T20:26:25.3112854Z [92m[ DONE ][39m [1mimport[22m
2026-10-07T20:26:25.3113051Z [0m
2026-10-07T20:26:25.3113314Z [  75% ] [90m[1mreimport[22m | ossuary_solid.glb[39m[0m
2026-10-07T20:26:25.3113698Z [   0% ] [90m[1mimport[22m | Started Import Scene (104 steps)[39m[0m
2026-10-07T20:26:25.3114062Z [   0% ] [90m[1mimport[22m | Importing Scene...[39m[0m
2026-10-07T20:26:25.3114408Z [   1% ] [90m[1mimport[22m | Running Custom Script...[39m[0m
2026-10-07T20:26:25.3114732Z [  99% ] [90m[1mimport[22m | Saving...[39m[0m
2026-10-07T20:26:25.3115012Z [92m[ DONE ][39m [1mimport[22m
2026-10-07T20:26:25.3115209Z [0m
2026-10-07T20:26:25.3115475Z [  75% ] [90m[1mreimport[22m | ossuary_return.glb[39m[0m
2026-10-07T20:26:25.3115857Z [   0% ] [90m[1mimport[22m | Started Import Scene (104 steps)[39m[0m
2026-10-07T20:26:25.3116216Z [   0% ] [90m[1mimport[22m | Importing Scene...[39m[0m
2026-10-07T20:26:25.3116566Z [   1% ] [90m[1mimport[22m | Running Custom Script...[39m[0m
2026-10-07T20:26:25.3116893Z [  99% ] [90m[1mimport[22m | Saving...[39m[0m
2026-10-07T20:26:25.3117170Z [92m[ DONE ][39m [1mimport[22m
2026-10-07T20:26:25.3117366Z [0m
2026-10-07T20:26:25.3117623Z [  76% ] [90m[1mreimport[22m | ossuary_end.glb[39m[0m
2026-10-07T20:26:25.3118003Z [   0% ] [90m[1mimport[22m | Started Import Scene (104 steps)[39m[0m
2026-10-07T20:26:25.3118358Z [   0% ] [90m[1mimport[22m | Importing Scene...[39m[0m
2026-10-07T20:26:25.3118699Z [   1% ] [90m[1mimport[22m | Running Custom Script...[39m[0m
2026-10-07T20:26:25.3119018Z [  99% ] [90m[1mimport[22m | Saving...[39m[0m
2026-10-07T20:26:25.3119288Z [92m[ DONE ][39m [1mimport[22m
2026-10-07T20:26:25.3119488Z [0m
2026-10-07T20:26:25.3119822Z [  77% ] [90m[1mreimport[22m | ossuary_bay_broken.glb[39m[0m
2026-10-07T20:26:25.3120211Z [   0% ] [90m[1mimport[22m | Started Import Scene (104 steps)[39m[0m
2026-10-07T20:26:25.3120569Z [   0% ] [90m[1mimport[22m | Importing Scene...[39m[0m
2026-10-07T20:26:25.3120913Z [   1% ] [90m[1mimport[22m | Running Custom Script...[39m[0m
2026-10-07T20:26:25.3121386Z [  99% ] [90m[1mimport[22m | Saving...[39m[0m
2026-10-07T20:26:25.3121690Z [92m[ DONE ][39m [1mimport[22m
2026-10-07T20:26:25.3121891Z [0m
2026-10-07T20:26:25.3122206Z [  78% ] [90m[1mreimport[22m | ossuary_bay.glb[39m[0m
2026-10-07T20:26:25.3122583Z [   0% ] [90m[1mimport[22m | Started Import Scene (104 steps)[39m[0m
2026-10-07T20:26:25.3122942Z [   0% ] [90m[1mimport[22m | Importing Scene...[39m[0m
2026-10-07T20:26:25.3123285Z [   1% ] [90m[1mimport[22m | Running Custom Script...[39m[0m
2026-10-07T20:26:25.3123607Z [  99% ] [90m[1mimport[22m | Saving...[39m[0m
2026-10-07T20:26:25.3123881Z [92m[ DONE ][39m [1mimport[22m
2026-10-07T20:26:25.3124083Z [0m
2026-10-07T20:26:25.3124345Z [  79% ] [90m[1mreimport[22m | citadel_solid.glb[39m[0m
2026-10-07T20:26:25.3124724Z [   0% ] [90m[1mimport[22m | Started Import Scene (104 steps)[39m[0m
2026-10-07T20:26:25.3125082Z [   0% ] [90m[1mimport[22m | Importing Scene...[39m[0m
2026-10-07T20:26:25.3125429Z [   1% ] [90m[1mimport[22m | Running Custom Script...[39m[0m
2026-10-07T20:26:25.3125813Z [  99% ] [90m[1mimport[22m | Saving...[39m[0m
2026-10-07T20:26:25.3126088Z [92m[ DONE ][39m [1mimport[22m
2026-10-07T20:26:25.3126285Z [0m
2026-10-07T20:26:25.3126575Z [  80% ] [90m[1mreimport[22m | citadel_return.glb[39m[0m
2026-10-07T20:26:25.3126952Z [   0% ] [90m[1mimport[22m | Started Import Scene (104 steps)[39m[0m
2026-10-07T20:26:25.3127313Z [   0% ] [90m[1mimport[22m | Importing Scene...[39m[0m
2026-10-07T20:26:25.3127664Z [   1% ] [90m[1mimport[22m | Running Custom Script...[39m[0m
2026-10-07T20:26:25.3127981Z [  99% ] [90m[1mimport[22m | Saving...[39m[0m
2026-10-07T20:26:25.3128250Z [92m[ DONE ][39m [1mimport[22m
2026-10-07T20:26:25.3128442Z [0m
2026-10-07T20:26:25.3128704Z [  81% ] [90m[1mreimport[22m | citadel_end.glb[39m[0m
2026-10-07T20:26:25.3129076Z [   0% ] [90m[1mimport[22m | Started Import Scene (104 steps)[39m[0m
2026-10-07T20:26:25.3129432Z [   0% ] [90m[1mimport[22m | Importing Scene...[39m[0m
2026-10-07T20:26:25.3129767Z [   1% ] [90m[1mimport[22m | Running Custom Script...[39m[0m
2026-10-07T20:26:25.3130080Z [  99% ] [90m[1mimport[22m | Saving...[39m[0m
2026-10-07T20:26:25.3130341Z [92m[ DONE ][39m [1mimport[22m
2026-10-07T20:26:25.3130529Z [0m
2026-10-07T20:26:25.3130798Z [  81% ] [90m[1mreimport[22m | citadel_bay_broken.glb[39m[0m
2026-10-07T20:26:25.3131360Z [   0% ] [90m[1mimport[22m | Started Import Scene (104 steps)[39m[0m
2026-10-07T20:26:25.3131753Z [   0% ] [90m[1mimport[22m | Importing Scene...[39m[0m
2026-10-07T20:26:25.3132105Z [   1% ] [90m[1mimport[22m | Running Custom Script...[39m[0m
2026-10-07T20:26:25.3132424Z [  99% ] [90m[1mimport[22m | Saving...[39m[0m
2026-10-07T20:26:25.3132691Z [92m[ DONE ][39m [1mimport[22m
2026-10-07T20:26:25.3132888Z [0m
2026-10-07T20:26:25.3133160Z [  82% ] [90m[1mreimport[22m | ceremonial_brazier.glb[39m[0m
2026-10-07T20:26:25.3133547Z [   0% ] [90m[1mimport[22m | Started Import Scene (104 steps)[39m[0m
2026-10-07T20:26:25.3133906Z [   0% ] [90m[1mimport[22m | Importing Scene...[39m[0m
2026-10-07T20:26:25.3134252Z [   1% ] [90m[1mimport[22m | Running Custom Script...[39m[0m
2026-10-07T20:26:25.3134568Z [  99% ] [90m[1mimport[22m | Saving...[39m[0m
2026-10-07T20:26:25.3134835Z [92m[ DONE ][39m [1mimport[22m
2026-10-07T20:26:25.3135026Z [0m
2026-10-07T20:26:25.3135280Z [  83% ] [90m[1mreimport[22m | carved_tomb.glb[39m[0m
2026-10-07T20:26:25.3135662Z [   0% ] [90m[1mimport[22m | Started Import Scene (104 steps)[39m[0m
2026-10-07T20:26:25.3136084Z [   0% ] [90m[1mimport[22m | Importing Scene...[39m[0m
2026-10-07T20:26:25.3136437Z [   1% ] [90m[1mimport[22m | Running Custom Script...[39m[0m
2026-10-07T20:26:25.3136758Z [  99% ] [90m[1mimport[22m | Saving...[39m[0m
2026-10-07T20:26:25.3137027Z [92m[ DONE ][39m [1mimport[22m
2026-10-07T20:26:25.3137223Z [0m
2026-10-07T20:26:25.3137469Z [  84% ] [90m[1mreimport[22m | bulwark.glb[39m[0m
2026-10-07T20:26:25.3137848Z [   0% ] [90m[1mimport[22m | Started Import Scene (104 steps)[39m[0m
2026-10-07T20:26:25.3138311Z [   0% ] [90m[1mimport[22m | Importing Scene...[39m[0m
2026-10-07T20:26:25.3138657Z [   1% ] [90m[1mimport[22m | Running Custom Script...[39m[0m
2026-10-07T20:26:25.3138980Z [  99% ] [90m[1mimport[22m | Saving...[39m[0m
2026-10-07T20:26:25.3139248Z [92m[ DONE ][39m [1mimport[22m
2026-10-07T20:26:25.3139442Z [0m
2026-10-07T20:26:25.3139709Z [  85% ] [90m[1mreimport[22m | broken_pillar.glb[39m[0m
2026-10-07T20:26:25.3140093Z [   0% ] [90m[1mimport[22m | Started Import Scene (104 steps)[39m[0m
2026-10-07T20:26:25.3140457Z [   0% ] [90m[1mimport[22m | Importing Scene...[39m[0m
2026-10-07T20:26:25.3140799Z [   1% ] [90m[1mimport[22m | Running Custom Script...[39m[0m
2026-10-07T20:26:25.3141117Z [  99% ] [90m[1mimport[22m | Saving...[39m[0m
2026-10-07T20:26:25.3141531Z [92m[ DONE ][39m [1mimport[22m
2026-10-07T20:26:25.3141728Z [0m
2026-10-07T20:26:25.3141984Z [  86% ] [90m[1mreimport[22m | bone_arch.glb[39m[0m
2026-10-07T20:26:25.3142358Z [   0% ] [90m[1mimport[22m | Started Import Scene (104 steps)[39m[0m
2026-10-07T20:26:25.3142738Z [   0% ] [90m[1mimport[22m | Importing Scene...[39m[0m
2026-10-07T20:26:25.3143089Z [   1% ] [90m[1mimport[22m | Running Custom Script...[39m[0m
2026-10-07T20:26:25.3143414Z [  99% ] [90m[1mimport[22m | Saving...[39m[0m
2026-10-07T20:26:25.3143684Z [92m[ DONE ][39m [1mimport[22m
2026-10-07T20:26:25.3143875Z [0m
2026-10-07T20:26:25.3144129Z [  87% ] [90m[1mreimport[22m | arcanist.glb[39m[0m
2026-10-07T20:26:25.3144498Z [   0% ] [90m[1mimport[22m | Started Import Scene (104 steps)[39m[0m
2026-10-07T20:26:25.3144863Z [   0% ] [90m[1mimport[22m | Importing Scene...[39m[0m
2026-10-07T20:26:25.3145207Z [   1% ] [90m[1mimport[22m | Running Custom Script...[39m[0m
2026-10-07T20:26:25.3145525Z [  99% ] [90m[1mimport[22m | Saving...[39m[0m
2026-10-07T20:26:25.3145792Z [92m[ DONE ][39m [1mimport[22m
2026-10-07T20:26:25.3145981Z [0m
2026-10-07T20:26:25.3146250Z [  87% ] [90m[1mreimport[22m | raider-native65.glb[39m[0m
2026-10-07T20:26:25.3146624Z [   0% ] [90m[1mimport[22m | Started Import Scene (104 steps)[39m[0m
2026-10-07T20:26:25.3146970Z [   0% ] [90m[1mimport[22m | Importing Scene...[39m[0m
2026-10-07T20:26:25.3147310Z [   1% ] [90m[1mimport[22m | Running Custom Script...[39m[0m
2026-10-07T20:26:25.3147626Z [  99% ] [90m[1mimport[22m | Saving...[39m[0m
2026-10-07T20:26:25.3147894Z [92m[ DONE ][39m [1mimport[22m
2026-10-07T20:26:25.3148087Z [0m
2026-10-07T20:26:25.3148346Z [  88% ] [90m[1mreimport[22m | axe-original.glb[39m[0m
2026-10-07T20:26:25.3148722Z [   0% ] [90m[1mimport[22m | Started Import Scene (104 steps)[39m[0m
2026-10-07T20:26:25.3149083Z [   0% ] [90m[1mimport[22m | Importing Scene...[39m[0m
2026-10-07T20:26:25.3149440Z [   1% ] [90m[1mimport[22m | Running Custom Script...[39m[0m
2026-10-07T20:26:25.3149763Z [  99% ] [90m[1mimport[22m | Saving...[39m[0m
2026-10-07T20:26:25.3150031Z [92m[ DONE ][39m [1mimport[22m
2026-10-07T20:26:25.3150226Z [0m
2026-10-07T20:26:25.3150484Z [  89% ] [90m[1mreimport[22m | axe-fitted.glb[39m[0m
2026-10-07T20:26:25.3150858Z [   0% ] [90m[1mimport[22m | Started Import Scene (104 steps)[39m[0m
2026-10-07T20:26:25.3151380Z [   0% ] [90m[1mimport[22m | Importing Scene...[39m[0m
2026-10-07T20:26:25.3151770Z [   1% ] [90m[1mimport[22m | Running Custom Script...[39m[0m
2026-10-07T20:26:25.3152166Z [  99% ] [90m[1mimport[22m | Saving...[39m[0m
2026-10-07T20:26:25.3152442Z [92m[ DONE ][39m [1mimport[22m
2026-10-07T20:26:25.3152636Z [0m
2026-10-07T20:26:25.3152904Z [  90% ] [90m[1mreimport[22m | spire_reliquary.glb[39m[0m
2026-10-07T20:26:25.3153282Z [   0% ] [90m[1mimport[22m | Started Import Scene (104 steps)[39m[0m
2026-10-07T20:26:25.3153640Z [   0% ] [90m[1mimport[22m | Importing Scene...[39m[0m
2026-10-07T20:26:25.3153989Z [   1% ] [90m[1mimport[22m | Running Custom Script...[39m[0m
2026-10-07T20:26:25.3154317Z [  99% ] [90m[1mimport[22m | Saving...[39m[0m
2026-10-07T20:26:25.3154643Z [92m[ DONE ][39m [1mimport[22m
2026-10-07T20:26:25.3154834Z [0m
2026-10-07T20:26:25.3155101Z [  91% ] [90m[1mreimport[22m | ossuary_reliquary.glb[39m[0m
2026-10-07T20:26:25.3155482Z [   0% ] [90m[1mimport[22m | Started Import Scene (104 steps)[39m[0m
2026-10-07T20:26:25.3155838Z [   0% ] [90m[1mimport[22m | Importing Scene...[39m[0m
2026-10-07T20:26:25.3156184Z [   1% ] [90m[1mimport[22m | Running Custom Script...[39m[0m
2026-10-07T20:26:25.3156512Z [  99% ] [90m[1mimport[22m | Saving...[39m[0m
2026-10-07T20:26:25.3156779Z [92m[ DONE ][39m [1mimport[22m
2026-10-07T20:26:25.3156966Z [0m
2026-10-07T20:26:25.3157238Z [  92% ] [90m[1mreimport[22m | citadel_reliquary.glb[39m[0m
2026-10-07T20:26:25.3157620Z [   0% ] [90m[1mimport[22m | Started Import Scene (104 steps)[39m[0m
2026-10-07T20:26:25.3157974Z [   0% ] [90m[1mimport[22m | Importing Scene...[39m[0m
2026-10-07T20:26:25.3158319Z [   1% ] [90m[1mimport[22m | Running Custom Script...[39m[0m
2026-10-07T20:26:25.3158652Z [  99% ] [90m[1mimport[22m | Saving...[39m[0m
2026-10-07T20:26:25.3158920Z [92m[ DONE ][39m [1mimport[22m
2026-10-07T20:26:25.3159107Z [0m
2026-10-07T20:26:25.3159373Z [  93% ] [90m[1mreimport[22m | archive_reliquary.glb[39m[0m
2026-10-07T20:26:25.3159750Z [   0% ] [90m[1mimport[22m | Started Import Scene (104 steps)[39m[0m
2026-10-07T20:26:25.3160101Z [   0% ] [90m[1mimport[22m | Importing Scene...[39m[0m
2026-10-07T20:26:25.3160442Z [   1% ] [90m[1mimport[22m | Running Custom Script...[39m[0m
2026-10-07T20:26:25.3160766Z [  99% ] [90m[1mimport[22m | Saving...[39m[0m
2026-10-07T20:26:25.3161032Z [92m[ DONE ][39m [1mimport[22m
2026-10-07T20:26:25.3161356Z [0m
2026-10-07T20:26:25.3161656Z [  93% ] [90m[1mreimport[22m | nyra-attire054.glb[39m[0m
2026-10-07T20:26:25.3162039Z [   0% ] [90m[1mimport[22m | Started Import Scene (104 steps)[39m[0m
2026-10-07T20:26:25.3162405Z [   0% ] [90m[1mimport[22m | Importing Scene...[39m[0m
2026-10-07T20:26:25.3162763Z [   1% ] [90m[1mimport[22m | Running Custom Script...[39m[0m
2026-10-07T20:26:25.3163094Z [  99% ] [90m[1mimport[22m | Saving...[39m[0m
2026-10-07T20:26:25.3163376Z [92m[ DONE ][39m [1mimport[22m
2026-10-07T20:26:25.3163569Z [0m
2026-10-07T20:26:25.3163832Z [  94% ] [90m[1mreimport[22m | staff-grip053.glb[39m[0m
2026-10-07T20:26:25.3164211Z [   0% ] [90m[1mimport[22m | Started Import Scene (104 steps)[39m[0m
2026-10-07T20:26:25.3164559Z [   0% ] [90m[1mimport[22m | Importing Scene...[39m[0m
2026-10-07T20:26:25.3164890Z [   1% ] [90m[1mimport[22m | Running Custom Script...[39m[0m
2026-10-07T20:26:25.3165208Z [  99% ] [90m[1mimport[22m | Saving...[39m[0m
2026-10-07T20:26:25.3165484Z [92m[ DONE ][39m [1mimport[22m
2026-10-07T20:26:25.3165675Z [0m
2026-10-07T20:26:25.3165927Z [  95% ] [90m[1mreimport[22m | arcanist.glb[39m[0m
2026-10-07T20:26:25.3166293Z [   0% ] [90m[1mimport[22m | Started Import Scene (104 steps)[39m[0m
2026-10-07T20:26:25.3166652Z [   0% ] [90m[1mimport[22m | Importing Scene...[39m[0m
2026-10-07T20:26:25.3166997Z [   1% ] [90m[1mimport[22m | Running Custom Script...[39m[0m
2026-10-07T20:26:25.3167318Z [  99% ] [90m[1mimport[22m | Saving...[39m[0m
2026-10-07T20:26:25.3167593Z [92m[ DONE ][39m [1mimport[22m
2026-10-07T20:26:25.3167785Z [0m
2026-10-07T20:26:25.3168144Z [  96% ] [90m[1mreimport[22m | male-clothing-native65.glb[39m[0m
2026-10-07T20:26:25.3168550Z [   0% ] [90m[1mimport[22m | Started Import Scene (104 steps)[39m[0m
2026-10-07T20:26:25.3168908Z [   0% ] [90m[1mimport[22m | Importing Scene...[39m[0m
2026-10-07T20:26:25.3169248Z [   1% ] [90m[1mimport[22m | Running Custom Script...[39m[0m
2026-10-07T20:26:25.3169565Z [  99% ] [90m[1mimport[22m | Saving...[39m[0m
2026-10-07T20:26:25.3169833Z [92m[ DONE ][39m [1mimport[22m
2026-10-07T20:26:25.3170031Z [0m
2026-10-07T20:26:25.3170286Z [  97% ] [90m[1mreimport[22m | hexer-fitted.glb[39m[0m
2026-10-07T20:26:25.3170710Z [   0% ] [90m[1mimport[22m | Started Import Scene (104 steps)[39m[0m
2026-10-07T20:26:25.3171070Z [   0% ] [90m[1mimport[22m | Importing Scene...[39m[0m
2026-10-07T20:26:25.3171590Z [   1% ] [90m[1mimport[22m | Running Custom Script...[39m[0m
2026-10-07T20:26:25.3171917Z [  99% ] [90m[1mimport[22m | Saving...[39m[0m
2026-10-07T20:26:25.3172187Z [92m[ DONE ][39m [1mimport[22m
2026-10-07T20:26:25.3172392Z [0m
2026-10-07T20:26:25.3172659Z [  98% ] [90m[1mreimport[22m | guardian_3-fitted.glb[39m[0m
2026-10-07T20:26:25.3173043Z [   0% ] [90m[1mimport[22m | Started Import Scene (104 steps)[39m[0m
2026-10-07T20:26:25.3173403Z [   0% ] [90m[1mimport[22m | Importing Scene...[39m[0m
2026-10-07T20:26:25.3173752Z [   1% ] [90m[1mimport[22m | Running Custom Script...[39m[0m
2026-10-07T20:26:25.3174070Z [  99% ] [90m[1mimport[22m | Saving...[39m[0m
2026-10-07T20:26:25.3174336Z [92m[ DONE ][39m [1mimport[22m
2026-10-07T20:26:25.3174523Z [0m
2026-10-07T20:26:25.3174805Z [  99% ] [90m[1mreimport[22m | Finalizing Asset Import...[39m[0m
2026-10-07T20:26:25.3175115Z [92m[ DONE ][39m [1mreimport[22m
2026-10-07T20:26:25.3175314Z [0m
2026-10-07T20:26:25.3175649Z [   0% ] [90m[1mreimport[22m | Started (Re)Importing Assets (115 steps)[39m[0m
2026-10-07T20:26:25.3176102Z [   0% ] [90m[1mreimport[22m | Executing post-reimport operations...[39m[0m
2026-10-07T20:26:25.3176444Z [92m[ DONE ][39m [1mreimport[22m
2026-10-07T20:26:25.3176643Z [0m
2026-10-07T20:26:25.3176995Z [   0% ] [90m[1mloading_editor_layout[22m | Started Loading editor (5 steps)[39m[0m
2026-10-07T20:26:25.3177466Z [   0% ] [90m[1mloading_editor_layout[22m | Loading editor layout...[39m[0m
2026-10-07T20:26:25.3177883Z [  16% ] [90m[1mloading_editor_layout[22m | Loading docks...[39m[0m
2026-10-07T20:26:25.3178229Z [92m[ DONE ][39m [1mloading_editor_layout[22m
2026-10-07T20:26:25.3178448Z [0m
2026-10-07T20:26:25.3178969Z Exporting res://tests/android_beta_flow.tscn (x86_64) to /home/runner/work/Emberfall-Ashen-Veil/Emberfall-Ashen-Veil/build/emberfall-afk-qa.apk
2026-10-07T20:26:42.5679522Z Godot Engine v4.7.2.stable.official.ed1daf0bf - https://godotengine.org
2026-10-07T20:26:42.5679896Z 
2026-10-07T20:26:42.5680477Z [   0% ] [90m[1mfirst_scan_filesystem[22m | Started Project initialization (5 steps)[39m[0m
2026-10-07T20:26:42.5681096Z [   0% ] [90m[1mfirst_scan_filesystem[22m | Scanning file structure...[39m[0m
2026-10-07T20:26:42.5681829Z [  16% ] [90m[1mfirst_scan_filesystem[22m | Loading global class names...[39m[0m
2026-10-07T20:26:42.5682311Z [  33% ] [90m[1mfirst_scan_filesystem[22m | Verifying GDExtensions...[39m[0m
2026-10-07T20:26:42.5682969Z [  50% ] [90m[1mfirst_scan_filesystem[22m | Creating autoload scripts...[39m[0m
2026-10-07T20:26:42.5683584Z [  66% ] [90m[1mfirst_scan_filesystem[22m | Initializing plugins...[39m[0m
2026-10-07T20:26:42.5684222Z [  83% ] [90m[1mfirst_scan_filesystem[22m | Starting file scan...[39m[0m
2026-10-07T20:26:42.5684628Z [92m[ DONE ][39m [1mfirst_scan_filesystem[22m
2026-10-07T20:26:42.5684865Z [0m
2026-10-07T20:26:42.5685199Z [   0% ] [90m[1mexport[22m | Started Exporting for Android (105 steps)[39m[0m
2026-10-07T20:26:42.5685585Z 0 param: --xr_mode_regular
2026-10-07T20:26:42.5685848Z 1 param: --xr-mode
2026-10-07T20:26:42.5686023Z 2 param: off
2026-10-07T20:26:42.5686209Z 3 param: --fullscreen
2026-10-07T20:26:42.5686732Z 4 param: --background_color
2026-10-07T20:26:42.5687063Z 5 param: #000000
2026-10-07T20:26:42.5687474Z [   0% ] [90m[1mexport[22m | Creating APK...[39m[0m
2026-10-07T20:26:42.5687798Z ADDING: classes.dex
2026-10-07T20:26:42.5688046Z ADDING: classes10.dex
2026-10-07T20:26:42.5688300Z ADDING: classes11.dex
2026-10-07T20:26:42.5688547Z ADDING: classes12.dex
2026-10-07T20:26:42.5688779Z ADDING: classes13.dex
2026-10-07T20:26:42.5689026Z ADDING: classes2.dex
2026-10-07T20:26:42.5689246Z ADDING: classes3.dex
2026-10-07T20:26:42.5689447Z ADDING: classes4.dex
2026-10-07T20:26:42.5689789Z ADDING: classes5.dex
2026-10-07T20:26:42.5689979Z ADDING: classes6.dex
2026-10-07T20:26:42.5690164Z ADDING: classes7.dex
2026-10-07T20:26:42.5690351Z ADDING: classes8.dex
2026-10-07T20:26:42.5690537Z ADDING: classes9.dex
2026-10-07T20:26:42.5690748Z ADDING: lib/x86_64/libc++_shared.so
2026-10-07T20:26:42.5691061Z ADDING: lib/x86_64/libgodot_android.so
2026-10-07T20:26:42.5691665Z Adding application metadata org.godotengine.rendering.method
2026-10-07T20:26:42.5692106Z Adding application metadata org.godotengine.editor.version
2026-10-07T20:26:42.5692426Z Adding permission android.permission.VIBRATE
2026-10-07T20:26:42.5692682Z ADDING: AndroidManifest.xml
2026-10-07T20:26:42.5692957Z ADDING: res/anim-v21/fragment_fast_out_extra_slow_in.xml
2026-10-07T20:26:42.5693254Z ADDING: res/animator/fragment_close_enter.xml
2026-10-07T20:26:42.5693537Z ADDING: res/animator/fragment_close_exit.xml
2026-10-07T20:26:42.5693800Z ADDING: res/animator/fragment_fade_enter.xml
2026-10-07T20:26:42.5694068Z ADDING: res/animator/fragment_fade_exit.xml
2026-10-07T20:26:42.5694331Z ADDING: res/animator/fragment_open_enter.xml
2026-10-07T20:26:42.5694591Z ADDING: res/animator/fragment_open_exit.xml
2026-10-07T20:26:42.5694912Z ADDING: res/drawable-hdpi-v4/notification_bg_low_normal.9.png
2026-10-07T20:26:42.5695274Z ADDING: res/drawable-hdpi-v4/notification_bg_low_pressed.9.png
2026-10-07T20:26:42.5695622Z ADDING: res/drawable-hdpi-v4/notification_bg_normal.9.png
2026-10-07T20:26:42.5695984Z ADDING: res/drawable-hdpi-v4/notification_bg_normal_pressed.9.png
2026-10-07T20:26:42.5696366Z ADDING: res/drawable-hdpi-v4/notify_panel_notification_icon_bg.png
2026-10-07T20:26:42.5696726Z ADDING: res/drawable-mdpi-v4/notification_bg_low_normal.9.png
2026-10-07T20:26:42.5697080Z ADDING: res/drawable-mdpi-v4/notification_bg_low_pressed.9.png
2026-10-07T20:26:42.5697419Z ADDING: res/drawable-mdpi-v4/notification_bg_normal.9.png
2026-10-07T20:26:42.5697772Z ADDING: res/drawable-mdpi-v4/notification_bg_normal_pressed.9.png
2026-10-07T20:26:42.5698164Z ADDING: res/drawable-mdpi-v4/notify_panel_notification_icon_bg.png
2026-10-07T20:26:42.5698522Z ADDING: res/drawable-v21/notification_action_background.xml
2026-10-07T20:26:42.5698841Z ADDING: res/drawable-v23/compat_splash_screen.xml
2026-10-07T20:26:42.5699185Z ADDING: res/drawable-v23/compat_splash_screen_no_icon_background.xml
2026-10-07T20:26:42.5699555Z ADDING: res/drawable-xhdpi-v4/notification_bg_low_normal.9.png
2026-10-07T20:26:42.5699919Z ADDING: res/drawable-xhdpi-v4/notification_bg_low_pressed.9.png
2026-10-07T20:26:42.5700265Z ADDING: res/drawable-xhdpi-v4/notification_bg_normal.9.png
2026-10-07T20:26:42.5700628Z ADDING: res/drawable-xhdpi-v4/notification_bg_normal_pressed.9.png
2026-10-07T20:26:42.5701007Z ADDING: res/drawable-xhdpi-v4/notify_panel_notification_icon_bg.png
2026-10-07T20:26:42.5701513Z ADDING: res/drawable/icon_background.xml
2026-10-07T20:26:42.5701780Z ADDING: res/drawable/notification_bg.xml
2026-10-07T20:26:42.5702045Z ADDING: res/drawable/notification_bg_low.xml
2026-10-07T20:26:42.5702345Z ADDING: res/drawable/notification_icon_background.xml
2026-10-07T20:26:42.5702638Z ADDING: res/drawable/notification_tile_bg.xml
2026-10-07T20:26:42.5702924Z ADDING: res/drawable/splash_branding_image.webp
2026-10-07T20:26:42.5703216Z ADDING: res/drawable/splash_icon.webp
2026-10-07T20:26:42.5703490Z ADDING: res/layout-v21/notification_action.xml
2026-10-07T20:26:42.5703974Z ADDING: res/layout-v21/notification_action_tombstone.xml
2026-10-07T20:26:42.5704318Z ADDING: res/layout-v21/notification_template_custom_big.xml
2026-10-07T20:26:42.5704659Z ADDING: res/layout-v21/notification_template_icon_group.xml
2026-10-07T20:26:42.5704954Z ADDING: res/layout/custom_dialog.xml
2026-10-07T20:26:42.5705202Z ADDING: res/layout/godot_app_layout.xml
2026-10-07T20:26:42.5705518Z ADDING: res/layout/notification_template_part_chronometer.xml
2026-10-07T20:26:42.5705847Z ADDING: res/layout/notification_template_part_time.xml
2026-10-07T20:26:42.5706154Z ADDING: res/layout/remote_godot_fragment_layout.xml
2026-10-07T20:26:42.5706509Z ADDING: res/layout/snackbar.xml
2026-10-07T20:26:42.5706748Z ADDING: res/layout/splash_screen_view.xml
2026-10-07T20:26:42.5707006Z ADDING: res/mipmap-anydpi-v26/icon.xml
2026-10-07T20:26:42.5707259Z ADDING: res/mipmap-hdpi-v4/icon.webp
2026-10-07T20:26:42.5707530Z ADDING: res/mipmap-hdpi-v4/icon_background.webp
2026-10-07T20:26:42.5707827Z ADDING: res/mipmap-hdpi-v4/icon_foreground.webp
2026-10-07T20:26:42.5708111Z ADDING: res/mipmap-hdpi-v4/icon_monochrome.webp
2026-10-07T20:26:42.5708377Z ADDING: res/mipmap-mdpi-v4/icon.webp
2026-10-07T20:26:42.5708643Z ADDING: res/mipmap-mdpi-v4/icon_background.webp
2026-10-07T20:26:42.5708926Z ADDING: res/mipmap-mdpi-v4/icon_foreground.webp
2026-10-07T20:26:42.5709209Z ADDING: res/mipmap-mdpi-v4/icon_monochrome.webp
2026-10-07T20:26:42.5709469Z ADDING: res/mipmap-xhdpi-v4/icon.webp
2026-10-07T20:26:42.5709749Z ADDING: res/mipmap-xhdpi-v4/icon_background.webp
2026-10-07T20:26:42.5710036Z ADDING: res/mipmap-xhdpi-v4/icon_foreground.webp
2026-10-07T20:26:42.5710324Z ADDING: res/mipmap-xhdpi-v4/icon_monochrome.webp
2026-10-07T20:26:42.5710591Z ADDING: res/mipmap-xxhdpi-v4/icon.webp
2026-10-07T20:26:42.5710862Z ADDING: res/mipmap-xxhdpi-v4/icon_background.webp
2026-10-07T20:26:42.5711151Z ADDING: res/mipmap-xxhdpi-v4/icon_foreground.webp
2026-10-07T20:26:42.5711771Z ADDING: res/mipmap-xxhdpi-v4/icon_monochrome.webp
2026-10-07T20:26:42.5712053Z ADDING: res/mipmap-xxxhdpi-v4/icon.webp
2026-10-07T20:26:42.5712342Z ADDING: res/mipmap-xxxhdpi-v4/icon_background.webp
2026-10-07T20:26:42.5712640Z ADDING: res/mipmap-xxxhdpi-v4/icon_foreground.webp
2026-10-07T20:26:42.5712936Z ADDING: res/mipmap-xxxhdpi-v4/icon_monochrome.webp
2026-10-07T20:26:42.5713197Z ADDING: res/mipmap/icon.webp
2026-10-07T20:26:42.5713432Z ADDING: res/mipmap/icon_background.webp
2026-10-07T20:26:42.5713687Z ADDING: res/mipmap/icon_foreground.webp
2026-10-07T20:26:42.5713936Z ADDING: res/mipmap/icon_monochrome.webp
2026-10-07T20:26:42.5714195Z ADDING: res/xml/godot_provider_paths.xml
2026-10-07T20:26:42.5714430Z ADDING: resources.arsc
2026-10-07T20:26:42.5714642Z ADDING: DebugProbesKt.bin
2026-10-07T20:26:42.5714905Z ADDING: kotlin/annotation/annotation.kotlin_builtins
2026-10-07T20:26:42.5715224Z ADDING: kotlin/collections/collections.kotlin_builtins
2026-10-07T20:26:42.5715546Z ADDING: kotlin/concurrent/atomics/atomics.kotlin_builtins
2026-10-07T20:26:42.5715874Z ADDING: kotlin/coroutines/coroutines.kotlin_builtins
2026-10-07T20:26:42.5716175Z ADDING: kotlin/internal/internal.kotlin_builtins
2026-10-07T20:26:42.5716449Z ADDING: kotlin/kotlin.kotlin_builtins
2026-10-07T20:26:42.5716706Z ADDING: kotlin/ranges/ranges.kotlin_builtins
2026-10-07T20:26:42.5716980Z ADDING: kotlin/reflect/reflect.kotlin_builtins
2026-10-07T20:26:42.5717475Z [   0% ] [90m[1mexport[22m | Adding files...[39m[0m
2026-10-07T20:26:42.5717814Z [  97% ] [90m[1mexport[22m | Aligning APK...[39m[0m
2026-10-07T20:26:42.5718161Z [  98% ] [90m[1mexport[22m | Signing debug APK...[39m[0m
2026-10-07T20:26:42.5718480Z Signing binary using: 
2026-10-07T20:26:42.5719336Z /usr/local/lib/android/sdk/build-tools/36.0.0/apksigner sign --verbose --ks <REDACTED> --ks-pass pass:<REDACTED> --ks-key-alias <REDACTED> /home/runner/work/Emberfall-Ashen-Veil/Emberfall-Ashen-Veil/build/emberfall-afk-qa.apk
2026-10-07T20:26:42.5720022Z Signed
2026-10-07T20:26:42.5720117Z 
2026-10-07T20:26:42.5720437Z [  99% ] [90m[1mexport[22m | Verifying APK...[39m[0m
2026-10-07T20:26:42.5720744Z [92m[ DONE ][39m [1mexport[22m
2026-10-07T20:26:42.5720956Z [0m
2026-10-07T20:26:42.5721368Z cannot connect to daemon at tcp:5037: Connection refused
2026-10-07T20:26:42.5721953Z Offline QA artifact only: /home/runner/work/Emberfall-Ashen-Veil/Emberfall-Ashen-Veil/build/emberfall-afk-qa.apk
2026-10-07T20:26:42.5722739Z Exporting res://tests/android_success_flow.tscn (x86_64) to /home/runner/work/Emberfall-Ashen-Veil/Emberfall-Ashen-Veil/build/emberfall-success-qa.apk
2026-10-07T20:26:54.1937255Z Godot Engine v4.7.2.stable.official.ed1daf0bf - https://godotengine.org
2026-10-07T20:26:54.1938149Z 
2026-10-07T20:26:54.1938871Z [   0% ] [90m[1mfirst_scan_filesystem[22m | Started Project initialization (5 steps)[39m[0m
2026-10-07T20:26:54.1939504Z [   0% ] [90m[1mfirst_scan_filesystem[22m | Scanning file structure...[39m[0m
2026-10-07T20:26:54.1940091Z [  16% ] [90m[1mfirst_scan_filesystem[22m | Loading global class names...[39m[0m
2026-10-07T20:26:54.1940697Z [  33% ] [90m[1mfirst_scan_filesystem[22m | Verifying GDExtensions...[39m[0m
2026-10-07T20:26:54.1941519Z [  50% ] [90m[1mfirst_scan_filesystem[22m | Creating autoload scripts...[39m[0m
2026-10-07T20:26:54.1942159Z [  66% ] [90m[1mfirst_scan_filesystem[22m | Initializing plugins...[39m[0m
2026-10-07T20:26:54.1942758Z [  83% ] [90m[1mfirst_scan_filesystem[22m | Starting file scan...[39m[0m
2026-10-07T20:26:54.1943249Z [92m[ DONE ][39m [1mfirst_scan_filesystem[22m
2026-10-07T20:26:54.1943547Z [0m
2026-10-07T20:26:54.1943976Z [   0% ] [90m[1mexport[22m | Started Exporting for Android (105 steps)[39m[0m
2026-10-07T20:26:54.1944338Z 0 param: --xr_mode_regular
2026-10-07T20:26:54.1944559Z 1 param: --xr-mode
2026-10-07T20:26:54.1944732Z 2 param: off
2026-10-07T20:26:54.1944916Z 3 param: --fullscreen
2026-10-07T20:26:54.1945124Z 4 param: --background_color
2026-10-07T20:26:54.1945319Z 5 param: #000000
2026-10-07T20:26:54.1945601Z [   0% ] [90m[1mexport[22m | Creating APK...[39m[0m
2026-10-07T20:26:54.1945856Z ADDING: classes.dex
2026-10-07T20:26:54.1946141Z ADDING: classes10.dex
2026-10-07T20:26:54.1946393Z ADDING: classes11.dex
2026-10-07T20:26:54.1946617Z ADDING: classes12.dex
2026-10-07T20:26:54.1946822Z ADDING: classes13.dex
2026-10-07T20:26:54.1947053Z ADDING: classes2.dex
2026-10-07T20:26:54.1947272Z ADDING: classes3.dex
2026-10-07T20:26:54.1947486Z ADDING: classes4.dex
2026-10-07T20:26:54.1947689Z ADDING: classes5.dex
2026-10-07T20:26:54.1947896Z ADDING: classes6.dex
2026-10-07T20:26:54.1948098Z ADDING: classes7.dex
2026-10-07T20:26:54.1948325Z ADDING: classes8.dex
2026-10-07T20:26:54.1948533Z ADDING: classes9.dex
2026-10-07T20:26:54.1948767Z ADDING: lib/x86_64/libc++_shared.so
2026-10-07T20:26:54.1949053Z ADDING: lib/x86_64/libgodot_android.so
2026-10-07T20:26:54.1949469Z Adding application metadata org.godotengine.rendering.method
2026-10-07T20:26:54.1949998Z Adding application metadata org.godotengine.editor.version
2026-10-07T20:26:54.1950399Z Adding permission android.permission.VIBRATE
2026-10-07T20:26:54.1950717Z ADDING: AndroidManifest.xml
2026-10-07T20:26:54.1951000Z ADDING: res/anim-v21/fragment_fast_out_extra_slow_in.xml
2026-10-07T20:26:54.1951602Z ADDING: res/animator/fragment_close_enter.xml
2026-10-07T20:26:54.1951954Z ADDING: res/animator/fragment_close_exit.xml
2026-10-07T20:26:54.1952309Z ADDING: res/animator/fragment_fade_enter.xml
2026-10-07T20:26:54.1952655Z ADDING: res/animator/fragment_fade_exit.xml
2026-10-07T20:26:54.1953010Z ADDING: res/animator/fragment_open_enter.xml
2026-10-07T20:26:54.1953359Z ADDING: res/animator/fragment_open_exit.xml
2026-10-07T20:26:54.1953752Z ADDING: res/drawable-hdpi-v4/notification_bg_low_normal.9.png
2026-10-07T20:26:54.1954123Z ADDING: res/drawable-hdpi-v4/notification_bg_low_pressed.9.png
2026-10-07T20:26:54.1954472Z ADDING: res/drawable-hdpi-v4/notification_bg_normal.9.png
2026-10-07T20:26:54.1954829Z ADDING: res/drawable-hdpi-v4/notification_bg_normal_pressed.9.png
2026-10-07T20:26:54.1955627Z ADDING: res/drawable-hdpi-v4/notify_panel_notification_icon_bg.png
2026-10-07T20:26:54.1956016Z ADDING: res/drawable-mdpi-v4/notification_bg_low_normal.9.png
2026-10-07T20:26:54.1956376Z ADDING: res/drawable-mdpi-v4/notification_bg_low_pressed.9.png
2026-10-07T20:26:54.1956743Z ADDING: res/drawable-mdpi-v4/notification_bg_normal.9.png
2026-10-07T20:26:54.1957119Z ADDING: res/drawable-mdpi-v4/notification_bg_normal_pressed.9.png
2026-10-07T20:26:54.1957509Z ADDING: res/drawable-mdpi-v4/notify_panel_notification_icon_bg.png
2026-10-07T20:26:54.1957887Z ADDING: res/drawable-v21/notification_action_background.xml
2026-10-07T20:26:54.1958309Z ADDING: res/drawable-v23/compat_splash_screen.xml
2026-10-07T20:26:54.1958888Z ADDING: res/drawable-v23/compat_splash_screen_no_icon_background.xml
2026-10-07T20:26:54.1959276Z ADDING: res/drawable-xhdpi-v4/notification_bg_low_normal.9.png
2026-10-07T20:26:54.1959643Z ADDING: res/drawable-xhdpi-v4/notification_bg_low_pressed.9.png
2026-10-07T20:26:54.1959995Z ADDING: res/drawable-xhdpi-v4/notification_bg_normal.9.png
2026-10-07T20:26:54.1960354Z ADDING: res/drawable-xhdpi-v4/notification_bg_normal_pressed.9.png
2026-10-07T20:26:54.1960746Z ADDING: res/drawable-xhdpi-v4/notify_panel_notification_icon_bg.png
2026-10-07T20:26:54.1961076Z ADDING: res/drawable/icon_background.xml
2026-10-07T20:26:54.1961538Z ADDING: res/drawable/notification_bg.xml
2026-10-07T20:26:54.1961824Z ADDING: res/drawable/notification_bg_low.xml
2026-10-07T20:26:54.1962150Z ADDING: res/drawable/notification_icon_background.xml
2026-10-07T20:26:54.1962464Z ADDING: res/drawable/notification_tile_bg.xml
2026-10-07T20:26:54.1962754Z ADDING: res/drawable/splash_branding_image.webp
2026-10-07T20:26:54.1963027Z ADDING: res/drawable/splash_icon.webp
2026-10-07T20:26:54.1963296Z ADDING: res/layout-v21/notification_action.xml
2026-10-07T20:26:54.1963601Z ADDING: res/layout-v21/notification_action_tombstone.xml
2026-10-07T20:26:54.1963935Z ADDING: res/layout-v21/notification_template_custom_big.xml
2026-10-07T20:26:54.1964444Z ADDING: res/layout-v21/notification_template_icon_group.xml
2026-10-07T20:26:54.1964733Z ADDING: res/layout/custom_dialog.xml
2026-10-07T20:26:54.1964986Z ADDING: res/layout/godot_app_layout.xml
2026-10-07T20:26:54.1965291Z ADDING: res/layout/notification_template_part_chronometer.xml
2026-10-07T20:26:54.1965635Z ADDING: res/layout/notification_template_part_time.xml
2026-10-07T20:26:54.1965950Z ADDING: res/layout/remote_godot_fragment_layout.xml
2026-10-07T20:26:54.1966227Z ADDING: res/layout/snackbar.xml
2026-10-07T20:26:54.1966484Z ADDING: res/layout/splash_screen_view.xml
2026-10-07T20:26:54.1966770Z ADDING: res/mipmap-anydpi-v26/icon.xml
2026-10-07T20:26:54.1967036Z ADDING: res/mipmap-hdpi-v4/icon.webp
2026-10-07T20:26:54.1967338Z ADDING: res/mipmap-hdpi-v4/icon_background.webp
2026-10-07T20:26:54.1967630Z ADDING: res/mipmap-hdpi-v4/icon_foreground.webp
2026-10-07T20:26:54.1967919Z ADDING: res/mipmap-hdpi-v4/icon_monochrome.webp
2026-10-07T20:26:54.1968377Z ADDING: res/mipmap-mdpi-v4/icon.webp
2026-10-07T20:26:54.1968657Z ADDING: res/mipmap-mdpi-v4/icon_background.webp
2026-10-07T20:26:54.1968944Z ADDING: res/mipmap-mdpi-v4/icon_foreground.webp
2026-10-07T20:26:54.1969235Z ADDING: res/mipmap-mdpi-v4/icon_monochrome.webp
2026-10-07T20:26:54.1969501Z ADDING: res/mipmap-xhdpi-v4/icon.webp
2026-10-07T20:26:54.1969785Z ADDING: res/mipmap-xhdpi-v4/icon_background.webp
2026-10-07T20:26:54.1970096Z ADDING: res/mipmap-xhdpi-v4/icon_foreground.webp
2026-10-07T20:26:54.1970400Z ADDING: res/mipmap-xhdpi-v4/icon_monochrome.webp
2026-10-07T20:26:54.1970684Z ADDING: res/mipmap-xxhdpi-v4/icon.webp
2026-10-07T20:26:54.1970978Z ADDING: res/mipmap-xxhdpi-v4/icon_background.webp
2026-10-07T20:26:54.1971471Z ADDING: res/mipmap-xxhdpi-v4/icon_foreground.webp
2026-10-07T20:26:54.1971798Z ADDING: res/mipmap-xxhdpi-v4/icon_monochrome.webp
2026-10-07T20:26:54.1972077Z ADDING: res/mipmap-xxxhdpi-v4/icon.webp
2026-10-07T20:26:54.1972581Z ADDING: res/mipmap-xxxhdpi-v4/icon_background.webp
2026-10-07T20:26:54.1973013Z ADDING: res/mipmap-xxxhdpi-v4/icon_foreground.webp
2026-10-07T20:26:54.1973328Z ADDING: res/mipmap-xxxhdpi-v4/icon_monochrome.webp
2026-10-07T20:26:54.1973615Z ADDING: res/mipmap/icon.webp
2026-10-07T20:26:54.1973873Z ADDING: res/mipmap/icon_background.webp
2026-10-07T20:26:54.1974144Z ADDING: res/mipmap/icon_foreground.webp
2026-10-07T20:26:54.1974408Z ADDING: res/mipmap/icon_monochrome.webp
2026-10-07T20:26:54.1974673Z ADDING: res/xml/godot_provider_paths.xml
2026-10-07T20:26:54.1974918Z ADDING: resources.arsc
2026-10-07T20:26:54.1975138Z ADDING: DebugProbesKt.bin
2026-10-07T20:26:54.1975498Z ADDING: kotlin/annotation/annotation.kotlin_builtins
2026-10-07T20:26:54.1975822Z ADDING: kotlin/collections/collections.kotlin_builtins
2026-10-07T20:26:54.1976354Z ADDING: kotlin/concurrent/atomics/atomics.kotlin_builtins
2026-10-07T20:26:54.1976687Z ADDING: kotlin/coroutines/coroutines.kotlin_builtins
2026-10-07T20:26:54.1976982Z ADDING: kotlin/internal/internal.kotlin_builtins
2026-10-07T20:26:54.1977249Z ADDING: kotlin/kotlin.kotlin_builtins
2026-10-07T20:26:54.1977509Z ADDING: kotlin/ranges/ranges.kotlin_builtins
2026-10-07T20:26:54.1977783Z ADDING: kotlin/reflect/reflect.kotlin_builtins
2026-10-07T20:26:54.1978275Z [   0% ] [90m[1mexport[22m | Adding files...[39m[0m
2026-10-07T20:26:54.1978626Z [  97% ] [90m[1mexport[22m | Aligning APK...[39m[0m
2026-10-07T20:26:54.1978994Z [  98% ] [90m[1mexport[22m | Signing debug APK...[39m[0m
2026-10-07T20:26:54.1979268Z Signing binary using: 
2026-10-07T20:26:54.1980109Z /usr/local/lib/android/sdk/build-tools/36.0.0/apksigner sign --verbose --ks <REDACTED> --ks-pass pass:<REDACTED> --ks-key-alias <REDACTED> /home/runner/work/Emberfall-Ashen-Veil/Emberfall-Ashen-Veil/build/emberfall-success-qa.apk
2026-10-07T20:26:54.1980998Z Signed
2026-10-07T20:26:54.1981098Z 
2026-10-07T20:26:54.1982480Z [  99% ] [90m[1mexport[22m | Verifying APK...[39m[0m
2026-10-07T20:26:54.1982817Z [92m[ DONE ][39m [1mexport[22m
2026-10-07T20:26:54.1983038Z [0m
2026-10-07T20:26:54.1983306Z cannot connect to daemon at tcp:5037: Connection refused
2026-10-07T20:26:54.1983845Z Offline QA artifact only: /home/runner/work/Emberfall-Ashen-Veil/Emberfall-Ashen-Veil/build/emberfall-success-qa.apk
2026-10-07T20:26:54.1984652Z Exporting res://tests/android_art_flow.tscn (x86_64) to /home/runner/work/Emberfall-Ashen-Veil/Emberfall-Ashen-Veil/build/emberfall-art-qa.apk
2026-10-07T20:27:05.6338365Z Godot Engine v4.7.2.stable.official.ed1daf0bf - https://godotengine.org
2026-10-07T20:27:05.6338692Z 
2026-10-07T20:27:05.6339405Z [   0% ] [90m[1mfirst_scan_filesystem[22m | Started Project initialization (5 steps)[39m[0m
2026-10-07T20:27:05.6340018Z [   0% ] [90m[1mfirst_scan_filesystem[22m | Scanning file structure...[39m[0m
2026-10-07T20:27:05.6340520Z [  16% ] [90m[1mfirst_scan_filesystem[22m | Loading global class names...[39m[0m
2026-10-07T20:27:05.6340974Z [  33% ] [90m[1mfirst_scan_filesystem[22m | Verifying GDExtensions...[39m[0m
2026-10-07T20:27:05.6341683Z [  50% ] [90m[1mfirst_scan_filesystem[22m | Creating autoload scripts...[39m[0m
2026-10-07T20:27:05.6342110Z [  66% ] [90m[1mfirst_scan_filesystem[22m | Initializing plugins...[39m[0m
2026-10-07T20:27:05.6342510Z [  83% ] [90m[1mfirst_scan_filesystem[22m | Starting file scan...[39m[0m
2026-10-07T20:27:05.6342857Z [92m[ DONE ][39m [1mfirst_scan_filesystem[22m
2026-10-07T20:27:05.6343081Z [0m
2026-10-07T20:27:05.6343453Z [   0% ] [90m[1mexport[22m | Started Exporting for Android (105 steps)[39m[0m
2026-10-07T20:27:05.6343828Z 0 param: --xr_mode_regular
2026-10-07T20:27:05.6344087Z 1 param: --xr-mode
2026-10-07T20:27:05.6344287Z 2 param: off
2026-10-07T20:27:05.6344494Z 3 param: --fullscreen
2026-10-07T20:27:05.6344737Z 4 param: --background_color
2026-10-07T20:27:05.6345033Z 5 param: #000000
2026-10-07T20:27:05.6345381Z [   0% ] [90m[1mexport[22m | Creating APK...[39m[0m
2026-10-07T20:27:05.6345617Z ADDING: classes.dex
2026-10-07T20:27:05.6345797Z ADDING: classes10.dex
2026-10-07T20:27:05.6345977Z ADDING: classes11.dex
2026-10-07T20:27:05.6346361Z ADDING: classes12.dex
2026-10-07T20:27:05.6346552Z ADDING: classes13.dex
2026-10-07T20:27:05.6346730Z ADDING: classes2.dex
2026-10-07T20:27:05.6346904Z ADDING: classes3.dex
2026-10-07T20:27:05.6347073Z ADDING: classes4.dex
2026-10-07T20:27:05.6347245Z ADDING: classes5.dex
2026-10-07T20:27:05.6347413Z ADDING: classes6.dex
2026-10-07T20:27:05.6347582Z ADDING: classes7.dex
2026-10-07T20:27:05.6347753Z ADDING: classes8.dex
2026-10-07T20:27:05.6347925Z ADDING: classes9.dex
2026-10-07T20:27:05.6348130Z ADDING: lib/x86_64/libc++_shared.so
2026-10-07T20:27:05.6348607Z ADDING: lib/x86_64/libgodot_android.so
2026-10-07T20:27:05.6348946Z Adding application metadata org.godotengine.rendering.method
2026-10-07T20:27:05.6349283Z Adding application metadata org.godotengine.editor.version
2026-10-07T20:27:05.6349579Z Adding permission android.permission.VIBRATE
2026-10-07T20:27:05.6349820Z ADDING: AndroidManifest.xml
2026-10-07T20:27:05.6350079Z ADDING: res/anim-v21/fragment_fast_out_extra_slow_in.xml
2026-10-07T20:27:05.6350434Z ADDING: res/animator/fragment_close_enter.xml
2026-10-07T20:27:05.6350753Z ADDING: res/animator/fragment_close_exit.xml
2026-10-07T20:27:05.6351038Z ADDING: res/animator/fragment_fade_enter.xml
2026-10-07T20:27:05.6351434Z ADDING: res/animator/fragment_fade_exit.xml
2026-10-07T20:27:05.6351692Z ADDING: res/animator/fragment_open_enter.xml
2026-10-07T20:27:05.6351943Z ADDING: res/animator/fragment_open_exit.xml
2026-10-07T20:27:05.6352351Z ADDING: res/drawable-hdpi-v4/notification_bg_low_normal.9.png
2026-10-07T20:27:05.6352760Z ADDING: res/drawable-hdpi-v4/notification_bg_low_pressed.9.png
2026-10-07T20:27:05.6353181Z ADDING: res/drawable-hdpi-v4/notification_bg_normal.9.png
2026-10-07T20:27:05.6353520Z ADDING: res/drawable-hdpi-v4/notification_bg_normal_pressed.9.png
2026-10-07T20:27:05.6353878Z ADDING: res/drawable-hdpi-v4/notify_panel_notification_icon_bg.png
2026-10-07T20:27:05.6354289Z ADDING: res/drawable-mdpi-v4/notification_bg_low_normal.9.png
2026-10-07T20:27:05.6354724Z ADDING: res/drawable-mdpi-v4/notification_bg_low_pressed.9.png
2026-10-07T20:27:05.6355139Z ADDING: res/drawable-mdpi-v4/notification_bg_normal.9.png
2026-10-07T20:27:05.6355478Z ADDING: res/drawable-mdpi-v4/notification_bg_normal_pressed.9.png
2026-10-07T20:27:05.6355839Z ADDING: res/drawable-mdpi-v4/notify_panel_notification_icon_bg.png
2026-10-07T20:27:05.6356175Z ADDING: res/drawable-v21/notification_action_background.xml
2026-10-07T20:27:05.6356472Z ADDING: res/drawable-v23/compat_splash_screen.xml
2026-10-07T20:27:05.6356791Z ADDING: res/drawable-v23/compat_splash_screen_no_icon_background.xml
2026-10-07T20:27:05.6357138Z ADDING: res/drawable-xhdpi-v4/notification_bg_low_normal.9.png
2026-10-07T20:27:05.6357474Z ADDING: res/drawable-xhdpi-v4/notification_bg_low_pressed.9.png
2026-10-07T20:27:05.6357801Z ADDING: res/drawable-xhdpi-v4/notification_bg_normal.9.png
2026-10-07T20:27:05.6358147Z ADDING: res/drawable-xhdpi-v4/notification_bg_normal_pressed.9.png
2026-10-07T20:27:05.6358506Z ADDING: res/drawable-xhdpi-v4/notify_panel_notification_icon_bg.png
2026-10-07T20:27:05.6358799Z ADDING: res/drawable/icon_background.xml
2026-10-07T20:27:05.6359037Z ADDING: res/drawable/notification_bg.xml
2026-10-07T20:27:05.6359280Z ADDING: res/drawable/notification_bg_low.xml
2026-10-07T20:27:05.6359551Z ADDING: res/drawable/notification_icon_background.xml
2026-10-07T20:27:05.6359821Z ADDING: res/drawable/notification_tile_bg.xml
2026-10-07T20:27:05.6360086Z ADDING: res/drawable/splash_branding_image.webp
2026-10-07T20:27:05.6360334Z ADDING: res/drawable/splash_icon.webp
2026-10-07T20:27:05.6360585Z ADDING: res/layout-v21/notification_action.xml
2026-10-07T20:27:05.6360871Z ADDING: res/layout-v21/notification_action_tombstone.xml
2026-10-07T20:27:05.6361335Z ADDING: res/layout-v21/notification_template_custom_big.xml
2026-10-07T20:27:05.6361667Z ADDING: res/layout-v21/notification_template_icon_group.xml
2026-10-07T20:27:05.6361931Z ADDING: res/layout/custom_dialog.xml
2026-10-07T20:27:05.6362172Z ADDING: res/layout/godot_app_layout.xml
2026-10-07T20:27:05.6362611Z ADDING: res/layout/notification_template_part_chronometer.xml
2026-10-07T20:27:05.6362925Z ADDING: res/layout/notification_template_part_time.xml
2026-10-07T20:27:05.6363210Z ADDING: res/layout/remote_godot_fragment_layout.xml
2026-10-07T20:27:05.6363454Z ADDING: res/layout/snackbar.xml
2026-10-07T20:27:05.6363679Z ADDING: res/layout/splash_screen_view.xml
2026-10-07T20:27:05.6363923Z ADDING: res/mipmap-anydpi-v26/icon.xml
2026-10-07T20:27:05.6364156Z ADDING: res/mipmap-hdpi-v4/icon.webp
2026-10-07T20:27:05.6364415Z ADDING: res/mipmap-hdpi-v4/icon_background.webp
2026-10-07T20:27:05.6364777Z ADDING: res/mipmap-hdpi-v4/icon_foreground.webp
2026-10-07T20:27:05.6365041Z ADDING: res/mipmap-hdpi-v4/icon_monochrome.webp
2026-10-07T20:27:05.6365286Z ADDING: res/mipmap-mdpi-v4/icon.webp
2026-10-07T20:27:05.6365533Z ADDING: res/mipmap-mdpi-v4/icon_background.webp
2026-10-07T20:27:05.6365798Z ADDING: res/mipmap-mdpi-v4/icon_foreground.webp
2026-10-07T20:27:05.6366065Z ADDING: res/mipmap-mdpi-v4/icon_monochrome.webp
2026-10-07T20:27:05.6366320Z ADDING: res/mipmap-xhdpi-v4/icon.webp
2026-10-07T20:27:05.6366574Z ADDING: res/mipmap-xhdpi-v4/icon_background.webp
2026-10-07T20:27:05.6366846Z ADDING: res/mipmap-xhdpi-v4/icon_foreground.webp
2026-10-07T20:27:05.6367116Z ADDING: res/mipmap-xhdpi-v4/icon_monochrome.webp
2026-10-07T20:27:05.6367390Z ADDING: res/mipmap-xxhdpi-v4/icon.webp
2026-10-07T20:27:05.6367645Z ADDING: res/mipmap-xxhdpi-v4/icon_background.webp
2026-10-07T20:27:05.6367920Z ADDING: res/mipmap-xxhdpi-v4/icon_foreground.webp
2026-10-07T20:27:05.6368191Z ADDING: res/mipmap-xxhdpi-v4/icon_monochrome.webp
2026-10-07T20:27:05.6368453Z ADDING: res/mipmap-xxxhdpi-v4/icon.webp
2026-10-07T20:27:05.6368710Z ADDING: res/mipmap-xxxhdpi-v4/icon_background.webp
2026-10-07T20:27:05.6368987Z ADDING: res/mipmap-xxxhdpi-v4/icon_foreground.webp
2026-10-07T20:27:05.6369261Z ADDING: res/mipmap-xxxhdpi-v4/icon_monochrome.webp
2026-10-07T20:27:05.6369506Z ADDING: res/mipmap/icon.webp
2026-10-07T20:27:05.6369731Z ADDING: res/mipmap/icon_background.webp
2026-10-07T20:27:05.6369964Z ADDING: res/mipmap/icon_foreground.webp
2026-10-07T20:27:05.6370207Z ADDING: res/mipmap/icon_monochrome.webp
2026-10-07T20:27:05.6370445Z ADDING: res/xml/godot_provider_paths.xml
2026-10-07T20:27:05.6370659Z ADDING: resources.arsc
2026-10-07T20:27:05.6370853Z ADDING: DebugProbesKt.bin
2026-10-07T20:27:05.6371096Z ADDING: kotlin/annotation/annotation.kotlin_builtins
2026-10-07T20:27:05.6371583Z ADDING: kotlin/collections/collections.kotlin_builtins
2026-10-07T20:27:05.6371942Z ADDING: kotlin/concurrent/atomics/atomics.kotlin_builtins
2026-10-07T20:27:05.6372247Z ADDING: kotlin/coroutines/coroutines.kotlin_builtins
2026-10-07T20:27:05.6372532Z ADDING: kotlin/internal/internal.kotlin_builtins
2026-10-07T20:27:05.6372779Z ADDING: kotlin/kotlin.kotlin_builtins
2026-10-07T20:27:05.6373014Z ADDING: kotlin/ranges/ranges.kotlin_builtins
2026-10-07T20:27:05.6373270Z ADDING: kotlin/reflect/reflect.kotlin_builtins
2026-10-07T20:27:05.6373686Z [   0% ] [90m[1mexport[22m | Adding files...[39m[0m
2026-10-07T20:27:05.6373997Z [  97% ] [90m[1mexport[22m | Aligning APK...[39m[0m
2026-10-07T20:27:05.6374319Z [  98% ] [90m[1mexport[22m | Signing debug APK...[39m[0m
2026-10-07T20:27:05.6374579Z Signing binary using: 
2026-10-07T20:27:05.6375308Z /usr/local/lib/android/sdk/build-tools/36.0.0/apksigner sign --verbose --ks <REDACTED> --ks-pass pass:<REDACTED> --ks-key-alias <REDACTED> /home/runner/work/Emberfall-Ashen-Veil/Emberfall-Ashen-Veil/build/emberfall-art-qa.apk
2026-10-07T20:27:05.6375919Z Signed
2026-10-07T20:27:05.6376008Z 
2026-10-07T20:27:05.6376180Z [  99% ] [90m[1mexport[22m | Verifying APK...[39m[0m
2026-10-07T20:27:05.6376452Z [92m[ DONE ][39m [1mexport[22m
2026-10-07T20:27:05.6376640Z [0m
2026-10-07T20:27:05.6376873Z cannot connect to daemon at tcp:5037: Connection refused
2026-10-07T20:27:05.6377344Z Offline QA artifact only: /home/runner/work/Emberfall-Ashen-Veil/Emberfall-Ashen-Veil/build/emberfall-art-qa.apk
2026-10-07T20:27:05.6378175Z Exporting res://tests/android_device_probe.tscn (arm64-v8a) to /home/runner/work/Emberfall-Ashen-Veil/Emberfall-Ashen-Veil/build/emberfall-pixel-probe.apk
2026-10-07T20:27:16.4130615Z Godot Engine v4.7.2.stable.official.ed1daf0bf - https://godotengine.org
2026-10-07T20:27:16.4130959Z 
2026-10-07T20:27:16.4131716Z [   0% ] [90m[1mfirst_scan_filesystem[22m | Started Project initialization (5 steps)[39m[0m
2026-10-07T20:27:16.4132200Z [   0% ] [90m[1mfirst_scan_filesystem[22m | Scanning file structure...[39m[0m
2026-10-07T20:27:16.4132998Z [  16% ] [90m[1mfirst_scan_filesystem[22m | Loading global class names...[39m[0m
2026-10-07T20:27:16.4133451Z [  33% ] [90m[1mfirst_scan_filesystem[22m | Verifying GDExtensions...[39m[0m
2026-10-07T20:27:16.4133890Z [  50% ] [90m[1mfirst_scan_filesystem[22m | Creating autoload scripts...[39m[0m
2026-10-07T20:27:16.4134379Z [  66% ] [90m[1mfirst_scan_filesystem[22m | Initializing plugins...[39m[0m
2026-10-07T20:27:16.4134922Z [  83% ] [90m[1mfirst_scan_filesystem[22m | Starting file scan...[39m[0m
2026-10-07T20:27:16.4135272Z [92m[ DONE ][39m [1mfirst_scan_filesystem[22m
2026-10-07T20:27:16.4135487Z [0m
2026-10-07T20:27:16.4135793Z [   0% ] [90m[1mexport[22m | Started Exporting for Android (105 steps)[39m[0m
2026-10-07T20:27:16.4136093Z 0 param: --xr_mode_regular
2026-10-07T20:27:16.4136284Z 1 param: --xr-mode
2026-10-07T20:27:16.4136440Z 2 param: off
2026-10-07T20:27:16.4136609Z 3 param: --fullscreen
2026-10-07T20:27:16.4136806Z 4 param: --background_color
2026-10-07T20:27:16.4136996Z 5 param: #000000
2026-10-07T20:27:16.4137251Z [   0% ] [90m[1mexport[22m | Creating APK...[39m[0m
2026-10-07T20:27:16.4137479Z ADDING: classes.dex
2026-10-07T20:27:16.4137659Z ADDING: classes10.dex
2026-10-07T20:27:16.4137847Z ADDING: classes11.dex
2026-10-07T20:27:16.4138025Z ADDING: classes12.dex
2026-10-07T20:27:16.4138204Z ADDING: classes13.dex
2026-10-07T20:27:16.4138381Z ADDING: classes2.dex
2026-10-07T20:27:16.4138566Z ADDING: classes3.dex
2026-10-07T20:27:16.4138895Z ADDING: classes4.dex
2026-10-07T20:27:16.4139109Z ADDING: classes5.dex
2026-10-07T20:27:16.4139335Z ADDING: classes6.dex
2026-10-07T20:27:16.4139554Z ADDING: classes7.dex
2026-10-07T20:27:16.4139754Z ADDING: classes8.dex
2026-10-07T20:27:16.4139933Z ADDING: classes9.dex
2026-10-07T20:27:16.4140134Z ADDING: lib/arm64-v8a/libc++_shared.so
2026-10-07T20:27:16.4140375Z ADDING: lib/arm64-v8a/libgodot_android.so
2026-10-07T20:27:16.4140679Z Adding application metadata org.godotengine.rendering.method
2026-10-07T20:27:16.4141020Z Adding application metadata org.godotengine.editor.version
2026-10-07T20:27:16.4141473Z Adding permission android.permission.VIBRATE
2026-10-07T20:27:16.4141737Z ADDING: AndroidManifest.xml
2026-10-07T20:27:16.4141994Z ADDING: res/anim-v21/fragment_fast_out_extra_slow_in.xml
2026-10-07T20:27:16.4142276Z ADDING: res/animator/fragment_close_enter.xml
2026-10-07T20:27:16.4142534Z ADDING: res/animator/fragment_close_exit.xml
2026-10-07T20:27:16.4142794Z ADDING: res/animator/fragment_fade_enter.xml
2026-10-07T20:27:16.4143044Z ADDING: res/animator/fragment_fade_exit.xml
2026-10-07T20:27:16.4143388Z ADDING: res/animator/fragment_open_enter.xml
2026-10-07T20:27:16.4143672Z ADDING: res/animator/fragment_open_exit.xml
2026-10-07T20:27:16.4143975Z ADDING: res/drawable-hdpi-v4/notification_bg_low_normal.9.png
2026-10-07T20:27:16.4144351Z ADDING: res/drawable-hdpi-v4/notification_bg_low_pressed.9.png
2026-10-07T20:27:16.4144678Z ADDING: res/drawable-hdpi-v4/notification_bg_normal.9.png
2026-10-07T20:27:16.4145017Z ADDING: res/drawable-hdpi-v4/notification_bg_normal_pressed.9.png
2026-10-07T20:27:16.4145372Z ADDING: res/drawable-hdpi-v4/notify_panel_notification_icon_bg.png
2026-10-07T20:27:16.4145717Z ADDING: res/drawable-mdpi-v4/notification_bg_low_normal.9.png
2026-10-07T20:27:16.4146052Z ADDING: res/drawable-mdpi-v4/notification_bg_low_pressed.9.png
2026-10-07T20:27:16.4146371Z ADDING: res/drawable-mdpi-v4/notification_bg_normal.9.png
2026-10-07T20:27:16.4146928Z ADDING: res/drawable-mdpi-v4/notification_bg_normal_pressed.9.png
2026-10-07T20:27:16.4147358Z ADDING: res/drawable-mdpi-v4/notify_panel_notification_icon_bg.png
2026-10-07T20:27:16.4147699Z ADDING: res/drawable-v21/notification_action_background.xml
2026-10-07T20:27:16.4147995Z ADDING: res/drawable-v23/compat_splash_screen.xml
2026-10-07T20:27:16.4148328Z ADDING: res/drawable-v23/compat_splash_screen_no_icon_background.xml
2026-10-07T20:27:16.4148674Z ADDING: res/drawable-xhdpi-v4/notification_bg_low_normal.9.png
2026-10-07T20:27:16.4149009Z ADDING: res/drawable-xhdpi-v4/notification_bg_low_pressed.9.png
2026-10-07T20:27:16.4149407Z ADDING: res/drawable-xhdpi-v4/notification_bg_normal.9.png
2026-10-07T20:27:16.4149743Z ADDING: res/drawable-xhdpi-v4/notification_bg_normal_pressed.9.png
2026-10-07T20:27:16.4150092Z ADDING: res/drawable-xhdpi-v4/notify_panel_notification_icon_bg.png
2026-10-07T20:27:16.4150385Z ADDING: res/drawable/icon_background.xml
2026-10-07T20:27:16.4150703Z ADDING: res/drawable/notification_bg.xml
2026-10-07T20:27:16.4151035Z ADDING: res/drawable/notification_bg_low.xml
2026-10-07T20:27:16.4151492Z ADDING: res/drawable/notification_icon_background.xml
2026-10-07T20:27:16.4151830Z ADDING: res/drawable/notification_tile_bg.xml
2026-10-07T20:27:16.4152163Z ADDING: res/drawable/splash_branding_image.webp
2026-10-07T20:27:16.4152473Z ADDING: res/drawable/splash_icon.webp
2026-10-07T20:27:16.4152720Z ADDING: res/layout-v21/notification_action.xml
2026-10-07T20:27:16.4153005Z ADDING: res/layout-v21/notification_action_tombstone.xml
2026-10-07T20:27:16.4153336Z ADDING: res/layout-v21/notification_template_custom_big.xml
2026-10-07T20:27:16.4153651Z ADDING: res/layout-v21/notification_template_icon_group.xml
2026-10-07T20:27:16.4153914Z ADDING: res/layout/custom_dialog.xml
2026-10-07T20:27:16.4154145Z ADDING: res/layout/godot_app_layout.xml
2026-10-07T20:27:16.4154430Z ADDING: res/layout/notification_template_part_chronometer.xml
2026-10-07T20:27:16.4154742Z ADDING: res/layout/notification_template_part_time.xml
2026-10-07T20:27:16.4155027Z ADDING: res/layout/remote_godot_fragment_layout.xml
2026-10-07T20:27:16.4155287Z ADDING: res/layout/snackbar.xml
2026-10-07T20:27:16.4155515Z ADDING: res/layout/splash_screen_view.xml
2026-10-07T20:27:16.4155756Z ADDING: res/mipmap-anydpi-v26/icon.xml
2026-10-07T20:27:16.4155988Z ADDING: res/mipmap-hdpi-v4/icon.webp
2026-10-07T20:27:16.4156238Z ADDING: res/mipmap-hdpi-v4/icon_background.webp
2026-10-07T20:27:16.4156504Z ADDING: res/mipmap-hdpi-v4/icon_foreground.webp
2026-10-07T20:27:16.4156767Z ADDING: res/mipmap-hdpi-v4/icon_monochrome.webp
2026-10-07T20:27:16.4157017Z ADDING: res/mipmap-mdpi-v4/icon.webp
2026-10-07T20:27:16.4157389Z ADDING: res/mipmap-mdpi-v4/icon_background.webp
2026-10-07T20:27:16.4157693Z ADDING: res/mipmap-mdpi-v4/icon_foreground.webp
2026-10-07T20:27:16.4157962Z ADDING: res/mipmap-mdpi-v4/icon_monochrome.webp
2026-10-07T20:27:16.4158213Z ADDING: res/mipmap-xhdpi-v4/icon.webp
2026-10-07T20:27:16.4158475Z ADDING: res/mipmap-xhdpi-v4/icon_background.webp
2026-10-07T20:27:16.4158748Z ADDING: res/mipmap-xhdpi-v4/icon_foreground.webp
2026-10-07T20:27:16.4159017Z ADDING: res/mipmap-xhdpi-v4/icon_monochrome.webp
2026-10-07T20:27:16.4159276Z ADDING: res/mipmap-xxhdpi-v4/icon.webp
2026-10-07T20:27:16.4159534Z ADDING: res/mipmap-xxhdpi-v4/icon_background.webp
2026-10-07T20:27:16.4159808Z ADDING: res/mipmap-xxhdpi-v4/icon_foreground.webp
2026-10-07T20:27:16.4160078Z ADDING: res/mipmap-xxhdpi-v4/icon_monochrome.webp
2026-10-07T20:27:16.4160332Z ADDING: res/mipmap-xxxhdpi-v4/icon.webp
2026-10-07T20:27:16.4160593Z ADDING: res/mipmap-xxxhdpi-v4/icon_background.webp
2026-10-07T20:27:16.4160949Z ADDING: res/mipmap-xxxhdpi-v4/icon_foreground.webp
2026-10-07T20:27:16.4161419Z ADDING: res/mipmap-xxxhdpi-v4/icon_monochrome.webp
2026-10-07T20:27:16.4161687Z ADDING: res/mipmap/icon.webp
2026-10-07T20:27:16.4161914Z ADDING: res/mipmap/icon_background.webp
2026-10-07T20:27:16.4162154Z ADDING: res/mipmap/icon_foreground.webp
2026-10-07T20:27:16.4162494Z ADDING: res/mipmap/icon_monochrome.webp
2026-10-07T20:27:16.4162737Z ADDING: res/xml/godot_provider_paths.xml
2026-10-07T20:27:16.4162956Z ADDING: resources.arsc
2026-10-07T20:27:16.4163158Z ADDING: DebugProbesKt.bin
2026-10-07T20:27:16.4163407Z ADDING: kotlin/annotation/annotation.kotlin_builtins
2026-10-07T20:27:16.4163711Z ADDING: kotlin/collections/collections.kotlin_builtins
2026-10-07T20:27:16.4164016Z ADDING: kotlin/concurrent/atomics/atomics.kotlin_builtins
2026-10-07T20:27:16.4164312Z ADDING: kotlin/coroutines/coroutines.kotlin_builtins
2026-10-07T20:27:16.4164660Z ADDING: kotlin/internal/internal.kotlin_builtins
2026-10-07T20:27:16.4165020Z ADDING: kotlin/kotlin.kotlin_builtins
2026-10-07T20:27:16.4165317Z ADDING: kotlin/ranges/ranges.kotlin_builtins
2026-10-07T20:27:16.4165635Z ADDING: kotlin/reflect/reflect.kotlin_builtins
2026-10-07T20:27:16.4166145Z [   0% ] [90m[1mexport[22m | Adding files...[39m[0m
2026-10-07T20:27:16.4166471Z [  97% ] [90m[1mexport[22m | Aligning APK...[39m[0m
2026-10-07T20:27:16.4166798Z [  98% ] [90m[1mexport[22m | Signing debug APK...[39m[0m
2026-10-07T20:27:16.4167046Z Signing binary using: 
2026-10-07T20:27:16.4167819Z /usr/local/lib/android/sdk/build-tools/36.0.0/apksigner sign --verbose --ks <REDACTED> --ks-pass pass:<REDACTED> --ks-key-alias <REDACTED> /home/runner/work/Emberfall-Ashen-Veil/Emberfall-Ashen-Veil/build/emberfall-pixel-probe.apk
2026-10-07T20:27:16.4168466Z Signed
2026-10-07T20:27:16.4168561Z 
2026-10-07T20:27:16.4168745Z [  99% ] [90m[1mexport[22m | Verifying APK...[39m[0m
2026-10-07T20:27:16.4169039Z [92m[ DONE ][39m [1mexport[22m
2026-10-07T20:27:16.4169237Z [0m
2026-10-07T20:27:16.4169469Z cannot connect to daemon at tcp:5037: Connection refused
2026-10-07T20:27:16.4170127Z Offline QA artifact only: /home/runner/work/Emberfall-Ashen-Veil/Emberfall-Ashen-Veil/build/emberfall-pixel-probe.apk
2026-10-07T20:27:16.8404667Z ##[group]Run echo 'KERNEL=="kvm", GROUP="kvm", MODE="0666", OPTIONS+="static_node=kvm"' | sudo tee /etc/udev/rules.d/99-kvm4all.rules
2026-10-07T20:27:16.8405318Z [36;1mecho 'KERNEL=="kvm", GROUP="kvm", MODE="0666", OPTIONS+="static_node=kvm"' | sudo tee /etc/udev/rules.d/99-kvm4all.rules[0m
2026-10-07T20:27:16.8405730Z [36;1msudo udevadm control --reload-rules[0m
2026-10-07T20:27:16.8405994Z [36;1msudo udevadm trigger --name-match=kvm[0m
2026-10-07T20:27:16.8443940Z shell: /usr/bin/bash -e {0}
2026-10-07T20:27:16.8444175Z env:
2026-10-07T20:27:16.8444423Z   JAVA_HOME: /opt/hostedtoolcache/Java_Temurin-Hotspot_jdk/17.0.20-1/x64
2026-10-07T20:27:16.8444780Z   JAVA_HOME_17_X64: /opt/hostedtoolcache/Java_Temurin-Hotspot_jdk/17.0.20-1/x64
2026-10-07T20:27:16.8445074Z   MAVEN_ARGS: -ntp
2026-10-07T20:27:16.8445248Z   ANDROID_HOME: /usr/local/lib/android/sdk
2026-10-07T20:27:16.8445469Z   ANDROID_SDK_ROOT: /usr/local/lib/android/sdk
2026-10-07T20:27:16.8445680Z ##[endgroup]
2026-10-07T20:27:16.8553655Z KERNEL=="kvm", GROUP="kvm", MODE="0666", OPTIONS+="static_node=kvm"
2026-10-07T20:27:16.8839182Z ##[group]Run ReactiveCircus/android-emulator-runner@v2
2026-10-07T20:27:16.8839465Z with:
2026-10-07T20:27:16.8839625Z   api-level: 36
2026-10-07T20:27:16.8839800Z   target: google_apis
2026-10-07T20:27:16.8839971Z   arch: x86_64
2026-10-07T20:27:16.8840142Z   profile: pixel_6
2026-10-07T20:27:16.8840318Z   disable-animations: true
2026-10-07T20:27:16.8840656Z   emulator-options: -no-window -gpu swangle -noaudio -no-boot-anim -no-snapshot -camera-back none
2026-10-07T20:27:16.8842664Z   script: # The software renderer reached about 90% of the exact one-hour AFK
# ledger at the previous 300-second deadline. Keep all assertions and
# cold-restart coverage; allow this CI-only replay more wall time.
if [ "" != "true" ]; then python3 scripts/android_beta_smoke.py --timeout-seconds 900 --apk build/emberfall-afk-qa.apk; fi
adb shell wm size 1080x2424
python3 scripts/android_beta_smoke.py --success-only --apk build/emberfall-success-qa.apk --output build/android-success-runtime
python3 scripts/android_beta_smoke.py --art-only --apk build/emberfall-art-qa.apk --output build/android-art-runtime

2026-10-07T20:27:16.8844268Z   cores: 2
2026-10-07T20:27:16.8844423Z   avd-name: test
2026-10-07T20:27:16.8844600Z   force-avd-creation: true
2026-10-07T20:27:16.8844804Z   emulator-boot-timeout: 600
2026-10-07T20:27:16.8845007Z   emulator-port: 5554
2026-10-07T20:27:16.8845199Z   disable-spellchecker: false
2026-10-07T20:27:16.8845404Z   disable-linux-hw-accel: auto
2026-10-07T20:27:16.8845604Z   enable-hw-keyboard: false
2026-10-07T20:27:16.8845791Z   channel: stable
2026-10-07T20:27:16.8845951Z env:
2026-10-07T20:27:16.8846314Z   JAVA_HOME: /opt/hostedtoolcache/Java_Temurin-Hotspot_jdk/17.0.20-1/x64
2026-10-07T20:27:16.8846698Z   JAVA_HOME_17_X64: /opt/hostedtoolcache/Java_Temurin-Hotspot_jdk/17.0.20-1/x64
2026-10-07T20:27:16.8846995Z   MAVEN_ARGS: -ntp
2026-10-07T20:27:16.8847182Z   ANDROID_HOME: /usr/local/lib/android/sdk
2026-10-07T20:27:16.8847435Z   ANDROID_SDK_ROOT: /usr/local/lib/android/sdk
2026-10-07T20:27:16.8847735Z   EMBERFALL_SOURCE_COMMIT: f8b99a84b4c96a87c4ecedf42217f448a2988d81
2026-10-07T20:27:16.8848007Z ##[endgroup]
2026-10-07T20:27:16.9299261Z ##[group]Configure emulator
2026-10-07T20:27:16.9300296Z API level: 36
2026-10-07T20:27:16.9300601Z System image API level: 36
2026-10-07T20:27:16.9300911Z target: google_apis
2026-10-07T20:27:16.9301316Z CPU architecture: x86_64
2026-10-07T20:27:16.9301580Z Hardware profile: pixel_6
2026-10-07T20:27:16.9301763Z Cores: 2
2026-10-07T20:27:16.9302993Z RAM size: 
2026-10-07T20:27:16.9303272Z Heap size: 
2026-10-07T20:27:16.9303733Z SD card path or size: 
2026-10-07T20:27:16.9304259Z Disk size: 
2026-10-07T20:27:16.9304683Z AVD name: test
2026-10-07T20:27:16.9304996Z force avd creation: true
2026-10-07T20:27:16.9305409Z Emulator boot timeout: 600
2026-10-07T20:27:16.9305836Z emulator port: 5554
2026-10-07T20:27:16.9306450Z emulator options: -no-window -gpu swangle -noaudio -no-boot-anim -no-snapshot -camera-back none
2026-10-07T20:27:16.9307131Z disable animations: true
2026-10-07T20:27:16.9307498Z disable spellchecker: false
2026-10-07T20:27:16.9307936Z disable Linux hardware acceleration: false
2026-10-07T20:27:16.9308442Z enable hardware keyboard: false
2026-10-07T20:27:16.9308849Z Channel: 0 (stable)
2026-10-07T20:27:16.9309095Z Script:
2026-10-07T20:27:16.9309829Z if [ "" != "true" ]; then python3 scripts/android_beta_smoke.py --timeout-seconds 900 --apk build/emberfall-afk-qa.apk; fi
2026-10-07T20:27:16.9310552Z adb shell wm size 1080x2424
2026-10-07T20:27:16.9311533Z python3 scripts/android_beta_smoke.py --success-only --apk build/emberfall-success-qa.apk --output build/android-success-runtime
2026-10-07T20:27:16.9312654Z python3 scripts/android_beta_smoke.py --art-only --apk build/emberfall-art-qa.apk --output build/android-art-runtime
2026-10-07T20:27:16.9313396Z Pre emulator launch script:
2026-10-07T20:27:16.9314020Z ##[endgroup]
2026-10-07T20:27:16.9314579Z ##[group]Install Android SDK
2026-10-07T20:27:16.9353662Z [command]/usr/bin/sh -c \yes | sdkmanager --licenses > /dev/null
2026-10-07T20:27:22.5171683Z Installing latest build tools, platform tools, and platform.
2026-10-07T20:27:22.5182701Z [command]/usr/bin/sh -c \sdkmanager --install 'build-tools;37.0.0' platform-tools 'platforms;android-36'> /dev/null
2026-10-07T20:27:23.7074850Z Installing latest emulator.
2026-10-07T20:27:23.7085352Z [command]/usr/bin/sh -c \sdkmanager --install emulator --channel=0 > /dev/null
2026-10-07T20:27:33.0793490Z Installing system images.
2026-10-07T20:27:33.0804984Z [command]/usr/bin/sh -c \sdkmanager --install 'system-images;android-36;google_apis;x86_64' --channel=0 > /dev/null
2026-10-07T20:28:08.7213583Z ##[endgroup]
2026-10-07T20:28:08.7214684Z ##[group]Create AVD
2026-10-07T20:28:08.7215216Z Creating AVD.
2026-10-07T20:28:08.7237244Z [command]/usr/bin/sh -c \echo no | avdmanager create avd --force -n test --package 'system-images;android-36;google_apis;x86_64' --device 'pixel_6'
2026-10-07T20:28:09.3552711Z Loading local repository...                                                     
2026-10-07T20:28:09.3553852Z [=========                              ] 25% Loading local repository...       
2026-10-07T20:28:09.3554901Z [=========                              ] 25% Fetch remote repository...        
2026-10-07T20:28:09.3555508Z [=======================================] 100% Fetch remote repository...       
2026-10-07T20:28:10.0507512Z Auto-selecting single ABI x86_64
2026-10-07T20:28:10.5750546Z [command]/usr/bin/sh -c \printf 'hw.cpu.ncore=2\n' >> /home/runner/.android/avd/test.avd/config.ini
2026-10-07T20:28:10.5772995Z ##[endgroup]
2026-10-07T20:28:10.5773830Z ##[group]Launch Emulator
2026-10-07T20:28:10.5774123Z Starting emulator.
2026-10-07T20:28:10.5789185Z [command]/usr/bin/sh -c \/usr/local/lib/android/sdk/emulator/emulator -port 5554 -avd test -no-window -gpu swangle -noaudio -no-boot-anim -no-snapshot -camera-back none &
2026-10-07T20:28:10.5890895Z INFO         | Android emulator version 37.2.12.0 (build_id 16428233) (CL:N/A)
2026-10-07T20:28:10.5891565Z INFO         | Graphics backend: gfxstream
2026-10-07T20:28:10.5892051Z INFO         | Found systemPath /usr/local/lib/android/sdk/system-images/android-36/google_apis/x86_64/
2026-10-07T20:28:10.6281910Z INFO         | Saving last run QEMU version for the AVD to 2
2026-10-07T20:28:10.6282508Z INFO         | Guest usage of host flag 'VulkanVirtualQueue' will be ignored.
2026-10-07T20:28:10.6282977Z INFO         | Increasing RAM size to 2560MB
2026-10-07T20:28:10.6283401Z ##############################################################################
2026-10-07T20:28:10.6283882Z ##                        WARNING - ACTION REQUIRED                         ##
2026-10-07T20:28:10.6284463Z ##  Consider using the '-metrics-collection' flag to help improve the       ##
2026-10-07T20:28:10.6285052Z ##  emulator by sending anonymized usage data. Or use the '-no-metrics'     ##
2026-10-07T20:28:10.6285636Z ##  flag to bypass this warning and turn off the metrics collection.        ##
2026-10-07T20:28:10.6286215Z ##  In a future release this warning will turn into a one-time blocking     ##
2026-10-07T20:28:10.6286788Z ##  prompt to ask for explicit user input regarding metrics collection.     ##
2026-10-07T20:28:10.6287269Z ##                                                                          ##
2026-10-07T20:28:10.6287769Z ##  Please see '-help-metrics-collection' for more details. You can use     ##
2026-10-07T20:28:10.6288309Z ##  '-metrics-to-file' or '-metrics-to-console' flags to see what type of   ##
2026-10-07T20:28:10.6288842Z ##  data is being collected by emulator as part of usage statistics.        ##
2026-10-07T20:28:10.6289307Z ##############################################################################
2026-10-07T20:28:10.6289693Z INFO         | Guest GLES Driver: Auto (ext controls)
2026-10-07T20:28:10.6290610Z INFO         | emuglConfig_init: vulkan_mode_selected:swiftshader gles_mode_selected:swangle
2026-10-07T20:28:10.6291390Z INFO         | Checking system compatibility:
2026-10-07T20:28:10.6292020Z INFO         |   Checking: hasSufficientDiskSpace
2026-10-07T20:28:10.6294006Z INFO         |      Ok: Disk space requirements to run avd: `test` are met
2026-10-07T20:28:10.6294464Z INFO         |   Checking: hasSufficientHwGpu
2026-10-07T20:28:10.6294843Z INFO         |      Ok: Hardware GPU compatibility checks are not required
2026-10-07T20:28:10.6295173Z INFO         |   Checking: hasSufficientSystem
2026-10-07T20:28:10.6295509Z INFO         |      Ok: System requirements to run avd: `test` are met
2026-10-07T20:28:10.6296202Z WARNING      | Feature QuickbootFileBacked is disabled due to stability issues, if you really want that, the environment variable ANDROID_EMU_FORCE_QUICKBOOT_FILE_BACKED need to set to 1
2026-10-07T20:28:10.7975716Z ERROR        | Unable to connect to adb daemon on port: 5037
2026-10-07T20:28:10.7990608Z INFO         | Storing crashdata in: /tmp/android-runner/emu-crash-37.2.12.db, detection is enabled for process: 3403
2026-10-07T20:28:10.7991406Z INFO         | Initializing gfxstream backend
2026-10-07T20:28:10.7999767Z INFO         | startOpenglesRendererImpl: gpu info
2026-10-07T20:28:10.8000157Z INFO         | 
2026-10-07T20:28:10.8002417Z INFO         | initIcdPaths: ICD set to 'swiftshader', using Swiftshader ICD
2026-10-07T20:28:10.8003231Z INFO         | Setting ICD filenames for the loader = /usr/local/lib/android/sdk/emulator/lib64/vulkan/vk_swiftshader_icd.json
2026-10-07T20:28:10.8004147Z INFO         | SharedLibrary::open for [/usr/local/lib/android/sdk/emulator/qemu/linux-x86_64/lib64/vulkan/libvulkan.so]
2026-10-07T20:28:10.8009923Z INFO         | SharedLibrary::open for [/usr/local/lib/android/sdk/emulator/qemu/linux-x86_64/lib64/vulkan/libvulkan.so.1]
2026-10-07T20:28:10.8010810Z INFO         | SharedLibrary::open for [/usr/local/lib/android/sdk/emulator/lib64/vulkan/libvulkan.so]
2026-10-07T20:28:10.8011505Z INFO         | Added library: /usr/local/lib/android/sdk/emulator/lib64/vulkan/libvulkan.so
2026-10-07T20:28:10.8046424Z INFO         | Selecting Vulkan device: SwiftShader Device (Subzero), Version: 1.3.0
2026-10-07T20:28:10.8047037Z INFO         | Using Vulkan externalMemoryMode: OpaqueFd for VkEmulation
2026-10-07T20:28:10.8263686Z INFO         | Format VK_FORMAT_G10X6_B10X6R10X6_2PLANE_422_UNORM_3PACK16 does not support YCbCr sampler conversion
2026-10-07T20:28:10.8302945Z INFO         | SharedLibrary::open for [libX11]
2026-10-07T20:28:10.8303572Z WARNING      | Could not open libX11.so, try libX11.so.6
2026-10-07T20:28:10.8303998Z INFO         | SharedLibrary::open for [libX11.so.6]
2026-10-07T20:28:10.8304344Z INFO         | SharedLibrary::open for [libX11-xcb]
2026-10-07T20:28:10.8304743Z WARNING      | Could not open libX11-xcb.so, try libX11-xcb.so.1
2026-10-07T20:28:10.8305069Z INFO         | SharedLibrary::open for [libX11-xcb.so.1]
2026-10-07T20:28:10.8389544Z INFO         | Initializing VkEmulation features:
2026-10-07T20:28:10.8390161Z INFO         |     glInteropSupported: false
2026-10-07T20:28:10.8390684Z INFO         |     useDeferredCommands: true
2026-10-07T20:28:10.8391159Z INFO         |     createResourceWithRequirements: true
2026-10-07T20:28:10.8391900Z INFO         |     useVulkanComposition: false
2026-10-07T20:28:10.8392397Z INFO         |     useVulkanNativeSwapchain: false
2026-10-07T20:28:10.8392872Z INFO         |     enable guestRenderDoc: false
2026-10-07T20:28:10.8393330Z INFO         |     ASTC LDR emulation mode: Gpu
2026-10-07T20:28:10.8393767Z INFO         |     enable ETC2 emulation: true
2026-10-07T20:28:10.8394231Z INFO         |     enable Ycbcr emulation: false
2026-10-07T20:28:10.8394659Z INFO         |     guestVulkanOnly: false
2026-10-07T20:28:10.8395159Z INFO         |     useDedicatedAllocations: false
2026-10-07T20:28:10.8395624Z INFO         |     guestVulkanMaxApiVersion: 1.3.0
2026-10-07T20:28:10.8396116Z INFO         |     enableProtectedMemoryEmulation: false
2026-10-07T20:28:10.8431047Z INFO         | Graphics Adapter Vendor Google (Google Inc. (Google))
2026-10-07T20:28:10.8432509Z INFO         | Graphics Adapter Android Emulator OpenGL ES Translator (ANGLE (Google, Vulkan 1.3.0 (SwiftShader Device (Subzero) (0x0000C0DE)), SwiftShader driver-5.0.0))
2026-10-07T20:28:10.8433428Z INFO         | Graphics API Version OpenGL ES 3.0 (OpenGL ES 3.1.0 (ANGLE 2.1.17841 git hash: 5fa2e61da947))
2026-10-07T20:28:10.8436249Z INFO         | Graphics API Extensions GL_OES_EGL_sync GL_OES_EGL_image GL_OES_EGL_image_external GL_OES_depth24 GL_OES_depth32 GL_OES_element_index_uint GL_OES_texture_float GL_OES_texture_float_linear GL_OES_compressed_paletted_texture GL_OES_compressed_ETC1_RGB8_texture GL_OES_depth_texture GL_OES_texture_half_float GL_OES_texture_half_float_linear GL_OES_packed_depth_stencil GL_OES_vertex_half_float GL_OES_standard_derivatives GL_OES_texture_npot GL_OES_rgb8_rgba8 GL_OVR_multiview2 GL_EXT_color_buffer_float GL_EXT_color_buffer_half_float GL_EXT_texture_format_BGRA8888 GL_APPLE_texture_format_BGRA8888 GL_EXT_draw_buffers_indexed GL_EXT_clip_cull_distance 
2026-10-07T20:28:10.8437978Z INFO         | Graphics Device Extensions N/A
2026-10-07T20:28:10.8438270Z INFO         | Disabling sparse binding feature support
2026-10-07T20:28:10.8448737Z ERROR        | Setting read-only feature 'GLAsyncSwap' to '0'
2026-10-07T20:28:10.8449413Z INFO         | Feature 'GLAsyncSwap' (50) is overridden to 'disabled'
2026-10-07T20:28:10.8456425Z INFO         | Sending adb public key [QAAAAJOjMTRlDfT5A4zVT2qSmrYG/PkbBd3AhDAzxiD24OdJ+YMfZ16SOUHD1m+UjTAXgMGshD81uPyodjAWzlyHHzQOQltzEGX9Wb7otqxmZ2EwN1yVny3Cw+Bwfrq8MwV+85P/Re7c2IQrWME9xN+Tz5wfsRgJa8p7+ipkFHWG56KLNnuQF0+qzZn/5xl/EoHYWgR7Wh0Lren8i5Grh4Tq4zDAfkr38hm2r+MF/F/TMb8oN4VdHBXAGdTXalqTNXT5cGu6bcwSb4Y+DXnd3eRhRn0aGW8GFUYh87PRHRb3c9nu0xspxdXYqNCTO64g6GIBPGaUdb1J3RhrkyLZ9NEmmUHLHxnZKUTWKDhxH/qUdEyzJv8fHIjwULgBkVIKgAchNZym+MnJQPH3ipYXAt8pRriTPanZS5o63A29JveJxSHfoSm4g/JNTMW0soPv080+L9InCpyZ6io1MAD7KnbSu06rOwmfUk9yuxXbEL9n7q9ZpE9q5qsEuaa05YqeePJSVcJ6Z/dpBXyRSEYPI9lLS9ggKTqJ5gW1MO5EFhjqHMTQ5j5IUOHeBMbjrnOGQV/fY++NZadQ7sw1IcDe/3BKvdh52qxc7vNnAvGk92laIp6vHZRiGc2YUCcgk0og8yK5HPbHp6eDB7p+CFDH6mWcEhrUd8+rXg4mKLQOD6QpNQWtVC4fjQEAAQA= runner@unknown]
2026-10-07T20:28:10.8459247Z INFO         | Userspace boot properties:
2026-10-07T20:28:10.8459932Z INFO         |   androidboot.boot_devices=pci0000:00/0000:00:03.0 pci0000:00/0000:00:06.0
2026-10-07T20:28:10.8460417Z INFO         |   androidboot.dalvik.vm.heapsize=576m
2026-10-07T20:28:10.8460804Z INFO         |   androidboot.debug.hwui.renderer=skiagl
2026-10-07T20:28:10.8461336Z INFO         |   androidboot.debug.sf.nobootanimation=1
2026-10-07T20:28:10.8461639Z INFO         |   androidboot.hardware=ranchu
2026-10-07T20:28:10.8461928Z INFO         |   androidboot.hardware.gltransport=pipe
2026-10-07T20:28:10.8462218Z INFO         |   androidboot.hardware.vulkan=ranchu
2026-10-07T20:28:10.8462492Z INFO         |   androidboot.logcat=*:V
2026-10-07T20:28:10.8462767Z INFO         |   androidboot.opengles.version=196609
2026-10-07T20:28:10.8463021Z INFO         |   androidboot.qemu=1
2026-10-07T20:28:10.8465719Z INFO         |   androidboot.qemu.adb.pubkey=QAAAAJOjMTRlDfT5A4zVT2qSmrYG/PkbBd3AhDAzxiD24OdJ+YMfZ16SOUHD1m+UjTAXgMGshD81uPyodjAWzlyHHzQOQltzEGX9Wb7otqxmZ2EwN1yVny3Cw+Bwfrq8MwV+85P/Re7c2IQrWME9xN+Tz5wfsRgJa8p7+ipkFHWG56KLNnuQF0+qzZn/5xl/EoHYWgR7Wh0Lren8i5Grh4Tq4zDAfkr38hm2r+MF/F/TMb8oN4VdHBXAGdTXalqTNXT5cGu6bcwSb4Y+DXnd3eRhRn0aGW8GFUYh87PRHRb3c9nu0xspxdXYqNCTO64g6GIBPGaUdb1J3RhrkyLZ9NEmmUHLHxnZKUTWKDhxH/qUdEyzJv8fHIjwULgBkVIKgAchNZym+MnJQPH3ipYXAt8pRriTPanZS5o63A29JveJxSHfoSm4g/JNTMW0soPv080+L9InCpyZ6io1MAD7KnbSu06rOwmfUk9yuxXbEL9n7q9ZpE9q5qsEuaa05YqeePJSVcJ6Z/dpBXyRSEYPI9lLS9ggKTqJ5gW1MO5EFhjqHMTQ5j5IUOHeBMbjrnOGQV/fY++NZadQ7sw1IcDe/3BKvdh52qxc7vNnAvGk92laIp6vHZRiGc2YUCcgk0og8yK5HPbHp6eDB7p+CFDH6mWcEhrUd8+rXg4mKLQOD6QpNQWtVC4fjQEAAQA= runner@unknown
2026-10-07T20:28:10.8467956Z INFO         |   androidboot.qemu.avd_name=test
2026-10-07T20:28:10.8468253Z INFO         |   androidboot.qemu.camera_hq_edge_processing=0
2026-10-07T20:28:10.8468555Z INFO         |   androidboot.qemu.camera_protocol_ver=1
2026-10-07T20:28:10.8469008Z INFO         |   androidboot.qemu.cpuvulkan.version=4206592
2026-10-07T20:28:10.8469352Z INFO         |   androidboot.qemu.gltransport.drawFlushInterval=800
2026-10-07T20:28:10.8469670Z INFO         |   androidboot.qemu.gltransport.name=pipe
2026-10-07T20:28:10.8469954Z INFO         |   androidboot.qemu.hwcodec.avcdec=2
2026-10-07T20:28:10.8470232Z INFO         |   androidboot.qemu.hwcodec.hevcdec=2
2026-10-07T20:28:10.8470500Z INFO         |   androidboot.qemu.hwcodec.vpxdec=2
2026-10-07T20:28:10.8470843Z INFO         |   androidboot.qemu.settings.system.screen_off_timeout=2147483647
2026-10-07T20:28:10.8471286Z INFO         |   androidboot.qemu.skin=1080x2400
2026-10-07T20:28:10.8471672Z INFO         |   androidboot.qemu.virtiowifi=1
2026-10-07T20:28:10.8471929Z INFO         |   androidboot.qemu.vsync=60
2026-10-07T20:28:10.8472202Z INFO         |   androidboot.serialno=EMULATOR37X2X12X0
2026-10-07T20:28:10.8472632Z INFO         |   androidboot.vbmeta.digest=7466b5c28e6a3e1427b22ed2c317c6c7066294bde838d4d5243cce5d37992bd5
2026-10-07T20:28:10.8473020Z INFO         |   androidboot.vbmeta.hash_alg=sha256
2026-10-07T20:28:10.8473278Z INFO         |   androidboot.vbmeta.size=6848
2026-10-07T20:28:10.8473536Z INFO         |   androidboot.veritymode=enforcing
2026-10-07T20:28:10.8599967Z WARNING: cannnot unmap ptr 0x7fdf76401000 as it is in the protected range from 0x7fded6400000 to 0x7fdf76600000
2026-10-07T20:28:10.8833852Z INFO         | Monitoring duration of emulator setup.
2026-10-07T20:28:11.8679388Z INFO         | Activated packet streamer for bluetooth emulation
2026-10-07T20:28:11.8694395Z INFO         | Successfully initialized netsim WiFi
2026-10-07T20:28:11.8695422Z INFO         | Activated packet streamer for uwb emulation
2026-10-07T20:28:11.8729138Z INFO         | Setting display: 0 configuration to: 1080x2400, dpi: 420x420 
2026-10-07T20:28:11.8729661Z INFO         | setDisplayActiveConfig: id:0, 1080x2400
2026-10-07T20:28:11.8730241Z INFO         | emulatorSetupEnvironment: Environment scene is not required
2026-10-07T20:28:11.8801470Z USER_INFO    | Emulator is performing a full startup. This may take upto two minutes, or more.
2026-10-07T20:28:11.8802522Z WARNING      | Failed to process .ini file /home/runner/.android/emu-update-last-check.ini for reading.
2026-10-07T20:28:12.0892952Z WARNING      | Failed to process .ini file /home/runner/.android/emu-update-last-check.ini for reading.
2026-10-07T20:28:20.5850290Z [command]/usr/local/lib/android/sdk/platform-tools/adb -s emulator-5554 shell getprop sys.boot_completed
2026-10-07T20:28:20.5882506Z * daemon not running; starting now at tcp:5037
2026-10-07T20:28:20.5908411Z * daemon started successfully
2026-10-07T20:28:20.5913469Z adb: device offline
2026-10-07T20:28:20.5921632Z The process '/usr/local/lib/android/sdk/platform-tools/adb' failed with exit code 1
2026-10-07T20:28:22.5954857Z [command]/usr/local/lib/android/sdk/platform-tools/adb -s emulator-5554 shell getprop sys.boot_completed
2026-10-07T20:28:22.5985436Z adb: device offline
2026-10-07T20:28:22.5989772Z The process '/usr/local/lib/android/sdk/platform-tools/adb' failed with exit code 1
2026-10-07T20:28:24.6032581Z [command]/usr/local/lib/android/sdk/platform-tools/adb -s emulator-5554 shell getprop sys.boot_completed
2026-10-07T20:28:24.6063451Z adb: device offline
2026-10-07T20:28:24.6069328Z The process '/usr/local/lib/android/sdk/platform-tools/adb' failed with exit code 1
2026-10-07T20:28:26.6112415Z [command]/usr/local/lib/android/sdk/platform-tools/adb -s emulator-5554 shell getprop sys.boot_completed
2026-10-07T20:28:26.6142560Z adb: device offline
2026-10-07T20:28:26.6146280Z The process '/usr/local/lib/android/sdk/platform-tools/adb' failed with exit code 1
2026-10-07T20:28:28.6189737Z [command]/usr/local/lib/android/sdk/platform-tools/adb -s emulator-5554 shell getprop sys.boot_completed
2026-10-07T20:28:28.6232756Z adb: device offline
2026-10-07T20:28:28.6236021Z The process '/usr/local/lib/android/sdk/platform-tools/adb' failed with exit code 1
2026-10-07T20:28:30.6294085Z [command]/usr/local/lib/android/sdk/platform-tools/adb -s emulator-5554 shell getprop sys.boot_completed
2026-10-07T20:28:30.6983356Z 
2026-10-07T20:28:32.7033638Z [command]/usr/local/lib/android/sdk/platform-tools/adb -s emulator-5554 shell getprop sys.boot_completed
2026-10-07T20:28:32.7265290Z 
2026-10-07T20:28:34.7297016Z [command]/usr/local/lib/android/sdk/platform-tools/adb -s emulator-5554 shell getprop sys.boot_completed
2026-10-07T20:28:34.7632203Z 
2026-10-07T20:28:36.7646042Z [command]/usr/local/lib/android/sdk/platform-tools/adb -s emulator-5554 shell getprop sys.boot_completed
2026-10-07T20:28:36.7813024Z 
2026-10-07T20:28:38.7842994Z [command]/usr/local/lib/android/sdk/platform-tools/adb -s emulator-5554 shell getprop sys.boot_completed
2026-10-07T20:28:38.8002423Z 
2026-10-07T20:28:40.8052129Z [command]/usr/local/lib/android/sdk/platform-tools/adb -s emulator-5554 shell getprop sys.boot_completed
2026-10-07T20:28:40.8202104Z 
2026-10-07T20:28:42.8252127Z [command]/usr/local/lib/android/sdk/platform-tools/adb -s emulator-5554 shell getprop sys.boot_completed
2026-10-07T20:28:42.9102186Z 
2026-10-07T20:28:44.9140065Z [command]/usr/local/lib/android/sdk/platform-tools/adb -s emulator-5554 shell getprop sys.boot_completed
2026-10-07T20:28:44.9307834Z 
2026-10-07T20:28:46.9337019Z [command]/usr/local/lib/android/sdk/platform-tools/adb -s emulator-5554 shell getprop sys.boot_completed
2026-10-07T20:28:46.9553565Z 
2026-10-07T20:28:48.9635885Z [command]/usr/local/lib/android/sdk/platform-tools/adb -s emulator-5554 shell getprop sys.boot_completed
2026-10-07T20:28:49.0432228Z 
2026-10-07T20:28:51.0483063Z [command]/usr/local/lib/android/sdk/platform-tools/adb -s emulator-5554 shell getprop sys.boot_completed
2026-10-07T20:28:51.1855367Z 
2026-10-07T20:28:53.2012919Z [command]/usr/local/lib/android/sdk/platform-tools/adb -s emulator-5554 shell getprop sys.boot_completed
2026-10-07T20:28:53.3561810Z 
2026-10-07T20:28:55.3592598Z [command]/usr/local/lib/android/sdk/platform-tools/adb -s emulator-5554 shell getprop sys.boot_completed
2026-10-07T20:28:55.4286437Z 1
2026-10-07T20:28:55.4286840Z Emulator booted.
2026-10-07T20:28:55.4363028Z [command]/usr/local/lib/android/sdk/platform-tools/adb -s emulator-5554 shell input keyevent 82
2026-10-07T20:28:55.5154195Z INFO         | Boot completed in 44903 ms
2026-10-07T20:28:55.5154969Z INFO         | Increasing screen off timeout, logcat buffer size to 2M.
2026-10-07T20:28:56.0242568Z Disabling animations.
2026-10-07T20:28:56.0243516Z [command]/usr/local/lib/android/sdk/platform-tools/adb -s emulator-5554 shell settings put global window_animation_scale 0.0
2026-10-07T20:28:56.1828496Z [command]/usr/local/lib/android/sdk/platform-tools/adb -s emulator-5554 shell settings put global transition_animation_scale 0.0
2026-10-07T20:28:56.3542982Z [command]/usr/local/lib/android/sdk/platform-tools/adb -s emulator-5554 shell settings put global animator_duration_scale 0.0
2026-10-07T20:28:56.6342406Z ##[endgroup]
2026-10-07T20:28:56.6379296Z [command]/usr/bin/sh -c if [ "" != "true" ]; then python3 scripts/android_beta_smoke.py --timeout-seconds 900 --apk build/emberfall-afk-qa.apk; fi
2026-10-07T20:30:32.5934016Z INFO         | Created VkInstance:0x55610790e000 for application:'' engine:''.
2026-10-07T20:30:33.7662815Z INFO         | Destroyed VkInstance:0x55610790e000 for application:'' engine:''.
2026-10-07T20:35:26.7552851Z ANDROID_RUNTIME_MARKER verified launch=1 elapsed_seconds=358.878 pids=[2938] marker=ANDROID_BETA_PASS exact AFK ledger
2026-10-07T20:35:40.6618770Z ANDROID_RUNTIME_MARKER verified launch=2 elapsed_seconds=13.324 pids=[6163] marker=ANDROID_BETA_PASS restart does not repeat
2026-10-07T20:35:41.2731992Z ANDROID BETA RUNTIME VERIFIED: cooperative AFK, exact rewards and cold restart without duplicate settlement
2026-10-07T20:35:41.2842344Z [command]/usr/bin/sh -c adb shell wm size 1080x2424
2026-10-07T20:35:41.4149809Z [command]/usr/bin/sh -c python3 scripts/android_beta_smoke.py --success-only --apk build/emberfall-success-qa.apk --output build/android-success-runtime
2026-10-07T20:36:42.8714855Z ANDROID_RUNTIME_MARKER verified launch=1 elapsed_seconds=55.126 pids=[6379] marker=ANDROID_SUCCESS_PASS first descent, class relic and combined oath UI
2026-10-07T20:36:56.1633165Z ANDROID_RUNTIME_MARKER verified launch=2 elapsed_seconds=12.526 pids=[6603] marker=ANDROID_SUCCESS_PASS restart preserves combined oaths
2026-10-07T20:36:56.1639278Z ANDROID SUCCESS LOOP VERIFIED: first fight, skill inspection and resume, one-time relic, gear protection, bag filters, combined oaths and cold restart
2026-10-07T20:36:56.1747273Z [command]/usr/bin/sh -c python3 scripts/android_beta_smoke.py --art-only --apk build/emberfall-art-qa.apk --output build/android-art-runtime
2026-10-07T20:36:57.9875939Z ERROR        | DisplaySurfaceGlContextHelper context was preempted by others, current=0x3, needed=0x3, thread=0x55610c2bae68
2026-10-07T20:36:57.9877070Z ERROR        | Failed to restore previous context: 12297
2026-10-07T20:42:00.3513058Z ANDROID_RUNTIME_MARKER verified launch=1 elapsed_seconds=299.72 pids=[6763] marker=ANDROID_ART_PASS all four regions rendered
2026-10-07T20:42:03.0235410Z ANDROID ART VERIFIED: four guardian scenes, native 65-bone 3D skins, bound artist clips, actual body/prop geometry, lit materials and moving screenshots
2026-10-07T20:42:03.0340249Z ##[group]Terminate Emulator
2026-10-07T20:42:03.0359769Z [command]/usr/local/lib/android/sdk/platform-tools/adb -s emulator-5554 emu kill
2026-10-07T20:42:03.0402033Z OK: killing emulator, bye bye
2026-10-07T20:42:03.0433269Z OK
2026-10-07T20:42:03.0434204Z INFO         | Wait for emulator (pid 3403) 20 seconds to shutdown gracefully before kill;you can set environment variable ANDROID_EMULATOR_WAIT_TIME_BEFORE_KILL(in seconds) to change the default value (20 seconds)
2026-10-07T20:42:03.0435046Z 
2026-10-07T20:42:03.0437526Z ##[endgroup]
2026-10-07T20:42:03.0868677Z USER_INFO    | Snapshots have been disabled by the user, save request is ignored.
2026-10-07T20:42:03.0892237Z INFO         | Saving snapshot 'default_boot' took 0 ms
2026-10-07T20:42:03.2335145Z ERROR        | stop: Not implemented
2026-10-07T20:42:03.2372596Z WARNING      | Emulator client has not yet been configured.. Call configure me first!
2026-10-07T20:42:03.2706471Z INFO         | removeAll
2026-10-07T20:42:04.1217656Z WARNING      | Netsim Wifi dns:///localhost:42663 is gone due to Stream removed (CANCELLED)
2026-10-07T20:42:04.1256101Z INFO         | ipv6:%5B::1%5D:42663: Got goaway [2] err=UNAVAILABLE:GOAWAY received; Error code: 2; Debug Text: Cancelling all calls {http2_error:2}
2026-10-07T20:42:05.1426487Z ##[group]Run actions/upload-artifact@v7
2026-10-07T20:42:05.1426756Z with:
2026-10-07T20:42:05.1426964Z   name: emberfall-android-beta-runtime-evidence
2026-10-07T20:42:05.1427528Z   path: build/android-qa-export.log
build/android-beta-runtime
build/android-art-runtime
build/android-success-runtime
2026-10-07T20:42:05.1428130Z   if-no-files-found: warn
2026-10-07T20:42:05.1428325Z   retention-days: 14
2026-10-07T20:42:05.1428500Z   compression-level: 6
2026-10-07T20:42:05.1428675Z   overwrite: false
2026-10-07T20:42:05.1428877Z   include-hidden-files: false
2026-10-07T20:42:05.1429088Z   archive: true
2026-10-07T20:42:05.1429258Z env:
2026-10-07T20:42:05.1429512Z   JAVA_HOME: /opt/hostedtoolcache/Java_Temurin-Hotspot_jdk/17.0.20-1/x64
2026-10-07T20:42:05.1429920Z   JAVA_HOME_17_X64: /opt/hostedtoolcache/Java_Temurin-Hotspot_jdk/17.0.20-1/x64
2026-10-07T20:42:05.1430248Z   MAVEN_ARGS: -ntp
2026-10-07T20:42:05.1430445Z   ANDROID_HOME: /usr/local/lib/android/sdk
2026-10-07T20:42:05.1430749Z   ANDROID_SDK_ROOT: /usr/local/lib/android/sdk
2026-10-07T20:42:05.1431019Z   ANDROID_AVD_HOME: /home/runner/.android/avd
2026-10-07T20:42:05.1431491Z ##[endgroup]
2026-10-07T20:42:05.2899113Z Multiple search paths detected. Calculating the least common ancestor of all paths
2026-10-07T20:42:05.2902113Z The least common ancestor is /home/runner/work/Emberfall-Ashen-Veil/Emberfall-Ashen-Veil/build. This will be the root directory of the artifact
2026-10-07T20:42:05.2903150Z With the provided path, there will be 49 files uploaded
2026-10-07T20:42:05.2908815Z Artifact name is valid!
2026-10-07T20:42:05.2909237Z Root directory input is valid!
2026-10-07T20:42:05.6258445Z Uploading artifact: emberfall-android-beta-runtime-evidence.zip
2026-10-07T20:42:05.6291676Z Beginning upload of artifact content to blob storage
2026-10-07T20:42:06.4795877Z Uploaded bytes 8388608
2026-10-07T20:42:06.6318433Z Uploaded bytes 16777216
2026-10-07T20:42:06.8979340Z Uploaded bytes 25165824
2026-10-07T20:42:06.9028740Z Uploaded bytes 33554432
2026-10-07T20:42:07.1718862Z Uploaded bytes 41943040
2026-10-07T20:42:07.3105368Z Uploaded bytes 50331648
2026-10-07T20:42:07.4559266Z Uploaded bytes 53532288
2026-10-07T20:42:07.4936860Z Finished uploading artifact content to blob storage!
2026-10-07T20:42:07.4943692Z SHA256 digest of uploaded artifact is 4da1322ae3e257cfccb51ee8c2d98a0a91a697341e1ccf38990f8f594cd31ecb
2026-10-07T20:42:07.4945362Z Finalizing artifact upload
2026-10-07T20:42:07.8399476Z Artifact emberfall-android-beta-runtime-evidence successfully finalized. Artifact ID 11510557407
2026-10-07T20:42:07.8400222Z Artifact emberfall-android-beta-runtime-evidence has been successfully uploaded! Final size is 53532288 bytes. Artifact ID is 11510557407
2026-10-07T20:42:07.8408242Z Artifact download URL: https://github.com/Philmenting/Emberfall-Ashen-Veil/actions/runs/37681577361/artifacts/11510557407
2026-10-07T20:42:07.8538499Z ##[group]Run actions/upload-artifact@v7
2026-10-07T20:42:07.8538765Z with:
2026-10-07T20:42:07.8538971Z   name: emberfall-isolated-android-qa-packages
2026-10-07T20:42:07.8539474Z   path: build/emberfall-afk-qa.apk
build/emberfall-art-qa.apk
build/emberfall-success-qa.apk
build/emberfall-pixel-probe.apk

2026-10-07T20:42:07.8540078Z   retention-days: 14
2026-10-07T20:42:07.8540263Z   if-no-files-found: warn
2026-10-07T20:42:07.8540456Z   compression-level: 6
2026-10-07T20:42:07.8540643Z   overwrite: false
2026-10-07T20:42:07.8540822Z   include-hidden-files: false
2026-10-07T20:42:07.8541011Z   archive: true
2026-10-07T20:42:07.8541302Z env:
2026-10-07T20:42:07.8541651Z   JAVA_HOME: /opt/hostedtoolcache/Java_Temurin-Hotspot_jdk/17.0.20-1/x64
2026-10-07T20:42:07.8542085Z   JAVA_HOME_17_X64: /opt/hostedtoolcache/Java_Temurin-Hotspot_jdk/17.0.20-1/x64
2026-10-07T20:42:07.8542380Z   MAVEN_ARGS: -ntp
2026-10-07T20:42:07.8542569Z   ANDROID_HOME: /usr/local/lib/android/sdk
2026-10-07T20:42:07.8542855Z   ANDROID_SDK_ROOT: /usr/local/lib/android/sdk
2026-10-07T20:42:07.8543108Z   ANDROID_AVD_HOME: /home/runner/.android/avd
2026-10-07T20:42:07.8543325Z ##[endgroup]
2026-10-07T20:42:07.9710232Z Multiple search paths detected. Calculating the least common ancestor of all paths
2026-10-07T20:42:07.9712749Z The least common ancestor is /home/runner/work/Emberfall-Ashen-Veil/Emberfall-Ashen-Veil/build. This will be the root directory of the artifact
2026-10-07T20:42:07.9713561Z With the provided path, there will be 4 files uploaded
2026-10-07T20:42:07.9714098Z Artifact name is valid!
2026-10-07T20:42:07.9714670Z Root directory input is valid!
2026-10-07T20:42:08.2617378Z Uploading artifact: emberfall-isolated-android-qa-packages.zip
2026-10-07T20:42:08.2649016Z Beginning upload of artifact content to blob storage
2026-10-07T20:42:09.0479723Z Uploaded bytes 8388608
2026-10-07T20:42:09.4826270Z Uploaded bytes 16777216
2026-10-07T20:42:09.5440546Z Uploaded bytes 25165824
2026-10-07T20:42:09.5894506Z Uploaded bytes 33554432
2026-10-07T20:42:09.8756798Z Uploaded bytes 41943040
2026-10-07T20:42:10.0554398Z Uploaded bytes 50331648
2026-10-07T20:42:10.1595184Z Uploaded bytes 58720256
2026-10-07T20:42:10.4029115Z Uploaded bytes 67108864
2026-10-07T20:42:10.6366735Z Uploaded bytes 75497472
2026-10-07T20:42:10.9312911Z Uploaded bytes 83886080
2026-10-07T20:42:11.2316568Z Uploaded bytes 92274688
2026-10-07T20:42:11.3416508Z Uploaded bytes 100663296
2026-10-07T20:42:11.5653730Z Uploaded bytes 109051904
2026-10-07T20:42:11.8128516Z Uploaded bytes 117440512
2026-10-07T20:42:12.0407463Z Uploaded bytes 125829120
2026-10-07T20:42:12.3225542Z Uploaded bytes 134217728
2026-10-07T20:42:12.6395489Z Uploaded bytes 142606336
2026-10-07T20:42:12.6505114Z Uploaded bytes 150994944
2026-10-07T20:42:12.9236266Z Uploaded bytes 159383552
2026-10-07T20:42:13.1788888Z Uploaded bytes 167772160
2026-10-07T20:42:13.4010227Z Uploaded bytes 176160768
2026-10-07T20:42:13.7689334Z Uploaded bytes 184549376
2026-10-07T20:42:14.0512466Z Uploaded bytes 192937984
2026-10-07T20:42:14.2497680Z Uploaded bytes 201326592
2026-10-07T20:42:14.3940462Z Uploaded bytes 209715200
2026-10-07T20:42:14.6083653Z Uploaded bytes 218103808
2026-10-07T20:42:14.8656957Z Uploaded bytes 226492416
2026-10-07T20:42:15.1066868Z Uploaded bytes 234881024
2026-10-07T20:42:15.2520253Z Uploaded bytes 243269632
2026-10-07T20:42:15.5091946Z Uploaded bytes 251658240
2026-10-07T20:42:15.6634838Z Uploaded bytes 260046848
2026-10-07T20:42:15.8970671Z Uploaded bytes 268435456
2026-10-07T20:42:16.1579713Z Uploaded bytes 276824064
2026-10-07T20:42:16.4129663Z Uploaded bytes 285212672
2026-10-07T20:42:16.6697181Z Uploaded bytes 293601280
2026-10-07T20:42:16.8972021Z Uploaded bytes 301989888
2026-10-07T20:42:17.1293351Z Uploaded bytes 310378496
2026-10-07T20:42:17.4222729Z Uploaded bytes 318767104
2026-10-07T20:42:17.8376759Z Uploaded bytes 327155712
2026-10-07T20:42:17.8726598Z Uploaded bytes 335544320
2026-10-07T20:42:18.1029266Z Uploaded bytes 343932928
2026-10-07T20:42:18.3250690Z Uploaded bytes 352321536
2026-10-07T20:42:18.5492617Z Uploaded bytes 360710144
2026-10-07T20:42:18.7438663Z Uploaded bytes 369098752
2026-10-07T20:42:18.9907643Z Uploaded bytes 377487360
2026-10-07T20:42:19.2038181Z Uploaded bytes 385875968
2026-10-07T20:42:19.4177978Z Uploaded bytes 394264576
2026-10-07T20:42:19.7971871Z Uploaded bytes 402653184
2026-10-07T20:42:20.0383558Z Uploaded bytes 411041792
2026-10-07T20:42:20.1569199Z Uploaded bytes 419430400
2026-10-07T20:42:20.4150682Z Uploaded bytes 427819008
2026-10-07T20:42:20.6723252Z Uploaded bytes 436207616
2026-10-07T20:42:20.8335339Z Uploaded bytes 444596224
2026-10-07T20:42:21.1249297Z Uploaded bytes 452984832
2026-10-07T20:42:21.3152013Z Uploaded bytes 461373440
2026-10-07T20:42:21.5752309Z Uploaded bytes 469762048
2026-10-07T20:42:21.6400302Z Uploaded bytes 470891296
2026-10-07T20:42:21.6900092Z Finished uploading artifact content to blob storage!
2026-10-07T20:42:21.6901468Z SHA256 digest of uploaded artifact is c563780b699ce2a4a112e2e653182949aee0e9f69d2613257d9ef5ac91794050
2026-10-07T20:42:21.6903066Z Finalizing artifact upload
2026-10-07T20:42:22.0008329Z Artifact emberfall-isolated-android-qa-packages successfully finalized. Artifact ID 11510137834
2026-10-07T20:42:22.0009519Z Artifact emberfall-isolated-android-qa-packages has been successfully uploaded! Final size is 470891296 bytes. Artifact ID is 11510137834
2026-10-07T20:42:22.0012808Z Artifact download URL: https://github.com/Philmenting/Emberfall-Ashen-Veil/actions/runs/37681577361/artifacts/11510137834
2026-10-07T20:42:22.0222274Z Post job cleanup.
2026-10-07T20:42:22.0961042Z Post job cleanup.
2026-10-07T20:42:22.1701631Z [command]/usr/bin/git version
2026-10-07T20:42:22.1800700Z git version 2.55.0
2026-10-07T20:42:22.1813385Z Temporarily overriding HOME='/home/runner/work/_temp/b4f4a34a-2c9a-4ebf-88af-d6bc24c74abb' before making global git config changes
2026-10-07T20:42:22.1814032Z Adding repository directory to the temporary git global config as a safe directory
2026-10-07T20:42:22.1814686Z [command]/usr/bin/git config --global --add safe.directory /home/runner/work/Emberfall-Ashen-Veil/Emberfall-Ashen-Veil
2026-10-07T20:42:22.1815760Z Removing SSH command configuration
2026-10-07T20:42:22.1818444Z [command]/usr/bin/git config --local --name-only --get-regexp core\.sshCommand
2026-10-07T20:42:22.1850498Z [command]/usr/bin/git submodule foreach --recursive sh -c "git config --local --name-only --get-regexp 'core\.sshCommand' && git config --local --unset-all 'core.sshCommand' || :"
2026-10-07T20:42:22.2046548Z Removing HTTP extra header
2026-10-07T20:42:22.2066122Z [command]/usr/bin/git config --local --name-only --get-regexp http\.https\:\/\/github\.com\/\.extraheader
2026-10-07T20:42:22.2093970Z [command]/usr/bin/git submodule foreach --recursive sh -c "git config --local --name-only --get-regexp 'http\.https\:\/\/github\.com\/\.extraheader' && git config --local --unset-all 'http.https://github.com/.extraheader' || :"
2026-10-07T20:42:22.2330936Z Removing includeIf entries pointing to credentials config files
2026-10-07T20:42:22.2343359Z [command]/usr/bin/git config --local --name-only --get-regexp ^includeIf\.gitdir:
2026-10-07T20:42:22.2385623Z includeif.gitdir:/home/runner/work/Emberfall-Ashen-Veil/Emberfall-Ashen-Veil/.git.path
2026-10-07T20:42:22.2386663Z includeif.gitdir:/home/runner/work/Emberfall-Ashen-Veil/Emberfall-Ashen-Veil/.git/worktrees/*.path
2026-10-07T20:42:22.2387419Z includeif.gitdir:/github/workspace/.git.path
2026-10-07T20:42:22.2388080Z includeif.gitdir:/github/workspace/.git/worktrees/*.path
2026-10-07T20:42:22.2396795Z [command]/usr/bin/git config --local --get-all includeif.gitdir:/home/runner/work/Emberfall-Ashen-Veil/Emberfall-Ashen-Veil/.git.path
2026-10-07T20:42:22.2424671Z /home/runner/work/_temp/git-credentials-fd9ec6d1-8e68-4fa0-a1a8-5890953161ee.config
2026-10-07T20:42:22.2443758Z [command]/usr/bin/git config --local --unset includeif.gitdir:/home/runner/work/Emberfall-Ashen-Veil/Emberfall-Ashen-Veil/.git.path \/home\/runner\/work\/_temp\/git\-credentials\-fd9ec6d1\-8e68\-4fa0\-a1a8\-5890953161ee\.config
2026-10-07T20:42:22.2494537Z [command]/usr/bin/git config --local --get-all includeif.gitdir:/home/runner/work/Emberfall-Ashen-Veil/Emberfall-Ashen-Veil/.git/worktrees/*.path
2026-10-07T20:42:22.2522117Z /home/runner/work/_temp/git-credentials-fd9ec6d1-8e68-4fa0-a1a8-5890953161ee.config
2026-10-07T20:42:22.2529800Z [command]/usr/bin/git config --local --unset includeif.gitdir:/home/runner/work/Emberfall-Ashen-Veil/Emberfall-Ashen-Veil/.git/worktrees/*.path \/home\/runner\/work\/_temp\/git\-credentials\-fd9ec6d1\-8e68\-4fa0\-a1a8\-5890953161ee\.config
2026-10-07T20:42:22.2556746Z [command]/usr/bin/git config --local --get-all includeif.gitdir:/github/workspace/.git.path
2026-10-07T20:42:22.2574134Z /github/runner_temp/git-credentials-fd9ec6d1-8e68-4fa0-a1a8-5890953161ee.config
2026-10-07T20:42:22.2578658Z [command]/usr/bin/git config --local --unset includeif.gitdir:/github/workspace/.git.path \/github\/runner_temp\/git\-credentials\-fd9ec6d1\-8e68\-4fa0\-a1a8\-5890953161ee\.config
2026-10-07T20:42:22.2605203Z [command]/usr/bin/git config --local --get-all includeif.gitdir:/github/workspace/.git/worktrees/*.path
2026-10-07T20:42:22.2621874Z /github/runner_temp/git-credentials-fd9ec6d1-8e68-4fa0-a1a8-5890953161ee.config
2026-10-07T20:42:22.2626346Z [command]/usr/bin/git config --local --unset includeif.gitdir:/github/workspace/.git/worktrees/*.path \/github\/runner_temp\/git\-credentials\-fd9ec6d1\-8e68\-4fa0\-a1a8\-5890953161ee\.config
2026-10-07T20:42:22.2653924Z [command]/usr/bin/git submodule foreach --recursive git config --local --show-origin --name-only --get-regexp remote.origin.url
2026-10-07T20:42:22.2802941Z Removing credentials config '/home/runner/work/_temp/git-credentials-fd9ec6d1-8e68-4fa0-a1a8-5890953161ee.config'
2026-10-07T20:42:22.2930933Z Cleaning up orphan processes
2026-10-07T20:42:22.3270327Z Terminate orphan process: pid (3505) (adb)
