2026-10-07T20:12:22.2133451Z Current runner version: '2.337.0'
2026-10-07T20:12:22.2158303Z ##[group]Runner Image Provisioner
2026-10-07T20:12:22.2159233Z Hosted Compute Agent
2026-10-07T20:12:22.2160246Z Version: 20261002.596
2026-10-07T20:12:22.2160904Z Commit: c3d12f3313a95f25162a1503be624f3b0617f8c0
2026-10-07T20:12:22.2161615Z Build Date: 2026-10-02T22:28:27Z
2026-10-07T20:12:22.2162553Z Worker ID: {7a1e7ac1-a2cf-4d58-81a8-8d10b8a0620b}
2026-10-07T20:12:22.2163421Z Region: westcentralus
2026-10-07T20:12:22.2164088Z Cloud: Azure
2026-10-07T20:12:22.2164657Z ##[endgroup]
2026-10-07T20:12:22.2166140Z ##[group]Operating System
2026-10-07T20:12:22.2166897Z Ubuntu
2026-10-07T20:12:22.2167455Z 24.04.5
2026-10-07T20:12:22.2168021Z LTS
2026-10-07T20:12:22.2168559Z ##[endgroup]
2026-10-07T20:12:22.2169117Z ##[group]Runner Image
2026-10-07T20:12:22.2170062Z Image: ubuntu-24.04
2026-10-07T20:12:22.2170677Z Version: 20261004.327.1
2026-10-07T20:12:22.2172024Z Included Software: https://github.com/actions/runner-images/blob/ubuntu24/20261004.327/images/ubuntu/Ubuntu2404-Readme.md
2026-10-07T20:12:22.2173603Z Image Release: https://github.com/actions/runner-images/releases/tag/ubuntu24%2F20261004.327
2026-10-07T20:12:22.2174634Z ##[endgroup]
2026-10-07T20:12:22.2175853Z ##[group]GITHUB_TOKEN Permissions
2026-10-07T20:12:22.2177757Z Contents: read
2026-10-07T20:12:22.2178369Z Metadata: read
2026-10-07T20:12:22.2178973Z ##[endgroup]
2026-10-07T20:12:22.2181398Z Secret source: Actions
2026-10-07T20:12:22.2182401Z Cache mode: write
2026-10-07T20:12:22.2183179Z Prepare workflow directory
2026-10-07T20:12:22.2516004Z Prepare all required actions
2026-10-07T20:12:22.2563377Z Getting action download info
2026-10-07T20:12:22.6156638Z Download action repository 'actions/checkout@v7' (SHA:3d3c42e5aac5ba805825da76410c181273ba90b1)
2026-10-07T20:12:22.7102384Z Download action repository 'actions/setup-java@v6' (SHA:de7274f081f381c8f8158605e0321c36c376e2e6)
2026-10-07T20:12:23.6260567Z Download action repository 'android-actions/setup-android@v4' (SHA:be39fa834029ff78f1a44aa3bb0819b8fc2bd8fd)
2026-10-07T20:12:24.0527867Z Download action repository 'ReactiveCircus/android-emulator-runner@v2' (SHA:a421e43855164a8197daf9d8d40fe71c6996bb0d)
2026-10-07T20:12:24.6227755Z Download action repository 'actions/upload-artifact@v7' (SHA:cf430e030ddbb5b0abf93d22962f4752f3646cd9)
2026-10-07T20:12:25.5889010Z Complete job name: offline-runtime
2026-10-07T20:12:25.6666496Z ##[group]Run actions/checkout@v7
2026-10-07T20:12:25.6667079Z with:
2026-10-07T20:12:25.6667352Z   repository: Philmenting/Emberfall-Ashen-Veil
2026-10-07T20:12:25.6670403Z   token: ***
2026-10-07T20:12:25.6670625Z   ssh-strict: true
2026-10-07T20:12:25.6670838Z   ssh-user: git
2026-10-07T20:12:25.6671055Z   persist-credentials: true
2026-10-07T20:12:25.6671291Z   clean: true
2026-10-07T20:12:25.6671503Z   sparse-checkout-cone-mode: true
2026-10-07T20:12:25.6671771Z   fetch-depth: 1
2026-10-07T20:12:25.6671972Z   fetch-tags: false
2026-10-07T20:12:25.6672186Z   show-progress: true
2026-10-07T20:12:25.6672390Z   lfs: false
2026-10-07T20:12:25.6672586Z   submodules: false
2026-10-07T20:12:25.6672792Z   set-safe-directory: true
2026-10-07T20:12:25.6673046Z   allow-unsafe-pr-checkout: false
2026-10-07T20:12:25.6673551Z ##[endgroup]
2026-10-07T20:12:25.7656745Z Syncing repository: Philmenting/Emberfall-Ashen-Veil
2026-10-07T20:12:25.7658165Z ##[group]Getting Git version info
2026-10-07T20:12:25.7658743Z Working directory is '/home/runner/work/Emberfall-Ashen-Veil/Emberfall-Ashen-Veil'
2026-10-07T20:12:25.7659837Z [command]/usr/bin/git version
2026-10-07T20:12:25.7734290Z git version 2.55.0
2026-10-07T20:12:25.7763721Z ##[endgroup]
2026-10-07T20:12:25.7770603Z Temporarily overriding HOME='/home/runner/work/_temp/224086ec-9cf5-491d-8b96-3caf1efff5c1' before making global git config changes
2026-10-07T20:12:25.7772000Z Adding repository directory to the temporary git global config as a safe directory
2026-10-07T20:12:25.7778497Z [command]/usr/bin/git config --global --add safe.directory /home/runner/work/Emberfall-Ashen-Veil/Emberfall-Ashen-Veil
2026-10-07T20:12:25.7827859Z Deleting the contents of '/home/runner/work/Emberfall-Ashen-Veil/Emberfall-Ashen-Veil'
2026-10-07T20:12:25.7831299Z ##[group]Determining repository object format
2026-10-07T20:12:25.7833029Z ##[endgroup]
2026-10-07T20:12:25.7833673Z ##[group]Initializing the repository
2026-10-07T20:12:25.7837868Z [command]/usr/bin/git init /home/runner/work/Emberfall-Ashen-Veil/Emberfall-Ashen-Veil
2026-10-07T20:12:25.7944850Z hint: Using 'master' as the name for the initial branch. This default branch name
2026-10-07T20:12:25.7945832Z hint: will change to "main" in Git 3.0. To configure the initial branch name
2026-10-07T20:12:25.7946871Z hint: to use in all of your new repositories, which will suppress this warning,
2026-10-07T20:12:25.7947588Z hint: call:
2026-10-07T20:12:25.7947903Z hint:
2026-10-07T20:12:25.7948347Z hint: 	git config --global init.defaultBranch <name>
2026-10-07T20:12:25.7948866Z hint:
2026-10-07T20:12:25.7949576Z hint: Names commonly chosen instead of 'master' are 'main', 'trunk' and
2026-10-07T20:12:25.7950878Z hint: 'development'. The just-created branch can be renamed via this command:
2026-10-07T20:12:25.7951588Z hint:
2026-10-07T20:12:25.7951931Z hint: 	git branch -m <name>
2026-10-07T20:12:25.7952331Z hint:
2026-10-07T20:12:25.7952904Z hint: Disable this message with "git config set advice.defaultBranchName false"
2026-10-07T20:12:25.7954015Z Initialized empty Git repository in /home/runner/work/Emberfall-Ashen-Veil/Emberfall-Ashen-Veil/.git/
2026-10-07T20:12:25.7961452Z [command]/usr/bin/git remote add origin https://github.com/Philmenting/Emberfall-Ashen-Veil
2026-10-07T20:12:25.8010890Z ##[endgroup]
2026-10-07T20:12:25.8011725Z ##[group]Disabling automatic garbage collection
2026-10-07T20:12:25.8013456Z [command]/usr/bin/git config --local gc.auto 0
2026-10-07T20:12:25.8054246Z ##[endgroup]
2026-10-07T20:12:25.8054955Z ##[group]Setting up auth
2026-10-07T20:12:25.8055462Z Removing SSH command configuration
2026-10-07T20:12:25.8062122Z [command]/usr/bin/git config --local --name-only --get-regexp core\.sshCommand
2026-10-07T20:12:25.8097696Z [command]/usr/bin/git submodule foreach --recursive sh -c "git config --local --name-only --get-regexp 'core\.sshCommand' && git config --local --unset-all 'core.sshCommand' || :"
2026-10-07T20:12:25.8468221Z Removing HTTP extra header
2026-10-07T20:12:25.8491793Z [command]/usr/bin/git config --local --name-only --get-regexp http\.https\:\/\/github\.com\/\.extraheader
2026-10-07T20:12:25.8517939Z [command]/usr/bin/git submodule foreach --recursive sh -c "git config --local --name-only --get-regexp 'http\.https\:\/\/github\.com\/\.extraheader' && git config --local --unset-all 'http.https://github.com/.extraheader' || :"
2026-10-07T20:12:25.8743346Z Removing includeIf entries pointing to credentials config files
2026-10-07T20:12:25.8748815Z [command]/usr/bin/git config --local --name-only --get-regexp ^includeIf\.gitdir:
2026-10-07T20:12:25.8784099Z [command]/usr/bin/git submodule foreach --recursive git config --local --show-origin --name-only --get-regexp remote.origin.url
2026-10-07T20:12:25.9007374Z [command]/usr/bin/git config --file /home/runner/work/_temp/git-credentials-0ae6d5ca-6939-4766-abf0-6973b41d02cc.config http.https://github.com/.extraheader AUTHORIZATION: basic ***
2026-10-07T20:12:25.9047886Z [command]/usr/bin/git config --local includeIf.gitdir:/home/runner/work/Emberfall-Ashen-Veil/Emberfall-Ashen-Veil/.git.path /home/runner/work/_temp/git-credentials-0ae6d5ca-6939-4766-abf0-6973b41d02cc.config
2026-10-07T20:12:25.9082485Z [command]/usr/bin/git config --local includeIf.gitdir:/home/runner/work/Emberfall-Ashen-Veil/Emberfall-Ashen-Veil/.git/worktrees/*.path /home/runner/work/_temp/git-credentials-0ae6d5ca-6939-4766-abf0-6973b41d02cc.config
2026-10-07T20:12:25.9120129Z [command]/usr/bin/git config --local includeIf.gitdir:/github/workspace/.git.path /github/runner_temp/git-credentials-0ae6d5ca-6939-4766-abf0-6973b41d02cc.config
2026-10-07T20:12:25.9158044Z [command]/usr/bin/git config --local includeIf.gitdir:/github/workspace/.git/worktrees/*.path /github/runner_temp/git-credentials-0ae6d5ca-6939-4766-abf0-6973b41d02cc.config
2026-10-07T20:12:25.9189215Z ##[endgroup]
2026-10-07T20:12:25.9190165Z ##[group]Fetching the repository
2026-10-07T20:12:25.9197033Z [command]/usr/bin/git -c protocol.version=2 fetch --no-tags --prune --no-recurse-submodules --depth=1 origin +44dd6648e0a6197df3ca29377796e8d2f424a570:refs/remotes/pull/5/merge
2026-10-07T20:13:54.4632361Z From https://github.com/Philmenting/Emberfall-Ashen-Veil
2026-10-07T20:13:54.4633055Z  * [new ref]         44dd6648e0a6197df3ca29377796e8d2f424a570 -> pull/5/merge
2026-10-07T20:13:54.4637491Z ##[endgroup]
2026-10-07T20:13:54.4638035Z ##[group]Determining the checkout info
2026-10-07T20:13:54.4638813Z ##[endgroup]
2026-10-07T20:13:54.4644438Z [command]/usr/bin/git sparse-checkout disable
2026-10-07T20:13:54.4698854Z [command]/usr/bin/git config --local --unset-all extensions.worktreeConfig
2026-10-07T20:13:54.4760106Z ##[group]Checking out the ref
2026-10-07T20:13:54.4761174Z [command]/usr/bin/git checkout --progress --force refs/remotes/pull/5/merge
2026-10-07T20:13:55.5353640Z Updating files:  60% (1197/1992)
2026-10-07T20:13:55.5668625Z Updating files:  61% (1216/1992)
2026-10-07T20:13:55.6017468Z Updating files:  62% (1236/1992)
2026-10-07T20:13:55.6246587Z Updating files:  63% (1255/1992)
2026-10-07T20:13:55.6513582Z Updating files:  64% (1275/1992)
2026-10-07T20:13:55.6891435Z Updating files:  65% (1295/1992)
2026-10-07T20:13:55.7367220Z Updating files:  66% (1315/1992)
2026-10-07T20:13:55.7684960Z Updating files:  67% (1335/1992)
2026-10-07T20:13:55.7900771Z Updating files:  68% (1355/1992)
2026-10-07T20:13:55.8185085Z Updating files:  69% (1375/1992)
2026-10-07T20:13:55.8393313Z Updating files:  70% (1395/1992)
2026-10-07T20:13:55.8594960Z Updating files:  71% (1415/1992)
2026-10-07T20:13:55.8777159Z Updating files:  72% (1435/1992)
2026-10-07T20:13:55.9109780Z Updating files:  73% (1455/1992)
2026-10-07T20:13:55.9402500Z Updating files:  74% (1475/1992)
2026-10-07T20:13:55.9709559Z Updating files:  75% (1494/1992)
2026-10-07T20:13:56.0110482Z Updating files:  76% (1514/1992)
2026-10-07T20:13:56.0368690Z Updating files:  77% (1534/1992)
2026-10-07T20:13:56.0381216Z Updating files:  78% (1554/1992)
2026-10-07T20:13:56.0391484Z Updating files:  79% (1574/1992)
2026-10-07T20:13:56.0407845Z Updating files:  80% (1594/1992)
2026-10-07T20:13:56.0423223Z Updating files:  81% (1614/1992)
2026-10-07T20:13:56.0434637Z Updating files:  82% (1634/1992)
2026-10-07T20:13:56.0446534Z Updating files:  83% (1654/1992)
2026-10-07T20:13:56.0461732Z Updating files:  84% (1674/1992)
2026-10-07T20:13:56.0470971Z Updating files:  85% (1694/1992)
2026-10-07T20:13:56.0479980Z Updating files:  86% (1714/1992)
2026-10-07T20:13:56.0489134Z Updating files:  87% (1734/1992)
2026-10-07T20:13:56.0498786Z Updating files:  88% (1753/1992)
2026-10-07T20:13:56.0510411Z Updating files:  89% (1773/1992)
2026-10-07T20:13:56.0519731Z Updating files:  90% (1793/1992)
2026-10-07T20:13:56.0546401Z Updating files:  91% (1813/1992)
2026-10-07T20:13:56.0557689Z Updating files:  92% (1833/1992)
2026-10-07T20:13:56.0569583Z Updating files:  93% (1853/1992)
2026-10-07T20:13:56.0580498Z Updating files:  94% (1873/1992)
2026-10-07T20:13:56.0592875Z Updating files:  95% (1893/1992)
2026-10-07T20:13:56.0604405Z Updating files:  96% (1913/1992)
2026-10-07T20:13:56.0615554Z Updating files:  97% (1933/1992)
2026-10-07T20:13:56.0629899Z Updating files:  98% (1953/1992)
2026-10-07T20:13:56.0647197Z Updating files:  99% (1973/1992)
2026-10-07T20:13:56.0647840Z Updating files: 100% (1992/1992)
2026-10-07T20:13:56.0648499Z Updating files: 100% (1992/1992), done.
2026-10-07T20:13:56.0673615Z Note: switching to 'refs/remotes/pull/5/merge'.
2026-10-07T20:13:56.0674060Z 
2026-10-07T20:13:56.0674413Z You are in 'detached HEAD' state. You can look around, make experimental
2026-10-07T20:13:56.0675520Z changes and commit them, and you can discard any commits you make in this
2026-10-07T20:13:56.0676573Z state without impacting any branches by switching back to a branch.
2026-10-07T20:13:56.0677449Z 
2026-10-07T20:13:56.0677845Z If you want to create a new branch to retain commits you create, you may
2026-10-07T20:13:56.0678755Z do so (now or later) by using -c with the switch command. Example:
2026-10-07T20:13:56.0679280Z 
2026-10-07T20:13:56.0680040Z   git switch -c <new-branch-name>
2026-10-07T20:13:56.0680423Z 
2026-10-07T20:13:56.0680619Z Or undo this operation with:
2026-10-07T20:13:56.0680944Z 
2026-10-07T20:13:56.0681124Z   git switch -
2026-10-07T20:13:56.0681364Z 
2026-10-07T20:13:56.0681645Z Turn off this advice by setting config variable advice.detachedHead to false
2026-10-07T20:13:56.0682061Z 
2026-10-07T20:13:56.0682527Z HEAD is now at 44dd664 Merge 02a3fc905e55a4e64cbece4eb6b07c65c1bf4afb into 610c343073e7186589cba92c3fefb55a4db68e12
2026-10-07T20:13:56.0826043Z ##[endgroup]
2026-10-07T20:13:56.0878986Z [command]/usr/bin/git log -1 --format=%H
2026-10-07T20:13:56.0916421Z 44dd6648e0a6197df3ca29377796e8d2f424a570
2026-10-07T20:13:56.1259137Z ##[group]Run actions/setup-java@v6
2026-10-07T20:13:56.1259695Z with:
2026-10-07T20:13:56.1259915Z   distribution: temurin
2026-10-07T20:13:56.1260156Z   java-version: 17
2026-10-07T20:13:56.1260384Z   java-package: jdk
2026-10-07T20:13:56.1260613Z   check-latest: false
2026-10-07T20:13:56.1260849Z   force-download: false
2026-10-07T20:13:56.1261075Z   set-default: true
2026-10-07T20:13:56.1261289Z   server-id: github
2026-10-07T20:13:56.1261535Z   mvn-repositories-include-central: true
2026-10-07T20:13:56.1261876Z   mvn-repositories-prioritize-central: true
2026-10-07T20:13:56.1262193Z   overwrite-settings: true
2026-10-07T20:13:56.1262447Z   cache-read-only: false
2026-10-07T20:13:56.1262683Z   job-status: success
2026-10-07T20:13:56.1265421Z   token: ***
2026-10-07T20:13:56.1265660Z   show-download-progress: false
2026-10-07T20:13:56.1265934Z   problem-matcher: true
2026-10-07T20:13:56.1266168Z ##[endgroup]
2026-10-07T20:13:56.1979499Z ##[group]Installed distributions
2026-10-07T20:13:56.2067289Z Resolved Java 17.0.20+1 from tool-cache
2026-10-07T20:13:56.2067919Z Setting Java 17.0.20+1 as the default
2026-10-07T20:13:56.2076124Z 
2026-10-07T20:13:56.2076380Z Java configuration:
2026-10-07T20:13:56.2076783Z   Distribution: temurin
2026-10-07T20:13:56.2077180Z   Version: 17.0.20+1
2026-10-07T20:13:56.2077739Z   Path: /opt/hostedtoolcache/Java_Temurin-Hotspot_jdk/17.0.20-1/x64
2026-10-07T20:13:56.2078239Z 
2026-10-07T20:13:56.2078717Z ##[endgroup]
2026-10-07T20:13:56.2108120Z Creating settings.xml with server-id: github
2026-10-07T20:13:56.2108868Z Creating toolchains.xml for JDK version 17 from temurin
2026-10-07T20:13:56.2109676Z Writing to /home/runner/.m2/settings.xml
2026-10-07T20:13:56.2120479Z Writing to /home/runner/.m2/toolchains.xml
2026-10-07T20:13:56.2140073Z Configured MAVEN_ARGS to include -ntp to suppress Maven transfer progress logs. Set 'show-download-progress: true' to keep the download progress output.
2026-10-07T20:13:56.2280150Z ##[group]Run android-actions/setup-android@v4
2026-10-07T20:13:56.2280511Z with:
2026-10-07T20:13:56.2280722Z   packages: platform-tools
2026-10-07T20:13:56.2280996Z   cmdline-tools-version: 15859902
2026-10-07T20:13:56.2281279Z   accept-android-sdk-licenses: true
2026-10-07T20:13:56.2281579Z   log-accepted-android-sdk-licenses: true
2026-10-07T20:13:56.2281851Z env:
2026-10-07T20:13:56.2282144Z   JAVA_HOME: /opt/hostedtoolcache/Java_Temurin-Hotspot_jdk/17.0.20-1/x64
2026-10-07T20:13:56.2282636Z   JAVA_HOME_17_X64: /opt/hostedtoolcache/Java_Temurin-Hotspot_jdk/17.0.20-1/x64
2026-10-07T20:13:56.2283034Z   MAVEN_ARGS: -ntp
2026-10-07T20:13:56.2283236Z ##[endgroup]
2026-10-07T20:13:56.3410229Z Found preinstalled sdkmanager in /usr/local/lib/android/sdk/cmdline-tools/latest with following source.properties:
2026-10-07T20:13:56.3411940Z Pkg.Revision=12.0
2026-10-07T20:13:56.3412467Z Pkg.Path=cmdline-tools;12.0
2026-10-07T20:13:56.3412955Z Pkg.Desc=Android SDK Command-line Tools
2026-10-07T20:13:56.3413323Z 
2026-10-07T20:13:56.3413506Z Wrong version in preinstalled sdkmanager
2026-10-07T20:13:56.3414608Z Downloading commandline tools from https://dl.google.com/android/repository/commandlinetools-linux-15859902_latest.zip
2026-10-07T20:13:57.2216078Z [command]/usr/bin/unzip -o -q /home/runner/work/_temp/33de1daf-a594-4ed1-8a24-33fbc7e9d613
2026-10-07T20:13:58.0810798Z Accepting Android SDK licenses
2026-10-07T20:13:58.0815421Z [command]/usr/local/lib/android/sdk/cmdline-tools/22.0/bin/sdkmanager --licenses
2026-10-07T20:13:58.3145330Z WARNING: The SDK Manager CLI tool (sdkmanager) is deprecated. Use Android CLI instead.
2026-10-07T20:13:58.3147884Z The 'android' binary can also be found in the cmdline-tools directory, and 'android sdk' is the replacement for 'sdkmanager'.
2026-10-07T20:13:58.3149211Z To learn more about the Android CLI and how to use it, see the documentation (https://d.android.com/tools/agents/android-cli)
2026-10-07T20:13:58.3150378Z 
2026-10-07T20:14:02.8440540Z Loading local repository...                                                     
2026-10-07T20:14:02.8441371Z [=========                              ] 25% Loading local repository...       
2026-10-07T20:14:05.2790687Z [=========                              ] 25% Fetch remote repository...        
2026-10-07T20:14:05.7345994Z [==========                             ] 26% Fetch remote repository...        
2026-10-07T20:14:05.7350600Z [============                           ] 31% Fetch remote repository...        
2026-10-07T20:14:05.7470869Z [============                           ] 32% Fetch remote repository...        
2026-10-07T20:14:05.7473964Z [=============                          ] 33% Fetch remote repository...        
2026-10-07T20:14:05.8648848Z [=============                          ] 35% Fetch remote repository...        
2026-10-07T20:14:05.8651936Z [==============                         ] 36% Fetch remote repository...        
2026-10-07T20:14:05.8764350Z [==============                         ] 37% Fetch remote repository...        
2026-10-07T20:14:05.8773779Z [===============                        ] 38% Fetch remote repository...        
2026-10-07T20:14:05.8906119Z [===============                        ] 39% Fetch remote repository...        
2026-10-07T20:14:05.8907150Z [================                       ] 40% Fetch remote repository...        
2026-10-07T20:14:05.9031138Z [================                       ] 41% Fetch remote repository...        
2026-10-07T20:14:05.9032056Z [================                       ] 42% Fetch remote repository...        
2026-10-07T20:14:05.9215300Z [=================                      ] 44% Fetch remote repository...        
2026-10-07T20:14:05.9216410Z [=================                      ] 45% Fetch remote repository...        
2026-10-07T20:14:05.9333039Z [==================                     ] 46% Fetch remote repository...        
2026-10-07T20:14:05.9337252Z [==================                     ] 47% Fetch remote repository...        
2026-10-07T20:14:05.9460845Z [===================                    ] 48% Fetch remote repository...        
2026-10-07T20:14:05.9475233Z [===================                    ] 49% Fetch remote repository...        
2026-10-07T20:14:05.9587027Z [====================                   ] 50% Fetch remote repository...        
2026-10-07T20:14:05.9598599Z [====================                   ] 51% Fetch remote repository...        
2026-10-07T20:14:05.9728535Z [====================                   ] 53% Fetch remote repository...        
2026-10-07T20:14:05.9740558Z [=====================                  ] 54% Fetch remote repository...        
2026-10-07T20:14:06.0123061Z [=====================                  ] 55% Fetch remote repository...        
2026-10-07T20:14:06.0140721Z [======================                 ] 56% Fetch remote repository...        
2026-10-07T20:14:06.0186542Z [======================                 ] 57% Fetch remote repository...        
2026-10-07T20:14:06.0188648Z [=======================                ] 58% Fetch remote repository...        
2026-10-07T20:14:06.0284943Z [=======================                ] 59% Fetch remote repository...        
2026-10-07T20:14:06.0287042Z [========================               ] 60% Fetch remote repository...        
2026-10-07T20:14:06.0419881Z [========================               ] 61% Fetch remote repository...        
2026-10-07T20:14:06.0420996Z [=========================              ] 63% Fetch remote repository...        
2026-10-07T20:14:06.0583110Z [=========================              ] 64% Fetch remote repository...        
2026-10-07T20:14:06.0584925Z [=========================              ] 65% Fetch remote repository...        
2026-10-07T20:14:06.0802976Z [==========================             ] 66% Fetch remote repository...        
2026-10-07T20:14:06.0805516Z [==========================             ] 67% Fetch remote repository...        
2026-10-07T20:14:06.1012052Z [===========================            ] 68% Fetch remote repository...        
2026-10-07T20:14:06.1027457Z [===========================            ] 69% Fetch remote repository...        
2026-10-07T20:14:06.1536735Z [============================           ] 70% Fetch remote repository...        
2026-10-07T20:14:06.1537798Z [============================           ] 72% Fetch remote repository...        
2026-10-07T20:14:06.1646336Z [=============================          ] 73% Fetch remote repository...        
2026-10-07T20:14:06.1647384Z [=============================          ] 74% Fetch remote repository...        
2026-10-07T20:14:06.1742862Z [=============================          ] 75% Fetch remote repository...        
2026-10-07T20:14:06.1890041Z [=============================          ] 75% Computing updates...              
2026-10-07T20:14:06.1893383Z [=======================================] 100% Computing updates...             
2026-10-07T20:14:06.2682070Z 6 of 7 SDK package licenses not accepted.
2026-10-07T20:14:06.2708401Z Review licenses that have not been accepted (y/N)? 
2026-10-07T20:14:06.2740248Z 1/6: License android-googletv-license:
2026-10-07T20:14:06.2753545Z ---------------------------------------
2026-10-07T20:14:06.2771473Z Terms and Conditions
2026-10-07T20:14:06.2780101Z 
2026-10-07T20:14:06.2818662Z This is the Google TV Add-on for the Android Software Development Kit License Agreement.
2026-10-07T20:14:06.2840207Z 
2026-10-07T20:14:06.2840586Z 1. Introduction
2026-10-07T20:14:06.2841054Z 
2026-10-07T20:14:06.2843800Z 1.1 The Google TV Add-on for the Android Software Development Kit (referred to in this License Agreement as the "Google TV Add-on" and specifically including the Android system files, packaged APIs, and Google APIs add-ons) is licensed to you subject to the terms of this License Agreement. This License Agreement forms a legally binding contract between you and Google in relation to your use of the Google TV Add-on.
2026-10-07T20:14:06.2846895Z 
2026-10-07T20:14:06.2848318Z 1.2 "Google" means Google Inc., a Delaware corporation with principal place of business at 1600 Amphitheatre Parkway, Mountain View, CA 94043, United States.
2026-10-07T20:14:06.2849998Z 
2026-10-07T20:14:06.2850394Z 2. Accepting this License Agreement
2026-10-07T20:14:06.2850931Z 
2026-10-07T20:14:06.2852032Z 2.1 In order to use the Google TV Add-on, you must first agree to this License Agreement. You may not use the Google TV Add-on if you do not accept this License Agreement.
2026-10-07T20:14:06.2853323Z 
2026-10-07T20:14:06.2853727Z 2.2 You can accept this License Agreement by:
2026-10-07T20:14:06.2854292Z 
2026-10-07T20:14:06.2855019Z (A) clicking to accept or agree to this License Agreement, where this option is made available to you; or
2026-10-07T20:14:06.2855920Z 
2026-10-07T20:14:06.2857051Z (B) by actually using the Google TV Add-on. In this case, you agree that use of the Google TV Add-on constitutes acceptance of the License Agreement from that point onwards.
2026-10-07T20:14:06.2858482Z 
2026-10-07T20:14:06.2860670Z 2.3 You may not use the Google TV Add-on and may not accept the Licensing Agreement if you are a person barred from receiving the Google TV Add-on under the laws of the United States or other countries including the country in which you are resident or from which you use the Google TV Add-on.
2026-10-07T20:14:06.2863160Z 
2026-10-07T20:14:06.2865671Z 2.4 If you are agreeing to be bound by this License Agreement on behalf of your employer or other entity, you represent and warrant that you have full legal authority to bind your employer or such entity to this License Agreement. If you do not have the requisite authority, you may not accept the Licensing Agreement or use the Google TV Add-on on behalf of your employer or other entity.
2026-10-07T20:14:06.2868407Z 
2026-10-07T20:14:06.2868837Z 3. Google TV Add-on License from Google
2026-10-07T20:14:06.2869789Z 
2026-10-07T20:14:06.2871477Z 3.1 Subject to the terms of this License Agreement, Google grants you a limited, worldwide, royalty-free, non- assignable and non-exclusive license to use the Google TV Add-on solely to develop applications to run on the Google TV platform.
2026-10-07T20:14:06.2873641Z 
2026-10-07T20:14:06.2876407Z 3.2 You agree that Google or third parties own all legal right, title and interest in and to the Google TV Add-on, including any Intellectual Property Rights that subsist in the Google TV Add-on. "Intellectual Property Rights" means any and all rights under patent law, copyright law, trade secret law, trademark law, and any and all other proprietary rights. Google reserves all rights not expressly granted to you.
2026-10-07T20:14:06.2879641Z 
2026-10-07T20:14:06.2882314Z 3.3 Except to the extent required by applicable third party licenses, you may not copy (except for backup purposes), modify, adapt, redistribute, decompile, reverse engineer, disassemble, or create derivative works of the Google TV Add-on or any part of the Google TV Add-on. Except to the extent required by applicable third party licenses, you may not load any part of the Google TV Add-on onto a mobile handset, television, or any other hardware device except a personal computer, combine any part of the Google TV Add-on with other software, or distribute any software or device incorporating a part of the Google TV Add-on.
2026-10-07T20:14:06.2884658Z 
2026-10-07T20:14:06.2885527Z 3.4 Use, reproduction and distribution of components of the Google TV Add-on licensed under an open source software license are governed solely by the terms of that open source software license and not this License Agreement.
2026-10-07T20:14:06.2886458Z 
2026-10-07T20:14:06.2888494Z 3.5 You agree that the form and nature of the Google TV Add-on that Google provides may change without prior notice to you and that future versions of the Google TV Add-on may be incompatible with applications developed on previous versions of the Google TV Add-on. You agree that Google may stop (permanently or temporarily) providing the Google TV Add-on (or any features within the Google TV Add-on) to you or to users generally at Google's sole discretion, without prior notice to you.
2026-10-07T20:14:06.2891196Z 
2026-10-07T20:14:06.2892952Z 3.6 Nothing in this License Agreement gives you a right to use any of Google's or it’s licensors’ trade names, trademarks, service marks, logos, domain names, or other distinctive brand features.
2026-10-07T20:14:06.2894230Z 
2026-10-07T20:14:06.2895278Z 3.7 You agree that you will not remove, obscure, or alter any proprietary rights notices (including copyright and trademark notices) that may be affixed to or contained within the Google TV Add-on.
2026-10-07T20:14:06.2896319Z 
2026-10-07T20:14:06.2896442Z 4. Use of the Google TV Add-on by You
2026-10-07T20:14:06.2896631Z 
2026-10-07T20:14:06.2897515Z 4.1 Google agrees that it obtains no right, title or interest from you (or your licensors) under this License Agreement in or to any software applications that you develop using the Google TV Add-on, including any intellectual property rights that subsist in those applications.
2026-10-07T20:14:06.2898523Z 
2026-10-07T20:14:06.2900214Z 4.2 You agree to use the Google TV Add-on and write applications only for purposes that are permitted by (a) this License Agreement and (b) any applicable law, regulation or generally accepted practices or guidelines in the relevant jurisdictions (including any laws regarding the export of data or software to and from the United States or other relevant countries).
2026-10-07T20:14:06.2901806Z 
2026-10-07T20:14:06.2904451Z 4.3 You agree that if you use the Google TV Add-on to develop applications for general public users, you will protect the privacy and legal rights of those users. If the users provide you with user names, passwords, or other login information or personal information, your must make the users aware that the information will be available to your application, and you must provide legally adequate privacy notice and protection for those users. If your application stores personal or sensitive information provided by users, it must do so securely. If the user provides your application with Google Account information, your application may only use that information to access the user's Google Account when, and for the limited purposes for which, the user has given you explicit permission to do so.
2026-10-07T20:14:06.2907141Z 
2026-10-07T20:14:06.2908462Z 4.4 You agree that you will not engage in any activity with the Google TV Add-on, including the development or distribution of an application, that interferes with, disrupts, damages, or accesses in an unauthorized manner the servers, networks, or other properties or services of any third party including, but not limited to, Google, Multichannel Video Program Distributors or any mobile communications carrier.
2026-10-07T20:14:06.2910021Z 
2026-10-07T20:14:06.2911211Z 4.5 You agree that you are solely responsible for (and that Google has no responsibility to you or to any third party for) any data, content, or resources that you create, transmit or display through the Google TV platform and/or applications for the Google TV platform, and for the consequences of your actions (including any loss or damage which Google may suffer) by doing so.
2026-10-07T20:14:06.2912504Z 
2026-10-07T20:14:06.2913764Z 4.6 You agree that you are solely responsible for (and that Google has no responsibility to you or to any third party for) any breach of your obligations under this License Agreement, any applicable third party contract or Terms of Service, or any applicable law or regulation, and for the consequences (including any loss or damage which Google or any third party may suffer) of any such breach.
2026-10-07T20:14:06.2915106Z 
2026-10-07T20:14:06.2915220Z 5. Your Developer Credentials
2026-10-07T20:14:06.2915389Z 
2026-10-07T20:14:06.2916407Z 5.1 You agree that you are responsible for maintaining the confidentiality of any developer credentials that may be issued to you by Google or which you may choose yourself and that you will be solely responsible for all applications that are developed under your developer credentials.
2026-10-07T20:14:06.2917408Z 
2026-10-07T20:14:06.2917511Z 6. Privacy and Information
2026-10-07T20:14:06.2917674Z 
2026-10-07T20:14:06.2919452Z 6.1 In order to continually innovate and improve the Google TV Add-on, Google may collect certain usage statistics from the software including but not limited to a unique identifier, associated IP address, version number of the software, and information on which tools and/or services in the Google TV Add-on are being used and how they are being used. Before any of this information is collected, the Google TV Add-on will notify you and seek your consent. If you withhold consent, the information will not be collected.
2026-10-07T20:14:06.2921192Z 
2026-10-07T20:14:06.2921611Z 6.2 The data collected is examined in the aggregate to improve the Google TV Add-on and is maintained in accordance with Google's Privacy Policy.
2026-10-07T20:14:06.2922130Z 
2026-10-07T20:14:06.2922273Z 7. Third Party Applications for the Google TV Platform
2026-10-07T20:14:06.2922512Z 
2026-10-07T20:14:06.2924442Z 7.1 If you use the Google TV Add-on to run applications developed by a third party or that access data, content or resources provided by a third party, you agree that Google is not responsible for those applications, data, content, or resources. You understand that all data, content or resources which you may access through such third party applications are the sole responsibility of the person from which they originated and that Google is not liable for any loss or damage that you may experience as a result of the use or access of any of those third party applications, data, content, or resources.
2026-10-07T20:14:06.2926567Z 
2026-10-07T20:14:06.2928111Z 7.2 You should be aware the data, content, and resources presented to you through such a third party application may be protected by intellectual property rights which are owned by the providers (or by other persons or companies on their behalf). You may not modify, rent, lease, loan, sell, distribute or create derivative works based on these data, content, or resources (either in whole or in part) unless you have been specifically given permission to do so by the relevant owners.
2026-10-07T20:14:06.2930024Z 
2026-10-07T20:14:06.2930888Z 7.3 You acknowledge that your use of such third party applications, data, content, or resources may be subject to separate terms between you and the relevant third party. In that case, this License Agreement does not affect your legal relationship with these third parties.
2026-10-07T20:14:06.2931846Z 
2026-10-07T20:14:06.2931943Z 8. Using Google TV APIs
2026-10-07T20:14:06.2932090Z 
2026-10-07T20:14:06.2934776Z 8.1 If you use any Google TV API to retrieve data from Google, you acknowledge that the data (“Google TV API Content”) may be protected by intellectual property rights which are owned by Google or those parties that provide the data (or by other persons or companies on their behalf). Your use of any such API may be subject to additional Terms of Service. You may not modify, rent, lease, loan, sell, distribute or create derivative works based on this data (either in whole or in part) unless allowed by the relevant Terms of Service. Some portions of the Google TV API Content are licensed to Google by third parties, including but not limited to Tribune Media Services
2026-10-07T20:14:06.2937006Z 
2026-10-07T20:14:06.2937779Z 8.2 If you use any API to retrieve a user's data from Google, you acknowledge and agree that you shall retrieve data only with the user's explicit consent and only when, and for the limited purposes for which, the user has given you permission to do so.
2026-10-07T20:14:06.2938627Z 
2026-10-07T20:14:06.2938907Z 8.3 Except as explicitly permitted in Section 3 (Google TV Add-on License from Google), you must:
2026-10-07T20:14:06.2939275Z 
2026-10-07T20:14:06.2939951Z (a) not modify nor format the Google TV API Content except to the extent reasonably and technically necessary to optimize the display such Google TV API Content in your application;
2026-10-07T20:14:06.2940604Z 
2026-10-07T20:14:06.2941370Z (b) not edit the Google TV API Content in a manner that renders the Google TV API Content inaccurate of alters its inherent meaning (provided that displaying excerpts will not violate the foregoing); or
2026-10-07T20:14:06.2942080Z 
2026-10-07T20:14:06.2942361Z (c) not create any commercial audience measurement tool or service using the Google TV API Content
2026-10-07T20:14:06.2942733Z 
2026-10-07T20:14:06.2942847Z 9. Terminating this License Agreement
2026-10-07T20:14:06.2943039Z 
2026-10-07T20:14:06.2943351Z 9.1 This License Agreement will continue to apply until terminated by either you or Google as set out below.
2026-10-07T20:14:06.2943764Z 
2026-10-07T20:14:06.2944191Z 9.2 If you want to terminate this License Agreement, you may do so by ceasing your use of the Google TV Add-on and any relevant developer credentials.
2026-10-07T20:14:06.2944713Z 
2026-10-07T20:14:06.2944908Z 9.3 Google may at any time, terminate this License Agreement with you if:
2026-10-07T20:14:06.2945195Z 
2026-10-07T20:14:06.2945369Z (A) you have breached any provision of this License Agreement; or
2026-10-07T20:14:06.2945741Z 
2026-10-07T20:14:06.2945856Z (B) Google is required to do so by law; or
2026-10-07T20:14:06.2946053Z 
2026-10-07T20:14:06.2946678Z (C) the partner with whom Google offered certain parts of Google TV Add-on (such as APIs) to you has terminated its relationship with Google or ceased to offer certain parts of the Google TV Add-on to you; or
2026-10-07T20:14:06.2947396Z 
2026-10-07T20:14:06.2948448Z (D) Google decides to no longer providing the Google TV Add-on or certain parts of the Google TV Add-on to users in the country in which you are resident or from which you use the service, or the provision of the Google TV Add-on or certain Google TV Add-on services to you by Google is, in Google's sole discretion, no longer commercially viable.
2026-10-07T20:14:06.2949707Z 
2026-10-07T20:14:06.2951141Z 9.4 When this License Agreement comes to an end, all of the legal rights, obligations and liabilities that you and Google have benefited from, been subject to (or which have accrued over time whilst this License Agreement has been in force) or which are expressed to continue indefinitely, shall be unaffected by this cessation, and the provisions of paragraph 14.7 shall continue to apply to such rights, obligations and liabilities indefinitely.
2026-10-07T20:14:06.2952645Z 
2026-10-07T20:14:06.2952745Z 10. DISCLAIMER OF WARRANTIES
2026-10-07T20:14:06.2952906Z 
2026-10-07T20:14:06.2953503Z 10.1 YOU EXPRESSLY UNDERSTAND AND AGREE THAT YOUR USE OF THE GOOGLE TV ADD-ON IS AT YOUR SOLE RISK AND THAT THE GOOGLE TV ADD-ON IS PROVIDED "AS IS" AND "AS AVAILABLE" WITHOUT WARRANTY OF ANY KIND FROM GOOGLE.
2026-10-07T20:14:06.2954205Z 
2026-10-07T20:14:06.2955108Z 10.2 YOUR USE OF THE GOOGLE TV ADD-ON AND ANY MATERIAL DOWNLOADED OR OTHERWISE OBTAINED THROUGH THE USE OF THE GOOGLE TV ADD-ON IS AT YOUR OWN DISCRETION AND RISK AND YOU ARE SOLELY RESPONSIBLE FOR ANY DAMAGE TO YOUR COMPUTER SYSTEM OR OTHER DEVICE OR LOSS OF DATA THAT RESULTS FROM SUCH USE.
2026-10-07T20:14:06.2956095Z 
2026-10-07T20:14:06.2956910Z 10.3 GOOGLE FURTHER EXPRESSLY DISCLAIMS ALL WARRANTIES AND CONDITIONS OF ANY KIND, WHETHER EXPRESS OR IMPLIED, INCLUDING, BUT NOT LIMITED TO THE IMPLIED WARRANTIES AND CONDITIONS OF MERCHANTABILITY, FITNESS FOR A PARTICULAR PURPOSE AND NON-INFRINGEMENT.
2026-10-07T20:14:06.2957810Z 
2026-10-07T20:14:06.2957905Z 11. LIMITATION OF LIABILITY
2026-10-07T20:14:06.2958060Z 
2026-10-07T20:14:06.2959565Z 11.1 YOU EXPRESSLY UNDERSTAND AND AGREE THAT GOOGLE, ITS SUBSIDIARIES AND AFFILIATES, AND ITS LICENSORS SHALL NOT BE LIABLE TO YOU UNDER ANY THEORY OF LIABILITY FOR ANY DIRECT, INDIRECT, INCIDENTAL, SPECIAL CONSEQUENTIAL OR EXEMPLARY DAMAGES THAT MAY BE INCURRED BY YOU, INCLUDING ANY LOSS OF DATA, WHETHER OR NOT GOOGLE OR ITS REPRESENTATIVES HAVE BEEN ADVISED OF OR SHOULD HAVE BEEN AWARE OF THE POSSIBILITY OF ANY SUCH LOSSES ARISING.
2026-10-07T20:14:06.2961040Z 
2026-10-07T20:14:06.2961138Z 12. Indemnification
2026-10-07T20:14:06.2961403Z 
2026-10-07T20:14:06.2963819Z 12.1 To the maximum extent permitted by law, you agree to defend, indemnify and hold harmless Google, its affiliates and their respective directors, officers, employees and agents from and against any and all claims, actions, suits or proceedings, as well as any and all losses, liabilities, damages, costs and expenses (including reasonable attorneys fees) arising out of or accruing from (a) your use of the Google TV Add-on, (b) any application you develop on the Google TV Add-on that infringes any copyright, trademark, trade secret, trade dress, patent or other intellectual property right of any person or defames any person or violates their rights of publicity or privacy, and (c) any non-compliance by you with this License Agreement.
2026-10-07T20:14:06.2966316Z 
2026-10-07T20:14:06.2966424Z 13. Changes to the License Agreement
2026-10-07T20:14:06.2966600Z 
2026-10-07T20:14:06.2966920Z 13.1 Google may make changes to the License Agreement as it distributes new versions of the Google TV Add-on.
2026-10-07T20:14:06.2967445Z 
2026-10-07T20:14:06.2967536Z 14. General Legal Terms
2026-10-07T20:14:06.2967679Z 
2026-10-07T20:14:06.2968719Z 14.1 This License Agreement constitute the whole legal agreement between you and Google and govern your use of the Google TV Add-on (excluding any services which Google may provide to you under a separate written agreement), and completely replace any prior agreements between you and Google in relation to the Google TV Add-on.
2026-10-07T20:14:06.2970158Z 
2026-10-07T20:14:06.2971175Z 14.2 You agree that if Google does not exercise or enforce any legal right or remedy which is contained in this License Agreement (or which Google has the benefit of under any applicable law), this will not be taken to be a formal waiver of Google's rights and that those rights or remedies will still be available to Google.
2026-10-07T20:14:06.2972263Z 
2026-10-07T20:14:06.2973364Z 14.3 If any court of law, having the jurisdiction to decide on this matter, rules that any provision of this License Agreement is invalid, then that provision will be removed from this License Agreement without affecting the rest of this License Agreement. The remaining provisions of this License Agreement will continue to be valid and enforceable.
2026-10-07T20:14:06.2974569Z 
2026-10-07T20:14:06.2976421Z 14.4 You acknowledge and agree that Google’s API data licensors and each member of the group of companies of which Google is the parent shall be third party beneficiaries to this License Agreement and that such other companies shall be entitled to directly enforce, and rely upon, any provision of this License Agreement that confers a benefit on (or rights in favor of) them. Other than this, no other person or company shall be third party beneficiaries to this License Agreement.
2026-10-07T20:14:06.2978038Z 
2026-10-07T20:14:06.2978969Z 14.5 EXPORT RESTRICTIONS. THE GOOGLE TV ADD-ON IS SUBJECT TO UNITED STATES EXPORT LAWS AND REGULATIONS. YOU MUST COMPLY WITH ALL DOMESTIC AND INTERNATIONAL EXPORT LAWS AND REGULATIONS THAT APPLY TO THE GOOGLE TV ADD-ON. THESE LAWS INCLUDE RESTRICTIONS ON DESTINATIONS, END USERS AND END USE.
2026-10-07T20:14:06.2980480Z 
2026-10-07T20:14:06.2981601Z 14.6 The rights granted in this License Agreement may not be assigned or transferred by either you or Google without the prior written approval of the other party. Neither you nor Google shall be permitted to delegate their responsibilities or obligations under this License Agreement without the prior written approval of the other party.
2026-10-07T20:14:06.2982789Z 
2026-10-07T20:14:06.2984771Z 14.7 This License Agreement, and your relationship with Google under this License Agreement, shall be governed by the laws of the State of California without regard to its conflict of laws provisions. You and Google agree to submit to the exclusive jurisdiction of the courts located within the county of Santa Clara, California to resolve any legal matter arising from this License Agreement. Notwithstanding this, you agree that Google shall still be allowed to apply for injunctive remedies (or an equivalent type of urgent legal relief) in any jurisdiction.
2026-10-07T20:14:06.2986698Z 
2026-10-07T20:14:06.2986704Z 
2026-10-07T20:14:06.2986795Z August 15, 2011
2026-10-07T20:14:06.2987019Z ---------------------------------------
2026-10-07T20:14:06.2987295Z Accept? (y/N): 
2026-10-07T20:14:06.2987534Z 2/6: License android-googlexr-license:
2026-10-07T20:14:06.2987813Z ---------------------------------------
2026-10-07T20:14:06.2988785Z To get started with the Android XR Emulator System Image SDK, you must agree to the following terms and conditions. As described below, please note that this is a preview, emulated version of the Android XR OS, subject to change, that you use at your own risk.
2026-10-07T20:14:06.2989815Z 
2026-10-07T20:14:06.2989990Z This is the Android XR Emulator System Image SDK License Agreement
2026-10-07T20:14:06.2990257Z 
2026-10-07T20:14:06.2990339Z 1. Introduction
2026-10-07T20:14:06.2990461Z 
2026-10-07T20:14:06.2991894Z 1.1 The Android Android XR Emulator System Image SDK (referred to in the License Agreement as the "SDK" and specifically including the Android system files,, packaged APIs, library files (if and when they are made available), and Google applications and APIs add-ons) is licensed to you subject to the terms of the License Agreement. The License Agreement forms a legally binding contract between you and Google in relation to your use of the SDK.
2026-10-07T20:14:06.2993517Z 
2026-10-07T20:14:06.2994201Z 1.2 "Android" means the Android software stack for devices, as made available under the Android Open Source Project, which is located at the following URL: https://source.android.com/, as updated from time to time.
2026-10-07T20:14:06.2994953Z 
2026-10-07T20:14:06.2995614Z 1.3 "Google" means Google LLC, organized under the laws of the State of Delaware, USA, and operating under the laws of the USA with principal place of business at 1600 Amphitheatre Parkway, Mountain View, CA 94043, USA.
2026-10-07T20:14:06.2996362Z 
2026-10-07T20:14:06.2996470Z 2. Accepting this License Agreement
2026-10-07T20:14:06.2996648Z 
2026-10-07T20:14:06.2997053Z 2.1 In order to use the SDK, you must first agree to the License Agreement. You may not use the SDK if you do not accept the License Agreement.
2026-10-07T20:14:06.2997543Z 
2026-10-07T20:14:06.2997829Z 2.2 By clicking to accept and/or using this SDK, you hereby agree to the terms of the License Agreement.
2026-10-07T20:14:06.2998210Z 
2026-10-07T20:14:06.2998965Z 2.3 You may not use the SDK and may not accept the License Agreement if you are a person barred from receiving the SDK under the laws of the United States or other countries, including the country in which you are resident or from which you use the SDK.
2026-10-07T20:14:06.2999949Z 
2026-10-07T20:14:06.3001105Z 2.4 If you are agreeing to be bound by the License Agreement on behalf of your employer or other entity, you represent and warrant that you have full legal authority to bind your employer or such entity to the License Agreement. If you do not have the requisite authority, you may not accept the License Agreement or use the SDK on behalf of your employer or other entity.
2026-10-07T20:14:06.3002425Z 
2026-10-07T20:14:06.3002521Z 3. SDK License from Google
2026-10-07T20:14:06.3002677Z 
2026-10-07T20:14:06.3003407Z 3.1 Subject to the terms of the License Agreement, Google grants you a limited, worldwide, royalty-free, non-assignable, non-exclusive, and non-sublicensable license to use the SDK solely to develop applications for Android XR.
2026-10-07T20:14:06.3004229Z 
2026-10-07T20:14:06.3004902Z 3.2 You may not use this SDK to develop applications for other platforms or to develop another SDK. You are of course free to develop applications for other platforms provided that this SDK is not used for that purpose.
2026-10-07T20:14:06.3005666Z 
2026-10-07T20:14:06.3007031Z 3.3 You agree that Google or third parties own all legal right, title and interest in and to the SDK, including any Intellectual Property Rights that subsist in the SDK. "Intellectual Property Rights" means any and all rights under patent law, copyright law, trade secret law, trademark law, and any and all other proprietary rights. Google reserves all rights not expressly granted to you.
2026-10-07T20:14:06.3008362Z 
2026-10-07T20:14:06.3010339Z 3.4 You may not use the SDK for any purpose not expressly permitted by the License Agreement. Except to the extent required by applicable third party licenses, you may not (a) copy (except for backup purposes), modify, adapt, redistribute, decompile, reverse engineer, disassemble, or create derivative works of the SDK or any part of the SDK; or (b) load any part of the SDK onto a mobile handset or any other hardware device except a personal computer, combine any part of the SDK with other software, or distribute any software or device incorporating a part of the SDK.
2026-10-07T20:14:06.3012227Z 
2026-10-07T20:14:06.3013558Z 3.5 Use, reproduction and distribution of components of the SDK licensed under an open source software license are governed solely by the terms of that open source software license and not the License Agreement. You agree to remain a licensee in good standing in regard to such open source software licenses under all the rights granted and to refrain from any actions that may terminate, suspend, or breach such rights.
2026-10-07T20:14:06.3015098Z 
2026-10-07T20:14:06.3016437Z 3.6 You agree that the form and nature of the SDK that Google provides may change without prior notice to you and that future versions of the SDK may be incompatible with applications developed on previous versions of the SDK. You agree that Google may stop (permanently or temporarily) providing the SDK (or any features within the SDK) to you or to users generally at Google's sole discretion, without prior notice to you.
2026-10-07T20:14:06.3017849Z 
2026-10-07T20:14:06.3018376Z 3.7 Nothing in the License Agreement gives you a right to use any of Google's trade names, trademarks, service marks, logos, domain names, or other distinctive brand features.
2026-10-07T20:14:06.3018993Z 
2026-10-07T20:14:06.3019858Z 3.8 You agree that you will not remove, obscure, or alter any proprietary rights notices (including copyright and trademark notices) that may be affixed to or contained within the SDK.
2026-10-07T20:14:06.3020527Z 
2026-10-07T20:14:06.3020627Z 4. Use of the SDK by You
2026-10-07T20:14:06.3020772Z 
2026-10-07T20:14:06.3021597Z 4.1 Google agrees that it obtains no right, title or interest from you (or your licensors) under the License Agreement in or to any software applications that you develop using the SDK, including any intellectual property rights that subsist in those applications.
2026-10-07T20:14:06.3022503Z 
2026-10-07T20:14:06.3023626Z 4.2 You agree to use the SDK and write applications only for purposes that are permitted by (a) the License Agreement and (b) any applicable law, regulation or generally accepted practices or guidelines in the relevant jurisdictions (including any laws regarding the export of data or software to and from the United States or other relevant countries).
2026-10-07T20:14:06.3024839Z 
2026-10-07T20:14:06.3027368Z 4.3 You agree that if you use the SDK to develop applications for general public users, you will protect the privacy and legal rights of those users. If the users provide you with user names, passwords, or other login information or personal information, you must make the users aware that the information will be available to your application, and you must provide legally adequate privacy notice and protection for those users. If your application stores personal or sensitive information provided by users, it must do so securely. If the user provides your application with Google Account information, your application may only use that information to access the user's Google Account when, and for the limited purposes for which, the user has given you permission to do so.
2026-10-07T20:14:06.3030089Z 
2026-10-07T20:14:06.3031394Z 4.4 You agree that you will not engage in any activity with the SDK, including the development or distribution of an application, that interferes with, disrupts, damages, or accesses in an unauthorized manner the servers, networks, or other properties or services of any third party including, but not limited to, Google or any mobile communications carrier.
2026-10-07T20:14:06.3032632Z 
2026-10-07T20:14:06.3033726Z 4.5 You agree that you are solely responsible for (and that Google has no responsibility to you or to any third party for) any data, content, or resources that you create, transmit or display through Android and/or applications for Android, and for the consequences of your actions (including any loss or damage which Google may suffer) by doing so.
2026-10-07T20:14:06.3034950Z 
2026-10-07T20:14:06.3036203Z 4.6 You agree that you are solely responsible for (and that Google has no responsibility to you or to any third party for) any breach of your obligations under the License Agreement, any applicable third party contract or Terms of Service, or any applicable law or regulation, and for the consequences (including any loss or damage which Google or any third party may suffer) of any such breach.
2026-10-07T20:14:06.3037658Z 
2026-10-07T20:14:06.3038581Z 4.7 The SDK is in development, and your testing and feedback are an important part of the development process. By using the SDK, you acknowledge that implementation of some features are still under development and that you should not rely on the SDK having the full functionality of a stable release.
2026-10-07T20:14:06.3039724Z 
2026-10-07T20:14:06.3039831Z 5. Your Developer Credentials
2026-10-07T20:14:06.3039990Z 
2026-10-07T20:14:06.3040888Z 5.1 You agree that you are responsible for maintaining the confidentiality of any developer credentials that may be issued to you by Google or which you may choose yourself and that you will be solely responsible for all applications that are developed under your developer credentials.
2026-10-07T20:14:06.3041881Z 
2026-10-07T20:14:06.3041983Z 6. Privacy and Information
2026-10-07T20:14:06.3042139Z 
2026-10-07T20:14:06.3043670Z 6.1 In order to continually innovate and improve the SDK, Google may collect certain usage statistics from the software including but not limited to a unique identifier, associated IP address, version number of the software, and information on which tools and/or services in the SDK are being used and how they are being used. Before any of this information is collected, the SDK will notify you and seek your consent. If you withhold consent, the information will not be collected.
2026-10-07T20:14:06.3045288Z 
2026-10-07T20:14:06.3045936Z 6.2 The data collected is examined in the aggregate to improve the SDK and is maintained in accordance with Google's Privacy Policy, which is located at the following URL: https://policies.google.com/privacy
2026-10-07T20:14:06.3046673Z 
2026-10-07T20:14:06.3046955Z 6.3 Anonymized and aggregated sets of the data may be shared with Google partners to improve the SDK.
2026-10-07T20:14:06.3047343Z 
2026-10-07T20:14:06.3047444Z 7. Third Party Applications
2026-10-07T20:14:06.3047606Z 
2026-10-07T20:14:06.3049713Z 7.1 If you use the SDK to run applications developed by a third party or that access data, content or resources provided by a third party, you agree that Google is not responsible for those applications, data, content, or resources. You understand that all data, content or resources which you may access through such third party applications are the sole responsibility of the person from which they originated and that Google is not liable for any loss or damage that you may experience as a result of the use or access of any of those third party applications, data, content, or resources.
2026-10-07T20:14:06.3051706Z 
2026-10-07T20:14:06.3053396Z 7.2 You should be aware that the data, content, and resources presented to you through such a third party application may be protected by intellectual property rights which are owned by the providers (or by other persons or companies on their behalf). You may not modify, rent, lease, loan, sell, distribute or create derivative works based on these data, content, or resources (either in whole or in part) unless you have been specifically given permission to do so by the relevant owners.
2026-10-07T20:14:06.3055055Z 
2026-10-07T20:14:06.3055907Z 7.3 You acknowledge that your use of such third party applications, data, content, or resources may be subject to separate terms between you and the relevant third party. In that case, the License Agreement does not affect your legal relationship with these third parties.
2026-10-07T20:14:06.3056845Z 
2026-10-07T20:14:06.3056945Z 8. Using Android APIs
2026-10-07T20:14:06.3057081Z 
2026-10-07T20:14:06.3057171Z 8.1 Google Data APIs
2026-10-07T20:14:06.3057302Z 
2026-10-07T20:14:06.3058878Z 8.1.1 If you use any API to retrieve data from Google, you acknowledge that the data may be protected by intellectual property rights which are owned by Google or those parties that provide the data (or by other persons or companies on their behalf). Your use of any such API may be subject to additional Terms of Service. You may not modify, rent, lease, loan, sell, distribute or create derivative works based on this data (either in whole or in part) unless allowed by the relevant Terms of Service.
2026-10-07T20:14:06.3061004Z 
2026-10-07T20:14:06.3063766Z 8.1.2 If you use any API to retrieve a user's data from Google, you acknowledge and agree that you shall retrieve data only with the user's explicit consent and only when, and for the limited purposes for which, the user has given you permission to do so. If you use the Android Recognition Service API, documented at the following URL: https://developer.android.com/reference/android/speech/RecognitionService, as updated from time to time, you acknowledge that the use of the API is subject to the Data Processing Addendum for Products where Google is a Data Processor, which is located at the following URL: https://privacy.google.com/businesses/gdprprocessorterms/, as updated from time to time. By clicking to accept, you hereby agree to the terms of the Data Processing Addendum for Products where Google is a Data Processor.
2026-10-07T20:14:06.3066551Z 
2026-10-07T20:14:06.3066671Z 9. Terminating this License Agreement
2026-10-07T20:14:06.3066857Z 
2026-10-07T20:14:06.3067174Z 9.1 The License Agreement will continue to apply until terminated by either you or Google as set out below.
2026-10-07T20:14:06.3067577Z 
2026-10-07T20:14:06.3067964Z 9.2 If you want to terminate the License Agreement, you may do so by ceasing your use of the SDK and any relevant developer credentials.
2026-10-07T20:14:06.3068440Z 
2026-10-07T20:14:06.3070597Z 9.3 Google may at any time, terminate the License Agreement with you if: (A) you have breached any provision of the License Agreement; or (B) Google is required to do so by law; or (C) the partner with whom Google offered certain parts of SDK (such as APIs) to you has terminated its relationship with Google or ceased to offer certain parts of the SDK to you; or (D) Google decides to no longer provide the SDK or certain parts of the SDK to users in the country in which you are resident or from which you use the service, or the provision of the SDK or certain SDK services to you by Google is, in Google's sole discretion, no longer commercially viable.
2026-10-07T20:14:06.3072709Z 
2026-10-07T20:14:06.3074130Z 9.4 When the License Agreement comes to an end, all of the legal rights, obligations and liabilities that you and Google have benefited from, been subject to (or which have accrued over time whilst the License Agreement has been in force) or which are expressed to continue indefinitely, shall be unaffected by this cessation, and the provisions of paragraph 14.7 shall continue to apply to such rights, obligations and liabilities indefinitely.
2026-10-07T20:14:06.3075621Z 
2026-10-07T20:14:06.3075721Z 10. DISCLAIMER OF WARRANTIES
2026-10-07T20:14:06.3075884Z 
2026-10-07T20:14:06.3076539Z 10.1 YOU EXPRESSLY UNDERSTAND AND AGREE THAT YOUR USE OF THE SDK IS AT YOUR SOLE RISK AND THAT THE SDK IS PROVIDED "AS IS" AND "AS AVAILABLE" WITHOUT WARRANTY OF ANY KIND FROM GOOGLE.
2026-10-07T20:14:06.3077163Z 
2026-10-07T20:14:06.3077970Z 10.2 YOUR USE OF THE SDK AND ANY MATERIAL DOWNLOADED OR OTHERWISE OBTAINED THROUGH THE USE OF THE SDK IS AT YOUR OWN DISCRETION AND RISK AND YOU ARE SOLELY RESPONSIBLE FOR ANY DAMAGE TO YOUR COMPUTER SYSTEM OR OTHER DEVICE OR LOSS OF DATA THAT RESULTS FROM SUCH USE.
2026-10-07T20:14:06.3078862Z 
2026-10-07T20:14:06.3079788Z 10.3 GOOGLE FURTHER EXPRESSLY DISCLAIMS ALL WARRANTIES AND CONDITIONS OF ANY KIND, WHETHER EXPRESS OR IMPLIED, INCLUDING, BUT NOT LIMITED TO THE IMPLIED WARRANTIES AND CONDITIONS OF MERCHANTABILITY, FITNESS FOR A PARTICULAR PURPOSE AND NON-INFRINGEMENT.
2026-10-07T20:14:06.3080689Z 
2026-10-07T20:14:06.3080786Z 11. LIMITATION OF LIABILITY
2026-10-07T20:14:06.3080951Z 
2026-10-07T20:14:06.3082577Z 11.1 YOU EXPRESSLY UNDERSTAND AND AGREE THAT GOOGLE, ITS SUBSIDIARIES AND AFFILIATES, AND ITS LICENSORS SHALL NOT BE LIABLE TO YOU UNDER ANY THEORY OF LIABILITY FOR ANY DIRECT, INDIRECT, INCIDENTAL, SPECIAL, CONSEQUENTIAL OR EXEMPLARY DAMAGES THAT MAY BE INCURRED BY YOU, INCLUDING ANY LOSS OF DATA, WHETHER OR NOT GOOGLE OR ITS REPRESENTATIVES HAVE BEEN ADVISED OF OR SHOULD HAVE BEEN AWARE OF THE POSSIBILITY OF ANY SUCH LOSSES ARISING.
2026-10-07T20:14:06.3084207Z 
2026-10-07T20:14:06.3084305Z 12. Indemnification
2026-10-07T20:14:06.3084439Z 
2026-10-07T20:14:06.3086754Z 12.1 To the maximum extent permitted by law, you agree to defend, indemnify and hold harmless Google, its affiliates and their respective directors, officers, employees and agents from and against any and all claims, actions, suits or proceedings, as well as any and all losses, liabilities, damages, costs and expenses (including reasonable attorneys fees) arising out of or accruing from (a) your use of the SDK, (b) any application you develop on the SDK that infringes any copyright, trademark, trade secret, trade dress, patent or other intellectual property right of any person or defames any person or violates their rights of publicity or privacy, and (c) any non-compliance by you with the License Agreement.
2026-10-07T20:14:06.3089150Z 
2026-10-07T20:14:06.3089260Z 13. Changes to the License Agreement
2026-10-07T20:14:06.3089571Z 
2026-10-07T20:14:06.3090300Z 13.1 Google may make changes to the License Agreement as it distributes new versions of the SDK. When these changes are made, Google will make a new version of the License Agreement available on the website where the SDK is made available.
2026-10-07T20:14:06.3091119Z 
2026-10-07T20:14:06.3091207Z 14. General Legal Terms
2026-10-07T20:14:06.3091351Z 
2026-10-07T20:14:06.3092488Z 14.1 The License Agreement constitutes the whole legal agreement between you and Google and governs your use of the SDK (excluding any services which Google may provide to you under a separate written agreement), and completely replaces any prior agreements between you and Google in relation to the SDK.
2026-10-07T20:14:06.3094255Z 
2026-10-07T20:14:06.3096074Z 14.2 You agree that if Google does not exercise or enforce any legal right or remedy which is contained in the License Agreement (or which Google has the benefit of under any applicable law), this will not be taken to be a formal waiver of Google's rights and that those rights or remedies will still be available to Google.
2026-10-07T20:14:06.3097189Z 
2026-10-07T20:14:06.3098283Z 14.3 If any court of law, having the jurisdiction to decide on this matter, rules that any provision of the License Agreement is invalid, then that provision will be removed from the License Agreement without affecting the rest of the License Agreement. The remaining provisions of the License Agreement will continue to be valid and enforceable.
2026-10-07T20:14:06.3099755Z 
2026-10-07T20:14:06.3101363Z 14.4 You acknowledge and agree that each member of the group of companies of which Google is the parent shall be third party beneficiaries to the License Agreement and that such other companies shall be entitled to directly enforce, and rely upon, any provision of the License Agreement that confers a benefit on (or rights in favor of) them. Other than this, no other person or company shall be third party beneficiaries to the License Agreement.
2026-10-07T20:14:06.3102886Z 
2026-10-07T20:14:06.3103733Z 14.5 EXPORT RESTRICTIONS. THE SDK IS SUBJECT TO UNITED STATES EXPORT LAWS AND REGULATIONS. YOU MUST COMPLY WITH ALL DOMESTIC AND INTERNATIONAL EXPORT LAWS AND REGULATIONS THAT APPLY TO THE SDK. THESE LAWS INCLUDE RESTRICTIONS ON DESTINATIONS, END USERS AND END USE.
2026-10-07T20:14:06.3104668Z 
2026-10-07T20:14:06.3105752Z 14.6 The rights granted in the License Agreement may not be assigned or transferred by either you or Google without the prior written approval of the other party. Neither you nor Google shall be permitted to delegate their responsibilities or obligations under the License Agreement without the prior written approval of the other party.
2026-10-07T20:14:06.3106920Z 
2026-10-07T20:14:06.3108765Z 14.7 The License Agreement, and your relationship with Google under the License Agreement, shall be governed by the laws of the State of California without regard to its conflict of laws provisions. You and Google agree to submit to the exclusive jurisdiction of the courts located within the county of Santa Clara, California to resolve any legal matter arising from the License Agreement. Notwithstanding this, you agree that Google shall still be allowed to apply for injunctive remedies (or an equivalent type of urgent legal relief) in any jurisdiction.
2026-10-07T20:14:06.3111187Z ---------------------------------------
2026-10-07T20:14:06.3111464Z Accept? (y/N): 
2026-10-07T20:14:06.3111703Z 3/6: License android-sdk-arm-dbt-license:
2026-10-07T20:14:06.3112005Z ---------------------------------------
2026-10-07T20:14:06.3112265Z Terms and Conditions
2026-10-07T20:14:06.3112399Z 
2026-10-07T20:14:06.3112570Z This is the Android Software Development Kit License Agreement
2026-10-07T20:14:06.3112826Z 
2026-10-07T20:14:06.3112921Z 1. Introduction
2026-10-07T20:14:06.3113044Z 
2026-10-07T20:14:06.3114203Z 1.1 The Android Software Development Kit (referred to in the License Agreement as the "SDK" and specifically including the Android system files, packaged APIs, and Google APIs add-ons) is licensed to you subject to the terms of the License Agreement. The License Agreement forms a legally binding contract between you and Google in relation to your use of the SDK.
2026-10-07T20:14:06.3115441Z 
2026-10-07T20:14:06.3116109Z 1.2 "Android" means the Android software stack for devices, as made available under the Android Open Source Project, which is located at the following URL: http://source.android.com/, as updated from time to time.
2026-10-07T20:14:06.3116849Z 
2026-10-07T20:14:06.3117961Z 1.3 A "compatible implementation" means any Android device that (i) complies with the Android Compatibility Definition document, which can be found at the Android compatibility website (http://source.android.com/compatibility) and which may be updated from time to time; and (ii) successfully passes the Android Compatibility Test Suite (CTS).
2026-10-07T20:14:06.3119169Z 
2026-10-07T20:14:06.3119980Z 1.4 "Google" means Google Inc., a Delaware corporation with principal place of business at 1600 Amphitheatre Parkway, Mountain View, CA 94043, United States.
2026-10-07T20:14:06.3120574Z 
2026-10-07T20:14:06.3120579Z 
2026-10-07T20:14:06.3120687Z 2. Accepting the License Agreement
2026-10-07T20:14:06.3120867Z 
2026-10-07T20:14:06.3121274Z 2.1 In order to use the SDK, you must first agree to the License Agreement. You may not use the SDK if you do not accept the License Agreement.
2026-10-07T20:14:06.3121761Z 
2026-10-07T20:14:06.3121979Z 2.2 By clicking to accept, you hereby agree to the terms of the License Agreement.
2026-10-07T20:14:06.3122286Z 
2026-10-07T20:14:06.3123212Z 2.3 You may not use the SDK and may not accept the License Agreement if you are a person barred from receiving the SDK under the laws of the United States or other countries, including the country in which you are resident or from which you use the SDK.
2026-10-07T20:14:06.3124082Z 
2026-10-07T20:14:06.3125217Z 2.4 If you are agreeing to be bound by the License Agreement on behalf of your employer or other entity, you represent and warrant that you have full legal authority to bind your employer or such entity to the License Agreement. If you do not have the requisite authority, you may not accept the License Agreement or use the SDK on behalf of your employer or other entity.
2026-10-07T20:14:06.3126451Z 
2026-10-07T20:14:06.3126456Z 
2026-10-07T20:14:06.3126558Z 3. SDK License from Google
2026-10-07T20:14:06.3126702Z 
2026-10-07T20:14:06.3127526Z 3.1 Subject to the terms of the License Agreement, Google grants you a limited, worldwide, royalty-free, non-assignable, non-exclusive, and non-sublicensable license to use the SDK solely to develop applications for compatible implementations of Android.
2026-10-07T20:14:06.3128428Z 
2026-10-07T20:14:06.3129719Z 3.2 You may not use this SDK to develop applications for other platforms (including non-compatible implementations of Android) or to develop another SDK. You are of course free to develop applications for other platforms, including non-compatible implementations of Android, provided that this SDK is not used for that purpose.
2026-10-07T20:14:06.3131005Z 
2026-10-07T20:14:06.3132250Z 3.3 You agree that Google or third parties own all legal right, title and interest in and to the SDK, including any Intellectual Property Rights that subsist in the SDK. "Intellectual Property Rights" means any and all rights under patent law, copyright law, trade secret law, trademark law, and any and all other proprietary rights. Google reserves all rights not expressly granted to you.
2026-10-07T20:14:06.3133582Z 
2026-10-07T20:14:06.3134697Z 3.4 You may not use the SDK for any purpose not expressly permitted by the License Agreement. Except to the extent required by applicable third party licenses, you may not copy (except for backup purposes), modify, adapt, redistribute, decompile, reverse engineer, disassemble, or create derivative works of the SDK or any part of the SDK.
2026-10-07T20:14:06.3135870Z 
2026-10-07T20:14:06.3136519Z 3.5 Use, reproduction and distribution of components of the SDK licensed under an open source software license are governed solely by the terms of that open source software license and not the License Agreement.
2026-10-07T20:14:06.3137253Z 
2026-10-07T20:14:06.3138584Z 3.6 You agree that the form and nature of the SDK that Google provides may change without prior notice to you and that future versions of the SDK may be incompatible with applications developed on previous versions of the SDK. You agree that Google may stop (permanently or temporarily) providing the SDK (or any features within the SDK) to you or to users generally at Google's sole discretion, without prior notice to you.
2026-10-07T20:14:06.3140236Z 
2026-10-07T20:14:06.3140762Z 3.7 Nothing in the License Agreement gives you a right to use any of Google's trade names, trademarks, service marks, logos, domain names, or other distinctive brand features.
2026-10-07T20:14:06.3141379Z 
2026-10-07T20:14:06.3141970Z 3.8 You agree that you will not remove, obscure, or alter any proprietary rights notices (including copyright and trademark notices) that may be affixed to or contained within the SDK.
2026-10-07T20:14:06.3142624Z 
2026-10-07T20:14:06.3142629Z 
2026-10-07T20:14:06.3142723Z 4. Use of the SDK by You
2026-10-07T20:14:06.3142861Z 
2026-10-07T20:14:06.3143685Z 4.1 Google agrees that it obtains no right, title or interest from you (or your licensors) under the License Agreement in or to any software applications that you develop using the SDK, including any intellectual property rights that subsist in those applications.
2026-10-07T20:14:06.3144607Z 
2026-10-07T20:14:06.3145847Z 4.2 You agree to use the SDK and write applications only for purposes that are permitted by (a) the License Agreement and (b) any applicable law, regulation or generally accepted practices or guidelines in the relevant jurisdictions (including any laws regarding the export of data or software to and from the United States or other relevant countries).
2026-10-07T20:14:06.3147068Z 
2026-10-07T20:14:06.3149873Z 4.3 You agree that if you use the SDK to develop applications for general public users, you will protect the privacy and legal rights of those users. If the users provide you with user names, passwords, or other login information or personal information, you must make the users aware that the information will be available to your application, and you must provide legally adequate privacy notice and protection for those users. If your application stores personal or sensitive information provided by users, it must do so securely. If the user provides your application with Google Account information, your application may only use that information to access the user's Google Account when, and for the limited purposes for which, the user has given you permission to do so.
2026-10-07T20:14:06.3152498Z 
2026-10-07T20:14:06.3153637Z 4.4 You agree that you will not engage in any activity with the SDK, including the development or distribution of an application, that interferes with, disrupts, damages, or accesses in an unauthorized manner the servers, networks, or other properties or services of any third party including, but not limited to, Google or any mobile communications carrier.
2026-10-07T20:14:06.3154998Z 
2026-10-07T20:14:06.3156088Z 4.5 You agree that you are solely responsible for (and that Google has no responsibility to you or to any third party for) any data, content, or resources that you create, transmit or display through Android and/or applications for Android, and for the consequences of your actions (including any loss or damage which Google may suffer) by doing so.
2026-10-07T20:14:06.3157270Z 
2026-10-07T20:14:06.3158508Z 4.6 You agree that you are solely responsible for (and that Google has no responsibility to you or to any third party for) any breach of your obligations under the License Agreement, any applicable third party contract or Terms of Service, or any applicable law or regulation, and for the consequences (including any loss or damage which Google or any third party may suffer) of any such breach.
2026-10-07T20:14:06.3160078Z 
2026-10-07T20:14:06.3161558Z 4.7 This software enables the execution of intellectual property owned by Arm Limited. You agree that your use of the software, that allows execution of ARM Instruction Set Architecture (“ISA”) compliant executables for application development and debug only on x86 desktop, laptop, customer on-premise servers, and customer-procured cloud-based environments.
2026-10-07T20:14:06.3162820Z 
2026-10-07T20:14:06.3162924Z 5. Your Developer Credentials
2026-10-07T20:14:06.3163086Z 
2026-10-07T20:14:06.3163991Z 5.1 You agree that you are responsible for maintaining the confidentiality of any developer credentials that may be issued to you by Google or which you may choose yourself and that you will be solely responsible for all applications that are developed under your developer credentials.
2026-10-07T20:14:06.3164993Z 
2026-10-07T20:14:06.3165088Z 6. Privacy and Information
2026-10-07T20:14:06.3165247Z 
2026-10-07T20:14:06.3166781Z 6.1 In order to continually innovate and improve the SDK, Google may collect certain usage statistics from the software including but not limited to a unique identifier, associated IP address, version number of the software, and information on which tools and/or services in the SDK are being used and how they are being used. Before any of this information is collected, the SDK will notify you and seek your consent. If you withhold consent, the information will not be collected.
2026-10-07T20:14:06.3168426Z 
2026-10-07T20:14:06.3168811Z 6.2 The data collected is examined in the aggregate to improve the SDK and is maintained in accordance with Google's Privacy Policy.
2026-10-07T20:14:06.3169455Z 
2026-10-07T20:14:06.3169469Z 
2026-10-07T20:14:06.3169591Z 7. Third Party Applications
2026-10-07T20:14:06.3169749Z 
2026-10-07T20:14:06.3171765Z 7.1 If you use the SDK to run applications developed by a third party or that access data, content or resources provided by a third party, you agree that Google is not responsible for those applications, data, content, or resources. You understand that all data, content or resources which you may access through such third party applications are the sole responsibility of the person from which they originated and that Google is not liable for any loss or damage that you may experience as a result of the use or access of any of those third party applications, data, content, or resources.
2026-10-07T20:14:06.3173746Z 
2026-10-07T20:14:06.3175297Z 7.2 You should be aware the data, content, and resources presented to you through such a third party application may be protected by intellectual property rights which are owned by the providers (or by other persons or companies on their behalf). You may not modify, rent, lease, loan, sell, distribute or create derivative works based on these data, content, or resources (either in whole or in part) unless you have been specifically given permission to do so by the relevant owners.
2026-10-07T20:14:06.3177063Z 
2026-10-07T20:14:06.3177913Z 7.3 You acknowledge that your use of such third party applications, data, content, or resources may be subject to separate terms between you and the relevant third party. In that case, the License Agreement does not affect your legal relationship with these third parties.
2026-10-07T20:14:06.3178846Z 
2026-10-07T20:14:06.3178851Z 
2026-10-07T20:14:06.3178944Z 8. Using Android APIs
2026-10-07T20:14:06.3179079Z 
2026-10-07T20:14:06.3179161Z 8.1 Google Data APIs
2026-10-07T20:14:06.3179482Z 
2026-10-07T20:14:06.3182335Z 8.1.1 If you use any API to retrieve data from Google, you acknowledge that the data may be protected by intellectual property rights which are owned by Google or those parties that provide the data (or by other persons or companies on their behalf). Your use of any such API may be subject to additional Terms of Service. You may not modify, rent, lease, loan, sell, distribute or create derivative works based on this data (either in whole or in part) unless allowed by the relevant Terms of Service.
2026-10-07T20:14:06.3184364Z 
2026-10-07T20:14:06.3189204Z 8.1.2 If you use any API to retrieve a user's data from Google, you acknowledge and agree that you shall retrieve data only with the user's explicit consent and only when, and for the limited purposes for which, the user has given you permission to do so. If you use the Android Recognition Service API, documented at the following URL: https://developer.android.com/reference/android/speech/RecognitionService, as updated from time to time, you acknowledge that the use of the API is subject to the Data Processing Addendum for Products where Google is a Data Processor, which is located at the following URL: https://privacy.google.com/businesses/gdprprocessorterms/, as updated from time to time. By clicking to accept, you hereby agree to the terms of the Data Processing Addendum for Products where Google is a Data Processor.
2026-10-07T20:14:06.3194639Z 
2026-10-07T20:14:06.3194649Z 
2026-10-07T20:14:06.3194853Z 9. Terminating the License Agreement
2026-10-07T20:14:06.3195172Z 
2026-10-07T20:14:06.3195713Z 9.1 The License Agreement will continue to apply until terminated by either you or Google as set out below.
2026-10-07T20:14:06.3196417Z 
2026-10-07T20:14:06.3197061Z 9.2 If you want to terminate the License Agreement, you may do so by ceasing your use of the SDK and any relevant developer credentials.
2026-10-07T20:14:06.3197838Z 
2026-10-07T20:14:06.3201990Z 9.3 Google may at any time, terminate the License Agreement with you if: (A) you have breached any provision of the License Agreement; or (B) Google is required to do so by law; or (C) the partner with whom Google offered certain parts of SDK (such as APIs) to you has terminated its relationship with Google or ceased to offer certain parts of the SDK to you; or (D) Google decides to no longer provide the SDK or certain parts of the SDK to users in the country in which you are resident or from which you use the service, or the provision of the SDK or certain SDK services to you by Google is, in Google's sole discretion, no longer commercially viable.
2026-10-07T20:14:06.3205911Z 
2026-10-07T20:14:06.3208441Z 9.4 When the License Agreement comes to an end, all of the legal rights, obligations and liabilities that you and Google have benefited from, been subject to (or which have accrued over time whilst the License Agreement has been in force) or which are expressed to continue indefinitely, shall be unaffected by this cessation, and the provisions of paragraph 14.7 shall continue to apply to such rights, obligations and liabilities indefinitely.
2026-10-07T20:14:06.3211398Z 
2026-10-07T20:14:06.3211405Z 
2026-10-07T20:14:06.3211560Z 10. DISCLAIMER OF WARRANTIES
2026-10-07T20:14:06.3211814Z 
2026-10-07T20:14:06.3212736Z 10.1 YOU EXPRESSLY UNDERSTAND AND AGREE THAT YOUR USE OF THE SDK IS AT YOUR SOLE RISK AND THAT THE SDK IS PROVIDED "AS IS" AND "AS AVAILABLE" WITHOUT WARRANTY OF ANY KIND FROM GOOGLE.
2026-10-07T20:14:06.3214285Z 
2026-10-07T20:14:06.3215115Z 10.2 YOUR USE OF THE SDK AND ANY MATERIAL DOWNLOADED OR OTHERWISE OBTAINED THROUGH THE USE OF THE SDK IS AT YOUR OWN DISCRETION AND RISK AND YOU ARE SOLELY RESPONSIBLE FOR ANY DAMAGE TO YOUR COMPUTER SYSTEM OR OTHER DEVICE OR LOSS OF DATA THAT RESULTS FROM SUCH USE.
2026-10-07T20:14:06.3216028Z 
2026-10-07T20:14:06.3216845Z 10.3 GOOGLE FURTHER EXPRESSLY DISCLAIMS ALL WARRANTIES AND CONDITIONS OF ANY KIND, WHETHER EXPRESS OR IMPLIED, INCLUDING, BUT NOT LIMITED TO THE IMPLIED WARRANTIES AND CONDITIONS OF MERCHANTABILITY, FITNESS FOR A PARTICULAR PURPOSE AND NON-INFRINGEMENT.
2026-10-07T20:14:06.3217751Z 
2026-10-07T20:14:06.3217756Z 
2026-10-07T20:14:06.3217854Z 11. LIMITATION OF LIABILITY
2026-10-07T20:14:06.3218014Z 
2026-10-07T20:14:06.3219815Z 11.1 YOU EXPRESSLY UNDERSTAND AND AGREE THAT GOOGLE, ITS SUBSIDIARIES AND AFFILIATES, AND ITS LICENSORS SHALL NOT BE LIABLE TO YOU UNDER ANY THEORY OF LIABILITY FOR ANY DIRECT, INDIRECT, INCIDENTAL, SPECIAL, CONSEQUENTIAL OR EXEMPLARY DAMAGES THAT MAY BE INCURRED BY YOU, INCLUDING ANY LOSS OF DATA, WHETHER OR NOT GOOGLE OR ITS REPRESENTATIVES HAVE BEEN ADVISED OF OR SHOULD HAVE BEEN AWARE OF THE POSSIBILITY OF ANY SUCH LOSSES ARISING.
2026-10-07T20:14:06.3221356Z 
2026-10-07T20:14:06.3221362Z 
2026-10-07T20:14:06.3221461Z 12. Indemnification
2026-10-07T20:14:06.3221598Z 
2026-10-07T20:14:06.3223946Z 12.1 To the maximum extent permitted by law, you agree to defend, indemnify and hold harmless Google, its affiliates and their respective directors, officers, employees and agents from and against any and all claims, actions, suits or proceedings, as well as any and all losses, liabilities, damages, costs and expenses (including reasonable attorneys fees) arising out of or accruing from (a) your use of the SDK, (b) any application you develop on the SDK that infringes any copyright, trademark, trade secret, trade dress, patent or other intellectual property right of any person or defames any person or violates their rights of publicity or privacy, and (c) any non-compliance by you with the License Agreement.
2026-10-07T20:14:06.3226347Z 
2026-10-07T20:14:06.3226352Z 
2026-10-07T20:14:06.3226467Z 13. Changes to the License Agreement
2026-10-07T20:14:06.3226651Z 
2026-10-07T20:14:06.3227376Z 13.1 Google may make changes to the License Agreement as it distributes new versions of the SDK. When these changes are made, Google will make a new version of the License Agreement available on the website where the SDK is made available.
2026-10-07T20:14:06.3228194Z 
2026-10-07T20:14:06.3228199Z 
2026-10-07T20:14:06.3228293Z 14. General Legal Terms
2026-10-07T20:14:06.3228432Z 
2026-10-07T20:14:06.3229844Z 14.1 The License Agreement constitutes the whole legal agreement between you and Google and governs your use of the SDK (excluding any services which Google may provide to you under a separate written agreement), and completely replaces any prior agreements between you and Google in relation to the SDK.
2026-10-07T20:14:06.3230922Z 
2026-10-07T20:14:06.3231921Z 14.2 You agree that if Google does not exercise or enforce any legal right or remedy which is contained in the License Agreement (or which Google has the benefit of under any applicable law), this will not be taken to be a formal waiver of Google's rights and that those rights or remedies will still be available to Google.
2026-10-07T20:14:06.3232997Z 
2026-10-07T20:14:06.3234081Z 14.3 If any court of law, having the jurisdiction to decide on this matter, rules that any provision of the License Agreement is invalid, then that provision will be removed from the License Agreement without affecting the rest of the License Agreement. The remaining provisions of the License Agreement will continue to be valid and enforceable.
2026-10-07T20:14:06.3235307Z 
2026-10-07T20:14:06.3237123Z 14.4 You acknowledge and agree that each member of the group of companies of which Google is the parent shall be third party beneficiaries to the License Agreement and that such other companies shall be entitled to directly enforce, and rely upon, any provision of the License Agreement that confers a benefit on (or rights in favor of) them. Other than this, no other person or company shall be third party beneficiaries to the License Agreement.
2026-10-07T20:14:06.3240331Z 
2026-10-07T20:14:06.3242001Z 14.5 EXPORT RESTRICTIONS. THE SDK IS SUBJECT TO UNITED STATES EXPORT LAWS AND REGULATIONS. YOU MUST COMPLY WITH ALL DOMESTIC AND INTERNATIONAL EXPORT LAWS AND REGULATIONS THAT APPLY TO THE SDK. THESE LAWS INCLUDE RESTRICTIONS ON DESTINATIONS, END USERS AND END USE.
2026-10-07T20:14:06.3243137Z 
2026-10-07T20:14:06.3244275Z 14.6 The rights granted in the License Agreement may not be assigned or transferred by either you or Google without the prior written approval of the other party. Neither you nor Google shall be permitted to delegate their responsibilities or obligations under the License Agreement without the prior written approval of the other party.
2026-10-07T20:14:06.3245465Z 
2026-10-07T20:14:06.3247308Z 14.7 The License Agreement, and your relationship with Google under the License Agreement, shall be governed by the laws of the State of California without regard to its conflict of laws provisions. You and Google agree to submit to the exclusive jurisdiction of the courts located within the county of Santa Clara, California to resolve any legal matter arising from the License Agreement. Notwithstanding this, you agree that Google shall still be allowed to apply for injunctive remedies (or an equivalent type of urgent legal relief) in any jurisdiction.
2026-10-07T20:14:06.3249226Z 
2026-10-07T20:14:06.3249231Z 
2026-10-07T20:14:06.3249571Z January 16, 2019
2026-10-07T20:14:06.3249824Z ---------------------------------------
2026-10-07T20:14:06.3250094Z Accept? (y/N): 
2026-10-07T20:14:06.3250336Z 4/6: License android-sdk-preview-license:
2026-10-07T20:14:06.3250635Z ---------------------------------------
2026-10-07T20:14:06.3252061Z To get started with the Android SDK Preview, you must agree to the following terms and conditions. As described below, please note that this is a preview version of the Android SDK, subject to change, that you use at your own risk. The Android SDK Preview is not a stable release, and may contain errors and defects that can result in serious damage to your computer systems, devices and data.
2026-10-07T20:14:06.3253388Z 
2026-10-07T20:14:06.3253602Z This is the Android SDK Preview License Agreement (the "License Agreement").
2026-10-07T20:14:06.3253902Z 
2026-10-07T20:14:06.3253992Z 1. Introduction
2026-10-07T20:14:06.3254110Z 
2026-10-07T20:14:06.3255912Z 1.1 The Android SDK Preview (referred to in the License Agreement as the “Preview” and specifically including the Android system files, packaged APIs, and Preview library files, if and when they are made available) is licensed to you subject to the terms of the License Agreement. The License Agreement forms a legally binding contract between you and Google in relation to your use of the Preview.
2026-10-07T20:14:06.3257318Z 
2026-10-07T20:14:06.3257987Z 1.2 "Android" means the Android software stack for devices, as made available under the Android Open Source Project, which is located at the following URL: http://source.android.com/, as updated from time to time.
2026-10-07T20:14:06.3258746Z 
2026-10-07T20:14:06.3259228Z 1.3 "Google" means Google Inc., a Delaware corporation with principal place of business at 1600 Amphitheatre Parkway, Mountain View, CA 94043, United States.
2026-10-07T20:14:06.3260108Z 
2026-10-07T20:14:06.3260223Z 2. Accepting the License Agreement
2026-10-07T20:14:06.3260399Z 
2026-10-07T20:14:06.3260839Z 2.1 In order to use the Preview, you must first agree to the License Agreement. You may not use the Preview if you do not accept the License Agreement.
2026-10-07T20:14:06.3261370Z 
2026-10-07T20:14:06.3261667Z 2.2 By clicking to accept and/or using the Preview, you hereby agree to the terms of the License Agreement.
2026-10-07T20:14:06.3262074Z 
2026-10-07T20:14:06.3262886Z 2.3 You may not use the Preview and may not accept the License Agreement if you are a person barred from receiving the Preview under the laws of the United States or other countries including the country in which you are resident or from which you use the Preview.
2026-10-07T20:14:06.3263937Z 
2026-10-07T20:14:06.3265345Z 2.4 If you will use the Preview internally within your company or organization you agree to be bound by the License Agreement on behalf of your employer or other entity, and you represent and warrant that you have full legal authority to bind your employer or such entity to the License Agreement. If you do not have the requisite authority, you may not accept the License Agreement or use the Preview on behalf of your employer or other entity.
2026-10-07T20:14:06.3266835Z 
2026-10-07T20:14:06.3266935Z 3. Preview License from Google
2026-10-07T20:14:06.3267103Z 
2026-10-07T20:14:06.3268113Z 3.1 Subject to the terms of the License Agreement, Google grants you a royalty-free, non-assignable, non-exclusive, non-sublicensable, limited, revocable license to use the Preview, personally or internally within your company or organization, solely to develop applications to run on the Android platform.
2026-10-07T20:14:06.3269217Z 
2026-10-07T20:14:06.3270752Z 3.2 You agree that Google or third parties owns all legal right, title and interest in and to the Preview, including any Intellectual Property Rights that subsist in the Preview. "Intellectual Property Rights" means any and all rights under patent law, copyright law, trade secret law, trademark law, and any and all other proprietary rights. Google reserves all rights not expressly granted to you.
2026-10-07T20:14:06.3272138Z 
2026-10-07T20:14:06.3274083Z 3.3 You may not use the Preview for any purpose not expressly permitted by the License Agreement. Except to the extent required by applicable third party licenses, you may not: (a) copy (except for backup purposes), modify, adapt, redistribute, decompile, reverse engineer, disassemble, or create derivative works of the Preview or any part of the Preview; or (b) load any part of the Preview onto a mobile handset or any other hardware device except a personal computer, combine any part of the Preview with other software, or distribute any software or device incorporating a part of the Preview.
2026-10-07T20:14:06.3276110Z 
2026-10-07T20:14:06.3276915Z 3.4 You agree that you will not take any actions that may cause or result in the fragmentation of Android, including but not limited to distributing, participating in the creation of, or promoting in any way a software development kit derived from the Preview.
2026-10-07T20:14:06.3277808Z 
2026-10-07T20:14:06.3279514Z 3.5 Use, reproduction and distribution of components of the Preview licensed under an open source software license are governed solely by the terms of that open source software license and not the License Agreement. You agree to remain a licensee in good standing in regard to such open source software licenses under all the rights granted and to refrain from any actions that may terminate, suspend, or breach such rights.
2026-10-07T20:14:06.3281012Z 
2026-10-07T20:14:06.3282459Z 3.6 You agree that the form and nature of the Preview that Google provides may change without prior notice to you and that future versions of the Preview may be incompatible with applications developed on previous versions of the Preview. You agree that Google may stop (permanently or temporarily) providing the Preview (or any features within the Preview) to you or to users generally at Google's sole discretion, without prior notice to you.
2026-10-07T20:14:06.3284579Z 
2026-10-07T20:14:06.3285132Z 3.7 Nothing in the License Agreement gives you a right to use any of Google's trade names, trademarks, service marks, logos, domain names, or other distinctive brand features.
2026-10-07T20:14:06.3285766Z 
2026-10-07T20:14:06.3286449Z 3.8 You agree that you will not remove, obscure, or alter any proprietary rights notices (including copyright and trademark notices) that may be affixed to or contained within the Preview.
2026-10-07T20:14:06.3287441Z 
2026-10-07T20:14:06.3287548Z 4. Use of the Preview by You
2026-10-07T20:14:06.3287722Z 
2026-10-07T20:14:06.3288706Z 4.1 Google agrees that nothing in the License Agreement gives Google any right, title or interest from you (or your licensors) under the License Agreement in or to any software applications that you develop using the Preview, including any intellectual property rights that subsist in those applications.
2026-10-07T20:14:06.3290152Z 
2026-10-07T20:14:06.3292127Z 4.2 You agree to use the Preview and write applications only for purposes that are permitted by (a) the License Agreement, and (b) any applicable law, regulation or generally accepted practices or guidelines in the relevant jurisdictions (including any laws regarding the export of data or software to and from the United States or other relevant countries).
2026-10-07T20:14:06.3293385Z 
2026-10-07T20:14:06.3295794Z 4.3 You agree that if you use the Preview to develop applications, you will protect the privacy and legal rights of users. If users provide you with user names, passwords, or other login information or personal information, you must make the users aware that the information will be available to your application, and you must provide legally adequate privacy notice and protection for those users. If your application stores personal or sensitive information provided by users, it must do so securely. If users provide you with Google Account information, your application may only use that information to access the user's Google Account when, and for the limited purposes for which, each user has given you permission to do so.
2026-10-07T20:14:06.3298235Z 
2026-10-07T20:14:06.3299187Z 4.4 You agree that you will not engage in any activity with the Preview, including the development or distribution of an application, that interferes with, disrupts, damages, or accesses in an unauthorized manner the servers, networks, or other properties or services of Google or any third party.
2026-10-07T20:14:06.3300555Z 
2026-10-07T20:14:06.3302002Z 4.5 You agree that you are solely responsible for (and that Google has no responsibility to you or to any third party for) any data, content, or resources that you create, transmit or display through Android and/or applications for Android, and for the consequences of your actions (including any loss or damage which Google may suffer) by doing so.
2026-10-07T20:14:06.3304001Z 
2026-10-07T20:14:06.3306304Z 4.6 You agree that you are solely responsible for (and that Google has no responsibility to you or to any third party for) any breach of your obligations under the License Agreement, any applicable third party contract or Terms of Service, or any applicable law or regulation, and for the consequences (including any loss or damage which Google or any third party may suffer) of any such breach.
2026-10-07T20:14:06.3308988Z 
2026-10-07T20:14:06.3312359Z 4.7 The Preview is in development, and your testing and feedback are an important part of the development process. By using the Preview, you acknowledge that implementation of some features are still under development and that you should not rely on the Preview having the full functionality of a stable release. You agree not to publicly distribute or ship any application using this Preview as this Preview will no longer be supported after the official Android SDK is released.
2026-10-07T20:14:06.3315468Z 
2026-10-07T20:14:06.3315671Z 5. Your Developer Credentials
2026-10-07T20:14:06.3315968Z 
2026-10-07T20:14:06.3317591Z 5.1 You agree that you are responsible for maintaining the confidentiality of any developer credentials that may be issued to you by Google or which you may choose yourself and that you will be solely responsible for all applications that are developed under your developer credentials.
2026-10-07T20:14:06.3319627Z 
2026-10-07T20:14:06.3319802Z 6. Privacy and Information
2026-10-07T20:14:06.3320094Z 
2026-10-07T20:14:06.3323198Z 6.1 In order to continually innovate and improve the Preview, Google may collect certain usage statistics from the software including but not limited to a unique identifier, associated IP address, version number of the software, and information on which tools and/or services in the Preview are being used and how they are being used. Before any of this information is collected, the Preview will notify you and seek your consent. If you withhold consent, the information will not be collected.
2026-10-07T20:14:06.3326513Z 
2026-10-07T20:14:06.3327612Z 6.2 The data collected is examined in the aggregate to improve the Preview and is maintained in accordance with Google's Privacy Policy located at http://www.google.com/policies/privacy/.
2026-10-07T20:14:06.3328892Z 
2026-10-07T20:14:06.3329074Z 7. Third Party Applications
2026-10-07T20:14:06.3329600Z 
2026-10-07T20:14:06.3333186Z 7.1 If you use the Preview to run applications developed by a third party or that access data, content or resources provided by a third party, you agree that Google is not responsible for those applications, data, content, or resources. You understand that all data, content or resources which you may access through such third party applications are the sole responsibility of the person from which they originated and that Google is not liable for any loss or damage that you may experience as a result of the use or access of any of those third party applications, data, content, or resources.
2026-10-07T20:14:06.3336999Z 
2026-10-07T20:14:06.3339034Z 7.2 You should be aware the data, content, and resources presented to you through such a third party application may be protected by intellectual property rights which are owned by the providers (or by other persons or companies on their behalf). You may not modify, rent, lease, loan, sell, distribute or create derivative works based on these data, content, or resources (either in whole or in part) unless you have been specifically given permission to do so by the relevant owners.
2026-10-07T20:14:06.3340984Z 
2026-10-07T20:14:06.3341532Z 7.3 You acknowledge that your use of such third party applications, data, content, or resources may be subject to separate terms between you and the relevant third party.
2026-10-07T20:14:06.3342160Z 
2026-10-07T20:14:06.3342256Z 8. Using Google APIs
2026-10-07T20:14:06.3342391Z 
2026-10-07T20:14:06.3342482Z 8.1 Google APIs
2026-10-07T20:14:06.3342600Z 
2026-10-07T20:14:06.3344182Z 8.1.1 If you use any API to retrieve data from Google, you acknowledge that the data may be protected by intellectual property rights which are owned by Google or those parties that provide the data (or by other persons or companies on their behalf). Your use of any such API may be subject to additional Terms of Service. You may not modify, rent, lease, loan, sell, distribute or create derivative works based on this data (either in whole or in part) unless allowed by the relevant Terms of Service.
2026-10-07T20:14:06.3345841Z 
2026-10-07T20:14:06.3346798Z 8.1.2 If you use any API to retrieve a user's data from Google, you acknowledge and agree that you shall retrieve data only with the user's explicit consent and only when, and for the limited purposes for which, the user has given you permission to do so.
2026-10-07T20:14:06.3347675Z 
2026-10-07T20:14:06.3347786Z 9. Terminating the License Agreement
2026-10-07T20:14:06.3347972Z 
2026-10-07T20:14:06.3348296Z 9.1 the License Agreement will continue to apply until terminated by either you or Google as set out below.
2026-10-07T20:14:06.3348709Z 
2026-10-07T20:14:06.3349115Z 9.2 If you want to terminate the License Agreement, you may do so by ceasing your use of the Preview and any relevant developer credentials.
2026-10-07T20:14:06.3349856Z 
2026-10-07T20:14:06.3350170Z 9.3 Google may at any time, terminate the License Agreement, with or without cause, upon notice to you.
2026-10-07T20:14:06.3350560Z 
2026-10-07T20:14:06.3351610Z 9.4 The License Agreement will automatically terminate without notice or other action upon the earlier of: (A) when Google ceases to provide the Preview or certain parts of the Preview to users in the country in which you are resident or from which you use the service; and (B) Google issues a final release version of the Android SDK.
2026-10-07T20:14:06.3352874Z 
2026-10-07T20:14:06.3353632Z 9.5 When the License Agreement is terminated, the license granted to you in the License Agreement will terminate, you will immediately cease all use of the Preview, and the provisions of paragraphs 10, 11, 12 and 14 shall survive indefinitely.
2026-10-07T20:14:06.3354472Z 
2026-10-07T20:14:06.3354564Z 10. DISCLAIMERS
2026-10-07T20:14:06.3354686Z 
2026-10-07T20:14:06.3355252Z 10.1 YOU EXPRESSLY UNDERSTAND AND AGREE THAT YOUR USE OF THE PREVIEW IS AT YOUR SOLE RISK AND THAT THE PREVIEW IS PROVIDED "AS IS" AND "AS AVAILABLE" WITHOUT WARRANTY OF ANY KIND FROM GOOGLE.
2026-10-07T20:14:06.3355902Z 
2026-10-07T20:14:06.3357687Z 10.2 YOUR USE OF THE PREVIEW AND ANY MATERIAL DOWNLOADED OR OTHERWISE OBTAINED THROUGH THE USE OF THE PREVIEW IS AT YOUR OWN DISCRETION AND RISK AND YOU ARE SOLELY RESPONSIBLE FOR ANY DAMAGE TO YOUR COMPUTER SYSTEM OR OTHER DEVICE OR LOSS OF DATA THAT RESULTS FROM SUCH USE. WITHOUT LIMITING THE FOREGOING, YOU UNDERSTAND THAT THE PREVIEW IS NOT A STABLE RELEASE AND MAY CONTAIN ERRORS, DEFECTS AND SECURITY VULNERABILITIES THAT CAN RESULT IN SIGNIFICANT DAMAGE, INCLUDING THE COMPLETE, IRRECOVERABLE LOSS OF USE OF YOUR COMPUTER SYSTEM OR OTHER DEVICE.
2026-10-07T20:14:06.3359769Z 
2026-10-07T20:14:06.3360583Z 10.3 GOOGLE FURTHER EXPRESSLY DISCLAIMS ALL WARRANTIES AND CONDITIONS OF ANY KIND, WHETHER EXPRESS OR IMPLIED, INCLUDING, BUT NOT LIMITED TO THE IMPLIED WARRANTIES AND CONDITIONS OF MERCHANTABILITY, FITNESS FOR A PARTICULAR PURPOSE AND NON-INFRINGEMENT.
2026-10-07T20:14:06.3361644Z 
2026-10-07T20:14:06.3361808Z 11. LIMITATION OF LIABILITY
2026-10-07T20:14:06.3366000Z 
2026-10-07T20:14:06.3368674Z 11.1 YOU EXPRESSLY UNDERSTAND AND AGREE THAT GOOGLE, ITS SUBSIDIARIES AND AFFILIATES, AND ITS LICENSORS SHALL NOT BE LIABLE TO YOU UNDER ANY THEORY OF LIABILITY FOR ANY DIRECT, INDIRECT, INCIDENTAL, SPECIAL, CONSEQUENTIAL OR EXEMPLARY DAMAGES THAT MAY BE INCURRED BY YOU, INCLUDING ANY LOSS OF DATA, WHETHER OR NOT GOOGLE OR ITS REPRESENTATIVES HAVE BEEN ADVISED OF OR SHOULD HAVE BEEN AWARE OF THE POSSIBILITY OF ANY SUCH LOSSES ARISING.
2026-10-07T20:14:06.3371619Z 
2026-10-07T20:14:06.3371780Z 12. Indemnification
2026-10-07T20:14:06.3371996Z 
2026-10-07T20:14:06.3377161Z 12.1 To the maximum extent permitted by law, you agree to defend, indemnify and hold harmless Google, its affiliates and their respective directors, officers, employees and agents from and against any and all claims, actions, suits or proceedings, as well as any and all losses, liabilities, damages, costs and expenses (including reasonable attorneys’ fees) arising out of or accruing from (a) your use of the Preview, (b) any application you develop on the Preview that infringes any Intellectual Property Rights of any person or defames any person or violates their rights of publicity or privacy, and (c) any non-compliance by you of the License Agreement.
2026-10-07T20:14:06.3381715Z 
2026-10-07T20:14:06.3381922Z 13. Changes to the License Agreement
2026-10-07T20:14:06.3382280Z 
2026-10-07T20:14:06.3383793Z 13.1 Google may make changes to the License Agreement as it distributes new versions of the Preview. When these changes are made, Google will make a new version of the License Agreement available on the website where the Preview is made available.
2026-10-07T20:14:06.3385464Z 
2026-10-07T20:14:06.3385643Z 14. General Legal Terms
2026-10-07T20:14:06.3385922Z 
2026-10-07T20:14:06.3387886Z 14.1 the License Agreement constitutes the whole legal agreement between you and Google and governs your use of the Preview (excluding any services which Google may provide to you under a separate written agreement), and completely replaces any prior agreements between you and Google in relation to the Preview.
2026-10-07T20:14:06.3390205Z 
2026-10-07T20:14:06.3392133Z 14.2 You agree that if Google does not exercise or enforce any legal right or remedy which is contained in the License Agreement (or which Google has the benefit of under any applicable law), this will not be taken to be a formal waiver of Google's rights and that those rights or remedies will still be available to Google.
2026-10-07T20:14:06.3394409Z 
2026-10-07T20:14:06.3396481Z 14.3 If any court of law, having the jurisdiction to decide on this matter, rules that any provision of the License Agreement is invalid, then that provision will be removed from the License Agreement without affecting the rest of the License Agreement. The remaining provisions of the License Agreement will continue to be valid and enforceable.
2026-10-07T20:14:06.3398627Z 
2026-10-07T20:14:06.3401466Z 14.4 You acknowledge and agree that each member of the group of companies of which Google is the parent shall be third party beneficiaries to the License Agreement and that such other companies shall be entitled to directly enforce, and rely upon, any provision of the License Agreement that confers a benefit on (or rights in favor of) them. Other than this, no other person or company shall be third party beneficiaries to the License Agreement.
2026-10-07T20:14:06.3404186Z 
2026-10-07T20:14:06.3405761Z 14.5 EXPORT RESTRICTIONS. THE PREVIEW IS SUBJECT TO UNITED STATES EXPORT LAWS AND REGULATIONS. YOU MUST COMPLY WITH ALL DOMESTIC AND INTERNATIONAL EXPORT LAWS AND REGULATIONS THAT APPLY TO THE PREVIEW. THESE LAWS INCLUDE RESTRICTIONS ON DESTINATIONS, END USERS AND END USE.
2026-10-07T20:14:06.3407473Z 
2026-10-07T20:14:06.3409290Z 14.6 The License Agreement may not be assigned or transferred by you without the prior written approval of Google, and any attempted assignment without such approval will be void. You shall not delegate your responsibilities or obligations under the License Agreement without the prior written approval of Google.
2026-10-07T20:14:06.3411443Z 
2026-10-07T20:14:06.3414704Z 14.7 The License Agreement, and your relationship with Google under the License Agreement, shall be governed by the laws of the State of California without regard to its conflict of laws provisions. You and Google agree to submit to the exclusive jurisdiction of the courts located within the county of Santa Clara, California to resolve any legal matter arising from the License Agreement. Notwithstanding this, you agree that Google shall still be allowed to apply for injunctive remedies (or an equivalent type of urgent legal relief) in any jurisdiction.
2026-10-07T20:14:06.3418133Z 
2026-10-07T20:14:06.3418273Z June 2014.
2026-10-07T20:14:06.3418605Z ---------------------------------------
2026-10-07T20:14:06.3419043Z Accept? (y/N): 
2026-10-07T20:14:06.3419563Z 5/6: License google-gdk-license:
2026-10-07T20:14:06.3419995Z ---------------------------------------
2026-10-07T20:14:06.3420576Z This is a Developer Preview of the GDK that is subject to change.
2026-10-07T20:14:06.3421039Z 
2026-10-07T20:14:06.3421186Z Terms and Conditions
2026-10-07T20:14:06.3421406Z 
2026-10-07T20:14:06.3421837Z This is the Glass Development Kit License Agreement.
2026-10-07T20:14:06.3422241Z 
2026-10-07T20:14:06.3422383Z 1. Introduction
2026-10-07T20:14:06.3422584Z 
2026-10-07T20:14:06.3424849Z 1.1 The Glass Development Kit (referred to in this License Agreement as the "GDK" and specifically including the Android system files, packaged APIs, and GDK library files, if and when they are made available) is licensed to you subject to the terms of this License Agreement. This License Agreement forms a legally binding contract between you and Google in relation to your use of the GDK.
2026-10-07T20:14:06.3427248Z 
2026-10-07T20:14:06.3427641Z 1.2 "Glass" means Glass devices and the Glass software stack for use on Glass devices.
2026-10-07T20:14:06.3428220Z 
2026-10-07T20:14:06.3428228Z 
2026-10-07T20:14:06.3429592Z 1.3 "Android" means the Android software stack for devices, as made available under the Android Open Source Project, which is located at the following URL: http://source.android.com/, as updated from time to time.
2026-10-07T20:14:06.3430925Z 
2026-10-07T20:14:06.3431924Z 1.4 "Google" means Google Inc., a Delaware corporation with principal place of business at 1600 Amphitheatre Parkway, Mountain View, CA 94043, United States.
2026-10-07T20:14:06.3432935Z 
2026-10-07T20:14:06.3433102Z 2. Accepting this License Agreement
2026-10-07T20:14:06.3433406Z 
2026-10-07T20:14:06.3434118Z 2.1 In order to use the GDK, you must first agree to this License Agreement. You may not use the GDK if you do not accept this License Agreement.
2026-10-07T20:14:06.3435166Z 
2026-10-07T20:14:06.3435583Z 2.2 By clicking to accept, you hereby agree to the terms of this License Agreement.
2026-10-07T20:14:06.3436140Z 
2026-10-07T20:14:06.3437501Z 2.3 You may not use the GDK and may not accept the License Agreement if you are a person barred from receiving the GDK under the laws of the United States or other countries including the country in which you are resident or from which you use the GDK.
2026-10-07T20:14:06.3439073Z 
2026-10-07T20:14:06.3441369Z 2.4 If you are agreeing to be bound by this License Agreement on behalf of your employer or other entity, you represent and warrant that you have full legal authority to bind your employer or such entity to this License Agreement. If you do not have the requisite authority, you may not accept the License Agreement or use the GDK on behalf of your employer or other entity.
2026-10-07T20:14:06.3443649Z 
2026-10-07T20:14:06.3443828Z 3. GDK License from Google
2026-10-07T20:14:06.3444095Z 
2026-10-07T20:14:06.3445472Z 3.1 Subject to the terms of this License Agreement, Google grants you a limited, worldwide, royalty-free, non-assignable and non-exclusive license to use the GDK solely to develop applications to run on the Glass platform for Glass devices.
2026-10-07T20:14:06.3446973Z 
2026-10-07T20:14:06.3449647Z 3.2 You agree that Google or third parties own all legal right, title and interest in and to the GDK, including any Intellectual Property Rights that subsist in the GDK. "Intellectual Property Rights" means any and all rights under patent law, copyright law, trade secret law, trademark law, and any and all other proprietary rights. Google reserves all rights not expressly granted to you.
2026-10-07T20:14:06.3452070Z 
2026-10-07T20:14:06.3455609Z 3.3 You may not use the GDK for any purpose not expressly permitted by this License Agreement. Except to the extent required by applicable third party licenses, you may not: (a) copy (except for backup purposes), modify, adapt, redistribute, decompile, reverse engineer, disassemble, or create derivative works of the GDK or any part of the GDK; or (b) load any part of the GDK onto a mobile handset or wearable computing device or any other hardware device except a Glass device personal computer, combine any part of the GDK with other software, or distribute any software or device incorporating a part of the GDK.
2026-10-07T20:14:06.3459456Z 
2026-10-07T20:14:06.3461014Z 3.4 You agree that you will not take any actions that may cause or result in the fragmentation of Glass, including but not limited to distributing, participating in the creation of, or promoting in any way a software development kit derived from the GDK.
2026-10-07T20:14:06.3462580Z 
2026-10-07T20:14:06.3463740Z 3.5 Use, reproduction and distribution of components of the GDK licensed under an open source software license are governed solely by the terms of that open source software license and not this License Agreement.
2026-10-07T20:14:06.3465090Z 
2026-10-07T20:14:06.3467478Z 3.6 You agree that the form and nature of the GDK that Google provides may change without prior notice to you and that future versions of the GDK may be incompatible with applications developed on previous versions of the GDK. You agree that Google may stop (permanently or temporarily) providing the GDK (or any features within the GDK) to you or to users generally at Google's sole discretion, without prior notice to you.
2026-10-07T20:14:06.3470222Z 
2026-10-07T20:14:06.3471157Z 3.7 Nothing in this License Agreement gives you a right to use any of Google's trade names, trademarks, service marks, logos, domain names, or other distinctive brand features.
2026-10-07T20:14:06.3472458Z 
2026-10-07T20:14:06.3473461Z 3.8 You agree that you will not remove, obscure, or alter any proprietary rights notices (including copyright and trademark notices) that may be affixed to or contained within the GDK.
2026-10-07T20:14:06.3474641Z 
2026-10-07T20:14:06.3474648Z 
2026-10-07T20:14:06.3476716Z 3.9 Your use of any Android system files, packaged APIs, or other components of the GDK which are part of the Android Software Development Kit is subject to the terms of the Android Software Development Kit License Agreement located at http://developer.android.com/sdk/terms.html. These terms are hereby incorporated by reference into this License Agreement.
2026-10-07T20:14:06.3478928Z 
2026-10-07T20:14:06.3479082Z 4. Use of the GDK by You
2026-10-07T20:14:06.3479509Z 
2026-10-07T20:14:06.3481024Z 4.1 Google agrees that it obtains no right, title or interest from you (or your licensors) under this License Agreement in or to any software applications that you develop using the GDK, including any intellectual property rights that subsist in those applications.
2026-10-07T20:14:06.3482693Z 
2026-10-07T20:14:06.3485861Z 4.2 You agree to use the GDK and write applications only for purposes that are permitted by (a) this License Agreement, (b) the Glass Platform Developer Policies (located at https://developers.google.com/glass/policies, and hereby incorporated into this License Agreement by reference), and (c) any applicable law, regulation or generally accepted practices or guidelines in the relevant jurisdictions (including any laws regarding the export of data or software to and from the United States or other relevant countries).
2026-10-07T20:14:06.3489123Z 
2026-10-07T20:14:06.3494001Z 4.3 You agree that if you use the GDK to develop applications for general public users, you will protect the privacy and legal rights of those users. If the users provide you with user names, passwords, or other login information or personal information, you must make the users aware that the information will be available to your application, and you must provide legally adequate privacy notice and protection for those users. If your application stores personal or sensitive information provided by users, it must do so securely. If the user provides your application with Google Account information, your application may only use that information to access the user's Google Account when, and for the limited purposes for which, the user has given you permission to do so.
2026-10-07T20:14:06.3498864Z 
2026-10-07T20:14:06.3500930Z 4.4 You agree that you will not engage in any activity with the GDK, including the development or distribution of an application, that interferes with, disrupts, damages, or accesses in an unauthorized manner the servers, networks, or other properties or services of any third party including, but not limited to, Google.
2026-10-07T20:14:06.3502955Z 
2026-10-07T20:14:06.3505121Z 4.5 You agree that you are solely responsible for (and that Google has no responsibility to you or to any third party for) any data, content, or resources that you create, transmit or display through Glass and/or applications for Glass, and for the consequences of your actions (including any loss or damage which Google may suffer) by doing so.
2026-10-07T20:14:06.3507563Z 
2026-10-07T20:14:06.3510143Z 4.6 You agree that you are solely responsible for (and that Google has no responsibility to you or to any third party for) any breach of your obligations under this License Agreement, any applicable third party contract or Terms of Service, or any applicable law or regulation, and for the consequences (including any loss or damage which Google or any third party may suffer) of any such breach.
2026-10-07T20:14:06.3512552Z 
2026-10-07T20:14:06.3512560Z 
2026-10-07T20:14:06.3514731Z 4.7 The GDK is in development, and your testing and feedback are an important part of the development process. By using the GDK, you acknowledge that implementation of some features are still under development and that you should not rely on the GDK, Glass devices, Glass system software, Google Mirror API, or Glass services having the full functionality of a stable release.
2026-10-07T20:14:06.3517205Z 
2026-10-07T20:14:06.3517373Z 5. Your Developer Credentials
2026-10-07T20:14:06.3517651Z 
2026-10-07T20:14:06.3519287Z 5.1 You agree that you are responsible for maintaining the confidentiality of any developer credentials that may be issued to you by Google or which you may choose yourself and that you will be solely responsible for all applications that are developed under your developer credentials.
2026-10-07T20:14:06.3521247Z 
2026-10-07T20:14:06.3521416Z 6. Privacy and Information
2026-10-07T20:14:06.3521672Z 
2026-10-07T20:14:06.3521680Z 
2026-10-07T20:14:06.3524460Z 6.1 In order to continually innovate and improve the GDK, Google may collect certain usage statistics from the software including but not limited to a unique identifier, associated IP address, version number of the software, and information on which tools and/or services in the GDK are being used and how they are being used. Before any of this information is collected, the GDK will notify you and seek your consent. If you withhold consent, the information will not be collected.
2026-10-07T20:14:06.3527402Z 
2026-10-07T20:14:06.3528083Z 6.2 The data collected is examined in the aggregate to improve the GDK and is maintained in accordance with Google's Privacy Policy.
2026-10-07T20:14:06.3528930Z 
2026-10-07T20:14:06.3529095Z 7. Third Party Applications
2026-10-07T20:14:06.3529513Z 
2026-10-07T20:14:06.3532967Z 7.1 If you use the GDK to run applications developed by a third party or that access data, content or resources provided by a third party, you agree that Google is not responsible for those applications, data, content, or resources. You understand that all data, content or resources which you may access through such third party applications are the sole responsibility of the person from which they originated and that Google is not liable for any loss or damage that you may experience as a result of the use or access of any of those third party applications, data, content, or resources.
2026-10-07T20:14:06.3536597Z 
2026-10-07T20:14:06.3539607Z 7.2 You should be aware the data, content, and resources presented to you through such a third party application may be protected by intellectual property rights which are owned by the providers (or by other persons or companies on their behalf). You may not modify, rent, lease, loan, sell, distribute or create derivative works based on these data, content, or resources (either in whole or in part) unless you have been specifically given permission to do so by the relevant owners.
2026-10-07T20:14:06.3542650Z 
2026-10-07T20:14:06.3557144Z 7.3 You acknowledge that your use of such third party applications, data, content, or resources may be subject to separate terms between you and the relevant third party. In that case, this License Agreement does not affect your legal relationship with these third parties.
2026-10-07T20:14:06.3558873Z 
2026-10-07T20:14:06.3559048Z 8. Using Google APIs
2026-10-07T20:14:06.3559295Z 
2026-10-07T20:14:06.3559645Z 8.1 Google APIs
2026-10-07T20:14:06.3559857Z 
2026-10-07T20:14:06.3562667Z 8.1.1 If you use any API to retrieve data from Google, you acknowledge that the data may be protected by intellectual property rights which are owned by Google or those parties that provide the data (or by other persons or companies on their behalf). Your use of any such API may be subject to additional Terms of Service. You may not modify, rent, lease, loan, sell, distribute or create derivative works based on this data (either in whole or in part) unless allowed by the relevant Terms of Service.
2026-10-07T20:14:06.3565811Z 
2026-10-07T20:14:06.3567299Z 8.1.2 If you use any API to retrieve a user's data from Google, you acknowledge and agree that you shall retrieve data only with the user's explicit consent and only when, and for the limited purposes for which, the user has given you permission to do so.
2026-10-07T20:14:06.3569200Z 
2026-10-07T20:14:06.3569661Z 9. Terminating this License Agreement
2026-10-07T20:14:06.3570018Z 
2026-10-07T20:14:06.3570621Z 9.1 This License Agreement will continue to apply until terminated by either you or Google as set out below.
2026-10-07T20:14:06.3571398Z 
2026-10-07T20:14:06.3572140Z 9.2 If you want to terminate this License Agreement, you may do so by ceasing your use of the GDK and any relevant developer credentials.
2026-10-07T20:14:06.3573072Z 
2026-10-07T20:14:06.3576908Z 9.3 Google may at any time, terminate this License Agreement with you if: (A) you have breached any provision of this License Agreement; or (B) Google is required to do so by law; or (C) the partner with whom Google offered certain parts of GDK (such as APIs) to you has terminated its relationship with Google or ceased to offer certain parts of the GDK to you; or (D) Google decides to no longer provide the GDK or certain parts of the GDK to users in the country in which you are resident or from which you use the service, or the provision of the GDK or certain GDK services to you by Google is, in Google's sole discretion, no longer commercially viable.
2026-10-07T20:14:06.3581118Z 
2026-10-07T20:14:06.3583904Z 9.4 When this License Agreement comes to an end, all of the legal rights, obligations and liabilities that you and Google have benefited from, been subject to (or which have accrued over time whilst this License Agreement has been in force) or which are expressed to continue indefinitely, shall be unaffected by this cessation, and the provisions of paragraph 14.7 shall continue to apply to such rights, obligations and liabilities indefinitely.
2026-10-07T20:14:06.3586660Z 
2026-10-07T20:14:06.3586826Z 10. DISCLAIMER OF WARRANTIES
2026-10-07T20:14:06.3587095Z 
2026-10-07T20:14:06.3588034Z 10.1 YOU EXPRESSLY UNDERSTAND AND AGREE THAT YOUR USE OF THE GDK IS AT YOUR SOLE RISK AND THAT THE GDK IS PROVIDED "AS IS" AND "AS AVAILABLE" WITHOUT WARRANTY OF ANY KIND FROM GOOGLE.
2026-10-07T20:14:06.3589131Z 
2026-10-07T20:14:06.3590771Z 10.2 YOUR USE OF THE GDK AND ANY MATERIAL DOWNLOADED OR OTHERWISE OBTAINED THROUGH THE USE OF THE GDK IS AT YOUR OWN DISCRETION AND RISK AND YOU ARE SOLELY RESPONSIBLE FOR ANY DAMAGE TO YOUR COMPUTER SYSTEM OR OTHER DEVICE OR LOSS OF DATA THAT RESULTS FROM SUCH USE.
2026-10-07T20:14:06.3592387Z 
2026-10-07T20:14:06.3593853Z 10.3 GOOGLE FURTHER EXPRESSLY DISCLAIMS ALL WARRANTIES AND CONDITIONS OF ANY KIND, WHETHER EXPRESS OR IMPLIED, INCLUDING, BUT NOT LIMITED TO THE IMPLIED WARRANTIES AND CONDITIONS OF MERCHANTABILITY, FITNESS FOR A PARTICULAR PURPOSE AND NON-INFRINGEMENT.
2026-10-07T20:14:06.3595491Z 
2026-10-07T20:14:06.3595649Z 11. LIMITATION OF LIABILITY
2026-10-07T20:14:06.3595909Z 
2026-10-07T20:14:06.3598725Z 11.1 YOU EXPRESSLY UNDERSTAND AND AGREE THAT GOOGLE, ITS SUBSIDIARIES AND AFFILIATES, AND ITS LICENSORS SHALL NOT BE LIABLE TO YOU UNDER ANY THEORY OF LIABILITY FOR ANY DIRECT, INDIRECT, INCIDENTAL, SPECIAL, CONSEQUENTIAL OR EXEMPLARY DAMAGES THAT MAY BE INCURRED BY YOU, INCLUDING ANY LOSS OF DATA, WHETHER OR NOT GOOGLE OR ITS REPRESENTATIVES HAVE BEEN ADVISED OF OR SHOULD HAVE BEEN AWARE OF THE POSSIBILITY OF ANY SUCH LOSSES ARISING.
2026-10-07T20:14:06.3601676Z 
2026-10-07T20:14:06.3601855Z 12. Indemnification
2026-10-07T20:14:06.3602096Z 
2026-10-07T20:14:06.3606270Z 12.1 To the maximum extent permitted by law, you agree to defend, indemnify and hold harmless Google, its affiliates and their respective directors, officers, employees and agents from and against any and all claims, actions, suits or proceedings, as well as any and all losses, liabilities, damages, costs and expenses (including reasonable attorneys fees) arising out of or accruing from (a) your use of the GDK, (b) any application you develop on the GDK that infringes any copyright, trademark, trade secret, trade dress, patent or other intellectual property right of any person or defames any person or violates their rights of publicity or privacy, and (c) any non-compliance by you with this License Agreement.
2026-10-07T20:14:06.3610983Z 
2026-10-07T20:14:06.3611226Z 13. Changes to the License Agreement
2026-10-07T20:14:06.3611619Z 
2026-10-07T20:14:06.3613058Z 13.1 Google may make changes to the License Agreement as it distributes new versions of the GDK. When these changes are made, Google will make a new version of the License Agreement available on the website where the GDK is made available.
2026-10-07T20:14:06.3614578Z 
2026-10-07T20:14:06.3614739Z 14. General Legal Terms
2026-10-07T20:14:06.3614987Z 
2026-10-07T20:14:06.3616775Z 14.1 This License Agreement constitutes the whole legal agreement between you and Google and governs your use of the GDK (excluding any services which Google may provide to you under a separate written agreement), and completely replaces any prior agreements between you and Google in relation to the GDK.
2026-10-07T20:14:06.3618737Z 
2026-10-07T20:14:06.3620778Z 14.2 You agree that if Google does not exercise or enforce any legal right or remedy which is contained in this License Agreement (or which Google has the benefit of under any applicable law), this will not be taken to be a formal waiver of Google's rights and that those rights or remedies will still be available to Google.
2026-10-07T20:14:06.3622776Z 
2026-10-07T20:14:06.3624824Z 14.3 If any court of law, having the jurisdiction to decide on this matter, rules that any provision of this License Agreement is invalid, then that provision will be removed from this License Agreement without affecting the rest of this License Agreement. The remaining provisions of this License Agreement will continue to be valid and enforceable.
2026-10-07T20:14:06.3627231Z 
2026-10-07T20:14:06.3631253Z 14.4 You acknowledge and agree that each member of the group of companies of which Google is the parent shall be third party beneficiaries to this License Agreement and that such other companies shall be entitled to directly enforce, and rely upon, any provision of this License Agreement that confers a benefit on (or rights in favor of) them. Other than this, no other person or company shall be third party beneficiaries to this License Agreement.
2026-10-07T20:14:06.3635370Z 
2026-10-07T20:14:06.3638067Z 14.5 EXPORT RESTRICTIONS. THE GDK IS SUBJECT TO UNITED STATES EXPORT LAWS AND REGULATIONS. YOU MUST COMPLY WITH ALL DOMESTIC AND INTERNATIONAL EXPORT LAWS AND REGULATIONS THAT APPLY TO THE GDK. THESE LAWS INCLUDE RESTRICTIONS ON DESTINATIONS, END USERS AND END USE.
2026-10-07T20:14:06.3640915Z 
2026-10-07T20:14:06.3643067Z 14.6 The rights granted in this License Agreement may not be assigned or transferred by either you or Google without the prior written approval of the other party. Neither you nor Google shall be permitted to delegate their responsibilities or obligations under this License Agreement without the prior written approval of the other party.
2026-10-07T20:14:06.3645197Z 
2026-10-07T20:14:06.3648694Z 14.7 This License Agreement, and your relationship with Google under this License Agreement, shall be governed by the laws of the State of California without regard to its conflict of laws provisions. You and Google agree to submit to the exclusive jurisdiction of the courts located within the county of Santa Clara, California to resolve any legal matter arising from this License Agreement. Notwithstanding this, you agree that Google shall still be allowed to apply for injunctive remedies (or an equivalent type of urgent legal relief) in any jurisdiction.
2026-10-07T20:14:06.3652446Z 
2026-10-07T20:14:06.3652593Z November 19, 2013
2026-10-07T20:14:06.3652945Z ---------------------------------------
2026-10-07T20:14:06.3653381Z Accept? (y/N): 
2026-10-07T20:14:06.3653773Z 6/6: License mips-android-sysimage-license:
2026-10-07T20:14:06.3654274Z ---------------------------------------
2026-10-07T20:14:06.3658363Z MIPS Technologies, Inc. (“MIPS”) Internal Evaluation License Agreement for MIPS Android™ System Images for Android Software Development Kit (SDK): This Internal Evaluation License Agreement (this "Agreement") is entered into by and between MIPS and you (as an individual developer or a legal entity -- identified below as “Recipient”). MIPS shall make the Evaluation Software available to Recipient as described in accordance with the terms and conditions set forth below.
2026-10-07T20:14:06.3661732Z 
2026-10-07T20:14:06.3665340Z By clicking on the “Accept” button, downloading, installing, or otherwise using the Evaluation Materials (defined below), you agree to be bound by the terms of this Agreement effective as of the date you click “Accept” (the “Effective Date”), and if doing so on behalf of an entity, you represent that you are authorized to bind the entity to the terms and conditions of this Agreement. If you do not agree to be bound by the terms and conditions of this Agreement, do not download, install, or use the Evaluation Materials.
2026-10-07T20:14:06.3668538Z 
2026-10-07T20:14:06.3668854Z 1. DEFINITIONS. These terms shall have the following meanings:
2026-10-07T20:14:06.3669465Z 
2026-10-07T20:14:06.3670538Z 1.1 “MIPS” shall mean MIPS Technologies, Inc., a Delaware corporation having a principal place of business at: 955 East Arques Ave., Sunnyvale, CA 94085
2026-10-07T20:14:06.3671534Z 
2026-10-07T20:14:06.3672551Z 1.2 “Evaluation Software” shall mean MIPS Android™ emulator system images for Android Software Development Kit (SDK), as made available to Recipient.
2026-10-07T20:14:06.3673561Z 
2026-10-07T20:14:06.3675773Z 1.3 “Evaluation Materials" means, collectively, the Evaluation Software (in source and/or object code form) and documentation (including, without limitation, any design documents, specifications, reference manuals, and other related materials) related to the Evaluation Software as made available to Recipient.
2026-10-07T20:14:06.3677766Z 
2026-10-07T20:14:06.3685147Z 1.4 “Open Source Software” means any software that requires (as a condition of use, modification and/or distribution of such software) that such software or other software incorporated into, derived from or distributed with such software (a) be disclosed or distributed in source code form; or (b) be licensed by the user to third parties for the purpose of making and/or distributing derivative works; or (c) be redistributable at no charge. Open Source Software includes, without limitation, software licensed or distributed under any of the following licenses or distribution models, or licenses or distribution models substantially similar to any of the following: (a) GNU’s General Public License (GPL) or Lesser/Library GPL (LGPL), (b) the Artistic License (e.g., PERL), (c) the Mozilla Public License, (d) the Netscape Public License, (e) the Sun Community Source License (SCSL), (f) the Sun Industry Source License (SISL), (g) the Apache Software license and (h) the Common Public License (CPL).
2026-10-07T20:14:06.3691406Z 
2026-10-07T20:14:06.3693670Z 1.5 “Pre-Release Materials” means “alpha” or “beta” designated pre-release features, which may not be fully functional, which MIPS may substantially modify in producing any production version of the Evaluation Materials, and/or which is still under development by MIPS and/or MIPS’ suppliers.
2026-10-07T20:14:06.3695594Z 
2026-10-07T20:14:06.3699237Z 2. PURPOSE. MIPS desires to make the Evaluation Materials available to Recipient solely for Recipient's internal evaluation of the Evaluation Software to evaluate the desirability of cooperating with MIPS in developing products that are compatible with the Evaluation Software and/or to advise MIPS as to possible modifications to the Evaluation Software. Recipient may not disclose, distribute, modify (except to facilitate the above-mentioned internal evaluation), or make commercial use of the Evaluation Materials or any modifications of the Evaluation Materials.
2026-10-07T20:14:06.3703109Z 
2026-10-07T20:14:06.3705796Z THE EVALUATION MATERIALS ARE PROVIDED FOR EVALUATION PURPOSES ONLY AND MAY NOT BE MODIFIED (EXCEPT TO FACILITATE THE INTERNAL EVALUATION) OR DISTRIBUTED BY RECIPIENT OR INCORPORATED INTO RECIPIENT’S PRODUCTS OR SOFTWARE. PLEASE CONTACT A MIPS SALES REPRESENTATIVE TO LEARN ABOUT THE AVAILABILITY AND COST OF A COMMERCIAL VERSION OF THE EVALUATION SOFTWARE.
2026-10-07T20:14:06.3708267Z 
2026-10-07T20:14:06.3710105Z 3. TITLE. Title to the Evaluation Materials remains with MIPS or its suppliers. Recipient shall not mortgage, pledge or encumber the Evaluation Materials in any way. Recipient shall return all Evaluation Materials, keeping no copies, upon termination or expiration of this Agreement.
2026-10-07T20:14:06.3711898Z 
2026-10-07T20:14:06.3717817Z 4. LICENSE. MIPS grants Recipient a royalty-free, personal, nontransferable, nonexclusive license under its copyrights to use the Evaluation Software only for the purposes described in paragraph 2 above and only for a period beginning on the Effective Date and extending to the first anniversary of the Effective Date (the “Evaluation Period”). Unless otherwise communicated in writing by MIPS to Recipient, to the extent the Evaluation Software is provided in more than one delivery or release (each, a “Release”) the license grant in this Section 4 and the Evaluation Period shall apply to each Release, in which case the Evaluation Period shall begin on the date that the Release is made generally available and continue to the first anniversary of such date. Recipient may not make modifications to the Evaluation Software. Recipient shall not disassemble, reverse-engineer, or decompile any software that is not provided to Recipient in source code form.
2026-10-07T20:14:06.3722852Z 
2026-10-07T20:14:06.3722862Z 
2026-10-07T20:14:06.3724828Z EXCEPT AS PROVIDED HEREIN, NO OTHER LICENSE, EXPRESS OR IMPLIED, BY ESTOPPEL OR OTHERWISE, TO ANY OTHER MIPS INTELLECTUAL PROPERTY RIGHTS IS GRANTED TO THE RECIPIENT. OTHER THAN AS EXPLICITLY SET FORTH IN PARAGRAPH 2 ABOVE, NO RIGHT TO COPY, TO REPRODUCE, TO MODIFY, OR TO CREATE DERIVATIVE WORKS OF, THE EVALUATION MATERIALS IS GRANTED HEREIN.
2026-10-07T20:14:06.3726957Z 
2026-10-07T20:14:06.3728446Z 5. NO OBLIGATION. Recipient shall have no duty to purchase or license any product from MIPS. MIPS and its suppliers shall have no obligation to provide support for, or develop a non-evaluation version of, the Evaluation Software or to license any version of it.
2026-10-07T20:14:06.3730319Z 
2026-10-07T20:14:06.3738972Z 6. MODIFICATIONS. This Agreement does not obligate Recipient to provide MIPS with comments or suggestions regarding Evaluation Materials. However, should Recipient provide MIPS with comments or suggestions for the modification, correction, improvement or enhancement of (a) the Evaluation Materials or (b) MIPS products or processes which may embody the Evaluation Materials, then Recipient agrees to grant and hereby grants to MIPS a non-exclusive, irrevocable, worldwide, fully paid-up, royalty-free license, with the right to sublicense MIPS’ licensees and customers, under Recipient’s Intellectual property rights, to use and disclose such comments and suggestions in any manner MIPS chooses and to display, perform, copy, make, have made, use, sell, offer to sell, import, and otherwise dispose of MIPS’ and its sublicensee’s products embodying such comments and suggestions in any manner and via any media MIPS chooses, without reference to the source.
2026-10-07T20:14:06.3745290Z 
2026-10-07T20:14:06.3748839Z 7. WARRANTY DISCLAIMER. MIPS AND ITS SUPPLIERS MAKE NO WARRANTIES WITH RESPECT TO EVALUATION MATERIALS, EITHER EXPRESS OR IMPLIED, INCLUDING ANY IMPLIED WARRANTIES OF MERCHANTABILITY OR FITNESS FOR A PARTICULAR PURPOSE, OR ANY IMPLIED WARRANTY OF NONINFRINGEMENT WITH RESPECT TO THIRD PARTY INTELLECTUAL PROPERTY. RECIPIENT ACKNOWLEDGES AND AGREES THAT THE EVALUATION MATERIALS ARE PROVIDED “AS IS,” WITHOUT WARRANTY OF ANY KIND.
2026-10-07T20:14:06.3752220Z 
2026-10-07T20:14:06.3755748Z 8. LIMITATION OF LIABILITY. MIPS AND ITS SUPPLIERS SHALL NOT BE LIABLE FOR ANY PROPERTY DAMAGE, PERSONAL INJURY, LOSS OF PROFITS, INTERRUPTION OF BUSINESS OR FOR ANY DIRECT, INDIRECT, SPECIAL, CONSEQUENTIAL OR INCIDENTAL DAMAGES, HOWEVER CAUSED OR ALLEGED, WHETHER FOR BREACH OF WARRANTY, CONTRACT, STRICT LIABILITY OR OTHERWISE, INCLUDING WITHOUT LIMITATION, UNDER TORT OR OTHER LEGAL THEORY. MIPS AND ITS SUPPLIERS DISCLAIM ANY AND ALL LIABILITY, INCLUDING LIABILITY FOR INFRINGEMENT OF ANY INTELLECTUAL PROPERTY RIGHTS OF ANY KIND RELATING TO THE EVALUATION MATERIALS.
2026-10-07T20:14:06.3759764Z 
2026-10-07T20:14:06.3761195Z 9. EXPIRATION. MIPS may terminate this Agreement immediately after a breach by Recipient or otherwise at MIPS’ reasonable discretion and upon five (5) business days’ notice to Recipient.
2026-10-07T20:14:06.3762492Z 
2026-10-07T20:14:06.3762637Z 10. GENERAL.
2026-10-07T20:14:06.3762845Z 
2026-10-07T20:14:06.3769649Z 10.1 Controlling Law. This Agreement shall be governed by California law excluding its choice of law rules. With the exception of MIPS’ rights to enforce its intellectual property rights and any confidentiality obligations under this Agreement or any licenses distributed with the Evaluation Materials, all disputes and any claims arising under or relating to this Agreement shall be subject to the exclusive jurisdiction and venue of the state and federal courts located in Santa Clara County, California. Each party hereby agrees to jurisdiction and venue in the courts set forth in the preceding sentence. The parties agree that the United Nations Convention on Contracts for the International Sale of Goods is specifically excluded from application to this Agreement. The parties consent to the personal jurisdiction of the above courts.
2026-10-07T20:14:06.3774911Z 
2026-10-07T20:14:06.3777836Z 10.2 Remedies. Recipient acknowledges and agrees that any breach of confidentiality obligations under this Agreement or any licenses distributed with the Evaluation Materials, as well as any disclosure, commercialization, or public use of the Evaluation Materials, would cause irreparable injury to MIPS, and therefore Recipient agrees to consent to, and hereby consents to, the grant of an injunction by any court of competent jurisdiction in the event of an actual or threatened breach.
2026-10-07T20:14:06.3781063Z 
2026-10-07T20:14:06.3784753Z 10.3 Assignment. Recipient may not delegate, assign or transfer this Agreement, the license granted or any of Recipient’s rights, obligations, or duties hereunder, expressly, by implication, by operation of law, by way of merger (regardless of whether Recipient is the surviving entity) or acquisition, or otherwise and any attempt to do so, without MIPS’ express prior written consent, shall be ineffective, null and void. MIPS may freely assign this Agreement, and its rights and obligations hereunder, in its sole discretion.
2026-10-07T20:14:06.3788029Z 
2026-10-07T20:14:06.3791111Z 10.4 Entire Agreement. This Agreement constitutes the entire agreement between Recipient and MIPS and supersedes in their entirety any and all oral or written agreements previously existing between Recipient and MIPS with respect to the subject matter hereof. This Agreement may only be amended or supplemented by a writing that refers explicitly to this Agreement and that is signed or otherwise accepted by duly authorized representatives of Recipient and MIPS.
2026-10-07T20:14:06.3794056Z 
2026-10-07T20:14:06.3796809Z 10.5 Severability. In the event that any provision of this Agreement is finally adjudicated to be unenforceable or invalid under any applicable law, such unenforceability or invalidity shall not render this Agreement unenforceable or invalid as a whole, and, in such event, such unenforceable or invalid provision shall be interpreted so as to best accomplish the objectives of such provision within the limits of applicable law or applicable court decisions.
2026-10-07T20:14:06.3799851Z 
2026-10-07T20:14:06.3808594Z 10.6 Export Regulations / Export Control. Recipient shall not export, either directly or indirectly, any product, service or technical data or system incorporating the Evaluation Materials without first obtaining any required license or other necessary approval from the U.S. Department of Commerce or any other governing agency or department of the United States Government. In the event any product is exported from the United States or re-exported from a foreign destination by Recipient, Recipient shall ensure that the distribution and export/re-export or import of the product is in compliance with all applicable laws, regulations, orders, or other restrictions of the U.S. Export Administration Regulations and the appropriate foreign government. Recipient agrees that neither it nor any of its subsidiaries will export/re-export any technical data, process, product, or service, directly or indirectly, to any country for which the United States government or any agency thereof or the foreign government from where it is shipping requires an export license, or other governmental approval, without first obtaining such license or approval. Recipient also agrees to implement measures to ensure that foreign national employees are authorized to receive any information controlled by U.S. export control laws. An export is "deemed" to take place when information is released to a foreign national wherever located.
2026-10-07T20:14:06.3817407Z 
2026-10-07T20:14:06.3824375Z 10.7 Special Terms for Pre-Release Materials. If so indicated in the description of the Evaluation Software, the Evaluation Software may contain Pre-Release Materials. Recipient hereby understands, acknowledges and agrees that: (i) Pre-Release Materials may not be fully tested and may contain bugs or errors; (ii) Pre-Release materials are not suitable for commercial release in their current state; (iii) regulatory approvals for Pre-Release Materials (such as UL or FCC) have not been obtained, and Pre-Release Materials may therefore not be certified for use in certain countries or environments or may not be suitable for certain applications and (iv) MIPS can provide no assurance that it will ever produce or make generally available a production version of the Pre-Release Materials . MIPS is not under any obligation to develop and/or release or offer for sale or license a final product based upon the Pre-Release Materials and may unilaterally elect to abandon the Pre-Release Materials or any such development platform at any time and without any obligation or liability whatsoever to Recipient or any other person.
2026-10-07T20:14:06.3830289Z 
2026-10-07T20:14:06.3831053Z ANY PRE-RELEASE MATERIALS ARE NON-QUALIFIED AND, AS SUCH, ARE PROVIDED “AS IS” AND “AS AVAILABLE”, POSSIBLY WITH FAULTS, AND WITHOUT REPRESENTATION OR WARRANTY OF ANY KIND.
2026-10-07T20:14:06.3831704Z 
2026-10-07T20:14:06.3834256Z 10.8 Open Source Software. In the event Open Source software is included with Evaluation Software, such Open Source software is licensed pursuant to the applicable Open Source software license agreement identified in the Open Source software comments in the applicable source code file(s) and/or file header as indicated in the Evaluation Software. Additional detail may be available (where applicable) in the accompanying on-line documentation. With respect to the Open Source software, nothing in this Agreement limits any rights under, or grants rights that supersede, the terms of any applicable Open Source software license agreement.
2026-10-07T20:14:06.3836604Z ---------------------------------------
2026-10-07T20:14:06.3836916Z Accept? (y/N): All SDK package licenses accepted
2026-10-07T20:14:06.3837137Z 
2026-10-07T20:14:06.3837426Z [command]/usr/local/lib/android/sdk/cmdline-tools/22.0/bin/sdkmanager platform-tools
2026-10-07T20:14:06.4240731Z WARNING: The SDK Manager CLI tool (sdkmanager) is deprecated. Use Android CLI instead.
2026-10-07T20:14:06.4270993Z The 'android' binary can also be found in the cmdline-tools directory, and 'android sdk' is the replacement for 'sdkmanager'.
2026-10-07T20:14:06.4275209Z To learn more about the Android CLI and how to use it, see the documentation (https://d.android.com/tools/agents/android-cli)
2026-10-07T20:14:06.4280120Z 
2026-10-07T20:14:07.1732163Z Loading package information...                                                  
2026-10-07T20:14:07.2589883Z Loading local repository...                                                     
2026-10-07T20:14:07.2591586Z [                                       ] 3% Loading local repository...        
2026-10-07T20:14:07.2681953Z [                                       ] 3% Fetch remote repository...         
2026-10-07T20:14:07.6271524Z [=                                      ] 3% Fetch remote repository...         
2026-10-07T20:14:07.7022656Z [=                                      ] 4% Fetch remote repository...         
2026-10-07T20:14:07.7413058Z [=                                      ] 5% Fetch remote repository...         
2026-10-07T20:14:07.8030224Z [==                                     ] 5% Fetch remote repository...         
2026-10-07T20:14:07.8642893Z [==                                     ] 6% Fetch remote repository...         
2026-10-07T20:14:07.9570698Z [==                                     ] 7% Fetch remote repository...         
2026-10-07T20:14:07.9590425Z [==                                     ] 7% Computing updates...               
2026-10-07T20:14:07.9742214Z [===                                    ] 8% Computing updates...               
2026-10-07T20:14:07.9802710Z [===                                    ] 10% Computing updates...              
2026-10-07T20:14:07.9803741Z [=======================================] 100% Computing updates...             
2026-10-07T20:14:07.9804673Z 
2026-10-07T20:14:08.0217874Z ##[group]Run sdkmanager --install 'platform-tools' 'platforms;android-35' 'build-tools;35.0.1' 'platforms;android-36' 'build-tools;36.1.0'
2026-10-07T20:14:08.0218892Z [36;1msdkmanager --install 'platform-tools' 'platforms;android-35' 'build-tools;35.0.1' 'platforms;android-36' 'build-tools;36.1.0'[0m
2026-10-07T20:14:08.0467255Z shell: /usr/bin/bash -e {0}
2026-10-07T20:14:08.0467542Z env:
2026-10-07T20:14:08.0467888Z   JAVA_HOME: /opt/hostedtoolcache/Java_Temurin-Hotspot_jdk/17.0.20-1/x64
2026-10-07T20:14:08.0468476Z   JAVA_HOME_17_X64: /opt/hostedtoolcache/Java_Temurin-Hotspot_jdk/17.0.20-1/x64
2026-10-07T20:14:08.0468930Z   MAVEN_ARGS: -ntp
2026-10-07T20:14:08.0469187Z   ANDROID_HOME: /usr/local/lib/android/sdk
2026-10-07T20:14:08.0469728Z   ANDROID_SDK_ROOT: /usr/local/lib/android/sdk
2026-10-07T20:14:08.0470043Z ##[endgroup]
2026-10-07T20:14:08.1528175Z WARNING: The SDK Manager CLI tool (sdkmanager) is deprecated. Use Android CLI instead.
2026-10-07T20:14:08.1530880Z The 'android' binary can also be found in the cmdline-tools directory, and 'android sdk' is the replacement for 'sdkmanager'.
2026-10-07T20:14:08.1532917Z To learn more about the Android CLI and how to use it, see the documentation (https://d.android.com/tools/agents/android-cli)
2026-10-07T20:14:08.1533948Z 
2026-10-07T20:14:08.9542539Z Loading package information...                                                  
2026-10-07T20:14:09.0495248Z Loading local repository...                                                     
2026-10-07T20:14:09.0496139Z [                                       ] 3% Loading local repository...        
2026-10-07T20:14:09.0585079Z [                                       ] 3% Fetch remote repository...         
2026-10-07T20:14:09.3570847Z [=                                      ] 3% Fetch remote repository...         
2026-10-07T20:14:09.4285438Z [=                                      ] 4% Fetch remote repository...         
2026-10-07T20:14:09.5194086Z [=                                      ] 5% Fetch remote repository...         
2026-10-07T20:14:09.5781930Z [==                                     ] 5% Fetch remote repository...         
2026-10-07T20:14:09.6534238Z [==                                     ] 6% Fetch remote repository...         
2026-10-07T20:14:09.7300828Z [==                                     ] 7% Fetch remote repository...         
2026-10-07T20:14:09.7330323Z [==                                     ] 7% Computing updates...               
2026-10-07T20:14:09.7440568Z [===                                    ] 8% Computing updates...               
2026-10-07T20:14:09.7512561Z [===                                    ] 10% Computing updates...              
2026-10-07T20:14:09.7513655Z [=======================================] 100% Computing updates...             
2026-10-07T20:14:09.7514404Z 
2026-10-07T20:14:09.7862935Z ##[group]Run mkdir -p "$RUNNER_TEMP/godot" "$HOME/.local/share/godot/export_templates/4.7.2.stable"
2026-10-07T20:14:09.7863669Z [36;1mmkdir -p "$RUNNER_TEMP/godot" "$HOME/.local/share/godot/export_templates/4.7.2.stable"[0m
2026-10-07T20:14:09.7864271Z [36;1mcurl --fail --location --retry 3 --output "$RUNNER_TEMP/godot/godot.zip" \[0m
2026-10-07T20:14:09.7865018Z [36;1m  https://github.com/godotengine/godot-builds/releases/download/4.7.2-stable/Godot_v4.7.2-stable_linux.x86_64.zip[0m
2026-10-07T20:14:09.7865684Z [36;1munzip -q "$RUNNER_TEMP/godot/godot.zip" -d "$RUNNER_TEMP/godot"[0m
2026-10-07T20:14:09.7866239Z [36;1msudo install -m 0755 "$RUNNER_TEMP/godot/Godot_v4.7.2-stable_linux.x86_64" /usr/local/bin/godot[0m
2026-10-07T20:14:09.7866853Z [36;1mcurl --fail --location --retry 3 --output "$RUNNER_TEMP/godot/templates.tpz" \[0m
2026-10-07T20:14:09.7867609Z [36;1m  https://github.com/godotengine/godot-builds/releases/download/4.7.2-stable/Godot_v4.7.2-stable_export_templates.tpz[0m
2026-10-07T20:14:09.7868311Z [36;1munzip -q "$RUNNER_TEMP/godot/templates.tpz" -d "$RUNNER_TEMP/godot/templates"[0m
2026-10-07T20:14:09.7868947Z [36;1mcp "$RUNNER_TEMP/godot/templates/templates/"* "$HOME/.local/share/godot/export_templates/4.7.2.stable/"[0m
2026-10-07T20:14:09.7931164Z shell: /usr/bin/bash -e {0}
2026-10-07T20:14:09.7931412Z env:
2026-10-07T20:14:09.7931727Z   JAVA_HOME: /opt/hostedtoolcache/Java_Temurin-Hotspot_jdk/17.0.20-1/x64
2026-10-07T20:14:09.7932239Z   JAVA_HOME_17_X64: /opt/hostedtoolcache/Java_Temurin-Hotspot_jdk/17.0.20-1/x64
2026-10-07T20:14:09.7932623Z   MAVEN_ARGS: -ntp
2026-10-07T20:14:09.7932854Z   ANDROID_HOME: /usr/local/lib/android/sdk
2026-10-07T20:14:09.7933161Z   ANDROID_SDK_ROOT: /usr/local/lib/android/sdk
2026-10-07T20:14:09.7933449Z ##[endgroup]
2026-10-07T20:14:09.8363146Z   % Total    % Received % Xferd  Average Speed   Time    Time     Time  Current
2026-10-07T20:14:09.8364565Z                                  Dload  Upload   Total   Spent    Left  Speed
2026-10-07T20:14:09.8368753Z 
2026-10-07T20:14:09.9945252Z   0     0    0     0    0     0      0      0 --:--:-- --:--:-- --:--:--     0
2026-10-07T20:14:09.9946387Z   0     0    0     0    0     0      0      0 --:--:-- --:--:-- --:--:--     0
2026-10-07T20:14:10.2245847Z 
2026-10-07T20:14:10.5476835Z   3 74.2M    3 2549k    0     0  6564k      0  0:00:11 --:--:--  0:00:11 6564k
2026-10-07T20:14:10.5477636Z 100 74.2M  100 74.2M    0     0   104M      0 --:--:-- --:--:-- --:--:--  222M
2026-10-07T20:14:11.5935226Z   % Total    % Received % Xferd  Average Speed   Time    Time     Time  Current
2026-10-07T20:14:11.5935972Z                                  Dload  Upload   Total   Spent    Left  Speed
2026-10-07T20:14:11.5937360Z 
2026-10-07T20:14:11.7336524Z   0     0    0     0    0     0      0      0 --:--:-- --:--:-- --:--:--     0
2026-10-07T20:14:11.7337441Z   0     0    0     0    0     0      0      0 --:--:-- --:--:-- --:--:--     0
2026-10-07T20:14:12.2338895Z 
2026-10-07T20:14:13.2315211Z   4 1221M    4 60.0M    0     0  93.6M      0  0:00:13 --:--:--  0:00:13 93.6M
2026-10-07T20:14:14.2246127Z  22 1221M   22  276M    0     0   169M      0  0:00:07  0:00:01  0:00:06  217M
2026-10-07T20:14:15.2306543Z  39 1221M   39  485M    0     0   184M      0  0:00:06  0:00:02  0:00:04  213M
2026-10-07T20:14:16.2272416Z  57 1221M   57  706M    0     0   194M      0  0:00:06  0:00:03  0:00:03  215M
2026-10-07T20:14:17.2314232Z  76 1221M   76  930M    0     0   200M      0  0:00:06  0:00:04  0:00:02  217M
2026-10-07T20:14:17.5536024Z  94 1221M   94 1155M    0     0   204M      0  0:00:05  0:00:05 --:--:--  219M
2026-10-07T20:14:17.5536784Z 100 1221M  100 1221M    0     0   205M      0  0:00:05  0:00:05 --:--:--  218M
2026-10-07T20:14:33.9947262Z ##[group]Run mkdir -p "$HOME/.config/godot" "$HOME/.android"
2026-10-07T20:14:33.9948244Z [36;1mmkdir -p "$HOME/.config/godot" "$HOME/.android"[0m
2026-10-07T20:14:33.9949226Z [36;1mkeytool -genkeypair -keystore "$RUNNER_TEMP/debug.keystore" -storepass android \[0m
2026-10-07T20:14:33.9950603Z [36;1m  -alias androiddebugkey -keypass android -keyalg RSA -keysize 2048 -validity 10000 \[0m
2026-10-07T20:14:33.9951517Z [36;1m  -dname 'CN=Android Debug,O=Android,C=US'[0m
2026-10-07T20:14:33.9952207Z [36;1mcat > "$HOME/.config/godot/editor_settings-4.7.tres" <<EOF[0m
2026-10-07T20:14:33.9952921Z [36;1m[gd_resource type="EditorSettings" format=3][0m
2026-10-07T20:14:33.9953463Z [36;1m[0m
2026-10-07T20:14:33.9953788Z [36;1m[resource][0m
2026-10-07T20:14:33.9954149Z [36;1m[0m
2026-10-07T20:14:33.9954563Z [36;1mexport/android/java_sdk_path = "$JAVA_HOME"[0m
2026-10-07T20:14:33.9955221Z [36;1mexport/android/android_sdk_path = "$ANDROID_HOME"[0m
2026-10-07T20:14:33.9955799Z [36;1mEOF[0m
2026-10-07T20:14:34.0037260Z shell: /usr/bin/bash -e {0}
2026-10-07T20:14:34.0037686Z env:
2026-10-07T20:14:34.0038198Z   JAVA_HOME: /opt/hostedtoolcache/Java_Temurin-Hotspot_jdk/17.0.20-1/x64
2026-10-07T20:14:34.0039070Z   JAVA_HOME_17_X64: /opt/hostedtoolcache/Java_Temurin-Hotspot_jdk/17.0.20-1/x64
2026-10-07T20:14:34.0039964Z   MAVEN_ARGS: -ntp
2026-10-07T20:14:34.0040369Z   ANDROID_HOME: /usr/local/lib/android/sdk
2026-10-07T20:14:34.0040890Z   ANDROID_SDK_ROOT: /usr/local/lib/android/sdk
2026-10-07T20:14:34.0041372Z ##[endgroup]
2026-10-07T20:14:35.7498525Z Generating 2,048 bit RSA key pair and self-signed certificate (SHA256withRSA) with a validity of 10,000 days
2026-10-07T20:14:35.7523840Z 	for: CN=Android Debug, O=Android, C=US
2026-10-07T20:14:36.6591446Z ##[group]Run python3 -m unittest discover -s tests -p 'test_android*.py' -v
2026-10-07T20:14:36.6592005Z [36;1mpython3 -m unittest discover -s tests -p 'test_android*.py' -v[0m
2026-10-07T20:14:36.6653707Z shell: /usr/bin/bash -e {0}
2026-10-07T20:14:36.6653960Z env:
2026-10-07T20:14:36.6654274Z   JAVA_HOME: /opt/hostedtoolcache/Java_Temurin-Hotspot_jdk/17.0.20-1/x64
2026-10-07T20:14:36.6654806Z   JAVA_HOME_17_X64: /opt/hostedtoolcache/Java_Temurin-Hotspot_jdk/17.0.20-1/x64
2026-10-07T20:14:36.6655186Z   MAVEN_ARGS: -ntp
2026-10-07T20:14:36.6655419Z   ANDROID_HOME: /usr/local/lib/android/sdk
2026-10-07T20:14:36.6655725Z   ANDROID_SDK_ROOT: /usr/local/lib/android/sdk
2026-10-07T20:14:36.6656005Z ##[endgroup]
2026-10-07T20:14:37.5643837Z test_complete_profile_is_measurement_with_touch_pending_and_no_release_pass (test_android_device_probe.ObserverLifecycle.test_complete_profile_is_measurement_with_touch_pending_and_no_release_pass) ... ok
2026-10-07T20:14:37.6031120Z test_live_failure_never_becomes_a_profile_pass (test_android_device_probe.ObserverLifecycle.test_live_failure_never_becomes_a_profile_pass) ... ok
2026-10-07T20:14:37.6033444Z test_all_known_emulator_signals_are_refused (test_android_device_probe.ProbeContracts.test_all_known_emulator_signals_are_refused) ... ok
2026-10-07T20:14:37.6037901Z test_android_service_parsers_preserve_units_and_missing_data (test_android_device_probe.ProbeContracts.test_android_service_parsers_preserve_units_and_missing_data) ... ok
2026-10-07T20:14:37.6048655Z test_fixture_requires_all_distinct_cases_matching_apk_and_real_time (test_android_device_probe.ProbeContracts.test_fixture_requires_all_distinct_cases_matching_apk_and_real_time) ... ok
2026-10-07T20:14:37.6051634Z test_identity_is_bounded_and_does_not_store_raw_serial (test_android_device_probe.ProbeContracts.test_identity_is_bounded_and_does_not_store_raw_serial) ... ok
2026-10-07T20:14:37.6069559Z test_manifest_gate_refuses_shipping_or_online_or_nondebuggable_apks (test_android_device_probe.ProbeContracts.test_manifest_gate_refuses_shipping_or_online_or_nondebuggable_apks) ... ok
2026-10-07T20:14:37.6079991Z test_missing_adb_is_explicit_unavailable_not_a_measurement (test_android_device_probe.ProbeContracts.test_missing_adb_is_explicit_unavailable_not_a_measurement) ... ok
2026-10-07T20:14:37.6082678Z test_process_cpu_stat_accepts_names_with_spaces_and_parentheses (test_android_device_probe.ProbeContracts.test_process_cpu_stat_accepts_names_with_spaces_and_parentheses) ... ok
2026-10-07T20:14:37.6085681Z test_subprocess_target_is_selected_without_a_host_shell (test_android_device_probe.ProbeContracts.test_subprocess_target_is_selected_without_a_host_shell) ... ok
2026-10-07T20:14:37.6088489Z test_target_selection_never_implicitly_chooses_among_multiple_devices (test_android_device_probe.ProbeContracts.test_target_selection_never_implicitly_chooses_among_multiple_devices) ... ok
2026-10-07T20:14:37.6091844Z test_unavailable_optional_services_do_not_hide_other_samples (test_android_device_probe.ProbeContracts.test_unavailable_optional_services_do_not_hide_other_samples) ... ok
2026-10-07T20:14:37.6094734Z test_usb_charging_or_missing_power_state_never_claims_battery_drain (test_android_device_probe.ProbeContracts.test_usb_charging_or_missing_power_state_never_claims_battery_drain) ... ok
2026-10-07T20:14:37.6097472Z test_complete_bound_native_scene_receipt_passes (test_android_release.AndroidNativeArtReportChecks.test_complete_bound_native_scene_receipt_passes) ... ok
2026-10-07T20:14:37.6100340Z test_duplicate_or_missing_scenarios_are_rejected (test_android_release.AndroidNativeArtReportChecks.test_duplicate_or_missing_scenarios_are_rejected) ... ok
2026-10-07T20:14:37.6103232Z test_missing_native_clip_binding_anatomy_or_visible_geometry_fails (test_android_release.AndroidNativeArtReportChecks.test_missing_native_clip_binding_anatomy_or_visible_geometry_fails) ... ok
2026-10-07T20:14:37.6106168Z test_old_hidden_proxy_receipt_cannot_pass (test_android_release.AndroidNativeArtReportChecks.test_old_hidden_proxy_receipt_cannot_pass) ... ok
2026-10-07T20:14:37.6108974Z test_original_motion_sampling_and_progress_thresholds_are_required (test_android_release.AndroidNativeArtReportChecks.test_original_motion_sampling_and_progress_thresholds_are_required) ... ok
2026-10-07T20:14:37.6149121Z test_activity_error_with_zero_adb_exit_fails_before_waiting (test_android_release.AndroidRuntimeChecks.test_activity_error_with_zero_adb_exit_fails_before_waiting) ... ok
2026-10-07T20:14:37.6191440Z test_evidence_write_errors_do_not_replace_original_process_failure (test_android_release.AndroidRuntimeChecks.test_evidence_write_errors_do_not_replace_original_process_failure) ... ok
2026-10-07T20:14:37.6249974Z test_live_process_start_grace_and_both_markers_pass (test_android_release.AndroidRuntimeChecks.test_live_process_start_grace_and_both_markers_pass) ... ok
2026-10-07T20:14:37.6302517Z test_live_process_without_marker_still_times_out_at_original_deadline (test_android_release.AndroidRuntimeChecks.test_live_process_without_marker_still_times_out_at_original_deadline) ... ok
2026-10-07T20:14:37.6335333Z test_missing_device_preserves_original_failure_and_other_diagnostics (test_android_release.AndroidRuntimeChecks.test_missing_device_preserves_original_failure_and_other_diagnostics) ... ok
2026-10-07T20:14:37.6385322Z test_observed_process_loss_fails_even_if_a_marker_was_buffered (test_android_release.AndroidRuntimeChecks.test_observed_process_loss_fails_even_if_a_marker_was_buffered) ... ok
2026-10-07T20:14:37.6488220Z test_pidof_absence_during_grace_is_not_a_transport_error (test_android_release.AndroidRuntimeChecks.test_pidof_absence_during_grace_is_not_a_transport_error) ... ok
2026-10-07T20:14:37.6530627Z test_runtime_error_precedes_marker_success (test_android_release.AndroidRuntimeChecks.test_runtime_error_precedes_marker_success) ... ok
2026-10-07T20:14:37.6585258Z test_unrequested_process_restart_does_not_pass_from_old_marker (test_android_release.AndroidRuntimeChecks.test_unrequested_process_restart_does_not_pass_from_old_marker) ... ok
2026-10-07T20:14:37.6694689Z test_all_four_packages_share_one_import_and_use_their_actual_scene_architecture (test_android_release.QaExportChecks.test_all_four_packages_share_one_import_and_use_their_actual_scene_architecture) ... ok
2026-10-07T20:14:37.6890269Z test_crash_and_zero_exit_import_errors_stop_before_export_without_retry (test_android_release.QaExportChecks.test_crash_and_zero_exit_import_errors_stop_before_export_without_retry) ... ok
2026-10-07T20:14:37.6951912Z test_existing_editor_section_keeps_other_settings (test_android_release.QaExportChecks.test_existing_editor_section_keeps_other_settings) ... ok
2026-10-07T20:14:37.7020574Z test_export_error_stops_remaining_packages (test_android_release.QaExportChecks.test_export_error_stops_remaining_packages) ... ok
2026-10-07T20:14:37.7091643Z test_export_success_without_artifact_fails (test_android_release.QaExportChecks.test_export_success_without_artifact_fails) ... ok
2026-10-07T20:14:37.7156600Z test_qa_preserves_runtime_json_licences_and_offline_filter (test_android_release.QaExportChecks.test_qa_preserves_runtime_json_licences_and_offline_filter) ... ok
2026-10-07T20:14:37.7265437Z test_serial_import_isolated_from_shipping_settings_and_assets (test_android_release.QaExportChecks.test_serial_import_isolated_from_shipping_settings_and_assets) ... ok
2026-10-07T20:14:37.7266959Z test_16kb_segment_passes (test_android_release.ReleaseChecks.test_16kb_segment_passes) ... ok
2026-10-07T20:14:37.7268158Z test_4kb_and_misaligned_segments_fail (test_android_release.ReleaseChecks.test_4kb_and_misaligned_segments_fail) ... ok
2026-10-07T20:14:37.7286076Z test_current_release_identity_and_store_limits (test_android_release.ReleaseChecks.test_current_release_identity_and_store_limits) ... ok
2026-10-07T20:14:37.7292710Z test_missing_arm64_library_fails (test_android_release.ReleaseChecks.test_missing_arm64_library_fails) ... ok
2026-10-07T20:14:37.7332464Z test_missing_publication_details_never_report_ready (test_android_release.ReleaseChecks.test_missing_publication_details_never_report_ready) ... ok
2026-10-07T20:14:37.7333423Z 
2026-10-07T20:14:37.7333860Z ----------------------------------------------------------------------
2026-10-07T20:14:37.7334515Z Ran 39 tests in 0.174s
2026-10-07T20:14:37.7334772Z 
2026-10-07T20:14:37.7334906Z OK
2026-10-07T20:14:37.7336268Z {"status": "measured_touch_pending", "report": "/tmp/tmpfeof3t8_/output/device-profile.json", "reason": null, "physical_device_measured": true}
2026-10-07T20:14:37.7338249Z {"status": "failed", "report": "/tmp/tmprmrq67gj/output/device-profile.json", "reason": "Activity start reported an error: Error type 3\nError: Activity does not exist", "physical_device_measured": false}
2026-10-07T20:14:37.7340085Z {"status": "failed", "report": "/tmp/tmpsgu76gr0/output/device-profile.json", "reason": "The QA process disappeared or failed to start", "physical_device_measured": false}
2026-10-07T20:14:37.7341565Z {"status": "failed", "report": "/tmp/tmpo7qb9hrd/output/device-profile.json", "reason": "The QA process restarted before finishing the profile", "physical_device_measured": false}
2026-10-07T20:14:37.7342977Z {"status": "failed", "report": "/tmp/tmp2b43h1yw/output/device-profile.json", "reason": "The fixture failed: missing combat", "physical_device_measured": false}
2026-10-07T20:14:37.7344504Z {"status": "failed", "report": "/tmp/tmp7u6qjgjl/output/device-profile.json", "reason": "The QA process reported a script/runtime/shader error; see qa-logcat.txt", "physical_device_measured": false}
2026-10-07T20:14:37.7346022Z {"status": "failed", "report": "/tmp/tmptcnjk2rc/output/device-profile.json", "reason": "Timed out without all six real-time class/quality measurements", "physical_device_measured": false}
2026-10-07T20:14:37.7347472Z {"status": "unavailable", "report": "/tmp/tmpk34y0z1j/device-profile.json", "reason": "adb is unavailable; no physical Android device could be inspected", "physical_device_measured": false}
2026-10-07T20:14:37.7526976Z ##[group]Run mkdir -p build
2026-10-07T20:14:37.7527303Z [36;1mmkdir -p build[0m
2026-10-07T20:14:37.7527545Z [36;1mpackages=()[0m
2026-10-07T20:14:37.7527828Z [36;1mif [ "" != "true" ]; then[0m
2026-10-07T20:14:37.7528306Z [36;1m  packages+=(--package res://tests/android_beta_flow.tscn build/emberfall-afk-qa.apk x86_64)[0m
2026-10-07T20:14:37.7528775Z [36;1mfi[0m
2026-10-07T20:14:37.7529631Z [36;1mpackages+=(--package res://tests/android_success_flow.tscn build/emberfall-success-qa.apk x86_64)[0m
2026-10-07T20:14:37.7530353Z [36;1mpackages+=(--package res://tests/android_art_flow.tscn build/emberfall-art-qa.apk x86_64)[0m
2026-10-07T20:14:37.7531064Z [36;1mpackages+=(--package res://tests/android_device_probe.tscn build/emberfall-pixel-probe.apk arm64-v8a)[0m
2026-10-07T20:14:37.7531772Z [36;1mpython3 scripts/export_android_qa.py "${packages[@]}" 2>&1 | tee build/android-qa-export.log[0m
2026-10-07T20:14:37.7595035Z shell: /usr/bin/bash --noprofile --norc -e -o pipefail {0}
2026-10-07T20:14:37.7595391Z env:
2026-10-07T20:14:37.7595704Z   JAVA_HOME: /opt/hostedtoolcache/Java_Temurin-Hotspot_jdk/17.0.20-1/x64
2026-10-07T20:14:37.7596226Z   JAVA_HOME_17_X64: /opt/hostedtoolcache/Java_Temurin-Hotspot_jdk/17.0.20-1/x64
2026-10-07T20:14:37.7596624Z   MAVEN_ARGS: -ntp
2026-10-07T20:14:37.7596855Z   ANDROID_HOME: /usr/local/lib/android/sdk
2026-10-07T20:14:37.7597167Z   ANDROID_SDK_ROOT: /usr/local/lib/android/sdk
2026-10-07T20:14:37.7597572Z   GODOT_ANDROID_KEYSTORE_DEBUG_PATH: /home/runner/work/_temp/debug.keystore
2026-10-07T20:14:37.7597999Z   GODOT_ANDROID_KEYSTORE_DEBUG_USER: androiddebugkey
2026-10-07T20:14:37.7598334Z   GODOT_ANDROID_KEYSTORE_DEBUG_PASSWORD: android
2026-10-07T20:14:37.7598623Z ##[endgroup]
2026-10-07T20:14:37.9432730Z Importing the isolated QA project once for 4 package(s), with serial asset imports.
2026-10-07T20:15:25.5498339Z Godot Engine v4.7.2.stable.official.ed1daf0bf - https://godotengine.org
2026-10-07T20:15:25.5498875Z 
2026-10-07T20:15:25.5500022Z [   0% ] [90m[1mfirst_scan_filesystem[22m | Started Project initialization (5 steps)[39m[0m
2026-10-07T20:15:25.5500816Z [   0% ] [90m[1mfirst_scan_filesystem[22m | Scanning file structure...[39m[0m
2026-10-07T20:15:25.5501856Z [  16% ] [90m[1mfirst_scan_filesystem[22m | Loading global class names...[39m[0m
2026-10-07T20:15:25.5502579Z [  33% ] [90m[1mfirst_scan_filesystem[22m | Verifying GDExtensions...[39m[0m
2026-10-07T20:15:25.5503977Z [  50% ] [90m[1mfirst_scan_filesystem[22m | Creating autoload scripts...[39m[0m
2026-10-07T20:15:25.5520317Z [  66% ] [90m[1mfirst_scan_filesystem[22m | Initializing plugins...[39m[0m
2026-10-07T20:15:25.5521602Z [  83% ] [90m[1mfirst_scan_filesystem[22m | Starting file scan...[39m[0m
2026-10-07T20:15:25.5522452Z [92m[ DONE ][39m [1mfirst_scan_filesystem[22m
2026-10-07T20:15:25.5522950Z [0m
2026-10-07T20:15:25.5523878Z [   0% ] [90m[1mupdate_scripts_classes[22m | Started Registering global classes... (204 steps)[39m[0m
2026-10-07T20:15:25.5525091Z [   0% ] [90m[1mupdate_scripts_classes[22m | NakamaAPI[39m[0m
2026-10-07T20:15:25.5526042Z [   0% ] [90m[1mupdate_scripts_classes[22m | NakamaRTAPI[39m[0m
2026-10-07T20:15:25.5527090Z [   0% ] [90m[1mupdate_scripts_classes[22m | NakamaRTMessage[39m[0m
2026-10-07T20:15:25.5528151Z [   1% ] [90m[1mupdate_scripts_classes[22m | NakamaSession[39m[0m
2026-10-07T20:15:25.5529265Z [   1% ] [90m[1mupdate_scripts_classes[22m | NakamaStorageObjectId[39m[0m
2026-10-07T20:15:25.5530957Z [   2% ] [90m[1mupdate_scripts_classes[22m | NakamaWriteStorageObject[39m[0m
2026-10-07T20:15:25.5531853Z [   2% ] [90m[1mupdate_scripts_classes[22m | NakamaClient[39m[0m
2026-10-07T20:15:25.5532444Z [   3% ] [90m[1mupdate_scripts_classes[22m | NakamaHTTPAdapter[39m[0m
2026-10-07T20:15:25.5533028Z [   3% ] [90m[1mupdate_scripts_classes[22m | SatoriAsyncResult[39m[0m
2026-10-07T20:15:25.5533591Z [   4% ] [90m[1mupdate_scripts_classes[22m | SatoriException[39m[0m
2026-10-07T20:15:25.5534429Z [   4% ] [90m[1mupdate_scripts_classes[22m | SatoriLogger[39m[0m
2026-10-07T20:15:25.5535021Z [   5% ] [90m[1mupdate_scripts_classes[22m | SatoriSerializer[39m[0m
2026-10-07T20:15:25.5535547Z [   5% ] [90m[1mupdate_scripts_classes[22m | Event[39m[0m
2026-10-07T20:15:25.5536049Z [   6% ] [90m[1mupdate_scripts_classes[22m | SatoriAPI[39m[0m
2026-10-07T20:15:25.5536737Z [   6% ] [90m[1mupdate_scripts_classes[22m | SatoriClient[39m[0m
2026-10-07T20:15:25.5537292Z [   7% ] [90m[1mupdate_scripts_classes[22m | SatoriHTTPAdapter[39m[0m
2026-10-07T20:15:25.5537849Z [   7% ] [90m[1mupdate_scripts_classes[22m | SatoriSession[39m[0m
2026-10-07T20:15:25.5538370Z [   8% ] [90m[1mupdate_scripts_classes[22m | NakamaSocket[39m[0m
2026-10-07T20:15:25.5538937Z [   8% ] [90m[1mupdate_scripts_classes[22m | NakamaSocketAdapter[39m[0m
2026-10-07T20:15:25.5539936Z [   9% ] [90m[1mupdate_scripts_classes[22m | NakamaAsyncResult[39m[0m
2026-10-07T20:15:25.5540842Z [   9% ] [90m[1mupdate_scripts_classes[22m | NakamaException[39m[0m
2026-10-07T20:15:25.5541383Z [  10% ] [90m[1mupdate_scripts_classes[22m | NakamaLogger[39m[0m
2026-10-07T20:15:25.5541967Z [  10% ] [90m[1mupdate_scripts_classes[22m | NakamaMultiplayerBridge[39m[0m
2026-10-07T20:15:25.5542597Z [  11% ] [90m[1mupdate_scripts_classes[22m | NakamaMultiplayerPeer[39m[0m
2026-10-07T20:15:25.5543226Z [  11% ] [90m[1mupdate_scripts_classes[22m | NakamaSerializer[39m[0m
2026-10-07T20:15:25.5543731Z [  12% ] [90m[1mupdate_scripts_classes[22m | [39m[0m
2026-10-07T20:15:25.5544178Z [  12% ] [90m[1mupdate_scripts_classes[22m | [39m[0m
2026-10-07T20:15:25.5544603Z [  13% ] [90m[1mupdate_scripts_classes[22m | [39m[0m
2026-10-07T20:15:25.5545028Z [  13% ] [90m[1mupdate_scripts_classes[22m | [39m[0m
2026-10-07T20:15:25.5545453Z [  14% ] [90m[1mupdate_scripts_classes[22m | [39m[0m
2026-10-07T20:15:25.5545878Z [  14% ] [90m[1mupdate_scripts_classes[22m | [39m[0m
2026-10-07T20:15:25.5546309Z [  15% ] [90m[1mupdate_scripts_classes[22m | [39m[0m
2026-10-07T20:15:25.5546748Z [  15% ] [90m[1mupdate_scripts_classes[22m | [39m[0m
2026-10-07T20:15:25.5547182Z [  16% ] [90m[1mupdate_scripts_classes[22m | [39m[0m
2026-10-07T20:15:25.5547605Z [  16% ] [90m[1mupdate_scripts_classes[22m | [39m[0m
2026-10-07T20:15:25.5548026Z [  17% ] [90m[1mupdate_scripts_classes[22m | [39m[0m
2026-10-07T20:15:25.5548453Z [  17% ] [90m[1mupdate_scripts_classes[22m | [39m[0m
2026-10-07T20:15:25.5548873Z [  18% ] [90m[1mupdate_scripts_classes[22m | [39m[0m
2026-10-07T20:15:25.5549294Z [  18% ] [90m[1mupdate_scripts_classes[22m | [39m[0m
2026-10-07T20:15:25.5549976Z [  19% ] [90m[1mupdate_scripts_classes[22m | [39m[0m
2026-10-07T20:15:25.5550408Z [  19% ] [90m[1mupdate_scripts_classes[22m | [39m[0m
2026-10-07T20:15:25.5550834Z [  20% ] [90m[1mupdate_scripts_classes[22m | [39m[0m
2026-10-07T20:15:25.5551260Z [  20% ] [90m[1mupdate_scripts_classes[22m | [39m[0m
2026-10-07T20:15:25.5551680Z [  20% ] [90m[1mupdate_scripts_classes[22m | [39m[0m
2026-10-07T20:15:25.5552099Z [  21% ] [90m[1mupdate_scripts_classes[22m | [39m[0m
2026-10-07T20:15:25.5552525Z [  21% ] [90m[1mupdate_scripts_classes[22m | [39m[0m
2026-10-07T20:15:25.5552945Z [  22% ] [90m[1mupdate_scripts_classes[22m | [39m[0m
2026-10-07T20:15:25.5553375Z [  22% ] [90m[1mupdate_scripts_classes[22m | [39m[0m
2026-10-07T20:15:25.5553801Z [  23% ] [90m[1mupdate_scripts_classes[22m | [39m[0m
2026-10-07T20:15:25.5554221Z [  23% ] [90m[1mupdate_scripts_classes[22m | [39m[0m
2026-10-07T20:15:25.5554645Z [  24% ] [90m[1mupdate_scripts_classes[22m | [39m[0m
2026-10-07T20:15:25.5555086Z [  24% ] [90m[1mupdate_scripts_classes[22m | [39m[0m
2026-10-07T20:15:25.5555522Z [  25% ] [90m[1mupdate_scripts_classes[22m | [39m[0m
2026-10-07T20:15:25.5555957Z [  25% ] [90m[1mupdate_scripts_classes[22m | [39m[0m
2026-10-07T20:15:25.5556553Z [  26% ] [90m[1mupdate_scripts_classes[22m | [39m[0m
2026-10-07T20:15:25.5556999Z [  26% ] [90m[1mupdate_scripts_classes[22m | [39m[0m
2026-10-07T20:15:25.5557421Z [  27% ] [90m[1mupdate_scripts_classes[22m | [39m[0m
2026-10-07T20:15:25.5557846Z [  27% ] [90m[1mupdate_scripts_classes[22m | [39m[0m
2026-10-07T20:15:25.5558274Z [  28% ] [90m[1mupdate_scripts_classes[22m | [39m[0m
2026-10-07T20:15:25.5558816Z [  28% ] [90m[1mupdate_scripts_classes[22m | [39m[0m
2026-10-07T20:15:25.5559241Z [  29% ] [90m[1mupdate_scripts_classes[22m | [39m[0m
2026-10-07T20:15:25.5559932Z [  29% ] [90m[1mupdate_scripts_classes[22m | [39m[0m
2026-10-07T20:15:25.5560370Z [  30% ] [90m[1mupdate_scripts_classes[22m | [39m[0m
2026-10-07T20:15:25.5560797Z [  30% ] [90m[1mupdate_scripts_classes[22m | [39m[0m
2026-10-07T20:15:25.5561221Z [  31% ] [90m[1mupdate_scripts_classes[22m | [39m[0m
2026-10-07T20:15:25.5561644Z [  31% ] [90m[1mupdate_scripts_classes[22m | [39m[0m
2026-10-07T20:15:25.5562081Z [  32% ] [90m[1mupdate_scripts_classes[22m | [39m[0m
2026-10-07T20:15:25.5562509Z [  32% ] [90m[1mupdate_scripts_classes[22m | [39m[0m
2026-10-07T20:15:25.5562939Z [  33% ] [90m[1mupdate_scripts_classes[22m | [39m[0m
2026-10-07T20:15:25.5563372Z [  33% ] [90m[1mupdate_scripts_classes[22m | [39m[0m
2026-10-07T20:15:25.5563800Z [  34% ] [90m[1mupdate_scripts_classes[22m | [39m[0m
2026-10-07T20:15:25.5564228Z [  34% ] [90m[1mupdate_scripts_classes[22m | [39m[0m
2026-10-07T20:15:25.5564653Z [  35% ] [90m[1mupdate_scripts_classes[22m | [39m[0m
2026-10-07T20:15:25.5565078Z [  35% ] [90m[1mupdate_scripts_classes[22m | [39m[0m
2026-10-07T20:15:25.5565501Z [  36% ] [90m[1mupdate_scripts_classes[22m | [39m[0m
2026-10-07T20:15:25.5565925Z [  36% ] [90m[1mupdate_scripts_classes[22m | [39m[0m
2026-10-07T20:15:25.5566354Z [  37% ] [90m[1mupdate_scripts_classes[22m | [39m[0m
2026-10-07T20:15:25.5566776Z [  37% ] [90m[1mupdate_scripts_classes[22m | [39m[0m
2026-10-07T20:15:25.5567204Z [  38% ] [90m[1mupdate_scripts_classes[22m | [39m[0m
2026-10-07T20:15:25.5567629Z [  38% ] [90m[1mupdate_scripts_classes[22m | [39m[0m
2026-10-07T20:15:25.5568054Z [  39% ] [90m[1mupdate_scripts_classes[22m | [39m[0m
2026-10-07T20:15:25.5568478Z [  39% ] [90m[1mupdate_scripts_classes[22m | [39m[0m
2026-10-07T20:15:25.5568906Z [  40% ] [90m[1mupdate_scripts_classes[22m | [39m[0m
2026-10-07T20:15:25.5569576Z [  40% ] [90m[1mupdate_scripts_classes[22m | [39m[0m
2026-10-07T20:15:25.5570036Z [  40% ] [90m[1mupdate_scripts_classes[22m | [39m[0m
2026-10-07T20:15:25.5570466Z [  41% ] [90m[1mupdate_scripts_classes[22m | [39m[0m
2026-10-07T20:15:25.5570890Z [  41% ] [90m[1mupdate_scripts_classes[22m | [39m[0m
2026-10-07T20:15:25.5571314Z [  42% ] [90m[1mupdate_scripts_classes[22m | [39m[0m
2026-10-07T20:15:25.5571742Z [  42% ] [90m[1mupdate_scripts_classes[22m | [39m[0m
2026-10-07T20:15:25.5572170Z [  43% ] [90m[1mupdate_scripts_classes[22m | [39m[0m
2026-10-07T20:15:25.5572604Z [  43% ] [90m[1mupdate_scripts_classes[22m | [39m[0m
2026-10-07T20:15:25.5573032Z [  44% ] [90m[1mupdate_scripts_classes[22m | [39m[0m
2026-10-07T20:15:25.5573457Z [  44% ] [90m[1mupdate_scripts_classes[22m | [39m[0m
2026-10-07T20:15:25.5573894Z [  45% ] [90m[1mupdate_scripts_classes[22m | [39m[0m
2026-10-07T20:15:25.5574316Z [  45% ] [90m[1mupdate_scripts_classes[22m | [39m[0m
2026-10-07T20:15:25.5574744Z [  46% ] [90m[1mupdate_scripts_classes[22m | [39m[0m
2026-10-07T20:15:25.5575168Z [  46% ] [90m[1mupdate_scripts_classes[22m | [39m[0m
2026-10-07T20:15:25.5575600Z [  47% ] [90m[1mupdate_scripts_classes[22m | [39m[0m
2026-10-07T20:15:25.5576024Z [  47% ] [90m[1mupdate_scripts_classes[22m | [39m[0m
2026-10-07T20:15:25.5576451Z [  48% ] [90m[1mupdate_scripts_classes[22m | [39m[0m
2026-10-07T20:15:25.5576872Z [  48% ] [90m[1mupdate_scripts_classes[22m | [39m[0m
2026-10-07T20:15:25.5577426Z [  49% ] [90m[1mupdate_scripts_classes[22m | [39m[0m
2026-10-07T20:15:25.5577862Z [  49% ] [90m[1mupdate_scripts_classes[22m | [39m[0m
2026-10-07T20:15:25.5578292Z [  50% ] [90m[1mupdate_scripts_classes[22m | [39m[0m
2026-10-07T20:15:25.5578736Z [  50% ] [90m[1mupdate_scripts_classes[22m | [39m[0m
2026-10-07T20:15:25.5579162Z [  51% ] [90m[1mupdate_scripts_classes[22m | [39m[0m
2026-10-07T20:15:25.5580032Z [  51% ] [90m[1mupdate_scripts_classes[22m | [39m[0m
2026-10-07T20:15:25.5580471Z [  52% ] [90m[1mupdate_scripts_classes[22m | [39m[0m
2026-10-07T20:15:25.5580897Z [  52% ] [90m[1mupdate_scripts_classes[22m | [39m[0m
2026-10-07T20:15:25.5581327Z [  53% ] [90m[1mupdate_scripts_classes[22m | [39m[0m
2026-10-07T20:15:25.5581754Z [  53% ] [90m[1mupdate_scripts_classes[22m | [39m[0m
2026-10-07T20:15:25.5582186Z [  54% ] [90m[1mupdate_scripts_classes[22m | [39m[0m
2026-10-07T20:15:25.5582615Z [  54% ] [90m[1mupdate_scripts_classes[22m | [39m[0m
2026-10-07T20:15:25.5583054Z [  55% ] [90m[1mupdate_scripts_classes[22m | [39m[0m
2026-10-07T20:15:25.5583484Z [  55% ] [90m[1mupdate_scripts_classes[22m | [39m[0m
2026-10-07T20:15:25.5583911Z [  56% ] [90m[1mupdate_scripts_classes[22m | [39m[0m
2026-10-07T20:15:25.5584335Z [  56% ] [90m[1mupdate_scripts_classes[22m | [39m[0m
2026-10-07T20:15:25.5584760Z [  57% ] [90m[1mupdate_scripts_classes[22m | [39m[0m
2026-10-07T20:15:25.5585193Z [  57% ] [90m[1mupdate_scripts_classes[22m | [39m[0m
2026-10-07T20:15:25.5585615Z [  58% ] [90m[1mupdate_scripts_classes[22m | [39m[0m
2026-10-07T20:15:25.5586030Z [  58% ] [90m[1mupdate_scripts_classes[22m | [39m[0m
2026-10-07T20:15:25.5586453Z [  59% ] [90m[1mupdate_scripts_classes[22m | [39m[0m
2026-10-07T20:15:25.5586873Z [  59% ] [90m[1mupdate_scripts_classes[22m | [39m[0m
2026-10-07T20:15:25.5587293Z [  60% ] [90m[1mupdate_scripts_classes[22m | [39m[0m
2026-10-07T20:15:25.5587718Z [  60% ] [90m[1mupdate_scripts_classes[22m | [39m[0m
2026-10-07T20:15:25.5588155Z [  60% ] [90m[1mupdate_scripts_classes[22m | [39m[0m
2026-10-07T20:15:25.5588582Z [  61% ] [90m[1mupdate_scripts_classes[22m | [39m[0m
2026-10-07T20:15:25.5589045Z [  61% ] [90m[1mupdate_scripts_classes[22m | [39m[0m
2026-10-07T20:15:25.5589698Z [  62% ] [90m[1mupdate_scripts_classes[22m | [39m[0m
2026-10-07T20:15:25.5590132Z [  62% ] [90m[1mupdate_scripts_classes[22m | [39m[0m
2026-10-07T20:15:25.5590561Z [  63% ] [90m[1mupdate_scripts_classes[22m | [39m[0m
2026-10-07T20:15:25.5590984Z [  63% ] [90m[1mupdate_scripts_classes[22m | [39m[0m
2026-10-07T20:15:25.5591407Z [  64% ] [90m[1mupdate_scripts_classes[22m | [39m[0m
2026-10-07T20:15:25.5591827Z [  64% ] [90m[1mupdate_scripts_classes[22m | [39m[0m
2026-10-07T20:15:25.5592248Z [  65% ] [90m[1mupdate_scripts_classes[22m | [39m[0m
2026-10-07T20:15:25.5592671Z [  65% ] [90m[1mupdate_scripts_classes[22m | [39m[0m
2026-10-07T20:15:25.5593097Z [  66% ] [90m[1mupdate_scripts_classes[22m | [39m[0m
2026-10-07T20:15:25.5593516Z [  66% ] [90m[1mupdate_scripts_classes[22m | [39m[0m
2026-10-07T20:15:25.5593936Z [  67% ] [90m[1mupdate_scripts_classes[22m | [39m[0m
2026-10-07T20:15:25.5594356Z [  67% ] [90m[1mupdate_scripts_classes[22m | [39m[0m
2026-10-07T20:15:25.5594775Z [  68% ] [90m[1mupdate_scripts_classes[22m | [39m[0m
2026-10-07T20:15:25.5595196Z [  68% ] [90m[1mupdate_scripts_classes[22m | [39m[0m
2026-10-07T20:15:25.5595624Z [  69% ] [90m[1mupdate_scripts_classes[22m | [39m[0m
2026-10-07T20:15:25.5596044Z [  69% ] [90m[1mupdate_scripts_classes[22m | [39m[0m
2026-10-07T20:15:25.5596465Z [  70% ] [90m[1mupdate_scripts_classes[22m | [39m[0m
2026-10-07T20:15:25.5596884Z [  70% ] [90m[1mupdate_scripts_classes[22m | [39m[0m
2026-10-07T20:15:25.5597303Z [  71% ] [90m[1mupdate_scripts_classes[22m | [39m[0m
2026-10-07T20:15:25.5597722Z [  71% ] [90m[1mupdate_scripts_classes[22m | [39m[0m
2026-10-07T20:15:25.5598288Z [  72% ] [90m[1mupdate_scripts_classes[22m | [39m[0m
2026-10-07T20:15:25.5598725Z [  72% ] [90m[1mupdate_scripts_classes[22m | [39m[0m
2026-10-07T20:15:25.5599144Z [  73% ] [90m[1mupdate_scripts_classes[22m | [39m[0m
2026-10-07T20:15:25.5599908Z [  73% ] [90m[1mupdate_scripts_classes[22m | [39m[0m
2026-10-07T20:15:25.5600343Z [  74% ] [90m[1mupdate_scripts_classes[22m | [39m[0m
2026-10-07T20:15:25.5600922Z [  74% ] [90m[1mupdate_scripts_classes[22m | [39m[0m
2026-10-07T20:15:25.5601344Z [  75% ] [90m[1mupdate_scripts_classes[22m | [39m[0m
2026-10-07T20:15:25.5601766Z [  75% ] [90m[1mupdate_scripts_classes[22m | [39m[0m
2026-10-07T20:15:25.5602202Z [  76% ] [90m[1mupdate_scripts_classes[22m | [39m[0m
2026-10-07T20:15:25.5602625Z [  76% ] [90m[1mupdate_scripts_classes[22m | [39m[0m
2026-10-07T20:15:25.5603045Z [  77% ] [90m[1mupdate_scripts_classes[22m | [39m[0m
2026-10-07T20:15:25.5603466Z [  77% ] [90m[1mupdate_scripts_classes[22m | [39m[0m
2026-10-07T20:15:25.5603892Z [  78% ] [90m[1mupdate_scripts_classes[22m | [39m[0m
2026-10-07T20:15:25.5604313Z [  78% ] [90m[1mupdate_scripts_classes[22m | [39m[0m
2026-10-07T20:15:25.5604735Z [  79% ] [90m[1mupdate_scripts_classes[22m | [39m[0m
2026-10-07T20:15:25.5605160Z [  79% ] [90m[1mupdate_scripts_classes[22m | [39m[0m
2026-10-07T20:15:25.5605582Z [  80% ] [90m[1mupdate_scripts_classes[22m | [39m[0m
2026-10-07T20:15:25.5606007Z [  80% ] [90m[1mupdate_scripts_classes[22m | [39m[0m
2026-10-07T20:15:25.5606427Z [  80% ] [90m[1mupdate_scripts_classes[22m | [39m[0m
2026-10-07T20:15:25.5606847Z [  81% ] [90m[1mupdate_scripts_classes[22m | [39m[0m
2026-10-07T20:15:25.5607269Z [  81% ] [90m[1mupdate_scripts_classes[22m | [39m[0m
2026-10-07T20:15:25.5607692Z [  82% ] [90m[1mupdate_scripts_classes[22m | [39m[0m
2026-10-07T20:15:25.5608117Z [  82% ] [90m[1mupdate_scripts_classes[22m | [39m[0m
2026-10-07T20:15:25.5608537Z [  83% ] [90m[1mupdate_scripts_classes[22m | [39m[0m
2026-10-07T20:15:25.5608963Z [  83% ] [90m[1mupdate_scripts_classes[22m | [39m[0m
2026-10-07T20:15:25.5609687Z [  84% ] [90m[1mupdate_scripts_classes[22m | [39m[0m
2026-10-07T20:15:25.5610157Z [  84% ] [90m[1mupdate_scripts_classes[22m | [39m[0m
2026-10-07T20:15:25.5610593Z [  85% ] [90m[1mupdate_scripts_classes[22m | [39m[0m
2026-10-07T20:15:25.5611020Z [  85% ] [90m[1mupdate_scripts_classes[22m | [39m[0m
2026-10-07T20:15:25.5611453Z [  86% ] [90m[1mupdate_scripts_classes[22m | [39m[0m
2026-10-07T20:15:25.5611874Z [  86% ] [90m[1mupdate_scripts_classes[22m | [39m[0m
2026-10-07T20:15:25.5612293Z [  87% ] [90m[1mupdate_scripts_classes[22m | [39m[0m
2026-10-07T20:15:25.5612718Z [  87% ] [90m[1mupdate_scripts_classes[22m | [39m[0m
2026-10-07T20:15:25.5613143Z [  88% ] [90m[1mupdate_scripts_classes[22m | [39m[0m
2026-10-07T20:15:25.5613563Z [  88% ] [90m[1mupdate_scripts_classes[22m | [39m[0m
2026-10-07T20:15:25.5613987Z [  89% ] [90m[1mupdate_scripts_classes[22m | [39m[0m
2026-10-07T20:15:25.5614416Z [  89% ] [90m[1mupdate_scripts_classes[22m | [39m[0m
2026-10-07T20:15:25.5614843Z [  90% ] [90m[1mupdate_scripts_classes[22m | [39m[0m
2026-10-07T20:15:25.5615265Z [  90% ] [90m[1mupdate_scripts_classes[22m | [39m[0m
2026-10-07T20:15:25.5615690Z [  91% ] [90m[1mupdate_scripts_classes[22m | [39m[0m
2026-10-07T20:15:25.5616110Z [  91% ] [90m[1mupdate_scripts_classes[22m | [39m[0m
2026-10-07T20:15:25.5616537Z [  92% ] [90m[1mupdate_scripts_classes[22m | [39m[0m
2026-10-07T20:15:25.5616958Z [  92% ] [90m[1mupdate_scripts_classes[22m | [39m[0m
2026-10-07T20:15:25.5617386Z [  93% ] [90m[1mupdate_scripts_classes[22m | [39m[0m
2026-10-07T20:15:25.5617810Z [  93% ] [90m[1mupdate_scripts_classes[22m | [39m[0m
2026-10-07T20:15:25.5618233Z [  94% ] [90m[1mupdate_scripts_classes[22m | [39m[0m
2026-10-07T20:15:25.5618656Z [  94% ] [90m[1mupdate_scripts_classes[22m | [39m[0m
2026-10-07T20:15:25.5619210Z [  95% ] [90m[1mupdate_scripts_classes[22m | [39m[0m
2026-10-07T20:15:25.5619799Z [  95% ] [90m[1mupdate_scripts_classes[22m | [39m[0m
2026-10-07T20:15:25.5620228Z [  96% ] [90m[1mupdate_scripts_classes[22m | [39m[0m
2026-10-07T20:15:25.5620655Z [  96% ] [90m[1mupdate_scripts_classes[22m | [39m[0m
2026-10-07T20:15:25.5621076Z [  97% ] [90m[1mupdate_scripts_classes[22m | [39m[0m
2026-10-07T20:15:25.5621500Z [  97% ] [90m[1mupdate_scripts_classes[22m | [39m[0m
2026-10-07T20:15:25.5622064Z [  98% ] [90m[1mupdate_scripts_classes[22m | [39m[0m
2026-10-07T20:15:25.5622487Z [  98% ] [90m[1mupdate_scripts_classes[22m | [39m[0m
2026-10-07T20:15:25.5622907Z [  99% ] [90m[1mupdate_scripts_classes[22m | [39m[0m
2026-10-07T20:15:25.5623324Z [92m[ DONE ][39m [1mupdate_scripts_classes[22m
2026-10-07T20:15:25.5623627Z [0m
2026-10-07T20:15:25.5624130Z [   0% ] [90m[1m_update_scan_actions[22m | Started Scanning actions... (115 steps)[39m[0m
2026-10-07T20:15:25.5624743Z [   0% ] [90m[1m_update_scan_actions[22m | arcanist.png[39m[0m
2026-10-07T20:15:25.5625260Z [   0% ] [90m[1m_update_scan_actions[22m | bulwark.png[39m[0m
2026-10-07T20:15:25.5625756Z [   1% ] [90m[1m_update_scan_actions[22m | elite.png[39m[0m
2026-10-07T20:15:25.5626290Z [   2% ] [90m[1m_update_scan_actions[22m | guardian_0.png[39m[0m
2026-10-07T20:15:25.5626810Z [   3% ] [90m[1m_update_scan_actions[22m | guardian_1.png[39m[0m
2026-10-07T20:15:25.5627323Z [   4% ] [90m[1m_update_scan_actions[22m | guardian_2.png[39m[0m
2026-10-07T20:15:25.5627822Z [   5% ] [90m[1m_update_scan_actions[22m | guardian_3.png[39m[0m
2026-10-07T20:15:25.5628311Z [   6% ] [90m[1m_update_scan_actions[22m | hexer.png[39m[0m
2026-10-07T20:15:25.5628799Z [   6% ] [90m[1m_update_scan_actions[22m | raider.png[39m[0m
2026-10-07T20:15:25.5629287Z [   7% ] [90m[1m_update_scan_actions[22m | ranger.png[39m[0m
2026-10-07T20:15:25.5629923Z [   8% ] [90m[1m_update_scan_actions[22m | vowkeeper.png[39m[0m
2026-10-07T20:15:25.5630432Z [   9% ] [90m[1m_update_scan_actions[22m | arcanist.png[39m[0m
2026-10-07T20:15:25.5630939Z [  10% ] [90m[1m_update_scan_actions[22m | guardian_0.png[39m[0m
2026-10-07T20:15:25.5631441Z [  11% ] [90m[1m_update_scan_actions[22m | guardian_1.png[39m[0m
2026-10-07T20:15:25.5631945Z [  12% ] [90m[1m_update_scan_actions[22m | guardian_2.png[39m[0m
2026-10-07T20:15:25.5632440Z [  12% ] [90m[1m_update_scan_actions[22m | guardian_3.png[39m[0m
2026-10-07T20:15:25.5632942Z [  13% ] [90m[1m_update_scan_actions[22m | hostiles.png[39m[0m
2026-10-07T20:15:25.5633431Z [  14% ] [90m[1m_update_scan_actions[22m | ranger.png[39m[0m
2026-10-07T20:15:25.5633921Z [  15% ] [90m[1m_update_scan_actions[22m | vowkeeper.png[39m[0m
2026-10-07T20:15:25.5634413Z [  16% ] [90m[1m_update_scan_actions[22m | Cinzel.ttf[39m[0m
2026-10-07T20:15:25.5634891Z [  17% ] [90m[1m_update_scan_actions[22m | Lora.ttf[39m[0m
2026-10-07T20:15:25.5635422Z [  18% ] [90m[1m_update_scan_actions[22m | material-atlas.png[39m[0m
2026-10-07T20:15:25.5636020Z [  18% ] [90m[1m_update_scan_actions[22m | Bricks096_1K-PNG_Color.png[39m[0m
2026-10-07T20:15:25.5636650Z [  19% ] [90m[1m_update_scan_actions[22m | Bricks096_1K-PNG_NormalGL.png[39m[0m
2026-10-07T20:15:25.5637290Z [  20% ] [90m[1m_update_scan_actions[22m | Bricks096_1K-PNG_Roughness.png[39m[0m
2026-10-07T20:15:25.5637914Z [  21% ] [90m[1m_update_scan_actions[22m | Metal063_1K-JPG_Color.jpg[39m[0m
2026-10-07T20:15:25.5638533Z [  22% ] [90m[1m_update_scan_actions[22m | Metal063_1K-JPG_Roughness.jpg[39m[0m
2026-10-07T20:15:25.5639137Z [  23% ] [90m[1m_update_scan_actions[22m | nyra-face-albedo.png[39m[0m
2026-10-07T20:15:25.5640025Z [  24% ] [90m[1m_update_scan_actions[22m | ruin-floor-albedo.png[39m[0m
2026-10-07T20:15:25.5640648Z [  25% ] [90m[1m_update_scan_actions[22m | Rock030_1K-JPG_Color.jpg[39m[0m
2026-10-07T20:15:25.5641264Z [  25% ] [90m[1m_update_scan_actions[22m | Rock030_1K-JPG_NormalGL.jpg[39m[0m
2026-10-07T20:15:25.5642024Z [  26% ] [90m[1m_update_scan_actions[22m | Rock030_1K-JPG_Roughness.jpg[39m[0m
2026-10-07T20:15:25.5642626Z [  27% ] [90m[1m_update_scan_actions[22m | ranger-native65.glb[39m[0m
2026-10-07T20:15:25.5643177Z [  28% ] [90m[1m_update_scan_actions[22m | archive_bay.glb[39m[0m
2026-10-07T20:15:25.5643736Z [  29% ] [90m[1m_update_scan_actions[22m | archive_bay_broken.glb[39m[0m
2026-10-07T20:15:25.5644407Z [  30% ] [90m[1m_update_scan_actions[22m | archive_end.glb[39m[0m
2026-10-07T20:15:25.5644943Z [  31% ] [90m[1m_update_scan_actions[22m | archive_return.glb[39m[0m
2026-10-07T20:15:25.5645485Z [  31% ] [90m[1m_update_scan_actions[22m | archive_solid.glb[39m[0m
2026-10-07T20:15:25.5646013Z [  32% ] [90m[1m_update_scan_actions[22m | citadel_bay.glb[39m[0m
2026-10-07T20:15:25.5646606Z [  33% ] [90m[1m_update_scan_actions[22m | citadel_bay_broken.glb[39m[0m
2026-10-07T20:15:25.5647152Z [  34% ] [90m[1m_update_scan_actions[22m | citadel_end.glb[39m[0m
2026-10-07T20:15:25.5647678Z [  35% ] [90m[1m_update_scan_actions[22m | citadel_return.glb[39m[0m
2026-10-07T20:15:25.5648219Z [  36% ] [90m[1m_update_scan_actions[22m | citadel_solid.glb[39m[0m
2026-10-07T20:15:25.5648738Z [  37% ] [90m[1m_update_scan_actions[22m | ossuary_bay.glb[39m[0m
2026-10-07T20:15:25.5649288Z [  37% ] [90m[1m_update_scan_actions[22m | ossuary_bay_broken.glb[39m[0m
2026-10-07T20:15:25.5650136Z [  38% ] [90m[1m_update_scan_actions[22m | ossuary_end.glb[39m[0m
2026-10-07T20:15:25.5650672Z [  39% ] [90m[1m_update_scan_actions[22m | ossuary_return.glb[39m[0m
2026-10-07T20:15:25.5651209Z [  40% ] [90m[1m_update_scan_actions[22m | ossuary_solid.glb[39m[0m
2026-10-07T20:15:25.5651724Z [  41% ] [90m[1m_update_scan_actions[22m | spire_bay.glb[39m[0m
2026-10-07T20:15:25.5652265Z [  42% ] [90m[1m_update_scan_actions[22m | spire_bay_broken.glb[39m[0m
2026-10-07T20:15:25.5652795Z [  43% ] [90m[1m_update_scan_actions[22m | spire_end.glb[39m[0m
2026-10-07T20:15:25.5653325Z [  43% ] [90m[1m_update_scan_actions[22m | spire_return.glb[39m[0m
2026-10-07T20:15:25.5653844Z [  44% ] [90m[1m_update_scan_actions[22m | spire_solid.glb[39m[0m
2026-10-07T20:15:25.5654377Z [  45% ] [90m[1m_update_scan_actions[22m | bulwark-fitted.glb[39m[0m
2026-10-07T20:15:25.5654916Z [  46% ] [90m[1m_update_scan_actions[22m | elite-fitted.glb[39m[0m
2026-10-07T20:15:25.5655480Z [  47% ] [90m[1m_update_scan_actions[22m | guardian_0-fitted.glb[39m[0m
2026-10-07T20:15:25.5656057Z [  48% ] [90m[1m_update_scan_actions[22m | guardian_1-fitted.glb[39m[0m
2026-10-07T20:15:25.5656628Z [  49% ] [90m[1m_update_scan_actions[22m | guardian_2-fitted.glb[39m[0m
2026-10-07T20:15:25.5657189Z [  50% ] [90m[1m_update_scan_actions[22m | guardian_3-fitted.glb[39m[0m
2026-10-07T20:15:25.5657733Z [  50% ] [90m[1m_update_scan_actions[22m | hexer-fitted.glb[39m[0m
2026-10-07T20:15:25.5658315Z [  51% ] [90m[1m_update_scan_actions[22m | male-clothing-native65.glb[39m[0m
2026-10-07T20:15:25.5658868Z [  52% ] [90m[1m_update_scan_actions[22m | arcanist.glb[39m[0m
2026-10-07T20:15:25.5659532Z [  53% ] [90m[1m_update_scan_actions[22m | staff-grip053.glb[39m[0m
2026-10-07T20:15:25.5660075Z [  54% ] [90m[1m_update_scan_actions[22m | nyra-attire054.glb[39m[0m
2026-10-07T20:15:25.5660630Z [  55% ] [90m[1m_update_scan_actions[22m | archive_reliquary.glb[39m[0m
2026-10-07T20:15:25.5661197Z [  56% ] [90m[1m_update_scan_actions[22m | citadel_reliquary.glb[39m[0m
2026-10-07T20:15:25.5661765Z [  56% ] [90m[1m_update_scan_actions[22m | ossuary_reliquary.glb[39m[0m
2026-10-07T20:15:25.5662323Z [  57% ] [90m[1m_update_scan_actions[22m | spire_reliquary.glb[39m[0m
2026-10-07T20:15:25.5662853Z [  58% ] [90m[1m_update_scan_actions[22m | axe-fitted.glb[39m[0m
2026-10-07T20:15:25.5663382Z [  59% ] [90m[1m_update_scan_actions[22m | axe-original.glb[39m[0m
2026-10-07T20:15:25.5664058Z [  60% ] [90m[1m_update_scan_actions[22m | raider-native65.glb[39m[0m
2026-10-07T20:15:25.5664587Z [  61% ] [90m[1m_update_scan_actions[22m | arcanist.glb[39m[0m
2026-10-07T20:15:25.5665090Z [  62% ] [90m[1m_update_scan_actions[22m | bone_arch.glb[39m[0m
2026-10-07T20:15:25.5665612Z [  62% ] [90m[1m_update_scan_actions[22m | broken_pillar.glb[39m[0m
2026-10-07T20:15:25.5666120Z [  63% ] [90m[1m_update_scan_actions[22m | bulwark.glb[39m[0m
2026-10-07T20:15:25.5666759Z [  64% ] [90m[1m_update_scan_actions[22m | carved_tomb.glb[39m[0m
2026-10-07T20:15:25.5667314Z [  65% ] [90m[1m_update_scan_actions[22m | ceremonial_brazier.glb[39m[0m
2026-10-07T20:15:25.5667879Z [  66% ] [90m[1m_update_scan_actions[22m | drowned_library.glb[39m[0m
2026-10-07T20:15:25.5668399Z [  67% ] [90m[1m_update_scan_actions[22m | elite.glb[39m[0m
2026-10-07T20:15:25.5668938Z [  68% ] [90m[1m_update_scan_actions[22m | expedition_table.glb[39m[0m
2026-10-07T20:15:25.5669617Z [  68% ] [90m[1m_update_scan_actions[22m | field_forge.glb[39m[0m
2026-10-07T20:15:25.5670121Z [  69% ] [90m[1m_update_scan_actions[22m | furnace.glb[39m[0m
2026-10-07T20:15:25.5670648Z [  70% ] [90m[1m_update_scan_actions[22m | furnace_throne.glb[39m[0m
2026-10-07T20:15:25.5671173Z [  71% ] [90m[1m_update_scan_actions[22m | gothic_arch.glb[39m[0m
2026-10-07T20:15:25.5671678Z [  72% ] [90m[1m_update_scan_actions[22m | guardian_0.glb[39m[0m
2026-10-07T20:15:25.5672188Z [  73% ] [90m[1m_update_scan_actions[22m | guardian_1.glb[39m[0m
2026-10-07T20:15:25.5672683Z [  74% ] [90m[1m_update_scan_actions[22m | guardian_2.glb[39m[0m
2026-10-07T20:15:25.5673183Z [  75% ] [90m[1m_update_scan_actions[22m | guardian_3.glb[39m[0m
2026-10-07T20:15:25.5673698Z [  75% ] [90m[1m_update_scan_actions[22m | hanging_bell.glb[39m[0m
2026-10-07T20:15:25.5674191Z [  76% ] [90m[1m_update_scan_actions[22m | hexer.glb[39m[0m
2026-10-07T20:15:25.5674705Z [  77% ] [90m[1m_update_scan_actions[22m | leaded_lancet.glb[39m[0m
2026-10-07T20:15:25.5675240Z [  78% ] [90m[1m_update_scan_actions[22m | pilgrim_well.glb[39m[0m
2026-10-07T20:15:25.5675745Z [  79% ] [90m[1m_update_scan_actions[22m | pillar.glb[39m[0m
2026-10-07T20:15:25.5676229Z [  80% ] [90m[1m_update_scan_actions[22m | raider.glb[39m[0m
2026-10-07T20:15:25.5676707Z [  81% ] [90m[1m_update_scan_actions[22m | ranger.glb[39m[0m
2026-10-07T20:15:25.5677229Z [  81% ] [90m[1m_update_scan_actions[22m | reliquary_altar.glb[39m[0m
2026-10-07T20:15:25.5678063Z [  82% ] [90m[1m_update_scan_actions[22m | ruined_vault.glb[39m[0m
2026-10-07T20:15:25.5678847Z [  83% ] [90m[1m_update_scan_actions[22m | sanctuary_intarsia.glb[39m[0m
2026-10-07T20:15:25.5679698Z [  84% ] [90m[1m_update_scan_actions[22m | seal_shrine.glb[39m[0m
2026-10-07T20:15:25.5680237Z [  85% ] [90m[1m_update_scan_actions[22m | vowkeeper.glb[39m[0m
2026-10-07T20:15:25.5680753Z [  86% ] [90m[1m_update_scan_actions[22m | archive.png[39m[0m
2026-10-07T20:15:25.5681254Z [  87% ] [90m[1m_update_scan_actions[22m | camp.png[39m[0m
2026-10-07T20:15:25.5681748Z [  87% ] [90m[1m_update_scan_actions[22m | citadel.png[39m[0m
2026-10-07T20:15:25.5682234Z [  88% ] [90m[1m_update_scan_actions[22m | ossuary.png[39m[0m
2026-10-07T20:15:25.5682713Z [  89% ] [90m[1m_update_scan_actions[22m | spire.png[39m[0m
2026-10-07T20:15:25.5683223Z [  90% ] [90m[1m_update_scan_actions[22m | camp-matte.png[39m[0m
2026-10-07T20:15:25.5683763Z [  91% ] [90m[1m_update_scan_actions[22m | camp-stations.png[39m[0m
2026-10-07T20:15:25.5684309Z [  92% ] [90m[1m_update_scan_actions[22m | painted-stone.png[39m[0m
2026-10-07T20:15:25.5684846Z [  93% ] [90m[1m_update_scan_actions[22m | region-atlas.png[39m[0m
2026-10-07T20:15:25.5685355Z [  93% ] [90m[1m_update_scan_actions[22m | app_icon.png[39m[0m
2026-10-07T20:15:25.5685849Z [  94% ] [90m[1m_update_scan_actions[22m | app_icon.svg[39m[0m
2026-10-07T20:15:25.5686379Z [  95% ] [90m[1m_update_scan_actions[22m | cinder_knight.webp[39m[0m
2026-10-07T20:15:25.5687125Z [  96% ] [90m[1m_update_scan_actions[22m | hollow_spire_corridor.webp[39m[0m
2026-10-07T20:15:25.5687719Z [  97% ] [90m[1m_update_scan_actions[22m | nyra_portrait.webp[39m[0m
2026-10-07T20:15:25.5688259Z [  98% ] [90m[1m_update_scan_actions[22m | nyra_runner.webp[39m[0m
2026-10-07T20:15:25.5688718Z [92m[ DONE ][39m [1m_update_scan_actions[22m
2026-10-07T20:15:25.5689208Z [0m
2026-10-07T20:15:25.5690144Z [   0% ] [90m[1mreimport[22m | Started (Re)Importing Assets (115 steps)[39m[0m
2026-10-07T20:15:25.5690831Z [   0% ] [90m[1mreimport[22m | Preparing files to reimport...[39m[0m
2026-10-07T20:15:25.5691399Z [   0% ] [90m[1mreimport[22m | Preparing files to reimport...[39m[0m
2026-10-07T20:15:25.5691948Z [   1% ] [90m[1mreimport[22m | Preparing files to reimport...[39m[0m
2026-10-07T20:15:25.5692493Z [   2% ] [90m[1mreimport[22m | Preparing files to reimport...[39m[0m
2026-10-07T20:15:25.5693043Z [   3% ] [90m[1mreimport[22m | Preparing files to reimport...[39m[0m
2026-10-07T20:15:25.5693586Z [   4% ] [90m[1mreimport[22m | Preparing files to reimport...[39m[0m
2026-10-07T20:15:25.5694129Z [   5% ] [90m[1mreimport[22m | Preparing files to reimport...[39m[0m
2026-10-07T20:15:25.5694681Z [   6% ] [90m[1mreimport[22m | Preparing files to reimport...[39m[0m
2026-10-07T20:15:25.5695220Z [   6% ] [90m[1mreimport[22m | Preparing files to reimport...[39m[0m
2026-10-07T20:15:25.5695766Z [   7% ] [90m[1mreimport[22m | Preparing files to reimport...[39m[0m
2026-10-07T20:15:25.5696307Z [   8% ] [90m[1mreimport[22m | Preparing files to reimport...[39m[0m
2026-10-07T20:15:25.5696851Z [   9% ] [90m[1mreimport[22m | Preparing files to reimport...[39m[0m
2026-10-07T20:15:25.5697396Z [  10% ] [90m[1mreimport[22m | Preparing files to reimport...[39m[0m
2026-10-07T20:15:25.5697950Z [  11% ] [90m[1mreimport[22m | Preparing files to reimport...[39m[0m
2026-10-07T20:15:25.5698504Z [  12% ] [90m[1mreimport[22m | Preparing files to reimport...[39m[0m
2026-10-07T20:15:25.5699050Z [  12% ] [90m[1mreimport[22m | Preparing files to reimport...[39m[0m
2026-10-07T20:15:25.5699834Z [  13% ] [90m[1mreimport[22m | Preparing files to reimport...[39m[0m
2026-10-07T20:15:25.5700386Z [  14% ] [90m[1mreimport[22m | Preparing files to reimport...[39m[0m
2026-10-07T20:15:25.5700930Z [  15% ] [90m[1mreimport[22m | Preparing files to reimport...[39m[0m
2026-10-07T20:15:25.5701475Z [  16% ] [90m[1mreimport[22m | Preparing files to reimport...[39m[0m
2026-10-07T20:15:25.5702121Z [  17% ] [90m[1mreimport[22m | Preparing files to reimport...[39m[0m
2026-10-07T20:15:25.5702674Z [  18% ] [90m[1mreimport[22m | Preparing files to reimport...[39m[0m
2026-10-07T20:15:25.5703221Z [  18% ] [90m[1mreimport[22m | Preparing files to reimport...[39m[0m
2026-10-07T20:15:25.5703767Z [  19% ] [90m[1mreimport[22m | Preparing files to reimport...[39m[0m
2026-10-07T20:15:25.5704314Z [  20% ] [90m[1mreimport[22m | Preparing files to reimport...[39m[0m
2026-10-07T20:15:25.5704858Z [  21% ] [90m[1mreimport[22m | Preparing files to reimport...[39m[0m
2026-10-07T20:15:25.5705407Z [  22% ] [90m[1mreimport[22m | Preparing files to reimport...[39m[0m
2026-10-07T20:15:25.5705960Z [  23% ] [90m[1mreimport[22m | Preparing files to reimport...[39m[0m
2026-10-07T20:15:25.5706507Z [  24% ] [90m[1mreimport[22m | Preparing files to reimport...[39m[0m
2026-10-07T20:15:25.5707054Z [  25% ] [90m[1mreimport[22m | Preparing files to reimport...[39m[0m
2026-10-07T20:15:25.5707596Z [  25% ] [90m[1mreimport[22m | Preparing files to reimport...[39m[0m
2026-10-07T20:15:25.5708140Z [  26% ] [90m[1mreimport[22m | Preparing files to reimport...[39m[0m
2026-10-07T20:15:25.5708685Z [  27% ] [90m[1mreimport[22m | Preparing files to reimport...[39m[0m
2026-10-07T20:15:25.5709232Z [  28% ] [90m[1mreimport[22m | Preparing files to reimport...[39m[0m
2026-10-07T20:15:25.5710170Z [  29% ] [90m[1mreimport[22m | Preparing files to reimport...[39m[0m
2026-10-07T20:15:25.5710743Z [  30% ] [90m[1mreimport[22m | Preparing files to reimport...[39m[0m
2026-10-07T20:15:25.5711308Z [  31% ] [90m[1mreimport[22m | Preparing files to reimport...[39m[0m
2026-10-07T20:15:25.5711857Z [  31% ] [90m[1mreimport[22m | Preparing files to reimport...[39m[0m
2026-10-07T20:15:25.5712404Z [  32% ] [90m[1mreimport[22m | Preparing files to reimport...[39m[0m
2026-10-07T20:15:25.5713073Z [  33% ] [90m[1mreimport[22m | Preparing files to reimport...[39m[0m
2026-10-07T20:15:25.5713619Z [  34% ] [90m[1mreimport[22m | Preparing files to reimport...[39m[0m
2026-10-07T20:15:25.5714162Z [  35% ] [90m[1mreimport[22m | Preparing files to reimport...[39m[0m
2026-10-07T20:15:25.5714710Z [  36% ] [90m[1mreimport[22m | Preparing files to reimport...[39m[0m
2026-10-07T20:15:25.5715261Z [  37% ] [90m[1mreimport[22m | Preparing files to reimport...[39m[0m
2026-10-07T20:15:25.5715811Z [  37% ] [90m[1mreimport[22m | Preparing files to reimport...[39m[0m
2026-10-07T20:15:25.5716356Z [  38% ] [90m[1mreimport[22m | Preparing files to reimport...[39m[0m
2026-10-07T20:15:25.5716904Z [  39% ] [90m[1mreimport[22m | Preparing files to reimport...[39m[0m
2026-10-07T20:15:25.5717447Z [  40% ] [90m[1mreimport[22m | Preparing files to reimport...[39m[0m
2026-10-07T20:15:25.5717991Z [  41% ] [90m[1mreimport[22m | Preparing files to reimport...[39m[0m
2026-10-07T20:15:25.5718539Z [  42% ] [90m[1mreimport[22m | Preparing files to reimport...[39m[0m
2026-10-07T20:15:25.5719081Z [  43% ] [90m[1mreimport[22m | Preparing files to reimport...[39m[0m
2026-10-07T20:15:25.5719936Z [  43% ] [90m[1mreimport[22m | Preparing files to reimport...[39m[0m
2026-10-07T20:15:25.5720500Z [  44% ] [90m[1mreimport[22m | Preparing files to reimport...[39m[0m
2026-10-07T20:15:25.5721046Z [  45% ] [90m[1mreimport[22m | Preparing files to reimport...[39m[0m
2026-10-07T20:15:25.5721597Z [  46% ] [90m[1mreimport[22m | Preparing files to reimport...[39m[0m
2026-10-07T20:15:25.5722146Z [  47% ] [90m[1mreimport[22m | Preparing files to reimport...[39m[0m
2026-10-07T20:15:25.5722689Z [  48% ] [90m[1mreimport[22m | Preparing files to reimport...[39m[0m
2026-10-07T20:15:25.5723232Z [  49% ] [90m[1mreimport[22m | Preparing files to reimport...[39m[0m
2026-10-07T20:15:25.5723776Z [  50% ] [90m[1mreimport[22m | Preparing files to reimport...[39m[0m
2026-10-07T20:15:25.5724331Z [  50% ] [90m[1mreimport[22m | Preparing files to reimport...[39m[0m
2026-10-07T20:15:25.5724880Z [  51% ] [90m[1mreimport[22m | Preparing files to reimport...[39m[0m
2026-10-07T20:15:25.5725427Z [  52% ] [90m[1mreimport[22m | Preparing files to reimport...[39m[0m
2026-10-07T20:15:25.5725968Z [  53% ] [90m[1mreimport[22m | Preparing files to reimport...[39m[0m
2026-10-07T20:15:25.5726511Z [  54% ] [90m[1mreimport[22m | Preparing files to reimport...[39m[0m
2026-10-07T20:15:25.5727060Z [  55% ] [90m[1mreimport[22m | Preparing files to reimport...[39m[0m
2026-10-07T20:15:25.5727611Z [  56% ] [90m[1mreimport[22m | Preparing files to reimport...[39m[0m
2026-10-07T20:15:25.5728154Z [  56% ] [90m[1mreimport[22m | Preparing files to reimport...[39m[0m
2026-10-07T20:15:25.5728696Z [  57% ] [90m[1mreimport[22m | Preparing files to reimport...[39m[0m
2026-10-07T20:15:25.5729240Z [  58% ] [90m[1mreimport[22m | Preparing files to reimport...[39m[0m
2026-10-07T20:15:25.5730113Z [  59% ] [90m[1mreimport[22m | Preparing files to reimport...[39m[0m
2026-10-07T20:15:25.5730659Z [  60% ] [90m[1mreimport[22m | Preparing files to reimport...[39m[0m
2026-10-07T20:15:25.5731204Z [  61% ] [90m[1mreimport[22m | Preparing files to reimport...[39m[0m
2026-10-07T20:15:25.5731751Z [  62% ] [90m[1mreimport[22m | Preparing files to reimport...[39m[0m
2026-10-07T20:15:25.5732296Z [  62% ] [90m[1mreimport[22m | Preparing files to reimport...[39m[0m
2026-10-07T20:15:25.5732975Z [  63% ] [90m[1mreimport[22m | Preparing files to reimport...[39m[0m
2026-10-07T20:15:25.5733531Z [  64% ] [90m[1mreimport[22m | Preparing files to reimport...[39m[0m
2026-10-07T20:15:25.5734076Z [  65% ] [90m[1mreimport[22m | Preparing files to reimport...[39m[0m
2026-10-07T20:15:25.5734618Z [  66% ] [90m[1mreimport[22m | Preparing files to reimport...[39m[0m
2026-10-07T20:15:25.5735279Z [  67% ] [90m[1mreimport[22m | Preparing files to reimport...[39m[0m
2026-10-07T20:15:25.5735821Z [  68% ] [90m[1mreimport[22m | Preparing files to reimport...[39m[0m
2026-10-07T20:15:25.5736367Z [  68% ] [90m[1mreimport[22m | Preparing files to reimport...[39m[0m
2026-10-07T20:15:25.5736908Z [  69% ] [90m[1mreimport[22m | Preparing files to reimport...[39m[0m
2026-10-07T20:15:25.5737451Z [  70% ] [90m[1mreimport[22m | Preparing files to reimport...[39m[0m
2026-10-07T20:15:25.5737992Z [  71% ] [90m[1mreimport[22m | Preparing files to reimport...[39m[0m
2026-10-07T20:15:25.5738538Z [  72% ] [90m[1mreimport[22m | Preparing files to reimport...[39m[0m
2026-10-07T20:15:25.5739085Z [  73% ] [90m[1mreimport[22m | Preparing files to reimport...[39m[0m
2026-10-07T20:15:25.5739931Z [  74% ] [90m[1mreimport[22m | Preparing files to reimport...[39m[0m
2026-10-07T20:15:25.5740491Z [  75% ] [90m[1mreimport[22m | Preparing files to reimport...[39m[0m
2026-10-07T20:15:25.5741047Z [  75% ] [90m[1mreimport[22m | Preparing files to reimport...[39m[0m
2026-10-07T20:15:25.5741589Z [  76% ] [90m[1mreimport[22m | Preparing files to reimport...[39m[0m
2026-10-07T20:15:25.5742133Z [  77% ] [90m[1mreimport[22m | Preparing files to reimport...[39m[0m
2026-10-07T20:15:25.5742678Z [  78% ] [90m[1mreimport[22m | Preparing files to reimport...[39m[0m
2026-10-07T20:15:25.5743219Z [  79% ] [90m[1mreimport[22m | Preparing files to reimport...[39m[0m
2026-10-07T20:15:25.5743760Z [  80% ] [90m[1mreimport[22m | Preparing files to reimport...[39m[0m
2026-10-07T20:15:25.5744305Z [  81% ] [90m[1mreimport[22m | Preparing files to reimport...[39m[0m
2026-10-07T20:15:25.5744849Z [  81% ] [90m[1mreimport[22m | Preparing files to reimport...[39m[0m
2026-10-07T20:15:25.5745389Z [  82% ] [90m[1mreimport[22m | Preparing files to reimport...[39m[0m
2026-10-07T20:15:25.5745940Z [  83% ] [90m[1mreimport[22m | Preparing files to reimport...[39m[0m
2026-10-07T20:15:25.5746495Z [  84% ] [90m[1mreimport[22m | Preparing files to reimport...[39m[0m
2026-10-07T20:15:25.5747037Z [  85% ] [90m[1mreimport[22m | Preparing files to reimport...[39m[0m
2026-10-07T20:15:25.5747581Z [  86% ] [90m[1mreimport[22m | Preparing files to reimport...[39m[0m
2026-10-07T20:15:25.5748123Z [  87% ] [90m[1mreimport[22m | Preparing files to reimport...[39m[0m
2026-10-07T20:15:25.5748663Z [  87% ] [90m[1mreimport[22m | Preparing files to reimport...[39m[0m
2026-10-07T20:15:25.5749208Z [  88% ] [90m[1mreimport[22m | Preparing files to reimport...[39m[0m
2026-10-07T20:15:25.5749905Z [  89% ] [90m[1mreimport[22m | Preparing files to reimport...[39m[0m
2026-10-07T20:15:25.5750453Z [  90% ] [90m[1mreimport[22m | Preparing files to reimport...[39m[0m
2026-10-07T20:15:25.5750999Z [  91% ] [90m[1mreimport[22m | Preparing files to reimport...[39m[0m
2026-10-07T20:15:25.5751542Z [  92% ] [90m[1mreimport[22m | Preparing files to reimport...[39m[0m
2026-10-07T20:15:25.5752090Z [  93% ] [90m[1mreimport[22m | Preparing files to reimport...[39m[0m
2026-10-07T20:15:25.5752630Z [  93% ] [90m[1mreimport[22m | Preparing files to reimport...[39m[0m
2026-10-07T20:15:25.5753172Z [  94% ] [90m[1mreimport[22m | Preparing files to reimport...[39m[0m
2026-10-07T20:15:25.5753720Z [  95% ] [90m[1mreimport[22m | Preparing files to reimport...[39m[0m
2026-10-07T20:15:25.5754263Z [  96% ] [90m[1mreimport[22m | Preparing files to reimport...[39m[0m
2026-10-07T20:15:25.5754805Z [  97% ] [90m[1mreimport[22m | Preparing files to reimport...[39m[0m
2026-10-07T20:15:25.5755482Z [  98% ] [90m[1mreimport[22m | Preparing files to reimport...[39m[0m
2026-10-07T20:15:25.5756074Z [   0% ] [90m[1mreimport[22m | Executing pre-reimport operations...[39m[0m
2026-10-07T20:15:25.5756806Z [   0% ] [90m[1mpreload_reimporting_scene[22m | Started Preparing scenes for reload (1 steps)[39m[0m
2026-10-07T20:15:25.5757527Z [   0% ] [90m[1mpreload_reimporting_scene[22m | Analyzing scene [empty][39m[0m
2026-10-07T20:15:25.5758296Z [  50% ] [90m[1mpreload_reimporting_scene[22m | Preparation done.[39m[0m
2026-10-07T20:15:25.5758801Z [92m[ DONE ][39m [1mpreload_reimporting_scene[22m
2026-10-07T20:15:25.5759104Z [0m
2026-10-07T20:15:25.5759695Z [   0% ] [90m[1mreimport[22m | Lora.ttf[39m[0m
2026-10-07T20:15:25.5760133Z [   0% ] [90m[1mreimport[22m | Cinzel.ttf[39m[0m
2026-10-07T20:15:25.5760613Z [   1% ] [90m[1mreimport[22m | Metal063_1K-JPG_Color.jpg[39m[0m
2026-10-07T20:15:25.5761163Z [   2% ] [90m[1mreimport[22m | Metal063_1K-JPG_Roughness.jpg[39m[0m
2026-10-07T20:15:25.5761681Z [   3% ] [90m[1mreimport[22m | nyra-face-albedo.png[39m[0m
2026-10-07T20:15:25.5762177Z [   4% ] [90m[1mreimport[22m | ruin-floor-albedo.png[39m[0m
2026-10-07T20:15:25.5762678Z [   5% ] [90m[1mreimport[22m | Rock030_1K-JPG_Color.jpg[39m[0m
2026-10-07T20:15:25.5763195Z [   6% ] [90m[1mreimport[22m | Rock030_1K-JPG_NormalGL.jpg[39m[0m
2026-10-07T20:15:25.5763737Z [   6% ] [90m[1mreimport[22m | Rock030_1K-JPG_Roughness.jpg[39m[0m
2026-10-07T20:15:25.5764210Z [   7% ] [90m[1mreimport[22m | archive.png[39m[0m
2026-10-07T20:15:25.5764627Z [   8% ] [90m[1mreimport[22m | camp.png[39m[0m
2026-10-07T20:15:25.5765041Z [   9% ] [90m[1mreimport[22m | citadel.png[39m[0m
2026-10-07T20:15:25.5765452Z [  10% ] [90m[1mreimport[22m | ossuary.png[39m[0m
2026-10-07T20:15:25.5765861Z [  11% ] [90m[1mreimport[22m | spire.png[39m[0m
2026-10-07T20:15:25.5766292Z [  12% ] [90m[1mreimport[22m | camp-matte.png[39m[0m
2026-10-07T20:15:25.5766752Z [  12% ] [90m[1mreimport[22m | camp-stations.png[39m[0m
2026-10-07T20:15:25.5767216Z [  13% ] [90m[1mreimport[22m | painted-stone.png[39m[0m
2026-10-07T20:15:25.5767676Z [  14% ] [90m[1mreimport[22m | region-atlas.png[39m[0m
2026-10-07T20:15:25.5768115Z [  15% ] [90m[1mreimport[22m | app_icon.png[39m[0m
2026-10-07T20:15:25.5768536Z [  16% ] [90m[1mreimport[22m | app_icon.svg[39m[0m
2026-10-07T20:15:25.5768987Z [  17% ] [90m[1mreimport[22m | cinder_knight.webp[39m[0m
2026-10-07T20:15:25.5769619Z [  18% ] [90m[1mreimport[22m | hollow_spire_corridor.webp[39m[0m
2026-10-07T20:15:25.5770117Z [  18% ] [90m[1mreimport[22m | nyra_portrait.webp[39m[0m
2026-10-07T20:15:25.5770568Z [  19% ] [90m[1mreimport[22m | nyra_runner.webp[39m[0m
2026-10-07T20:15:25.5771009Z [  20% ] [90m[1mreimport[22m | arcanist.png[39m[0m
2026-10-07T20:15:25.5771424Z [  21% ] [90m[1mreimport[22m | bulwark.png[39m[0m
2026-10-07T20:15:25.5771835Z [  22% ] [90m[1mreimport[22m | elite.png[39m[0m
2026-10-07T20:15:25.5772261Z [  23% ] [90m[1mreimport[22m | guardian_0.png[39m[0m
2026-10-07T20:15:25.5772694Z [  24% ] [90m[1mreimport[22m | guardian_1.png[39m[0m
2026-10-07T20:15:25.5773120Z [  25% ] [90m[1mreimport[22m | guardian_2.png[39m[0m
2026-10-07T20:15:25.5773546Z [  25% ] [90m[1mreimport[22m | guardian_3.png[39m[0m
2026-10-07T20:15:25.5773960Z [  26% ] [90m[1mreimport[22m | hexer.png[39m[0m
2026-10-07T20:15:25.5774373Z [  27% ] [90m[1mreimport[22m | raider.png[39m[0m
2026-10-07T20:15:25.5774782Z [  28% ] [90m[1mreimport[22m | ranger.png[39m[0m
2026-10-07T20:15:25.5775203Z [  29% ] [90m[1mreimport[22m | vowkeeper.png[39m[0m
2026-10-07T20:15:25.5775633Z [  30% ] [90m[1mreimport[22m | arcanist.png[39m[0m
2026-10-07T20:15:25.5776053Z [  31% ] [90m[1mreimport[22m | guardian_0.png[39m[0m
2026-10-07T20:15:25.5776478Z [  31% ] [90m[1mreimport[22m | guardian_1.png[39m[0m
2026-10-07T20:15:25.5777044Z [  32% ] [90m[1mreimport[22m | guardian_2.png[39m[0m
2026-10-07T20:15:25.5777563Z [  33% ] [90m[1mreimport[22m | Bricks096_1K-PNG_Roughness.png[39m[0m
2026-10-07T20:15:25.5778120Z [  34% ] [90m[1mreimport[22m | Bricks096_1K-PNG_NormalGL.png[39m[0m
2026-10-07T20:15:25.5778649Z [  35% ] [90m[1mreimport[22m | Bricks096_1K-PNG_Color.png[39m[0m
2026-10-07T20:15:25.5779138Z [  36% ] [90m[1mreimport[22m | material-atlas.png[39m[0m
2026-10-07T20:15:25.5779844Z [  37% ] [90m[1mreimport[22m | vowkeeper.png[39m[0m
2026-10-07T20:15:25.5780264Z [  37% ] [90m[1mreimport[22m | ranger.png[39m[0m
2026-10-07T20:15:25.5780690Z [  38% ] [90m[1mreimport[22m | hostiles.png[39m[0m
2026-10-07T20:15:25.5781120Z [  39% ] [90m[1mreimport[22m | guardian_3.png[39m[0m
2026-10-07T20:15:25.5781559Z [  40% ] [90m[1mreimport[22m | pilgrim_well.glb[39m[0m
2026-10-07T20:15:25.5782068Z [   0% ] [90m[1mimport[22m | Started Import Scene (104 steps)[39m[0m
2026-10-07T20:15:25.5782556Z [   0% ] [90m[1mimport[22m | Importing Scene...[39m[0m
2026-10-07T20:15:25.5783022Z [   1% ] [90m[1mimport[22m | Running Custom Script...[39m[0m
2026-10-07T20:15:25.5783456Z [  99% ] [90m[1mimport[22m | Saving...[39m[0m
2026-10-07T20:15:25.5783823Z [92m[ DONE ][39m [1mimport[22m
2026-10-07T20:15:25.5784073Z [0m
2026-10-07T20:15:25.5784417Z [  41% ] [90m[1mreimport[22m | leaded_lancet.glb[39m[0m
2026-10-07T20:15:25.5784929Z [   0% ] [90m[1mimport[22m | Started Import Scene (104 steps)[39m[0m
2026-10-07T20:15:25.5785420Z [   0% ] [90m[1mimport[22m | Importing Scene...[39m[0m
2026-10-07T20:15:25.5785886Z [   1% ] [90m[1mimport[22m | Running Custom Script...[39m[0m
2026-10-07T20:15:25.5786319Z [  99% ] [90m[1mimport[22m | Saving...[39m[0m
2026-10-07T20:15:25.5786680Z [92m[ DONE ][39m [1mimport[22m
2026-10-07T20:15:25.5786926Z [0m
2026-10-07T20:15:25.5787232Z [  42% ] [90m[1mreimport[22m | hexer.glb[39m[0m
2026-10-07T20:15:25.5787726Z [   0% ] [90m[1mimport[22m | Started Import Scene (104 steps)[39m[0m
2026-10-07T20:15:25.5788211Z [   0% ] [90m[1mimport[22m | Importing Scene...[39m[0m
2026-10-07T20:15:25.5788676Z [   1% ] [90m[1mimport[22m | Running Custom Script...[39m[0m
2026-10-07T20:15:25.5789147Z [  99% ] [90m[1mimport[22m | Saving...[39m[0m
2026-10-07T20:15:25.5789629Z [92m[ DONE ][39m [1mimport[22m
2026-10-07T20:15:25.5789874Z [0m
2026-10-07T20:15:25.5790200Z [  43% ] [90m[1mreimport[22m | hanging_bell.glb[39m[0m
2026-10-07T20:15:25.5790710Z [   0% ] [90m[1mimport[22m | Started Import Scene (104 steps)[39m[0m
2026-10-07T20:15:25.5791188Z [   0% ] [90m[1mimport[22m | Importing Scene...[39m[0m
2026-10-07T20:15:25.5791646Z [   1% ] [90m[1mimport[22m | Running Custom Script...[39m[0m
2026-10-07T20:15:25.5792069Z [  99% ] [90m[1mimport[22m | Saving...[39m[0m
2026-10-07T20:15:25.5792417Z [92m[ DONE ][39m [1mimport[22m
2026-10-07T20:15:25.5792663Z [0m
2026-10-07T20:15:25.5792982Z [  43% ] [90m[1mreimport[22m | guardian_3.glb[39m[0m
2026-10-07T20:15:25.5793484Z [   0% ] [90m[1mimport[22m | Started Import Scene (104 steps)[39m[0m
2026-10-07T20:15:25.5793963Z [   0% ] [90m[1mimport[22m | Importing Scene...[39m[0m
2026-10-07T20:15:25.5794426Z [   1% ] [90m[1mimport[22m | Running Custom Script...[39m[0m
2026-10-07T20:15:25.5794848Z [  99% ] [90m[1mimport[22m | Saving...[39m[0m
2026-10-07T20:15:25.5795197Z [92m[ DONE ][39m [1mimport[22m
2026-10-07T20:15:25.5795447Z [0m
2026-10-07T20:15:25.5795766Z [  44% ] [90m[1mreimport[22m | guardian_2.glb[39m[0m
2026-10-07T20:15:25.5796261Z [   0% ] [90m[1mimport[22m | Started Import Scene (104 steps)[39m[0m
2026-10-07T20:15:25.5796739Z [   0% ] [90m[1mimport[22m | Importing Scene...[39m[0m
2026-10-07T20:15:25.5797199Z [   1% ] [90m[1mimport[22m | Running Custom Script...[39m[0m
2026-10-07T20:15:25.5797621Z [  99% ] [90m[1mimport[22m | Saving...[39m[0m
2026-10-07T20:15:25.5797974Z [92m[ DONE ][39m [1mimport[22m
2026-10-07T20:15:25.5798232Z [0m
2026-10-07T20:15:25.5798674Z [  45% ] [90m[1mreimport[22m | guardian_1.glb[39m[0m
2026-10-07T20:15:25.5799188Z [   0% ] [90m[1mimport[22m | Started Import Scene (104 steps)[39m[0m
2026-10-07T20:15:25.5799944Z [   0% ] [90m[1mimport[22m | Importing Scene...[39m[0m
2026-10-07T20:15:25.5800410Z [   1% ] [90m[1mimport[22m | Running Custom Script...[39m[0m
2026-10-07T20:15:25.5800839Z [  99% ] [90m[1mimport[22m | Saving...[39m[0m
2026-10-07T20:15:25.5801334Z [92m[ DONE ][39m [1mimport[22m
2026-10-07T20:15:25.5801579Z [0m
2026-10-07T20:15:25.5801906Z [  46% ] [90m[1mreimport[22m | guardian_0.glb[39m[0m
2026-10-07T20:15:25.5802405Z [   0% ] [90m[1mimport[22m | Started Import Scene (104 steps)[39m[0m
2026-10-07T20:15:25.5802887Z [   0% ] [90m[1mimport[22m | Importing Scene...[39m[0m
2026-10-07T20:15:25.5803348Z [   1% ] [90m[1mimport[22m | Running Custom Script...[39m[0m
2026-10-07T20:15:25.5803773Z [  99% ] [90m[1mimport[22m | Saving...[39m[0m
2026-10-07T20:15:25.5804126Z [92m[ DONE ][39m [1mimport[22m
2026-10-07T20:15:25.5804368Z [0m
2026-10-07T20:15:25.5804700Z [  47% ] [90m[1mreimport[22m | gothic_arch.glb[39m[0m
2026-10-07T20:15:25.5805202Z [   0% ] [90m[1mimport[22m | Started Import Scene (104 steps)[39m[0m
2026-10-07T20:15:25.5805680Z [   0% ] [90m[1mimport[22m | Importing Scene...[39m[0m
2026-10-07T20:15:25.5806144Z [   1% ] [90m[1mimport[22m | Running Custom Script...[39m[0m
2026-10-07T20:15:25.5806570Z [  99% ] [90m[1mimport[22m | Saving...[39m[0m
2026-10-07T20:15:25.5806919Z [92m[ DONE ][39m [1mimport[22m
2026-10-07T20:15:25.5807161Z [0m
2026-10-07T20:15:25.5807498Z [  48% ] [90m[1mreimport[22m | furnace_throne.glb[39m[0m
2026-10-07T20:15:25.5808010Z [   0% ] [90m[1mimport[22m | Started Import Scene (104 steps)[39m[0m
2026-10-07T20:15:25.5808487Z [   0% ] [90m[1mimport[22m | Importing Scene...[39m[0m
2026-10-07T20:15:25.5808944Z [   1% ] [90m[1mimport[22m | Running Custom Script...[39m[0m
2026-10-07T20:15:25.5809616Z [  99% ] [90m[1mimport[22m | Saving...[39m[0m
2026-10-07T20:15:25.5809991Z [92m[ DONE ][39m [1mimport[22m
2026-10-07T20:15:25.5810232Z [0m
2026-10-07T20:15:25.5810545Z [  49% ] [90m[1mreimport[22m | furnace.glb[39m[0m
2026-10-07T20:15:25.5811047Z [   0% ] [90m[1mimport[22m | Started Import Scene (104 steps)[39m[0m
2026-10-07T20:15:25.5811523Z [   0% ] [90m[1mimport[22m | Importing Scene...[39m[0m
2026-10-07T20:15:25.5811987Z [   1% ] [90m[1mimport[22m | Running Custom Script...[39m[0m
2026-10-07T20:15:25.5812411Z [  99% ] [90m[1mimport[22m | Saving...[39m[0m
2026-10-07T20:15:25.5812757Z [92m[ DONE ][39m [1mimport[22m
2026-10-07T20:15:25.5812999Z [0m
2026-10-07T20:15:25.5813324Z [  50% ] [90m[1mreimport[22m | field_forge.glb[39m[0m
2026-10-07T20:15:25.5813828Z [   0% ] [90m[1mimport[22m | Started Import Scene (104 steps)[39m[0m
2026-10-07T20:15:25.5814304Z [   0% ] [90m[1mimport[22m | Importing Scene...[39m[0m
2026-10-07T20:15:25.5814773Z [   1% ] [90m[1mimport[22m | Running Custom Script...[39m[0m
2026-10-07T20:15:25.5815209Z [  99% ] [90m[1mimport[22m | Saving...[39m[0m
2026-10-07T20:15:25.5815565Z [92m[ DONE ][39m [1mimport[22m
2026-10-07T20:15:25.5815806Z [0m
2026-10-07T20:15:25.5816157Z [  50% ] [90m[1mreimport[22m | expedition_table.glb[39m[0m
2026-10-07T20:15:25.5816697Z [   0% ] [90m[1mimport[22m | Started Import Scene (104 steps)[39m[0m
2026-10-07T20:15:25.5817198Z [   0% ] [90m[1mimport[22m | Importing Scene...[39m[0m
2026-10-07T20:15:25.5817664Z [   1% ] [90m[1mimport[22m | Running Custom Script...[39m[0m
2026-10-07T20:15:25.5818093Z [  99% ] [90m[1mimport[22m | Saving...[39m[0m
2026-10-07T20:15:25.5818444Z [92m[ DONE ][39m [1mimport[22m
2026-10-07T20:15:25.5818686Z [0m
2026-10-07T20:15:25.5818988Z [  51% ] [90m[1mreimport[22m | elite.glb[39m[0m
2026-10-07T20:15:25.5819613Z [   0% ] [90m[1mimport[22m | Started Import Scene (104 steps)[39m[0m
2026-10-07T20:15:25.5820236Z [   0% ] [90m[1mimport[22m | Importing Scene...[39m[0m
2026-10-07T20:15:25.5820711Z [   1% ] [90m[1mimport[22m | Running Custom Script...[39m[0m
2026-10-07T20:15:25.5821172Z [  99% ] [90m[1mimport[22m | Saving...[39m[0m
2026-10-07T20:15:25.5821523Z [92m[ DONE ][39m [1mimport[22m
2026-10-07T20:15:25.5821764Z [0m
2026-10-07T20:15:25.5822106Z [  52% ] [90m[1mreimport[22m | drowned_library.glb[39m[0m
2026-10-07T20:15:25.5822744Z [   0% ] [90m[1mimport[22m | Started Import Scene (104 steps)[39m[0m
2026-10-07T20:15:25.5823230Z [   0% ] [90m[1mimport[22m | Importing Scene...[39m[0m
2026-10-07T20:15:25.5823692Z [   1% ] [90m[1mimport[22m | Running Custom Script...[39m[0m
2026-10-07T20:15:25.5824116Z [  99% ] [90m[1mimport[22m | Saving...[39m[0m
2026-10-07T20:15:25.5824463Z [92m[ DONE ][39m [1mimport[22m
2026-10-07T20:15:25.5824701Z [0m
2026-10-07T20:15:25.5825008Z [  53% ] [90m[1mreimport[22m | pillar.glb[39m[0m
2026-10-07T20:15:25.5825507Z [   0% ] [90m[1mimport[22m | Started Import Scene (104 steps)[39m[0m
2026-10-07T20:15:25.5825993Z [   0% ] [90m[1mimport[22m | Importing Scene...[39m[0m
2026-10-07T20:15:25.5826455Z [   1% ] [90m[1mimport[22m | Running Custom Script...[39m[0m
2026-10-07T20:15:25.5826881Z [  99% ] [90m[1mimport[22m | Saving...[39m[0m
2026-10-07T20:15:25.5827228Z [92m[ DONE ][39m [1mimport[22m
2026-10-07T20:15:25.5827474Z [0m
2026-10-07T20:15:25.5827783Z [  54% ] [90m[1mreimport[22m | raider.glb[39m[0m
2026-10-07T20:15:25.5828273Z [   0% ] [90m[1mimport[22m | Started Import Scene (104 steps)[39m[0m
2026-10-07T20:15:25.5828750Z [   0% ] [90m[1mimport[22m | Importing Scene...[39m[0m
2026-10-07T20:15:25.5829226Z [   1% ] [90m[1mimport[22m | Running Custom Script...[39m[0m
2026-10-07T20:15:25.5829799Z [  99% ] [90m[1mimport[22m | Saving...[39m[0m
2026-10-07T20:15:25.5830152Z [92m[ DONE ][39m [1mimport[22m
2026-10-07T20:15:25.5830394Z [0m
2026-10-07T20:15:25.5830704Z [  55% ] [90m[1mreimport[22m | ranger.glb[39m[0m
2026-10-07T20:15:25.5831201Z [   0% ] [90m[1mimport[22m | Started Import Scene (104 steps)[39m[0m
2026-10-07T20:15:25.5831688Z [   0% ] [90m[1mimport[22m | Importing Scene...[39m[0m
2026-10-07T20:15:25.5832159Z [   1% ] [90m[1mimport[22m | Running Custom Script...[39m[0m
2026-10-07T20:15:25.5832586Z [  99% ] [90m[1mimport[22m | Saving...[39m[0m
2026-10-07T20:15:25.5832938Z [92m[ DONE ][39m [1mimport[22m
2026-10-07T20:15:25.5833184Z [0m
2026-10-07T20:15:25.5833525Z [  56% ] [90m[1mreimport[22m | reliquary_altar.glb[39m[0m
2026-10-07T20:15:25.5834041Z [   0% ] [90m[1mimport[22m | Started Import Scene (104 steps)[39m[0m
2026-10-07T20:15:25.5834520Z [   0% ] [90m[1mimport[22m | Importing Scene...[39m[0m
2026-10-07T20:15:25.5834987Z [   1% ] [90m[1mimport[22m | Running Custom Script...[39m[0m
2026-10-07T20:15:25.5835412Z [  99% ] [90m[1mimport[22m | Saving...[39m[0m
2026-10-07T20:15:25.5835759Z [92m[ DONE ][39m [1mimport[22m
2026-10-07T20:15:25.5835999Z [0m
2026-10-07T20:15:25.5836327Z [  56% ] [90m[1mreimport[22m | ruined_vault.glb[39m[0m
2026-10-07T20:15:25.5836831Z [   0% ] [90m[1mimport[22m | Started Import Scene (104 steps)[39m[0m
2026-10-07T20:15:25.5837308Z [   0% ] [90m[1mimport[22m | Importing Scene...[39m[0m
2026-10-07T20:15:25.5837768Z [   1% ] [90m[1mimport[22m | Running Custom Script...[39m[0m
2026-10-07T20:15:25.5838238Z [  99% ] [90m[1mimport[22m | Saving...[39m[0m
2026-10-07T20:15:25.5838815Z [92m[ DONE ][39m [1mimport[22m
2026-10-07T20:15:25.5839165Z [0m
2026-10-07T20:15:25.5839968Z [  57% ] [90m[1mreimport[22m | sanctuary_intarsia.glb[39m[0m
2026-10-07T20:15:25.5840702Z [   0% ] [90m[1mimport[22m | Started Import Scene (104 steps)[39m[0m
2026-10-07T20:15:25.5841289Z [   0% ] [90m[1mimport[22m | Importing Scene...[39m[0m
2026-10-07T20:15:25.5841890Z [   1% ] [90m[1mimport[22m | Running Custom Script...[39m[0m
2026-10-07T20:15:25.5859700Z [  99% ] [90m[1mimport[22m | Saving...[39m[0m
2026-10-07T20:15:25.5860583Z [92m[ DONE ][39m [1mimport[22m
2026-10-07T20:15:25.5861035Z [0m
2026-10-07T20:15:25.5861624Z [  58% ] [90m[1mreimport[22m | seal_shrine.glb[39m[0m
2026-10-07T20:15:25.5862522Z [   0% ] [90m[1mimport[22m | Started Import Scene (104 steps)[39m[0m
2026-10-07T20:15:25.5863393Z [   0% ] [90m[1mimport[22m | Importing Scene...[39m[0m
2026-10-07T20:15:25.5864268Z [   1% ] [90m[1mimport[22m | Running Custom Script...[39m[0m
2026-10-07T20:15:25.5865325Z [  99% ] [90m[1mimport[22m | Saving...[39m[0m
2026-10-07T20:15:25.5866013Z [92m[ DONE ][39m [1mimport[22m
2026-10-07T20:15:25.5866459Z [0m
2026-10-07T20:15:25.5867056Z [  59% ] [90m[1mreimport[22m | vowkeeper.glb[39m[0m
2026-10-07T20:15:25.5867967Z [   0% ] [90m[1mimport[22m | Started Import Scene (104 steps)[39m[0m
2026-10-07T20:15:25.5868875Z [   0% ] [90m[1mimport[22m | Importing Scene...[39m[0m
2026-10-07T20:15:25.5870049Z [   1% ] [90m[1mimport[22m | Running Custom Script...[39m[0m
2026-10-07T20:15:25.5870888Z [  99% ] [90m[1mimport[22m | Saving...[39m[0m
2026-10-07T20:15:25.5871558Z [92m[ DONE ][39m [1mimport[22m
2026-10-07T20:15:25.5872022Z [0m
2026-10-07T20:15:25.5872651Z [  60% ] [90m[1mreimport[22m | citadel_bay.glb[39m[0m
2026-10-07T20:15:25.5873615Z [   0% ] [90m[1mimport[22m | Started Import Scene (104 steps)[39m[0m
2026-10-07T20:15:25.5874541Z [   0% ] [90m[1mimport[22m | Importing Scene...[39m[0m
2026-10-07T20:15:25.5875434Z [   1% ] [90m[1mimport[22m | Running Custom Script...[39m[0m
2026-10-07T20:15:25.5876242Z [  99% ] [90m[1mimport[22m | Saving...[39m[0m
2026-10-07T20:15:25.5876915Z [92m[ DONE ][39m [1mimport[22m
2026-10-07T20:15:25.5877372Z [0m
2026-10-07T20:15:25.5878012Z [  61% ] [90m[1mreimport[22m | archive_solid.glb[39m[0m
2026-10-07T20:15:25.5878957Z [   0% ] [90m[1mimport[22m | Started Import Scene (104 steps)[39m[0m
2026-10-07T20:15:25.5880115Z [   0% ] [90m[1mimport[22m | Importing Scene...[39m[0m
2026-10-07T20:15:25.5881013Z [   1% ] [90m[1mimport[22m | Running Custom Script...[39m[0m
2026-10-07T20:15:25.5881825Z [  99% ] [90m[1mimport[22m | Saving...[39m[0m
2026-10-07T20:15:25.5882493Z [92m[ DONE ][39m [1mimport[22m
2026-10-07T20:15:25.5882951Z [0m
2026-10-07T20:15:25.5883595Z [  62% ] [90m[1mreimport[22m | archive_return.glb[39m[0m
2026-10-07T20:15:25.5884566Z [   0% ] [90m[1mimport[22m | Started Import Scene (104 steps)[39m[0m
2026-10-07T20:15:25.5885485Z [   0% ] [90m[1mimport[22m | Importing Scene...[39m[0m
2026-10-07T20:15:25.5886366Z [   1% ] [90m[1mimport[22m | Running Custom Script...[39m[0m
2026-10-07T20:15:25.5887175Z [  99% ] [90m[1mimport[22m | Saving...[39m[0m
2026-10-07T20:15:25.5887854Z [92m[ DONE ][39m [1mimport[22m
2026-10-07T20:15:25.5888325Z [0m
2026-10-07T20:15:25.5889028Z [  62% ] [90m[1mreimport[22m | archive_end.glb[39m[0m
2026-10-07T20:15:25.5890234Z [   0% ] [90m[1mimport[22m | Started Import Scene (104 steps)[39m[0m
2026-10-07T20:15:25.5891203Z [   0% ] [90m[1mimport[22m | Importing Scene...[39m[0m
2026-10-07T20:15:25.5892098Z [   1% ] [90m[1mimport[22m | Running Custom Script...[39m[0m
2026-10-07T20:15:25.5892924Z [  99% ] [90m[1mimport[22m | Saving...[39m[0m
2026-10-07T20:15:25.5893597Z [92m[ DONE ][39m [1mimport[22m
2026-10-07T20:15:25.5894074Z [0m
2026-10-07T20:15:25.5894741Z [  63% ] [90m[1mreimport[22m | archive_bay_broken.glb[39m[0m
2026-10-07T20:15:25.5895729Z [   0% ] [90m[1mimport[22m | Started Import Scene (104 steps)[39m[0m
2026-10-07T20:15:25.5896637Z [   0% ] [90m[1mimport[22m | Importing Scene...[39m[0m
2026-10-07T20:15:25.5897525Z [   1% ] [90m[1mimport[22m | Running Custom Script...[39m[0m
2026-10-07T20:15:25.5898348Z [  99% ] [90m[1mimport[22m | Saving...[39m[0m
2026-10-07T20:15:25.5899025Z [92m[ DONE ][39m [1mimport[22m
2026-10-07T20:15:25.5899742Z [0m
2026-10-07T20:15:25.5900387Z [  64% ] [90m[1mreimport[22m | archive_bay.glb[39m[0m
2026-10-07T20:15:25.5901547Z [   0% ] [90m[1mimport[22m | Started Import Scene (104 steps)[39m[0m
2026-10-07T20:15:25.5902509Z [   0% ] [90m[1mimport[22m | Importing Scene...[39m[0m
2026-10-07T20:15:25.5903397Z [   1% ] [90m[1mimport[22m | Running Custom Script...[39m[0m
2026-10-07T20:15:25.5904215Z [  99% ] [90m[1mimport[22m | Saving...[39m[0m
2026-10-07T20:15:25.5904876Z [92m[ DONE ][39m [1mimport[22m
2026-10-07T20:15:25.5905528Z [0m
2026-10-07T20:15:25.5906186Z [  65% ] [90m[1mreimport[22m | ranger-native65.glb[39m[0m
2026-10-07T20:15:25.5907180Z [   0% ] [90m[1mimport[22m | Started Import Scene (104 steps)[39m[0m
2026-10-07T20:15:25.5908121Z [   0% ] [90m[1mimport[22m | Importing Scene...[39m[0m
2026-10-07T20:15:25.5909005Z [   1% ] [90m[1mimport[22m | Running Custom Script...[39m[0m
2026-10-07T20:15:25.5910073Z [  99% ] [90m[1mimport[22m | Saving...[39m[0m
2026-10-07T20:15:25.5910745Z [92m[ DONE ][39m [1mimport[22m
2026-10-07T20:15:25.5911207Z [0m
2026-10-07T20:15:25.5911881Z [  66% ] [90m[1mreimport[22m | guardian_2-fitted.glb[39m[0m
2026-10-07T20:15:25.5912863Z [   0% ] [90m[1mimport[22m | Started Import Scene (104 steps)[39m[0m
2026-10-07T20:15:25.5913779Z [   0% ] [90m[1mimport[22m | Importing Scene...[39m[0m
2026-10-07T20:15:25.5914659Z [   1% ] [90m[1mimport[22m | Running Custom Script...[39m[0m
2026-10-07T20:15:25.5915469Z [  99% ] [90m[1mimport[22m | Saving...[39m[0m
2026-10-07T20:15:25.5916140Z [92m[ DONE ][39m [1mimport[22m
2026-10-07T20:15:25.5916597Z [0m
2026-10-07T20:15:25.5917260Z [  67% ] [90m[1mreimport[22m | guardian_1-fitted.glb[39m[0m
2026-10-07T20:15:25.5918236Z [   0% ] [90m[1mimport[22m | Started Import Scene (104 steps)[39m[0m
2026-10-07T20:15:25.5919145Z [   0% ] [90m[1mimport[22m | Importing Scene...[39m[0m
2026-10-07T20:15:25.5920309Z [   1% ] [90m[1mimport[22m | Running Custom Script...[39m[0m
2026-10-07T20:15:25.5921140Z [  99% ] [90m[1mimport[22m | Saving...[39m[0m
2026-10-07T20:15:25.5921829Z [92m[ DONE ][39m [1mimport[22m
2026-10-07T20:15:25.5922312Z [0m
2026-10-07T20:15:25.5922990Z [  68% ] [90m[1mreimport[22m | guardian_0-fitted.glb[39m[0m
2026-10-07T20:15:25.5924004Z [   0% ] [90m[1mimport[22m | Started Import Scene (104 steps)[39m[0m
2026-10-07T20:15:25.5924924Z [   0% ] [90m[1mimport[22m | Importing Scene...[39m[0m
2026-10-07T20:15:25.5925823Z [   1% ] [90m[1mimport[22m | Running Custom Script...[39m[0m
2026-10-07T20:15:25.5926655Z [  99% ] [90m[1mimport[22m | Saving...[39m[0m
2026-10-07T20:15:25.5927334Z [92m[ DONE ][39m [1mimport[22m
2026-10-07T20:15:25.5927785Z [0m
2026-10-07T20:15:25.5928373Z [  68% ] [90m[1mreimport[22m | elite-fitted.glb[39m[0m
2026-10-07T20:15:25.5929528Z [   0% ] [90m[1mimport[22m | Started Import Scene (104 steps)[39m[0m
2026-10-07T20:15:25.5930432Z [   0% ] [90m[1mimport[22m | Importing Scene...[39m[0m
2026-10-07T20:15:25.5931276Z [   1% ] [90m[1mimport[22m | Running Custom Script...[39m[0m
2026-10-07T20:15:25.5932066Z [  99% ] [90m[1mimport[22m | Saving...[39m[0m
2026-10-07T20:15:25.5932704Z [92m[ DONE ][39m [1mimport[22m
2026-10-07T20:15:25.5933142Z [0m
2026-10-07T20:15:25.5933761Z [  69% ] [90m[1mreimport[22m | bulwark-fitted.glb[39m[0m
2026-10-07T20:15:25.5934686Z [   0% ] [90m[1mimport[22m | Started Import Scene (104 steps)[39m[0m
2026-10-07T20:15:25.5935558Z [   0% ] [90m[1mimport[22m | Importing Scene...[39m[0m
2026-10-07T20:15:25.5936414Z [   1% ] [90m[1mimport[22m | Running Custom Script...[39m[0m
2026-10-07T20:15:25.5937198Z [  99% ] [90m[1mimport[22m | Saving...[39m[0m
2026-10-07T20:15:25.5937826Z [92m[ DONE ][39m [1mimport[22m
2026-10-07T20:15:25.5938263Z [0m
2026-10-07T20:15:25.5938854Z [  70% ] [90m[1mreimport[22m | spire_solid.glb[39m[0m
2026-10-07T20:15:25.5939982Z [   0% ] [90m[1mimport[22m | Started Import Scene (104 steps)[39m[0m
2026-10-07T20:15:25.5940855Z [   0% ] [90m[1mimport[22m | Importing Scene...[39m[0m
2026-10-07T20:15:25.5941946Z [   1% ] [90m[1mimport[22m | Running Custom Script...[39m[0m
2026-10-07T20:15:25.5942748Z [  99% ] [90m[1mimport[22m | Saving...[39m[0m
2026-10-07T20:15:25.5943375Z [92m[ DONE ][39m [1mimport[22m
2026-10-07T20:15:25.5943803Z [0m
2026-10-07T20:15:25.5944390Z [  71% ] [90m[1mreimport[22m | spire_return.glb[39m[0m
2026-10-07T20:15:25.5945309Z [   0% ] [90m[1mimport[22m | Started Import Scene (104 steps)[39m[0m
2026-10-07T20:15:25.5946361Z [   0% ] [90m[1mimport[22m | Importing Scene...[39m[0m
2026-10-07T20:15:25.5947208Z [   1% ] [90m[1mimport[22m | Running Custom Script...[39m[0m
2026-10-07T20:15:25.5947991Z [  99% ] [90m[1mimport[22m | Saving...[39m[0m
2026-10-07T20:15:25.5948644Z [92m[ DONE ][39m [1mimport[22m
2026-10-07T20:15:25.5949076Z [0m
2026-10-07T20:15:25.5949848Z [  72% ] [90m[1mreimport[22m | spire_end.glb[39m[0m
2026-10-07T20:15:25.5950759Z [   0% ] [90m[1mimport[22m | Started Import Scene (104 steps)[39m[0m
2026-10-07T20:15:25.5951633Z [   0% ] [90m[1mimport[22m | Importing Scene...[39m[0m
2026-10-07T20:15:25.5952464Z [   1% ] [90m[1mimport[22m | Running Custom Script...[39m[0m
2026-10-07T20:15:25.5953231Z [  99% ] [90m[1mimport[22m | Saving...[39m[0m
2026-10-07T20:15:25.5953869Z [92m[ DONE ][39m [1mimport[22m
2026-10-07T20:15:25.5954383Z [0m
2026-10-07T20:15:25.5955015Z [  73% ] [90m[1mreimport[22m | spire_bay_broken.glb[39m[0m
2026-10-07T20:15:25.5955965Z [   0% ] [90m[1mimport[22m | Started Import Scene (104 steps)[39m[0m
2026-10-07T20:15:25.5956844Z [   0% ] [90m[1mimport[22m | Importing Scene...[39m[0m
2026-10-07T20:15:25.5957695Z [   1% ] [90m[1mimport[22m | Running Custom Script...[39m[0m
2026-10-07T20:15:25.5958458Z [  99% ] [90m[1mimport[22m | Saving...[39m[0m
2026-10-07T20:15:25.5959094Z [92m[ DONE ][39m [1mimport[22m
2026-10-07T20:15:25.5959704Z [0m
2026-10-07T20:15:25.5960286Z [  74% ] [90m[1mreimport[22m | spire_bay.glb[39m[0m
2026-10-07T20:15:25.5961175Z [   0% ] [90m[1mimport[22m | Started Import Scene (104 steps)[39m[0m
2026-10-07T20:15:25.5962036Z [   0% ] [90m[1mimport[22m | Importing Scene...[39m[0m
2026-10-07T20:15:25.5962863Z [   1% ] [90m[1mimport[22m | Running Custom Script...[39m[0m
2026-10-07T20:15:25.5963631Z [  99% ] [90m[1mimport[22m | Saving...[39m[0m
2026-10-07T20:15:25.5964262Z [92m[ DONE ][39m [1mimport[22m
2026-10-07T20:15:25.5964696Z [0m
2026-10-07T20:15:25.5965293Z [  75% ] [90m[1mreimport[22m | ossuary_solid.glb[39m[0m
2026-10-07T20:15:25.5966199Z [   0% ] [90m[1mimport[22m | Started Import Scene (104 steps)[39m[0m
2026-10-07T20:15:25.5967080Z [   0% ] [90m[1mimport[22m | Importing Scene...[39m[0m
2026-10-07T20:15:25.5967906Z [   1% ] [90m[1mimport[22m | Running Custom Script...[39m[0m
2026-10-07T20:15:25.5968684Z [  99% ] [90m[1mimport[22m | Saving...[39m[0m
2026-10-07T20:15:25.5969482Z [92m[ DONE ][39m [1mimport[22m
2026-10-07T20:15:25.5969929Z [0m
2026-10-07T20:15:25.5970524Z [  75% ] [90m[1mreimport[22m | ossuary_return.glb[39m[0m
2026-10-07T20:15:25.5971449Z [   0% ] [90m[1mimport[22m | Started Import Scene (104 steps)[39m[0m
2026-10-07T20:15:25.5972313Z [   0% ] [90m[1mimport[22m | Importing Scene...[39m[0m
2026-10-07T20:15:25.5973159Z [   1% ] [90m[1mimport[22m | Running Custom Script...[39m[0m
2026-10-07T20:15:25.5973909Z [  99% ] [90m[1mimport[22m | Saving...[39m[0m
2026-10-07T20:15:25.5974534Z [92m[ DONE ][39m [1mimport[22m
2026-10-07T20:15:25.5974979Z [0m
2026-10-07T20:15:25.5975566Z [  76% ] [90m[1mreimport[22m | ossuary_end.glb[39m[0m
2026-10-07T20:15:25.5976475Z [   0% ] [90m[1mimport[22m | Started Import Scene (104 steps)[39m[0m
2026-10-07T20:15:25.5977350Z [   0% ] [90m[1mimport[22m | Importing Scene...[39m[0m
2026-10-07T20:15:25.5978195Z [   1% ] [90m[1mimport[22m | Running Custom Script...[39m[0m
2026-10-07T20:15:25.5978967Z [  99% ] [90m[1mimport[22m | Saving...[39m[0m
2026-10-07T20:15:25.5979821Z [92m[ DONE ][39m [1mimport[22m
2026-10-07T20:15:25.5980263Z [0m
2026-10-07T20:15:25.5981096Z [  77% ] [90m[1mreimport[22m | ossuary_bay_broken.glb[39m[0m
2026-10-07T20:15:25.5982054Z [   0% ] [90m[1mimport[22m | Started Import Scene (104 steps)[39m[0m
2026-10-07T20:15:25.5982941Z [   0% ] [90m[1mimport[22m | Importing Scene...[39m[0m
2026-10-07T20:15:25.5983787Z [   1% ] [90m[1mimport[22m | Running Custom Script...[39m[0m
2026-10-07T20:15:25.5984538Z [  99% ] [90m[1mimport[22m | Saving...[39m[0m
2026-10-07T20:15:25.5985345Z [92m[ DONE ][39m [1mimport[22m
2026-10-07T20:15:25.5985780Z [0m
2026-10-07T20:15:25.5986368Z [  78% ] [90m[1mreimport[22m | ossuary_bay.glb[39m[0m
2026-10-07T20:15:25.5987268Z [   0% ] [90m[1mimport[22m | Started Import Scene (104 steps)[39m[0m
2026-10-07T20:15:25.5988126Z [   0% ] [90m[1mimport[22m | Importing Scene...[39m[0m
2026-10-07T20:15:25.5989037Z [   1% ] [90m[1mimport[22m | Running Custom Script...[39m[0m
2026-10-07T20:15:25.5990054Z [  99% ] [90m[1mimport[22m | Saving...[39m[0m
2026-10-07T20:15:25.5990697Z [92m[ DONE ][39m [1mimport[22m
2026-10-07T20:15:25.5991147Z [0m
2026-10-07T20:15:25.5991752Z [  79% ] [90m[1mreimport[22m | citadel_solid.glb[39m[0m
2026-10-07T20:15:25.5992669Z [   0% ] [90m[1mimport[22m | Started Import Scene (104 steps)[39m[0m
2026-10-07T20:15:25.5993530Z [   0% ] [90m[1mimport[22m | Importing Scene...[39m[0m
2026-10-07T20:15:25.5994351Z [   1% ] [90m[1mimport[22m | Running Custom Script...[39m[0m
2026-10-07T20:15:25.5995144Z [  99% ] [90m[1mimport[22m | Saving...[39m[0m
2026-10-07T20:15:25.5995775Z [92m[ DONE ][39m [1mimport[22m
2026-10-07T20:15:25.5996207Z [0m
2026-10-07T20:15:25.5996810Z [  80% ] [90m[1mreimport[22m | citadel_return.glb[39m[0m
2026-10-07T20:15:25.5997719Z [   0% ] [90m[1mimport[22m | Started Import Scene (104 steps)[39m[0m
2026-10-07T20:15:25.5998586Z [   0% ] [90m[1mimport[22m | Importing Scene...[39m[0m
2026-10-07T20:15:25.5999614Z [   1% ] [90m[1mimport[22m | Running Custom Script...[39m[0m
2026-10-07T20:15:25.6000396Z [  99% ] [90m[1mimport[22m | Saving...[39m[0m
2026-10-07T20:15:25.6001013Z [92m[ DONE ][39m [1mimport[22m
2026-10-07T20:15:25.6001435Z [0m
2026-10-07T20:15:25.6002021Z [  81% ] [90m[1mreimport[22m | citadel_end.glb[39m[0m
2026-10-07T20:15:25.6002918Z [   0% ] [90m[1mimport[22m | Started Import Scene (104 steps)[39m[0m
2026-10-07T20:15:25.6003771Z [   0% ] [90m[1mimport[22m | Importing Scene...[39m[0m
2026-10-07T20:15:25.6004589Z [   1% ] [90m[1mimport[22m | Running Custom Script...[39m[0m
2026-10-07T20:15:25.6005345Z [  99% ] [90m[1mimport[22m | Saving...[39m[0m
2026-10-07T20:15:25.6005969Z [92m[ DONE ][39m [1mimport[22m
2026-10-07T20:15:25.6006392Z [0m
2026-10-07T20:15:25.6007006Z [  81% ] [90m[1mreimport[22m | citadel_bay_broken.glb[39m[0m
2026-10-07T20:15:25.6007910Z [   0% ] [90m[1mimport[22m | Started Import Scene (104 steps)[39m[0m
2026-10-07T20:15:25.6008762Z [   0% ] [90m[1mimport[22m | Importing Scene...[39m[0m
2026-10-07T20:15:25.6009768Z [   1% ] [90m[1mimport[22m | Running Custom Script...[39m[0m
2026-10-07T20:15:25.6010583Z [  99% ] [90m[1mimport[22m | Saving...[39m[0m
2026-10-07T20:15:25.6011252Z [92m[ DONE ][39m [1mimport[22m
2026-10-07T20:15:25.6011692Z [0m
2026-10-07T20:15:25.6012350Z [  82% ] [90m[1mreimport[22m | ceremonial_brazier.glb[39m[0m
2026-10-07T20:15:25.6013324Z [   0% ] [90m[1mimport[22m | Started Import Scene (104 steps)[39m[0m
2026-10-07T20:15:25.6014234Z [   0% ] [90m[1mimport[22m | Importing Scene...[39m[0m
2026-10-07T20:15:25.6015126Z [   1% ] [90m[1mimport[22m | Running Custom Script...[39m[0m
2026-10-07T20:15:25.6015916Z [  99% ] [90m[1mimport[22m | Saving...[39m[0m
2026-10-07T20:15:25.6016564Z [92m[ DONE ][39m [1mimport[22m
2026-10-07T20:15:25.6017009Z [0m
2026-10-07T20:15:25.6017601Z [  83% ] [90m[1mreimport[22m | carved_tomb.glb[39m[0m
2026-10-07T20:15:25.6018543Z [   0% ] [90m[1mimport[22m | Started Import Scene (104 steps)[39m[0m
2026-10-07T20:15:25.6019898Z [   0% ] [90m[1mimport[22m | Importing Scene...[39m[0m
2026-10-07T20:15:25.6020803Z [   1% ] [90m[1mimport[22m | Running Custom Script...[39m[0m
2026-10-07T20:15:25.6021584Z [  99% ] [90m[1mimport[22m | Saving...[39m[0m
2026-10-07T20:15:25.6022234Z [92m[ DONE ][39m [1mimport[22m
2026-10-07T20:15:25.6022678Z [0m
2026-10-07T20:15:25.6023242Z [  84% ] [90m[1mreimport[22m | bulwark.glb[39m[0m
2026-10-07T20:15:25.6024316Z [   0% ] [90m[1mimport[22m | Started Import Scene (104 steps)[39m[0m
2026-10-07T20:15:25.6025203Z [   0% ] [90m[1mimport[22m | Importing Scene...[39m[0m
2026-10-07T20:15:25.6026051Z [   1% ] [90m[1mimport[22m | Running Custom Script...[39m[0m
2026-10-07T20:15:25.6026830Z [  99% ] [90m[1mimport[22m | Saving...[39m[0m
2026-10-07T20:15:25.6027465Z [92m[ DONE ][39m [1mimport[22m
2026-10-07T20:15:25.6027909Z [0m
2026-10-07T20:15:25.6028510Z [  85% ] [90m[1mreimport[22m | broken_pillar.glb[39m[0m
2026-10-07T20:15:25.6029672Z [   0% ] [90m[1mimport[22m | Started Import Scene (104 steps)[39m[0m
2026-10-07T20:15:25.6030575Z [   0% ] [90m[1mimport[22m | Importing Scene...[39m[0m
2026-10-07T20:15:25.6031426Z [   1% ] [90m[1mimport[22m | Running Custom Script...[39m[0m
2026-10-07T20:15:25.6032361Z [  99% ] [90m[1mimport[22m | Saving...[39m[0m
2026-10-07T20:15:25.6032994Z [92m[ DONE ][39m [1mimport[22m
2026-10-07T20:15:25.6033440Z [0m
2026-10-07T20:15:25.6034038Z [  86% ] [90m[1mreimport[22m | bone_arch.glb[39m[0m
2026-10-07T20:15:25.6034949Z [   0% ] [90m[1mimport[22m | Started Import Scene (104 steps)[39m[0m
2026-10-07T20:15:25.6035825Z [   0% ] [90m[1mimport[22m | Importing Scene...[39m[0m
2026-10-07T20:15:25.6036668Z [   1% ] [90m[1mimport[22m | Running Custom Script...[39m[0m
2026-10-07T20:15:25.6037448Z [  99% ] [90m[1mimport[22m | Saving...[39m[0m
2026-10-07T20:15:25.6038084Z [92m[ DONE ][39m [1mimport[22m
2026-10-07T20:15:25.6038527Z [0m
2026-10-07T20:15:25.6039104Z [  87% ] [90m[1mreimport[22m | arcanist.glb[39m[0m
2026-10-07T20:15:25.6040198Z [   0% ] [90m[1mimport[22m | Started Import Scene (104 steps)[39m[0m
2026-10-07T20:15:25.6041083Z [   0% ] [90m[1mimport[22m | Importing Scene...[39m[0m
2026-10-07T20:15:25.6041934Z [   1% ] [90m[1mimport[22m | Running Custom Script...[39m[0m
2026-10-07T20:15:25.6042713Z [  99% ] [90m[1mimport[22m | Saving...[39m[0m
2026-10-07T20:15:25.6043373Z [92m[ DONE ][39m [1mimport[22m
2026-10-07T20:15:25.6043816Z [0m
2026-10-07T20:15:25.6044452Z [  87% ] [90m[1mreimport[22m | raider-native65.glb[39m[0m
2026-10-07T20:15:25.6045415Z [   0% ] [90m[1mimport[22m | Started Import Scene (104 steps)[39m[0m
2026-10-07T20:15:25.6046308Z [   0% ] [90m[1mimport[22m | Importing Scene...[39m[0m
2026-10-07T20:15:25.6047160Z [   1% ] [90m[1mimport[22m | Running Custom Script...[39m[0m
2026-10-07T20:15:25.6047941Z [  99% ] [90m[1mimport[22m | Saving...[39m[0m
2026-10-07T20:15:25.6048580Z [92m[ DONE ][39m [1mimport[22m
2026-10-07T20:15:25.6049025Z [0m
2026-10-07T20:15:25.6049813Z [  88% ] [90m[1mreimport[22m | axe-original.glb[39m[0m
2026-10-07T20:15:25.6050755Z [   0% ] [90m[1mimport[22m | Started Import Scene (104 steps)[39m[0m
2026-10-07T20:15:25.6051644Z [   0% ] [90m[1mimport[22m | Importing Scene...[39m[0m
2026-10-07T20:15:25.6052482Z [   1% ] [90m[1mimport[22m | Running Custom Script...[39m[0m
2026-10-07T20:15:25.6053266Z [  99% ] [90m[1mimport[22m | Saving...[39m[0m
2026-10-07T20:15:25.6053903Z [92m[ DONE ][39m [1mimport[22m
2026-10-07T20:15:25.6054334Z [0m
2026-10-07T20:15:25.6054911Z [  89% ] [90m[1mreimport[22m | axe-fitted.glb[39m[0m
2026-10-07T20:15:25.6055845Z [   0% ] [90m[1mimport[22m | Started Import Scene (104 steps)[39m[0m
2026-10-07T20:15:25.6056732Z [   0% ] [90m[1mimport[22m | Importing Scene...[39m[0m
2026-10-07T20:15:25.6057579Z [   1% ] [90m[1mimport[22m | Running Custom Script...[39m[0m
2026-10-07T20:15:25.6058536Z [  99% ] [90m[1mimport[22m | Saving...[39m[0m
2026-10-07T20:15:25.6059186Z [92m[ DONE ][39m [1mimport[22m
2026-10-07T20:15:25.6059827Z [0m
2026-10-07T20:15:25.6060456Z [  90% ] [90m[1mreimport[22m | spire_reliquary.glb[39m[0m
2026-10-07T20:15:25.6061414Z [   0% ] [90m[1mimport[22m | Started Import Scene (104 steps)[39m[0m
2026-10-07T20:15:25.6062299Z [   0% ] [90m[1mimport[22m | Importing Scene...[39m[0m
2026-10-07T20:15:25.6063327Z [   1% ] [90m[1mimport[22m | Running Custom Script...[39m[0m
2026-10-07T20:15:25.6064112Z [  99% ] [90m[1mimport[22m | Saving...[39m[0m
2026-10-07T20:15:25.6064749Z [92m[ DONE ][39m [1mimport[22m
2026-10-07T20:15:25.6065195Z [0m
2026-10-07T20:15:25.6065833Z [  91% ] [90m[1mreimport[22m | ossuary_reliquary.glb[39m[0m
2026-10-07T20:15:25.6066794Z [   0% ] [90m[1mimport[22m | Started Import Scene (104 steps)[39m[0m
2026-10-07T20:15:25.6067673Z [   0% ] [90m[1mimport[22m | Importing Scene...[39m[0m
2026-10-07T20:15:25.6068528Z [   1% ] [90m[1mimport[22m | Running Custom Script...[39m[0m
2026-10-07T20:15:25.6069511Z [  99% ] [90m[1mimport[22m | Saving...[39m[0m
2026-10-07T20:15:25.6070164Z [92m[ DONE ][39m [1mimport[22m
2026-10-07T20:15:25.6070604Z [0m
2026-10-07T20:15:25.6071234Z [  92% ] [90m[1mreimport[22m | citadel_reliquary.glb[39m[0m
2026-10-07T20:15:25.6072181Z [   0% ] [90m[1mimport[22m | Started Import Scene (104 steps)[39m[0m
2026-10-07T20:15:25.6073068Z [   0% ] [90m[1mimport[22m | Importing Scene...[39m[0m
2026-10-07T20:15:25.6073922Z [   1% ] [90m[1mimport[22m | Running Custom Script...[39m[0m
2026-10-07T20:15:25.6074697Z [  99% ] [90m[1mimport[22m | Saving...[39m[0m
2026-10-07T20:15:25.6075321Z [92m[ DONE ][39m [1mimport[22m
2026-10-07T20:15:25.6075745Z [0m
2026-10-07T20:15:25.6076370Z [  93% ] [90m[1mreimport[22m | archive_reliquary.glb[39m[0m
2026-10-07T20:15:25.6077310Z [   0% ] [90m[1mimport[22m | Started Import Scene (104 steps)[39m[0m
2026-10-07T20:15:25.6078186Z [   0% ] [90m[1mimport[22m | Importing Scene...[39m[0m
2026-10-07T20:15:25.6079022Z [   1% ] [90m[1mimport[22m | Running Custom Script...[39m[0m
2026-10-07T20:15:25.6079997Z [  99% ] [90m[1mimport[22m | Saving...[39m[0m
2026-10-07T20:15:25.6080634Z [92m[ DONE ][39m [1mimport[22m
2026-10-07T20:15:25.6081062Z [0m
2026-10-07T20:15:25.6081672Z [  93% ] [90m[1mreimport[22m | nyra-attire054.glb[39m[0m
2026-10-07T20:15:25.6082610Z [   0% ] [90m[1mimport[22m | Started Import Scene (104 steps)[39m[0m
2026-10-07T20:15:25.6083503Z [   0% ] [90m[1mimport[22m | Importing Scene...[39m[0m
2026-10-07T20:15:25.6084372Z [   1% ] [90m[1mimport[22m | Running Custom Script...[39m[0m
2026-10-07T20:15:25.6085163Z [  99% ] [90m[1mimport[22m | Saving...[39m[0m
2026-10-07T20:15:25.6085814Z [92m[ DONE ][39m [1mimport[22m
2026-10-07T20:15:25.6086277Z [0m
2026-10-07T20:15:25.6086903Z [  94% ] [90m[1mreimport[22m | staff-grip053.glb[39m[0m
2026-10-07T20:15:25.6087863Z [   0% ] [90m[1mimport[22m | Started Import Scene (104 steps)[39m[0m
2026-10-07T20:15:25.6088780Z [   0% ] [90m[1mimport[22m | Importing Scene...[39m[0m
2026-10-07T20:15:25.6089968Z [   1% ] [90m[1mimport[22m | Running Custom Script...[39m[0m
2026-10-07T20:15:25.6090806Z [  99% ] [90m[1mimport[22m | Saving...[39m[0m
2026-10-07T20:15:25.6091475Z [92m[ DONE ][39m [1mimport[22m
2026-10-07T20:15:25.6091932Z [0m
2026-10-07T20:15:25.6092536Z [  95% ] [90m[1mreimport[22m | arcanist.glb[39m[0m
2026-10-07T20:15:25.6093485Z [   0% ] [90m[1mimport[22m | Started Import Scene (104 steps)[39m[0m
2026-10-07T20:15:25.6094401Z [   0% ] [90m[1mimport[22m | Importing Scene...[39m[0m
2026-10-07T20:15:25.6095290Z [   1% ] [90m[1mimport[22m | Running Custom Script...[39m[0m
2026-10-07T20:15:25.6096110Z [  99% ] [90m[1mimport[22m | Saving...[39m[0m
2026-10-07T20:15:25.6096777Z [92m[ DONE ][39m [1mimport[22m
2026-10-07T20:15:25.6097232Z [0m
2026-10-07T20:15:25.6098147Z [  96% ] [90m[1mreimport[22m | male-clothing-native65.glb[39m[0m
2026-10-07T20:15:25.6099205Z [   0% ] [90m[1mimport[22m | Started Import Scene (104 steps)[39m[0m
2026-10-07T20:15:25.6100377Z [   0% ] [90m[1mimport[22m | Importing Scene...[39m[0m
2026-10-07T20:15:25.6101261Z [   1% ] [90m[1mimport[22m | Running Custom Script...[39m[0m
2026-10-07T20:15:25.6102084Z [  99% ] [90m[1mimport[22m | Saving...[39m[0m
2026-10-07T20:15:25.6102997Z [92m[ DONE ][39m [1mimport[22m
2026-10-07T20:15:25.6103472Z [0m
2026-10-07T20:15:25.6104113Z [  97% ] [90m[1mreimport[22m | hexer-fitted.glb[39m[0m
2026-10-07T20:15:25.6105094Z [   0% ] [90m[1mimport[22m | Started Import Scene (104 steps)[39m[0m
2026-10-07T20:15:25.6106019Z [   0% ] [90m[1mimport[22m | Importing Scene...[39m[0m
2026-10-07T20:15:25.6106902Z [   1% ] [90m[1mimport[22m | Running Custom Script...[39m[0m
2026-10-07T20:15:25.6107718Z [  99% ] [90m[1mimport[22m | Saving...[39m[0m
2026-10-07T20:15:25.6108384Z [92m[ DONE ][39m [1mimport[22m
2026-10-07T20:15:25.6108854Z [0m
2026-10-07T20:15:25.6109778Z [  98% ] [90m[1mreimport[22m | guardian_3-fitted.glb[39m[0m
2026-10-07T20:15:25.6110783Z [   0% ] [90m[1mimport[22m | Started Import Scene (104 steps)[39m[0m
2026-10-07T20:15:25.6111701Z [   0% ] [90m[1mimport[22m | Importing Scene...[39m[0m
2026-10-07T20:15:25.6112601Z [   1% ] [90m[1mimport[22m | Running Custom Script...[39m[0m
2026-10-07T20:15:25.6113424Z [  99% ] [90m[1mimport[22m | Saving...[39m[0m
2026-10-07T20:15:25.6114093Z [92m[ DONE ][39m [1mimport[22m
2026-10-07T20:15:25.6114558Z [0m
2026-10-07T20:15:25.6115271Z [  99% ] [90m[1mreimport[22m | Finalizing Asset Import...[39m[0m
2026-10-07T20:15:25.6116058Z [92m[ DONE ][39m [1mreimport[22m
2026-10-07T20:15:25.6116527Z [0m
2026-10-07T20:15:25.6117348Z [   0% ] [90m[1mreimport[22m | Started (Re)Importing Assets (115 steps)[39m[0m
2026-10-07T20:15:25.6118517Z [   0% ] [90m[1mreimport[22m | Executing post-reimport operations...[39m[0m
2026-10-07T20:15:25.6119642Z [92m[ DONE ][39m [1mreimport[22m
2026-10-07T20:15:25.6120161Z [0m
2026-10-07T20:15:25.6121021Z [   0% ] [90m[1mloading_editor_layout[22m | Started Loading editor (5 steps)[39m[0m
2026-10-07T20:15:25.6122223Z [   0% ] [90m[1mloading_editor_layout[22m | Loading editor layout...[39m[0m
2026-10-07T20:15:25.6123318Z [  16% ] [90m[1mloading_editor_layout[22m | Loading docks...[39m[0m
2026-10-07T20:15:25.6124213Z [92m[ DONE ][39m [1mloading_editor_layout[22m
2026-10-07T20:15:25.6124749Z [0m
2026-10-07T20:15:25.6126055Z Exporting res://tests/android_beta_flow.tscn (x86_64) to /home/runner/work/Emberfall-Ashen-Veil/Emberfall-Ashen-Veil/build/emberfall-afk-qa.apk
2026-10-07T20:15:42.9623517Z Godot Engine v4.7.2.stable.official.ed1daf0bf - https://godotengine.org
2026-10-07T20:15:42.9624124Z 
2026-10-07T20:15:42.9625396Z [   0% ] [90m[1mfirst_scan_filesystem[22m | Started Project initialization (5 steps)[39m[0m
2026-10-07T20:15:42.9627007Z [   0% ] [90m[1mfirst_scan_filesystem[22m | Scanning file structure...[39m[0m
2026-10-07T20:15:42.9628477Z [  16% ] [90m[1mfirst_scan_filesystem[22m | Loading global class names...[39m[0m
2026-10-07T20:15:42.9629704Z [  33% ] [90m[1mfirst_scan_filesystem[22m | Verifying GDExtensions...[39m[0m
2026-10-07T20:15:42.9630609Z [  50% ] [90m[1mfirst_scan_filesystem[22m | Creating autoload scripts...[39m[0m
2026-10-07T20:15:42.9631670Z [  66% ] [90m[1mfirst_scan_filesystem[22m | Initializing plugins...[39m[0m
2026-10-07T20:15:42.9632663Z [  83% ] [90m[1mfirst_scan_filesystem[22m | Starting file scan...[39m[0m
2026-10-07T20:15:42.9633534Z [92m[ DONE ][39m [1mfirst_scan_filesystem[22m
2026-10-07T20:15:42.9634088Z [0m
2026-10-07T20:15:42.9635025Z [   0% ] [90m[1mexport[22m | Started Exporting for Android (105 steps)[39m[0m
2026-10-07T20:15:42.9635826Z 0 param: --xr_mode_regular
2026-10-07T20:15:42.9636311Z 1 param: --xr-mode
2026-10-07T20:15:42.9636689Z 2 param: off
2026-10-07T20:15:42.9637098Z 3 param: --fullscreen
2026-10-07T20:15:42.9637810Z 4 param: --background_color
2026-10-07T20:15:42.9638294Z 5 param: #000000
2026-10-07T20:15:42.9638942Z [   0% ] [90m[1mexport[22m | Creating APK...[39m[0m
2026-10-07T20:15:42.9639762Z ADDING: classes.dex
2026-10-07T20:15:42.9640180Z ADDING: classes10.dex
2026-10-07T20:15:42.9640618Z ADDING: classes11.dex
2026-10-07T20:15:42.9641051Z ADDING: classes12.dex
2026-10-07T20:15:42.9641469Z ADDING: classes13.dex
2026-10-07T20:15:42.9642125Z ADDING: classes2.dex
2026-10-07T20:15:42.9642558Z ADDING: classes3.dex
2026-10-07T20:15:42.9643015Z ADDING: classes4.dex
2026-10-07T20:15:42.9643476Z ADDING: classes5.dex
2026-10-07T20:15:42.9643898Z ADDING: classes6.dex
2026-10-07T20:15:42.9644306Z ADDING: classes7.dex
2026-10-07T20:15:42.9644713Z ADDING: classes8.dex
2026-10-07T20:15:42.9645134Z ADDING: classes9.dex
2026-10-07T20:15:42.9645601Z ADDING: lib/x86_64/libc++_shared.so
2026-10-07T20:15:42.9646168Z ADDING: lib/x86_64/libgodot_android.so
2026-10-07T20:15:42.9646914Z Adding application metadata org.godotengine.rendering.method
2026-10-07T20:15:42.9647787Z Adding application metadata org.godotengine.editor.version
2026-10-07T20:15:42.9648528Z Adding permission android.permission.VIBRATE
2026-10-07T20:15:42.9649096Z ADDING: AndroidManifest.xml
2026-10-07T20:15:42.9649953Z ADDING: res/anim-v21/fragment_fast_out_extra_slow_in.xml
2026-10-07T20:15:42.9650613Z ADDING: res/animator/fragment_close_enter.xml
2026-10-07T20:15:42.9651223Z ADDING: res/animator/fragment_close_exit.xml
2026-10-07T20:15:42.9651812Z ADDING: res/animator/fragment_fade_enter.xml
2026-10-07T20:15:42.9652399Z ADDING: res/animator/fragment_fade_exit.xml
2026-10-07T20:15:42.9652983Z ADDING: res/animator/fragment_open_enter.xml
2026-10-07T20:15:42.9653569Z ADDING: res/animator/fragment_open_exit.xml
2026-10-07T20:15:42.9654279Z ADDING: res/drawable-hdpi-v4/notification_bg_low_normal.9.png
2026-10-07T20:15:42.9655104Z ADDING: res/drawable-hdpi-v4/notification_bg_low_pressed.9.png
2026-10-07T20:15:42.9655896Z ADDING: res/drawable-hdpi-v4/notification_bg_normal.9.png
2026-10-07T20:15:42.9656712Z ADDING: res/drawable-hdpi-v4/notification_bg_normal_pressed.9.png
2026-10-07T20:15:42.9657584Z ADDING: res/drawable-hdpi-v4/notify_panel_notification_icon_bg.png
2026-10-07T20:15:42.9658421Z ADDING: res/drawable-mdpi-v4/notification_bg_low_normal.9.png
2026-10-07T20:15:42.9659234Z ADDING: res/drawable-mdpi-v4/notification_bg_low_pressed.9.png
2026-10-07T20:15:42.9660221Z ADDING: res/drawable-mdpi-v4/notification_bg_normal.9.png
2026-10-07T20:15:42.9661037Z ADDING: res/drawable-mdpi-v4/notification_bg_normal_pressed.9.png
2026-10-07T20:15:42.9661902Z ADDING: res/drawable-mdpi-v4/notify_panel_notification_icon_bg.png
2026-10-07T20:15:42.9662721Z ADDING: res/drawable-v21/notification_action_background.xml
2026-10-07T20:15:42.9663425Z ADDING: res/drawable-v23/compat_splash_screen.xml
2026-10-07T20:15:42.9664212Z ADDING: res/drawable-v23/compat_splash_screen_no_icon_background.xml
2026-10-07T20:15:42.9665069Z ADDING: res/drawable-xhdpi-v4/notification_bg_low_normal.9.png
2026-10-07T20:15:42.9665901Z ADDING: res/drawable-xhdpi-v4/notification_bg_low_pressed.9.png
2026-10-07T20:15:42.9666705Z ADDING: res/drawable-xhdpi-v4/notification_bg_normal.9.png
2026-10-07T20:15:42.9667533Z ADDING: res/drawable-xhdpi-v4/notification_bg_normal_pressed.9.png
2026-10-07T20:15:42.9668423Z ADDING: res/drawable-xhdpi-v4/notify_panel_notification_icon_bg.png
2026-10-07T20:15:42.9669149Z ADDING: res/drawable/icon_background.xml
2026-10-07T20:15:42.9669883Z ADDING: res/drawable/notification_bg.xml
2026-10-07T20:15:42.9670468Z ADDING: res/drawable/notification_bg_low.xml
2026-10-07T20:15:42.9671122Z ADDING: res/drawable/notification_icon_background.xml
2026-10-07T20:15:42.9671771Z ADDING: res/drawable/notification_tile_bg.xml
2026-10-07T20:15:42.9672391Z ADDING: res/drawable/splash_branding_image.webp
2026-10-07T20:15:42.9672973Z ADDING: res/drawable/splash_icon.webp
2026-10-07T20:15:42.9673550Z ADDING: res/layout-v21/notification_action.xml
2026-10-07T20:15:42.9674416Z ADDING: res/layout-v21/notification_action_tombstone.xml
2026-10-07T20:15:42.9675186Z ADDING: res/layout-v21/notification_template_custom_big.xml
2026-10-07T20:15:42.9675962Z ADDING: res/layout-v21/notification_template_icon_group.xml
2026-10-07T20:15:42.9676595Z ADDING: res/layout/custom_dialog.xml
2026-10-07T20:15:42.9677146Z ADDING: res/layout/godot_app_layout.xml
2026-10-07T20:15:42.9677833Z ADDING: res/layout/notification_template_part_chronometer.xml
2026-10-07T20:15:42.9678744Z ADDING: res/layout/notification_template_part_time.xml
2026-10-07T20:15:42.9679599Z ADDING: res/layout/remote_godot_fragment_layout.xml
2026-10-07T20:15:42.9680182Z ADDING: res/layout/snackbar.xml
2026-10-07T20:15:42.9680694Z ADDING: res/layout/splash_screen_view.xml
2026-10-07T20:15:42.9681251Z ADDING: res/mipmap-anydpi-v26/icon.xml
2026-10-07T20:15:42.9681791Z ADDING: res/mipmap-hdpi-v4/icon.webp
2026-10-07T20:15:42.9682426Z ADDING: res/mipmap-hdpi-v4/icon_background.webp
2026-10-07T20:15:42.9683113Z ADDING: res/mipmap-hdpi-v4/icon_foreground.webp
2026-10-07T20:15:42.9683815Z ADDING: res/mipmap-hdpi-v4/icon_monochrome.webp
2026-10-07T20:15:42.9684429Z ADDING: res/mipmap-mdpi-v4/icon.webp
2026-10-07T20:15:42.9685076Z ADDING: res/mipmap-mdpi-v4/icon_background.webp
2026-10-07T20:15:42.9685795Z ADDING: res/mipmap-mdpi-v4/icon_foreground.webp
2026-10-07T20:15:42.9686500Z ADDING: res/mipmap-mdpi-v4/icon_monochrome.webp
2026-10-07T20:15:42.9687153Z ADDING: res/mipmap-xhdpi-v4/icon.webp
2026-10-07T20:15:42.9687842Z ADDING: res/mipmap-xhdpi-v4/icon_background.webp
2026-10-07T20:15:42.9688580Z ADDING: res/mipmap-xhdpi-v4/icon_foreground.webp
2026-10-07T20:15:42.9689296Z ADDING: res/mipmap-xhdpi-v4/icon_monochrome.webp
2026-10-07T20:15:42.9690200Z ADDING: res/mipmap-xxhdpi-v4/icon.webp
2026-10-07T20:15:42.9690837Z ADDING: res/mipmap-xxhdpi-v4/icon_background.webp
2026-10-07T20:15:42.9691544Z ADDING: res/mipmap-xxhdpi-v4/icon_foreground.webp
2026-10-07T20:15:42.9692270Z ADDING: res/mipmap-xxhdpi-v4/icon_monochrome.webp
2026-10-07T20:15:42.9692932Z ADDING: res/mipmap-xxxhdpi-v4/icon.webp
2026-10-07T20:15:42.9693629Z ADDING: res/mipmap-xxxhdpi-v4/icon_background.webp
2026-10-07T20:15:42.9694362Z ADDING: res/mipmap-xxxhdpi-v4/icon_foreground.webp
2026-10-07T20:15:42.9695096Z ADDING: res/mipmap-xxxhdpi-v4/icon_monochrome.webp
2026-10-07T20:15:42.9695739Z ADDING: res/mipmap/icon.webp
2026-10-07T20:15:42.9696309Z ADDING: res/mipmap/icon_background.webp
2026-10-07T20:15:42.9696944Z ADDING: res/mipmap/icon_foreground.webp
2026-10-07T20:15:42.9697557Z ADDING: res/mipmap/icon_monochrome.webp
2026-10-07T20:15:42.9698176Z ADDING: res/xml/godot_provider_paths.xml
2026-10-07T20:15:42.9698744Z ADDING: resources.arsc
2026-10-07T20:15:42.9699229Z ADDING: DebugProbesKt.bin
2026-10-07T20:15:42.9700129Z ADDING: kotlin/annotation/annotation.kotlin_builtins
2026-10-07T20:15:42.9700921Z ADDING: kotlin/collections/collections.kotlin_builtins
2026-10-07T20:15:42.9701731Z ADDING: kotlin/concurrent/atomics/atomics.kotlin_builtins
2026-10-07T20:15:42.9702513Z ADDING: kotlin/coroutines/coroutines.kotlin_builtins
2026-10-07T20:15:42.9703262Z ADDING: kotlin/internal/internal.kotlin_builtins
2026-10-07T20:15:42.9703918Z ADDING: kotlin/kotlin.kotlin_builtins
2026-10-07T20:15:42.9704557Z ADDING: kotlin/ranges/ranges.kotlin_builtins
2026-10-07T20:15:42.9705244Z ADDING: kotlin/reflect/reflect.kotlin_builtins
2026-10-07T20:15:42.9706086Z [   0% ] [90m[1mexport[22m | Adding files...[39m[0m
2026-10-07T20:15:42.9706926Z [  97% ] [90m[1mexport[22m | Aligning APK...[39m[0m
2026-10-07T20:15:42.9707776Z [  98% ] [90m[1mexport[22m | Signing debug APK...[39m[0m
2026-10-07T20:15:42.9708402Z Signing binary using: 
2026-10-07T20:15:42.9710724Z /usr/local/lib/android/sdk/build-tools/36.0.0/apksigner sign --verbose --ks <REDACTED> --ks-pass pass:<REDACTED> --ks-key-alias <REDACTED> /home/runner/work/Emberfall-Ashen-Veil/Emberfall-Ashen-Veil/build/emberfall-afk-qa.apk
2026-10-07T20:15:42.9712524Z Signed
2026-10-07T20:15:42.9712720Z 
2026-10-07T20:15:42.9713408Z [  99% ] [90m[1mexport[22m | Verifying APK...[39m[0m
2026-10-07T20:15:42.9714171Z [92m[ DONE ][39m [1mexport[22m
2026-10-07T20:15:42.9714636Z [0m
2026-10-07T20:15:42.9715235Z cannot connect to daemon at tcp:5037: Connection refused
2026-10-07T20:15:42.9716554Z Offline QA artifact only: /home/runner/work/Emberfall-Ashen-Veil/Emberfall-Ashen-Veil/build/emberfall-afk-qa.apk
2026-10-07T20:15:42.9718593Z Exporting res://tests/android_success_flow.tscn (x86_64) to /home/runner/work/Emberfall-Ashen-Veil/Emberfall-Ashen-Veil/build/emberfall-success-qa.apk
2026-10-07T20:15:54.6926047Z Godot Engine v4.7.2.stable.official.ed1daf0bf - https://godotengine.org
2026-10-07T20:15:54.6927077Z 
2026-10-07T20:15:54.6928507Z [   0% ] [90m[1mfirst_scan_filesystem[22m | Started Project initialization (5 steps)[39m[0m
2026-10-07T20:15:54.6930437Z [   0% ] [90m[1mfirst_scan_filesystem[22m | Scanning file structure...[39m[0m
2026-10-07T20:15:54.6932014Z [  16% ] [90m[1mfirst_scan_filesystem[22m | Loading global class names...[39m[0m
2026-10-07T20:15:54.6933611Z [  33% ] [90m[1mfirst_scan_filesystem[22m | Verifying GDExtensions...[39m[0m
2026-10-07T20:15:54.6934953Z [  50% ] [90m[1mfirst_scan_filesystem[22m | Creating autoload scripts...[39m[0m
2026-10-07T20:15:54.6935901Z [  66% ] [90m[1mfirst_scan_filesystem[22m | Initializing plugins...[39m[0m
2026-10-07T20:15:54.6937071Z [  83% ] [90m[1mfirst_scan_filesystem[22m | Starting file scan...[39m[0m
2026-10-07T20:15:54.6937917Z [92m[ DONE ][39m [1mfirst_scan_filesystem[22m
2026-10-07T20:15:54.6938356Z [0m
2026-10-07T20:15:54.6938982Z [   0% ] [90m[1mexport[22m | Started Exporting for Android (105 steps)[39m[0m
2026-10-07T20:15:54.6939745Z 0 param: --xr_mode_regular
2026-10-07T20:15:54.6940257Z 1 param: --xr-mode
2026-10-07T20:15:54.6940608Z 2 param: off
2026-10-07T20:15:54.6940870Z 3 param: --fullscreen
2026-10-07T20:15:54.6941140Z 4 param: --background_color
2026-10-07T20:15:54.6941399Z 5 param: #000000
2026-10-07T20:15:54.6941776Z [   0% ] [90m[1mexport[22m | Creating APK...[39m[0m
2026-10-07T20:15:54.6942118Z ADDING: classes.dex
2026-10-07T20:15:54.6942367Z ADDING: classes10.dex
2026-10-07T20:15:54.6942612Z ADDING: classes11.dex
2026-10-07T20:15:54.6942851Z ADDING: classes12.dex
2026-10-07T20:15:54.6943083Z ADDING: classes13.dex
2026-10-07T20:15:54.6943316Z ADDING: classes2.dex
2026-10-07T20:15:54.6943550Z ADDING: classes3.dex
2026-10-07T20:15:54.6943778Z ADDING: classes4.dex
2026-10-07T20:15:54.6944016Z ADDING: classes5.dex
2026-10-07T20:15:54.6944245Z ADDING: classes6.dex
2026-10-07T20:15:54.6944481Z ADDING: classes7.dex
2026-10-07T20:15:54.6944706Z ADDING: classes8.dex
2026-10-07T20:15:54.6944933Z ADDING: classes9.dex
2026-10-07T20:15:54.6945191Z ADDING: lib/x86_64/libc++_shared.so
2026-10-07T20:15:54.6945507Z ADDING: lib/x86_64/libgodot_android.so
2026-10-07T20:15:54.6945922Z Adding application metadata org.godotengine.rendering.method
2026-10-07T20:15:54.6946406Z Adding application metadata org.godotengine.editor.version
2026-10-07T20:15:54.6946831Z Adding permission android.permission.VIBRATE
2026-10-07T20:15:54.6947173Z ADDING: AndroidManifest.xml
2026-10-07T20:15:54.6947528Z ADDING: res/anim-v21/fragment_fast_out_extra_slow_in.xml
2026-10-07T20:15:54.6947921Z ADDING: res/animator/fragment_close_enter.xml
2026-10-07T20:15:54.6948280Z ADDING: res/animator/fragment_close_exit.xml
2026-10-07T20:15:54.6948637Z ADDING: res/animator/fragment_fade_enter.xml
2026-10-07T20:15:54.6948992Z ADDING: res/animator/fragment_fade_exit.xml
2026-10-07T20:15:54.6949584Z ADDING: res/animator/fragment_open_enter.xml
2026-10-07T20:15:54.6949959Z ADDING: res/animator/fragment_open_exit.xml
2026-10-07T20:15:54.6950381Z ADDING: res/drawable-hdpi-v4/notification_bg_low_normal.9.png
2026-10-07T20:15:54.6950873Z ADDING: res/drawable-hdpi-v4/notification_bg_low_pressed.9.png
2026-10-07T20:15:54.6951339Z ADDING: res/drawable-hdpi-v4/notification_bg_normal.9.png
2026-10-07T20:15:54.6951818Z ADDING: res/drawable-hdpi-v4/notification_bg_normal_pressed.9.png
2026-10-07T20:15:54.6952552Z ADDING: res/drawable-hdpi-v4/notify_panel_notification_icon_bg.png
2026-10-07T20:15:54.6953061Z ADDING: res/drawable-mdpi-v4/notification_bg_low_normal.9.png
2026-10-07T20:15:54.6953540Z ADDING: res/drawable-mdpi-v4/notification_bg_low_pressed.9.png
2026-10-07T20:15:54.6953999Z ADDING: res/drawable-mdpi-v4/notification_bg_normal.9.png
2026-10-07T20:15:54.6954473Z ADDING: res/drawable-mdpi-v4/notification_bg_normal_pressed.9.png
2026-10-07T20:15:54.6955138Z ADDING: res/drawable-mdpi-v4/notify_panel_notification_icon_bg.png
2026-10-07T20:15:54.6955617Z ADDING: res/drawable-v21/notification_action_background.xml
2026-10-07T20:15:54.6956040Z ADDING: res/drawable-v23/compat_splash_screen.xml
2026-10-07T20:15:54.6956503Z ADDING: res/drawable-v23/compat_splash_screen_no_icon_background.xml
2026-10-07T20:15:54.6957010Z ADDING: res/drawable-xhdpi-v4/notification_bg_low_normal.9.png
2026-10-07T20:15:54.6957495Z ADDING: res/drawable-xhdpi-v4/notification_bg_low_pressed.9.png
2026-10-07T20:15:54.6957977Z ADDING: res/drawable-xhdpi-v4/notification_bg_normal.9.png
2026-10-07T20:15:54.6958469Z ADDING: res/drawable-xhdpi-v4/notification_bg_normal_pressed.9.png
2026-10-07T20:15:54.6958990Z ADDING: res/drawable-xhdpi-v4/notify_panel_notification_icon_bg.png
2026-10-07T20:15:54.6959649Z ADDING: res/drawable/icon_background.xml
2026-10-07T20:15:54.6959990Z ADDING: res/drawable/notification_bg.xml
2026-10-07T20:15:54.6960337Z ADDING: res/drawable/notification_bg_low.xml
2026-10-07T20:15:54.6960733Z ADDING: res/drawable/notification_icon_background.xml
2026-10-07T20:15:54.6961121Z ADDING: res/drawable/notification_tile_bg.xml
2026-10-07T20:15:54.6961493Z ADDING: res/drawable/splash_branding_image.webp
2026-10-07T20:15:54.6961862Z ADDING: res/drawable/splash_icon.webp
2026-10-07T20:15:54.6962209Z ADDING: res/layout-v21/notification_action.xml
2026-10-07T20:15:54.6962618Z ADDING: res/layout-v21/notification_action_tombstone.xml
2026-10-07T20:15:54.6963063Z ADDING: res/layout-v21/notification_template_custom_big.xml
2026-10-07T20:15:54.6963527Z ADDING: res/layout-v21/notification_template_icon_group.xml
2026-10-07T20:15:54.6963905Z ADDING: res/layout/custom_dialog.xml
2026-10-07T20:15:54.6964225Z ADDING: res/layout/godot_app_layout.xml
2026-10-07T20:15:54.6964630Z ADDING: res/layout/notification_template_part_chronometer.xml
2026-10-07T20:15:54.6965073Z ADDING: res/layout/notification_template_part_time.xml
2026-10-07T20:15:54.6965479Z ADDING: res/layout/remote_godot_fragment_layout.xml
2026-10-07T20:15:54.6965832Z ADDING: res/layout/snackbar.xml
2026-10-07T20:15:54.6966145Z ADDING: res/layout/splash_screen_view.xml
2026-10-07T20:15:54.6966483Z ADDING: res/mipmap-anydpi-v26/icon.xml
2026-10-07T20:15:54.6966803Z ADDING: res/mipmap-hdpi-v4/icon.webp
2026-10-07T20:15:54.6967148Z ADDING: res/mipmap-hdpi-v4/icon_background.webp
2026-10-07T20:15:54.6967525Z ADDING: res/mipmap-hdpi-v4/icon_foreground.webp
2026-10-07T20:15:54.6967896Z ADDING: res/mipmap-hdpi-v4/icon_monochrome.webp
2026-10-07T20:15:54.6968236Z ADDING: res/mipmap-mdpi-v4/icon.webp
2026-10-07T20:15:54.6968597Z ADDING: res/mipmap-mdpi-v4/icon_background.webp
2026-10-07T20:15:54.6968986Z ADDING: res/mipmap-mdpi-v4/icon_foreground.webp
2026-10-07T20:15:54.6969573Z ADDING: res/mipmap-mdpi-v4/icon_monochrome.webp
2026-10-07T20:15:54.6969946Z ADDING: res/mipmap-xhdpi-v4/icon.webp
2026-10-07T20:15:54.6970310Z ADDING: res/mipmap-xhdpi-v4/icon_background.webp
2026-10-07T20:15:54.6970693Z ADDING: res/mipmap-xhdpi-v4/icon_foreground.webp
2026-10-07T20:15:54.6971074Z ADDING: res/mipmap-xhdpi-v4/icon_monochrome.webp
2026-10-07T20:15:54.6971426Z ADDING: res/mipmap-xxhdpi-v4/icon.webp
2026-10-07T20:15:54.6971794Z ADDING: res/mipmap-xxhdpi-v4/icon_background.webp
2026-10-07T20:15:54.6972189Z ADDING: res/mipmap-xxhdpi-v4/icon_foreground.webp
2026-10-07T20:15:54.6972576Z ADDING: res/mipmap-xxhdpi-v4/icon_monochrome.webp
2026-10-07T20:15:54.6972937Z ADDING: res/mipmap-xxxhdpi-v4/icon.webp
2026-10-07T20:15:54.6973308Z ADDING: res/mipmap-xxxhdpi-v4/icon_background.webp
2026-10-07T20:15:54.6973832Z ADDING: res/mipmap-xxxhdpi-v4/icon_foreground.webp
2026-10-07T20:15:54.6974234Z ADDING: res/mipmap-xxxhdpi-v4/icon_monochrome.webp
2026-10-07T20:15:54.6974583Z ADDING: res/mipmap/icon.webp
2026-10-07T20:15:54.6974886Z ADDING: res/mipmap/icon_background.webp
2026-10-07T20:15:54.6975245Z ADDING: res/mipmap/icon_foreground.webp
2026-10-07T20:15:54.6975590Z ADDING: res/mipmap/icon_monochrome.webp
2026-10-07T20:15:54.6975929Z ADDING: res/xml/godot_provider_paths.xml
2026-10-07T20:15:54.6976347Z ADDING: resources.arsc
2026-10-07T20:15:54.6976614Z ADDING: DebugProbesKt.bin
2026-10-07T20:15:54.6976964Z ADDING: kotlin/annotation/annotation.kotlin_builtins
2026-10-07T20:15:54.6977389Z ADDING: kotlin/collections/collections.kotlin_builtins
2026-10-07T20:15:54.6977831Z ADDING: kotlin/concurrent/atomics/atomics.kotlin_builtins
2026-10-07T20:15:54.6978266Z ADDING: kotlin/coroutines/coroutines.kotlin_builtins
2026-10-07T20:15:54.6978660Z ADDING: kotlin/internal/internal.kotlin_builtins
2026-10-07T20:15:54.6979009Z ADDING: kotlin/kotlin.kotlin_builtins
2026-10-07T20:15:54.6979568Z ADDING: kotlin/ranges/ranges.kotlin_builtins
2026-10-07T20:15:54.6979954Z ADDING: kotlin/reflect/reflect.kotlin_builtins
2026-10-07T20:15:54.6980424Z [   0% ] [90m[1mexport[22m | Adding files...[39m[0m
2026-10-07T20:15:54.6980865Z [  97% ] [90m[1mexport[22m | Aligning APK...[39m[0m
2026-10-07T20:15:54.6981319Z [  98% ] [90m[1mexport[22m | Signing debug APK...[39m[0m
2026-10-07T20:15:54.6981685Z Signing binary using: 
2026-10-07T20:15:54.6982820Z /usr/local/lib/android/sdk/build-tools/36.0.0/apksigner sign --verbose --ks <REDACTED> --ks-pass pass:<REDACTED> --ks-key-alias <REDACTED> /home/runner/work/Emberfall-Ashen-Veil/Emberfall-Ashen-Veil/build/emberfall-success-qa.apk
2026-10-07T20:15:54.6983760Z Signed
2026-10-07T20:15:54.6983872Z 
2026-10-07T20:15:54.6984124Z [  99% ] [90m[1mexport[22m | Verifying APK...[39m[0m
2026-10-07T20:15:54.6984511Z [92m[ DONE ][39m [1mexport[22m
2026-10-07T20:15:54.6984764Z [0m
2026-10-07T20:15:54.6985090Z cannot connect to daemon at tcp:5037: Connection refused
2026-10-07T20:15:54.6985825Z Offline QA artifact only: /home/runner/work/Emberfall-Ashen-Veil/Emberfall-Ashen-Veil/build/emberfall-success-qa.apk
2026-10-07T20:15:54.6986867Z Exporting res://tests/android_art_flow.tscn (x86_64) to /home/runner/work/Emberfall-Ashen-Veil/Emberfall-Ashen-Veil/build/emberfall-art-qa.apk
2026-10-07T20:16:06.4185638Z Godot Engine v4.7.2.stable.official.ed1daf0bf - https://godotengine.org
2026-10-07T20:16:06.4186336Z 
2026-10-07T20:16:06.4187371Z [   0% ] [90m[1mfirst_scan_filesystem[22m | Started Project initialization (5 steps)[39m[0m
2026-10-07T20:16:06.4188811Z [   0% ] [90m[1mfirst_scan_filesystem[22m | Scanning file structure...[39m[0m
2026-10-07T20:16:06.4190230Z [  16% ] [90m[1mfirst_scan_filesystem[22m | Loading global class names...[39m[0m
2026-10-07T20:16:06.4191372Z [  33% ] [90m[1mfirst_scan_filesystem[22m | Verifying GDExtensions...[39m[0m
2026-10-07T20:16:06.4192042Z [  50% ] [90m[1mfirst_scan_filesystem[22m | Creating autoload scripts...[39m[0m
2026-10-07T20:16:06.4192698Z [  66% ] [90m[1mfirst_scan_filesystem[22m | Initializing plugins...[39m[0m
2026-10-07T20:16:06.4193335Z [  83% ] [90m[1mfirst_scan_filesystem[22m | Starting file scan...[39m[0m
2026-10-07T20:16:06.4193846Z [92m[ DONE ][39m [1mfirst_scan_filesystem[22m
2026-10-07T20:16:06.4194147Z [0m
2026-10-07T20:16:06.4194603Z [   0% ] [90m[1mexport[22m | Started Exporting for Android (105 steps)[39m[0m
2026-10-07T20:16:06.4195054Z 0 param: --xr_mode_regular
2026-10-07T20:16:06.4195326Z 1 param: --xr-mode
2026-10-07T20:16:06.4195538Z 2 param: off
2026-10-07T20:16:06.4195775Z 3 param: --fullscreen
2026-10-07T20:16:06.4196047Z 4 param: --background_color
2026-10-07T20:16:06.4196299Z 5 param: #000000
2026-10-07T20:16:06.4196658Z [   0% ] [90m[1mexport[22m | Creating APK...[39m[0m
2026-10-07T20:16:06.4196993Z ADDING: classes.dex
2026-10-07T20:16:06.4197236Z ADDING: classes10.dex
2026-10-07T20:16:06.4197477Z ADDING: classes11.dex
2026-10-07T20:16:06.4197927Z ADDING: classes12.dex
2026-10-07T20:16:06.4198182Z ADDING: classes13.dex
2026-10-07T20:16:06.4198432Z ADDING: classes2.dex
2026-10-07T20:16:06.4198674Z ADDING: classes3.dex
2026-10-07T20:16:06.4198909Z ADDING: classes4.dex
2026-10-07T20:16:06.4199150Z ADDING: classes5.dex
2026-10-07T20:16:06.4199668Z ADDING: classes6.dex
2026-10-07T20:16:06.4199992Z ADDING: classes7.dex
2026-10-07T20:16:06.4200409Z ADDING: classes8.dex
2026-10-07T20:16:06.4200640Z ADDING: classes9.dex
2026-10-07T20:16:06.4200903Z ADDING: lib/x86_64/libc++_shared.so
2026-10-07T20:16:06.4201223Z ADDING: lib/x86_64/libgodot_android.so
2026-10-07T20:16:06.4201641Z Adding application metadata org.godotengine.rendering.method
2026-10-07T20:16:06.4202128Z Adding application metadata org.godotengine.editor.version
2026-10-07T20:16:06.4202556Z Adding permission android.permission.VIBRATE
2026-10-07T20:16:06.4202898Z ADDING: AndroidManifest.xml
2026-10-07T20:16:06.4203257Z ADDING: res/anim-v21/fragment_fast_out_extra_slow_in.xml
2026-10-07T20:16:06.4203666Z ADDING: res/animator/fragment_close_enter.xml
2026-10-07T20:16:06.4204031Z ADDING: res/animator/fragment_close_exit.xml
2026-10-07T20:16:06.4204384Z ADDING: res/animator/fragment_fade_enter.xml
2026-10-07T20:16:06.4204742Z ADDING: res/animator/fragment_fade_exit.xml
2026-10-07T20:16:06.4205097Z ADDING: res/animator/fragment_open_enter.xml
2026-10-07T20:16:06.4205457Z ADDING: res/animator/fragment_open_exit.xml
2026-10-07T20:16:06.4205892Z ADDING: res/drawable-hdpi-v4/notification_bg_low_normal.9.png
2026-10-07T20:16:06.4206386Z ADDING: res/drawable-hdpi-v4/notification_bg_low_pressed.9.png
2026-10-07T20:16:06.4206857Z ADDING: res/drawable-hdpi-v4/notification_bg_normal.9.png
2026-10-07T20:16:06.4207344Z ADDING: res/drawable-hdpi-v4/notification_bg_normal_pressed.9.png
2026-10-07T20:16:06.4207867Z ADDING: res/drawable-hdpi-v4/notify_panel_notification_icon_bg.png
2026-10-07T20:16:06.4208370Z ADDING: res/drawable-mdpi-v4/notification_bg_low_normal.9.png
2026-10-07T20:16:06.4208880Z ADDING: res/drawable-mdpi-v4/notification_bg_low_pressed.9.png
2026-10-07T20:16:06.4209724Z ADDING: res/drawable-mdpi-v4/notification_bg_normal.9.png
2026-10-07T20:16:06.4210418Z ADDING: res/drawable-mdpi-v4/notification_bg_normal_pressed.9.png
2026-10-07T20:16:06.4210957Z ADDING: res/drawable-mdpi-v4/notify_panel_notification_icon_bg.png
2026-10-07T20:16:06.4211460Z ADDING: res/drawable-v21/notification_action_background.xml
2026-10-07T20:16:06.4211894Z ADDING: res/drawable-v23/compat_splash_screen.xml
2026-10-07T20:16:06.4212360Z ADDING: res/drawable-v23/compat_splash_screen_no_icon_background.xml
2026-10-07T20:16:06.4212889Z ADDING: res/drawable-xhdpi-v4/notification_bg_low_normal.9.png
2026-10-07T20:16:06.4213391Z ADDING: res/drawable-xhdpi-v4/notification_bg_low_pressed.9.png
2026-10-07T20:16:06.4213877Z ADDING: res/drawable-xhdpi-v4/notification_bg_normal.9.png
2026-10-07T20:16:06.4214371Z ADDING: res/drawable-xhdpi-v4/notification_bg_normal_pressed.9.png
2026-10-07T20:16:06.4214902Z ADDING: res/drawable-xhdpi-v4/notify_panel_notification_icon_bg.png
2026-10-07T20:16:06.4215336Z ADDING: res/drawable/icon_background.xml
2026-10-07T20:16:06.4215678Z ADDING: res/drawable/notification_bg.xml
2026-10-07T20:16:06.4216031Z ADDING: res/drawable/notification_bg_low.xml
2026-10-07T20:16:06.4216428Z ADDING: res/drawable/notification_icon_background.xml
2026-10-07T20:16:06.4216816Z ADDING: res/drawable/notification_tile_bg.xml
2026-10-07T20:16:06.4217199Z ADDING: res/drawable/splash_branding_image.webp
2026-10-07T20:16:06.4217559Z ADDING: res/drawable/splash_icon.webp
2026-10-07T20:16:06.4217907Z ADDING: res/layout-v21/notification_action.xml
2026-10-07T20:16:06.4218320Z ADDING: res/layout-v21/notification_action_tombstone.xml
2026-10-07T20:16:06.4218784Z ADDING: res/layout-v21/notification_template_custom_big.xml
2026-10-07T20:16:06.4219244Z ADDING: res/layout-v21/notification_template_icon_group.xml
2026-10-07T20:16:06.4220183Z ADDING: res/layout/custom_dialog.xml
2026-10-07T20:16:06.4220539Z ADDING: res/layout/godot_app_layout.xml
2026-10-07T20:16:06.4221121Z ADDING: res/layout/notification_template_part_chronometer.xml
2026-10-07T20:16:06.4221591Z ADDING: res/layout/notification_template_part_time.xml
2026-10-07T20:16:06.4222004Z ADDING: res/layout/remote_godot_fragment_layout.xml
2026-10-07T20:16:06.4222354Z ADDING: res/layout/snackbar.xml
2026-10-07T20:16:06.4222670Z ADDING: res/layout/splash_screen_view.xml
2026-10-07T20:16:06.4223131Z ADDING: res/mipmap-anydpi-v26/icon.xml
2026-10-07T20:16:06.4223462Z ADDING: res/mipmap-hdpi-v4/icon.webp
2026-10-07T20:16:06.4223813Z ADDING: res/mipmap-hdpi-v4/icon_background.webp
2026-10-07T20:16:06.4224198Z ADDING: res/mipmap-hdpi-v4/icon_foreground.webp
2026-10-07T20:16:06.4224575Z ADDING: res/mipmap-hdpi-v4/icon_monochrome.webp
2026-10-07T20:16:06.4224921Z ADDING: res/mipmap-mdpi-v4/icon.webp
2026-10-07T20:16:06.4225270Z ADDING: res/mipmap-mdpi-v4/icon_background.webp
2026-10-07T20:16:06.4225670Z ADDING: res/mipmap-mdpi-v4/icon_foreground.webp
2026-10-07T20:16:06.4226050Z ADDING: res/mipmap-mdpi-v4/icon_monochrome.webp
2026-10-07T20:16:06.4226402Z ADDING: res/mipmap-xhdpi-v4/icon.webp
2026-10-07T20:16:06.4226759Z ADDING: res/mipmap-xhdpi-v4/icon_background.webp
2026-10-07T20:16:06.4227154Z ADDING: res/mipmap-xhdpi-v4/icon_foreground.webp
2026-10-07T20:16:06.4227539Z ADDING: res/mipmap-xhdpi-v4/icon_monochrome.webp
2026-10-07T20:16:06.4227898Z ADDING: res/mipmap-xxhdpi-v4/icon.webp
2026-10-07T20:16:06.4228269Z ADDING: res/mipmap-xxhdpi-v4/icon_background.webp
2026-10-07T20:16:06.4228668Z ADDING: res/mipmap-xxhdpi-v4/icon_foreground.webp
2026-10-07T20:16:06.4229053Z ADDING: res/mipmap-xxhdpi-v4/icon_monochrome.webp
2026-10-07T20:16:06.4229710Z ADDING: res/mipmap-xxxhdpi-v4/icon.webp
2026-10-07T20:16:06.4230099Z ADDING: res/mipmap-xxxhdpi-v4/icon_background.webp
2026-10-07T20:16:06.4230500Z ADDING: res/mipmap-xxxhdpi-v4/icon_foreground.webp
2026-10-07T20:16:06.4230896Z ADDING: res/mipmap-xxxhdpi-v4/icon_monochrome.webp
2026-10-07T20:16:06.4231240Z ADDING: res/mipmap/icon.webp
2026-10-07T20:16:06.4231555Z ADDING: res/mipmap/icon_background.webp
2026-10-07T20:16:06.4231889Z ADDING: res/mipmap/icon_foreground.webp
2026-10-07T20:16:06.4232218Z ADDING: res/mipmap/icon_monochrome.webp
2026-10-07T20:16:06.4232546Z ADDING: res/xml/godot_provider_paths.xml
2026-10-07T20:16:06.4232852Z ADDING: resources.arsc
2026-10-07T20:16:06.4233114Z ADDING: DebugProbesKt.bin
2026-10-07T20:16:06.4233461Z ADDING: kotlin/annotation/annotation.kotlin_builtins
2026-10-07T20:16:06.4233893Z ADDING: kotlin/collections/collections.kotlin_builtins
2026-10-07T20:16:06.4234331Z ADDING: kotlin/concurrent/atomics/atomics.kotlin_builtins
2026-10-07T20:16:06.4234759Z ADDING: kotlin/coroutines/coroutines.kotlin_builtins
2026-10-07T20:16:06.4235152Z ADDING: kotlin/internal/internal.kotlin_builtins
2026-10-07T20:16:06.4235503Z ADDING: kotlin/kotlin.kotlin_builtins
2026-10-07T20:16:06.4235841Z ADDING: kotlin/ranges/ranges.kotlin_builtins
2026-10-07T20:16:06.4236213Z ADDING: kotlin/reflect/reflect.kotlin_builtins
2026-10-07T20:16:06.4236706Z [   0% ] [90m[1mexport[22m | Adding files...[39m[0m
2026-10-07T20:16:06.4237146Z [  97% ] [90m[1mexport[22m | Aligning APK...[39m[0m
2026-10-07T20:16:06.4237604Z [  98% ] [90m[1mexport[22m | Signing debug APK...[39m[0m
2026-10-07T20:16:06.4237954Z Signing binary using: 
2026-10-07T20:16:06.4239062Z /usr/local/lib/android/sdk/build-tools/36.0.0/apksigner sign --verbose --ks <REDACTED> --ks-pass pass:<REDACTED> --ks-key-alias <REDACTED> /home/runner/work/Emberfall-Ashen-Veil/Emberfall-Ashen-Veil/build/emberfall-art-qa.apk
2026-10-07T20:16:06.4240279Z Signed
2026-10-07T20:16:06.4240395Z 
2026-10-07T20:16:06.4240661Z [  99% ] [90m[1mexport[22m | Verifying APK...[39m[0m
2026-10-07T20:16:06.4241053Z [92m[ DONE ][39m [1mexport[22m
2026-10-07T20:16:06.4241308Z [0m
2026-10-07T20:16:06.4241627Z cannot connect to daemon at tcp:5037: Connection refused
2026-10-07T20:16:06.4242332Z Offline QA artifact only: /home/runner/work/Emberfall-Ashen-Veil/Emberfall-Ashen-Veil/build/emberfall-art-qa.apk
2026-10-07T20:16:06.4243575Z Exporting res://tests/android_device_probe.tscn (arm64-v8a) to /home/runner/work/Emberfall-Ashen-Veil/Emberfall-Ashen-Veil/build/emberfall-pixel-probe.apk
2026-10-07T20:16:17.5888950Z Godot Engine v4.7.2.stable.official.ed1daf0bf - https://godotengine.org
2026-10-07T20:16:17.5889994Z 
2026-10-07T20:16:17.5891182Z [   0% ] [90m[1mfirst_scan_filesystem[22m | Started Project initialization (5 steps)[39m[0m
2026-10-07T20:16:17.5893131Z [   0% ] [90m[1mfirst_scan_filesystem[22m | Scanning file structure...[39m[0m
2026-10-07T20:16:17.5894598Z [  16% ] [90m[1mfirst_scan_filesystem[22m | Loading global class names...[39m[0m
2026-10-07T20:16:17.5896067Z [  33% ] [90m[1mfirst_scan_filesystem[22m | Verifying GDExtensions...[39m[0m
2026-10-07T20:16:17.5897510Z [  50% ] [90m[1mfirst_scan_filesystem[22m | Creating autoload scripts...[39m[0m
2026-10-07T20:16:17.5898535Z [  66% ] [90m[1mfirst_scan_filesystem[22m | Initializing plugins...[39m[0m
2026-10-07T20:16:17.5899211Z [  83% ] [90m[1mfirst_scan_filesystem[22m | Starting file scan...[39m[0m
2026-10-07T20:16:17.5899907Z [92m[ DONE ][39m [1mfirst_scan_filesystem[22m
2026-10-07T20:16:17.5900222Z [0m
2026-10-07T20:16:17.5900696Z [   0% ] [90m[1mexport[22m | Started Exporting for Android (105 steps)[39m[0m
2026-10-07T20:16:17.5901148Z 0 param: --xr_mode_regular
2026-10-07T20:16:17.5901433Z 1 param: --xr-mode
2026-10-07T20:16:17.5901659Z 2 param: off
2026-10-07T20:16:17.5901900Z 3 param: --fullscreen
2026-10-07T20:16:17.5902210Z 4 param: --background_color
2026-10-07T20:16:17.5902479Z 5 param: #000000
2026-10-07T20:16:17.5902856Z [   0% ] [90m[1mexport[22m | Creating APK...[39m[0m
2026-10-07T20:16:17.5903203Z ADDING: classes.dex
2026-10-07T20:16:17.5903455Z ADDING: classes10.dex
2026-10-07T20:16:17.5903716Z ADDING: classes11.dex
2026-10-07T20:16:17.5903965Z ADDING: classes12.dex
2026-10-07T20:16:17.5904216Z ADDING: classes13.dex
2026-10-07T20:16:17.5904465Z ADDING: classes2.dex
2026-10-07T20:16:17.5904723Z ADDING: classes3.dex
2026-10-07T20:16:17.5904974Z ADDING: classes4.dex
2026-10-07T20:16:17.5905223Z ADDING: classes5.dex
2026-10-07T20:16:17.5905469Z ADDING: classes6.dex
2026-10-07T20:16:17.5905714Z ADDING: classes7.dex
2026-10-07T20:16:17.5905959Z ADDING: classes8.dex
2026-10-07T20:16:17.5906204Z ADDING: classes9.dex
2026-10-07T20:16:17.5906492Z ADDING: lib/arm64-v8a/libc++_shared.so
2026-10-07T20:16:17.5906859Z ADDING: lib/arm64-v8a/libgodot_android.so
2026-10-07T20:16:17.5907317Z Adding application metadata org.godotengine.rendering.method
2026-10-07T20:16:17.5907839Z Adding application metadata org.godotengine.editor.version
2026-10-07T20:16:17.5908291Z Adding permission android.permission.VIBRATE
2026-10-07T20:16:17.5908656Z ADDING: AndroidManifest.xml
2026-10-07T20:16:17.5909037Z ADDING: res/anim-v21/fragment_fast_out_extra_slow_in.xml
2026-10-07T20:16:17.5909580Z ADDING: res/animator/fragment_close_enter.xml
2026-10-07T20:16:17.5909959Z ADDING: res/animator/fragment_close_exit.xml
2026-10-07T20:16:17.5910333Z ADDING: res/animator/fragment_fade_enter.xml
2026-10-07T20:16:17.5910681Z ADDING: res/animator/fragment_fade_exit.xml
2026-10-07T20:16:17.5911031Z ADDING: res/animator/fragment_open_enter.xml
2026-10-07T20:16:17.5911381Z ADDING: res/animator/fragment_open_exit.xml
2026-10-07T20:16:17.5911806Z ADDING: res/drawable-hdpi-v4/notification_bg_low_normal.9.png
2026-10-07T20:16:17.5912298Z ADDING: res/drawable-hdpi-v4/notification_bg_low_pressed.9.png
2026-10-07T20:16:17.5912776Z ADDING: res/drawable-hdpi-v4/notification_bg_normal.9.png
2026-10-07T20:16:17.5913264Z ADDING: res/drawable-hdpi-v4/notification_bg_normal_pressed.9.png
2026-10-07T20:16:17.5913779Z ADDING: res/drawable-hdpi-v4/notify_panel_notification_icon_bg.png
2026-10-07T20:16:17.5914272Z ADDING: res/drawable-mdpi-v4/notification_bg_low_normal.9.png
2026-10-07T20:16:17.5914750Z ADDING: res/drawable-mdpi-v4/notification_bg_low_pressed.9.png
2026-10-07T20:16:17.5915213Z ADDING: res/drawable-mdpi-v4/notification_bg_normal.9.png
2026-10-07T20:16:17.5915846Z ADDING: res/drawable-mdpi-v4/notification_bg_normal_pressed.9.png
2026-10-07T20:16:17.5916362Z ADDING: res/drawable-mdpi-v4/notify_panel_notification_icon_bg.png
2026-10-07T20:16:17.5916845Z ADDING: res/drawable-v21/notification_action_background.xml
2026-10-07T20:16:17.5917263Z ADDING: res/drawable-v23/compat_splash_screen.xml
2026-10-07T20:16:17.5917726Z ADDING: res/drawable-v23/compat_splash_screen_no_icon_background.xml
2026-10-07T20:16:17.5918346Z ADDING: res/drawable-xhdpi-v4/notification_bg_low_normal.9.png
2026-10-07T20:16:17.5918829Z ADDING: res/drawable-xhdpi-v4/notification_bg_low_pressed.9.png
2026-10-07T20:16:17.5919419Z ADDING: res/drawable-xhdpi-v4/notification_bg_normal.9.png
2026-10-07T20:16:17.5919910Z ADDING: res/drawable-xhdpi-v4/notification_bg_normal_pressed.9.png
2026-10-07T20:16:17.5920435Z ADDING: res/drawable-xhdpi-v4/notify_panel_notification_icon_bg.png
2026-10-07T20:16:17.5920854Z ADDING: res/drawable/icon_background.xml
2026-10-07T20:16:17.5921204Z ADDING: res/drawable/notification_bg.xml
2026-10-07T20:16:17.5921559Z ADDING: res/drawable/notification_bg_low.xml
2026-10-07T20:16:17.5921956Z ADDING: res/drawable/notification_icon_background.xml
2026-10-07T20:16:17.5922351Z ADDING: res/drawable/notification_tile_bg.xml
2026-10-07T20:16:17.5922728Z ADDING: res/drawable/splash_branding_image.webp
2026-10-07T20:16:17.5923090Z ADDING: res/drawable/splash_icon.webp
2026-10-07T20:16:17.5923443Z ADDING: res/layout-v21/notification_action.xml
2026-10-07T20:16:17.5923853Z ADDING: res/layout-v21/notification_action_tombstone.xml
2026-10-07T20:16:17.5924301Z ADDING: res/layout-v21/notification_template_custom_big.xml
2026-10-07T20:16:17.5924759Z ADDING: res/layout-v21/notification_template_icon_group.xml
2026-10-07T20:16:17.5925144Z ADDING: res/layout/custom_dialog.xml
2026-10-07T20:16:17.5925470Z ADDING: res/layout/godot_app_layout.xml
2026-10-07T20:16:17.5925884Z ADDING: res/layout/notification_template_part_chronometer.xml
2026-10-07T20:16:17.5926338Z ADDING: res/layout/notification_template_part_time.xml
2026-10-07T20:16:17.5926743Z ADDING: res/layout/remote_godot_fragment_layout.xml
2026-10-07T20:16:17.5927095Z ADDING: res/layout/snackbar.xml
2026-10-07T20:16:17.5927410Z ADDING: res/layout/splash_screen_view.xml
2026-10-07T20:16:17.5927751Z ADDING: res/mipmap-anydpi-v26/icon.xml
2026-10-07T20:16:17.5928074Z ADDING: res/mipmap-hdpi-v4/icon.webp
2026-10-07T20:16:17.5928431Z ADDING: res/mipmap-hdpi-v4/icon_background.webp
2026-10-07T20:16:17.5928824Z ADDING: res/mipmap-hdpi-v4/icon_foreground.webp
2026-10-07T20:16:17.5929200Z ADDING: res/mipmap-hdpi-v4/icon_monochrome.webp
2026-10-07T20:16:17.5929660Z ADDING: res/mipmap-mdpi-v4/icon.webp
2026-10-07T20:16:17.5930010Z ADDING: res/mipmap-mdpi-v4/icon_background.webp
2026-10-07T20:16:17.5930378Z ADDING: res/mipmap-mdpi-v4/icon_foreground.webp
2026-10-07T20:16:17.5930752Z ADDING: res/mipmap-mdpi-v4/icon_monochrome.webp
2026-10-07T20:16:17.5931100Z ADDING: res/mipmap-xhdpi-v4/icon.webp
2026-10-07T20:16:17.5931460Z ADDING: res/mipmap-xhdpi-v4/icon_background.webp
2026-10-07T20:16:17.5931851Z ADDING: res/mipmap-xhdpi-v4/icon_foreground.webp
2026-10-07T20:16:17.5932231Z ADDING: res/mipmap-xhdpi-v4/icon_monochrome.webp
2026-10-07T20:16:17.5932587Z ADDING: res/mipmap-xxhdpi-v4/icon.webp
2026-10-07T20:16:17.5932949Z ADDING: res/mipmap-xxhdpi-v4/icon_background.webp
2026-10-07T20:16:17.5933337Z ADDING: res/mipmap-xxhdpi-v4/icon_foreground.webp
2026-10-07T20:16:17.5933727Z ADDING: res/mipmap-xxhdpi-v4/icon_monochrome.webp
2026-10-07T20:16:17.5934084Z ADDING: res/mipmap-xxxhdpi-v4/icon.webp
2026-10-07T20:16:17.5934459Z ADDING: res/mipmap-xxxhdpi-v4/icon_background.webp
2026-10-07T20:16:17.5934859Z ADDING: res/mipmap-xxxhdpi-v4/icon_foreground.webp
2026-10-07T20:16:17.5935250Z ADDING: res/mipmap-xxxhdpi-v4/icon_monochrome.webp
2026-10-07T20:16:17.5935592Z ADDING: res/mipmap/icon.webp
2026-10-07T20:16:17.5935901Z ADDING: res/mipmap/icon_background.webp
2026-10-07T20:16:17.5936228Z ADDING: res/mipmap/icon_foreground.webp
2026-10-07T20:16:17.5936671Z ADDING: res/mipmap/icon_monochrome.webp
2026-10-07T20:16:17.5937008Z ADDING: res/xml/godot_provider_paths.xml
2026-10-07T20:16:17.5937316Z ADDING: resources.arsc
2026-10-07T20:16:17.5937578Z ADDING: DebugProbesKt.bin
2026-10-07T20:16:17.5937916Z ADDING: kotlin/annotation/annotation.kotlin_builtins
2026-10-07T20:16:17.5938345Z ADDING: kotlin/collections/collections.kotlin_builtins
2026-10-07T20:16:17.5938780Z ADDING: kotlin/concurrent/atomics/atomics.kotlin_builtins
2026-10-07T20:16:17.5939459Z ADDING: kotlin/coroutines/coroutines.kotlin_builtins
2026-10-07T20:16:17.5939860Z ADDING: kotlin/internal/internal.kotlin_builtins
2026-10-07T20:16:17.5940214Z ADDING: kotlin/kotlin.kotlin_builtins
2026-10-07T20:16:17.5940550Z ADDING: kotlin/ranges/ranges.kotlin_builtins
2026-10-07T20:16:17.5940915Z ADDING: kotlin/reflect/reflect.kotlin_builtins
2026-10-07T20:16:17.5941373Z [   0% ] [90m[1mexport[22m | Adding files...[39m[0m
2026-10-07T20:16:17.5941813Z [  97% ] [90m[1mexport[22m | Aligning APK...[39m[0m
2026-10-07T20:16:17.5942273Z [  98% ] [90m[1mexport[22m | Signing debug APK...[39m[0m
2026-10-07T20:16:17.5942620Z Signing binary using: 
2026-10-07T20:16:17.5943758Z /usr/local/lib/android/sdk/build-tools/36.0.0/apksigner sign --verbose --ks <REDACTED> --ks-pass pass:<REDACTED> --ks-key-alias <REDACTED> /home/runner/work/Emberfall-Ashen-Veil/Emberfall-Ashen-Veil/build/emberfall-pixel-probe.apk
2026-10-07T20:16:17.5944702Z Signed
2026-10-07T20:16:17.5944809Z 
2026-10-07T20:16:17.5945052Z [  99% ] [90m[1mexport[22m | Verifying APK...[39m[0m
2026-10-07T20:16:17.5945430Z [92m[ DONE ][39m [1mexport[22m
2026-10-07T20:16:17.5945683Z [0m
2026-10-07T20:16:17.5945990Z cannot connect to daemon at tcp:5037: Connection refused
2026-10-07T20:16:17.5946707Z Offline QA artifact only: /home/runner/work/Emberfall-Ashen-Veil/Emberfall-Ashen-Veil/build/emberfall-pixel-probe.apk
2026-10-07T20:16:17.7505885Z ##[group]Run echo 'KERNEL=="kvm", GROUP="kvm", MODE="0666", OPTIONS+="static_node=kvm"' | sudo tee /etc/udev/rules.d/99-kvm4all.rules
2026-10-07T20:16:17.7507392Z [36;1mecho 'KERNEL=="kvm", GROUP="kvm", MODE="0666", OPTIONS+="static_node=kvm"' | sudo tee /etc/udev/rules.d/99-kvm4all.rules[0m
2026-10-07T20:16:17.7508405Z [36;1msudo udevadm control --reload-rules[0m
2026-10-07T20:16:17.7508996Z [36;1msudo udevadm trigger --name-match=kvm[0m
2026-10-07T20:16:17.7583553Z shell: /usr/bin/bash -e {0}
2026-10-07T20:16:17.7584003Z env:
2026-10-07T20:16:17.7584553Z   JAVA_HOME: /opt/hostedtoolcache/Java_Temurin-Hotspot_jdk/17.0.20-1/x64
2026-10-07T20:16:17.7585493Z   JAVA_HOME_17_X64: /opt/hostedtoolcache/Java_Temurin-Hotspot_jdk/17.0.20-1/x64
2026-10-07T20:16:17.7586115Z   MAVEN_ARGS: -ntp
2026-10-07T20:16:17.7586366Z   ANDROID_HOME: /usr/local/lib/android/sdk
2026-10-07T20:16:17.7586680Z   ANDROID_SDK_ROOT: /usr/local/lib/android/sdk
2026-10-07T20:16:17.7586961Z ##[endgroup]
2026-10-07T20:16:17.7740124Z KERNEL=="kvm", GROUP="kvm", MODE="0666", OPTIONS+="static_node=kvm"
2026-10-07T20:16:17.8140628Z ##[group]Run ReactiveCircus/android-emulator-runner@v2
2026-10-07T20:16:17.8140975Z with:
2026-10-07T20:16:17.8141166Z   api-level: 36
2026-10-07T20:16:17.8141373Z   target: google_apis
2026-10-07T20:16:17.8141588Z   arch: x86_64
2026-10-07T20:16:17.8141801Z   profile: pixel_6
2026-10-07T20:16:17.8142016Z   disable-animations: true
2026-10-07T20:16:17.8142462Z   emulator-options: -no-window -gpu swangle -noaudio -no-boot-anim -no-snapshot -camera-back none
2026-10-07T20:16:17.8144900Z   script: # The software renderer reached about 90% of the exact one-hour AFK
# ledger at the previous 300-second deadline. Keep all assertions and
# cold-restart coverage; allow this CI-only replay more wall time.
if [ "" != "true" ]; then python3 scripts/android_beta_smoke.py --timeout-seconds 900 --apk build/emberfall-afk-qa.apk; fi
adb shell wm size 1080x2424
python3 scripts/android_beta_smoke.py --success-only --apk build/emberfall-success-qa.apk --output build/android-success-runtime
python3 scripts/android_beta_smoke.py --art-only --apk build/emberfall-art-qa.apk --output build/android-art-runtime

2026-10-07T20:16:17.8147048Z   cores: 2
2026-10-07T20:16:17.8147230Z   avd-name: test
2026-10-07T20:16:17.8147436Z   force-avd-creation: true
2026-10-07T20:16:17.8147683Z   emulator-boot-timeout: 600
2026-10-07T20:16:17.8147921Z   emulator-port: 5554
2026-10-07T20:16:17.8148144Z   disable-spellchecker: false
2026-10-07T20:16:17.8148394Z   disable-linux-hw-accel: auto
2026-10-07T20:16:17.8148819Z   enable-hw-keyboard: false
2026-10-07T20:16:17.8149050Z   channel: stable
2026-10-07T20:16:17.8149243Z env:
2026-10-07T20:16:17.8149825Z   JAVA_HOME: /opt/hostedtoolcache/Java_Temurin-Hotspot_jdk/17.0.20-1/x64
2026-10-07T20:16:17.8150332Z   JAVA_HOME_17_X64: /opt/hostedtoolcache/Java_Temurin-Hotspot_jdk/17.0.20-1/x64
2026-10-07T20:16:17.8150717Z   MAVEN_ARGS: -ntp
2026-10-07T20:16:17.8150956Z   ANDROID_HOME: /usr/local/lib/android/sdk
2026-10-07T20:16:17.8151258Z   ANDROID_SDK_ROOT: /usr/local/lib/android/sdk
2026-10-07T20:16:17.8151641Z   EMBERFALL_SOURCE_COMMIT: 02a3fc905e55a4e64cbece4eb6b07c65c1bf4afb
2026-10-07T20:16:17.8151992Z ##[endgroup]
2026-10-07T20:16:17.8724079Z ##[group]Configure emulator
2026-10-07T20:16:17.8726684Z API level: 36
2026-10-07T20:16:17.8727013Z System image API level: 36
2026-10-07T20:16:17.8727435Z target: google_apis
2026-10-07T20:16:17.8728303Z CPU architecture: x86_64
2026-10-07T20:16:17.8728895Z Hardware profile: pixel_6
2026-10-07T20:16:17.8730120Z Cores: 2
2026-10-07T20:16:17.8730485Z RAM size: 
2026-10-07T20:16:17.8730851Z Heap size: 
2026-10-07T20:16:17.8731469Z SD card path or size: 
2026-10-07T20:16:17.8732319Z Disk size: 
2026-10-07T20:16:17.8732730Z AVD name: test
2026-10-07T20:16:17.8734561Z force avd creation: true
2026-10-07T20:16:17.8735142Z Emulator boot timeout: 600
2026-10-07T20:16:17.8735676Z emulator port: 5554
2026-10-07T20:16:17.8736695Z emulator options: -no-window -gpu swangle -noaudio -no-boot-anim -no-snapshot -camera-back none
2026-10-07T20:16:17.8737722Z disable animations: true
2026-10-07T20:16:17.8738270Z disable spellchecker: false
2026-10-07T20:16:17.8738898Z disable Linux hardware acceleration: false
2026-10-07T20:16:17.8739856Z enable hardware keyboard: false
2026-10-07T20:16:17.8740408Z Channel: 0 (stable)
2026-10-07T20:16:17.8740816Z Script:
2026-10-07T20:16:17.8741928Z if [ "" != "true" ]; then python3 scripts/android_beta_smoke.py --timeout-seconds 900 --apk build/emberfall-afk-qa.apk; fi
2026-10-07T20:16:17.8743035Z adb shell wm size 1080x2424
2026-10-07T20:16:17.8744380Z python3 scripts/android_beta_smoke.py --success-only --apk build/emberfall-success-qa.apk --output build/android-success-runtime
2026-10-07T20:16:17.8746278Z python3 scripts/android_beta_smoke.py --art-only --apk build/emberfall-art-qa.apk --output build/android-art-runtime
2026-10-07T20:16:17.8747434Z Pre emulator launch script:
2026-10-07T20:16:17.8748222Z ##[endgroup]
2026-10-07T20:16:17.8748859Z ##[group]Install Android SDK
2026-10-07T20:16:17.8793776Z [command]/usr/bin/sh -c \yes | sdkmanager --licenses > /dev/null
2026-10-07T20:16:24.4057755Z Installing latest build tools, platform tools, and platform.
2026-10-07T20:16:24.4073380Z [command]/usr/bin/sh -c \sdkmanager --install 'build-tools;37.0.0' platform-tools 'platforms;android-36'> /dev/null
2026-10-07T20:16:25.9568125Z Installing latest emulator.
2026-10-07T20:16:25.9583267Z [command]/usr/bin/sh -c \sdkmanager --install emulator --channel=0 > /dev/null
2026-10-07T20:16:34.9363526Z Installing system images.
2026-10-07T20:16:34.9380666Z [command]/usr/bin/sh -c \sdkmanager --install 'system-images;android-36;google_apis;x86_64' --channel=0 > /dev/null
2026-10-07T20:17:06.2667678Z ##[endgroup]
2026-10-07T20:17:06.2669532Z ##[group]Create AVD
2026-10-07T20:17:06.2676169Z Creating AVD.
2026-10-07T20:17:06.2695955Z [command]/usr/bin/sh -c \echo no | avdmanager create avd --force -n test --package 'system-images;android-36;google_apis;x86_64' --device 'pixel_6'
2026-10-07T20:17:07.0841152Z Loading local repository...                                                     
2026-10-07T20:17:07.0842490Z [=========                              ] 25% Loading local repository...       
2026-10-07T20:17:07.0845853Z [=========                              ] 25% Fetch remote repository...        
2026-10-07T20:17:07.0849033Z [=======================================] 100% Fetch remote repository...       
2026-10-07T20:17:07.1582534Z Auto-selecting single ABI x86_64
2026-10-07T20:17:07.8625430Z [command]/usr/bin/sh -c \printf 'hw.cpu.ncore=2\n' >> /home/runner/.android/avd/test.avd/config.ini
2026-10-07T20:17:07.8646543Z ##[endgroup]
2026-10-07T20:17:07.8648472Z ##[group]Launch Emulator
2026-10-07T20:17:07.8649002Z Starting emulator.
2026-10-07T20:17:07.8666060Z [command]/usr/bin/sh -c \/usr/local/lib/android/sdk/emulator/emulator -port 5554 -avd test -no-window -gpu swangle -noaudio -no-boot-anim -no-snapshot -camera-back none &
2026-10-07T20:17:07.8784977Z INFO         | Android emulator version 37.2.12.0 (build_id 16428233) (CL:N/A)
2026-10-07T20:17:07.8785864Z INFO         | Graphics backend: gfxstream
2026-10-07T20:17:07.8786966Z INFO         | Found systemPath /usr/local/lib/android/sdk/system-images/android-36/google_apis/x86_64/
2026-10-07T20:17:07.9227721Z INFO         | Saving last run QEMU version for the AVD to 2
2026-10-07T20:17:07.9229578Z INFO         | Guest usage of host flag 'VulkanVirtualQueue' will be ignored.
2026-10-07T20:17:07.9230385Z INFO         | Increasing RAM size to 2560MB
2026-10-07T20:17:07.9231122Z ##############################################################################
2026-10-07T20:17:07.9231929Z ##                        WARNING - ACTION REQUIRED                         ##
2026-10-07T20:17:07.9232918Z ##  Consider using the '-metrics-collection' flag to help improve the       ##
2026-10-07T20:17:07.9234025Z ##  emulator by sending anonymized usage data. Or use the '-no-metrics'     ##
2026-10-07T20:17:07.9235076Z ##  flag to bypass this warning and turn off the metrics collection.        ##
2026-10-07T20:17:07.9236119Z ##  In a future release this warning will turn into a one-time blocking     ##
2026-10-07T20:17:07.9237168Z ##  prompt to ask for explicit user input regarding metrics collection.     ##
2026-10-07T20:17:07.9238060Z ##                                                                          ##
2026-10-07T20:17:07.9238965Z ##  Please see '-help-metrics-collection' for more details. You can use     ##
2026-10-07T20:17:07.9240248Z ##  '-metrics-to-file' or '-metrics-to-console' flags to see what type of   ##
2026-10-07T20:17:07.9241312Z ##  data is being collected by emulator as part of usage statistics.        ##
2026-10-07T20:17:07.9242220Z ##############################################################################
2026-10-07T20:17:07.9242941Z INFO         | Guest GLES Driver: Auto (ext controls)
2026-10-07T20:17:07.9243914Z INFO         | emuglConfig_init: vulkan_mode_selected:swiftshader gles_mode_selected:swangle
2026-10-07T20:17:07.9244487Z INFO         | Checking system compatibility:
2026-10-07T20:17:07.9245109Z INFO         |   Checking: hasSufficientDiskSpace
2026-10-07T20:17:07.9264471Z INFO         |      Ok: Disk space requirements to run avd: `test` are met
2026-10-07T20:17:07.9265356Z INFO         |   Checking: hasSufficientHwGpu
2026-10-07T20:17:07.9266338Z INFO         |      Ok: Hardware GPU compatibility checks are not required
2026-10-07T20:17:07.9267120Z INFO         |   Checking: hasSufficientSystem
2026-10-07T20:17:07.9268014Z INFO         |      Ok: System requirements to run avd: `test` are met
2026-10-07T20:17:07.9270129Z WARNING      | Feature QuickbootFileBacked is disabled due to stability issues, if you really want that, the environment variable ANDROID_EMU_FORCE_QUICKBOOT_FILE_BACKED need to set to 1
2026-10-07T20:17:08.0851342Z ERROR        | Unable to connect to adb daemon on port: 5037
2026-10-07T20:17:08.0861001Z INFO         | Storing crashdata in: /tmp/android-runner/emu-crash-37.2.12.db, detection is enabled for process: 3685
2026-10-07T20:17:08.0862208Z INFO         | Initializing gfxstream backend
2026-10-07T20:17:08.0870324Z INFO         | startOpenglesRendererImpl: gpu info
2026-10-07T20:17:08.0870716Z INFO         | 
2026-10-07T20:17:08.0874123Z INFO         | initIcdPaths: ICD set to 'swiftshader', using Swiftshader ICD
2026-10-07T20:17:08.0875659Z INFO         | Setting ICD filenames for the loader = /usr/local/lib/android/sdk/emulator/lib64/vulkan/vk_swiftshader_icd.json
2026-10-07T20:17:08.0877155Z INFO         | SharedLibrary::open for [/usr/local/lib/android/sdk/emulator/qemu/linux-x86_64/lib64/vulkan/libvulkan.so]
2026-10-07T20:17:08.0878779Z INFO         | SharedLibrary::open for [/usr/local/lib/android/sdk/emulator/qemu/linux-x86_64/lib64/vulkan/libvulkan.so.1]
2026-10-07T20:17:08.0880587Z INFO         | SharedLibrary::open for [/usr/local/lib/android/sdk/emulator/lib64/vulkan/libvulkan.so]
2026-10-07T20:17:08.0881487Z INFO         | Added library: /usr/local/lib/android/sdk/emulator/lib64/vulkan/libvulkan.so
2026-10-07T20:17:08.0942034Z INFO         | Selecting Vulkan device: SwiftShader Device (Subzero), Version: 1.3.0
2026-10-07T20:17:08.0942805Z INFO         | Using Vulkan externalMemoryMode: OpaqueFd for VkEmulation
2026-10-07T20:17:08.1081367Z INFO         | Format VK_FORMAT_G10X6_B10X6R10X6_2PLANE_422_UNORM_3PACK16 does not support YCbCr sampler conversion
2026-10-07T20:17:08.1132304Z INFO         | SharedLibrary::open for [libX11]
2026-10-07T20:17:08.1134852Z WARNING      | Could not open libX11.so, try libX11.so.6
2026-10-07T20:17:08.1135673Z INFO         | SharedLibrary::open for [libX11.so.6]
2026-10-07T20:17:08.1136157Z INFO         | SharedLibrary::open for [libX11-xcb]
2026-10-07T20:17:08.1136675Z WARNING      | Could not open libX11-xcb.so, try libX11-xcb.so.1
2026-10-07T20:17:08.1137192Z INFO         | SharedLibrary::open for [libX11-xcb.so.1]
2026-10-07T20:17:08.1178091Z INFO         | Initializing VkEmulation features:
2026-10-07T20:17:08.1178921Z INFO         |     glInteropSupported: false
2026-10-07T20:17:08.1179739Z INFO         |     useDeferredCommands: true
2026-10-07T20:17:08.1180215Z INFO         |     createResourceWithRequirements: true
2026-10-07T20:17:08.1180687Z INFO         |     useVulkanComposition: false
2026-10-07T20:17:08.1181142Z INFO         |     useVulkanNativeSwapchain: false
2026-10-07T20:17:08.1181585Z INFO         |     enable guestRenderDoc: false
2026-10-07T20:17:08.1182019Z INFO         |     ASTC LDR emulation mode: Gpu
2026-10-07T20:17:08.1182435Z INFO         |     enable ETC2 emulation: true
2026-10-07T20:17:08.1182873Z INFO         |     enable Ycbcr emulation: false
2026-10-07T20:17:08.1183280Z INFO         |     guestVulkanOnly: false
2026-10-07T20:17:08.1183698Z INFO         |     useDedicatedAllocations: false
2026-10-07T20:17:08.1184144Z INFO         |     guestVulkanMaxApiVersion: 1.3.0
2026-10-07T20:17:08.1184621Z INFO         |     enableProtectedMemoryEmulation: false
2026-10-07T20:17:08.1199250Z INFO         | Graphics Adapter Vendor Google (Google Inc. (Google))
2026-10-07T20:17:08.1201789Z INFO         | Graphics Adapter Android Emulator OpenGL ES Translator (ANGLE (Google, Vulkan 1.3.0 (SwiftShader Device (Subzero) (0x0000C0DE)), SwiftShader driver-5.0.0))
2026-10-07T20:17:08.1203676Z INFO         | Graphics API Version OpenGL ES 3.0 (OpenGL ES 3.1.0 (ANGLE 2.1.17841 git hash: 5fa2e61da947))
2026-10-07T20:17:08.1207680Z INFO         | Graphics API Extensions GL_OES_EGL_sync GL_OES_EGL_image GL_OES_EGL_image_external GL_OES_depth24 GL_OES_depth32 GL_OES_element_index_uint GL_OES_texture_float GL_OES_texture_float_linear GL_OES_compressed_paletted_texture GL_OES_compressed_ETC1_RGB8_texture GL_OES_depth_texture GL_OES_texture_half_float GL_OES_texture_half_float_linear GL_OES_packed_depth_stencil GL_OES_vertex_half_float GL_OES_standard_derivatives GL_OES_texture_npot GL_OES_rgb8_rgba8 GL_OVR_multiview2 GL_EXT_color_buffer_float GL_EXT_color_buffer_half_float GL_EXT_texture_format_BGRA8888 GL_APPLE_texture_format_BGRA8888 GL_EXT_draw_buffers_indexed GL_EXT_clip_cull_distance 
2026-10-07T20:17:08.1212406Z INFO         | Graphics Device Extensions N/A
2026-10-07T20:17:08.1212841Z INFO         | Disabling sparse binding feature support
2026-10-07T20:17:08.1219993Z ERROR        | Setting read-only feature 'GLAsyncSwap' to '0'
2026-10-07T20:17:08.1221037Z INFO         | Feature 'GLAsyncSwap' (50) is overridden to 'disabled'
2026-10-07T20:17:08.1232548Z INFO         | Sending adb public key [QAAAAPljFKC3EVF971q/aFd2wKMsrnrKMtlr8Y2M+CuY2M+uuTR5/u2NmKx13NFrPcrfhDR1aYhfKwtDIXc/WzCFO6/+Uoihi7+kYW2pYa+dx3aVg0Q5+/OXNfcF6M7ldHJV/tffrz6QwCwIkPPZfj+sa/oyECOaD6W1OehDUeYQwEO8YzbcdWcr5YL0MYZ7tn93SURagOvnQb/a6xQVs/X8TZYo4ucLSRVWC13+fu2GxkzQyNyAcPNSxwSj0FYvDP42mAxiBAm7pdN27J4krhC5Y7PMoqIE9Teaw0LuJXBqd/RL1KSwQmHdJymDBbAHtLxe1pphTlYYncrWpWAj0DREeKAcDQvKVNAsUv5wo4/hcujVPDDAz0e6di1gpZ/sVMJKQlAQV/Z0gJzyTAfm5p5kkfMc2l0j9Y3on7naXZlXeAe6yjBlVfVhlICbXsI/nZ/7N/XKqNAlBTXn626C5qcew7tITOhrvood/9ZCLn40q6al73S+FUFUuQwCbHUNAAco5LRyMUo0wmWrreW8fvHmb19rg5/5QybZghtlb0OYyhSJ3tA7/dPUp3pfeZ4nmK9q9VfS0ZiBAk5YIkb/H/QDpksQI8TIcQxau1/HlW7CBA9i1+1qj6qiLx8FTWJWSpGpPtTfwwk1JLdhYqELNtcB1jeLh5bn5H4X88WTxeRNlF4l0dbSTgEAAQA= runner@unknown]
2026-10-07T20:17:08.1238961Z INFO         | Userspace boot properties:
2026-10-07T20:17:08.1240162Z INFO         |   androidboot.boot_devices=pci0000:00/0000:00:03.0 pci0000:00/0000:00:06.0
2026-10-07T20:17:08.1241070Z INFO         |   androidboot.dalvik.vm.heapsize=576m
2026-10-07T20:17:08.1241836Z INFO         |   androidboot.debug.hwui.renderer=skiagl
2026-10-07T20:17:08.1242627Z INFO         |   androidboot.debug.sf.nobootanimation=1
2026-10-07T20:17:08.1243334Z INFO         |   androidboot.hardware=ranchu
2026-10-07T20:17:08.1243780Z INFO         |   androidboot.hardware.gltransport=pipe
2026-10-07T20:17:08.1244217Z INFO         |   androidboot.hardware.vulkan=ranchu
2026-10-07T20:17:08.1244592Z INFO         |   androidboot.logcat=*:V
2026-10-07T20:17:08.1244971Z INFO         |   androidboot.opengles.version=196609
2026-10-07T20:17:08.1245336Z INFO         |   androidboot.qemu=1
2026-10-07T20:17:08.1249285Z INFO         |   androidboot.qemu.adb.pubkey=QAAAAPljFKC3EVF971q/aFd2wKMsrnrKMtlr8Y2M+CuY2M+uuTR5/u2NmKx13NFrPcrfhDR1aYhfKwtDIXc/WzCFO6/+Uoihi7+kYW2pYa+dx3aVg0Q5+/OXNfcF6M7ldHJV/tffrz6QwCwIkPPZfj+sa/oyECOaD6W1OehDUeYQwEO8YzbcdWcr5YL0MYZ7tn93SURagOvnQb/a6xQVs/X8TZYo4ucLSRVWC13+fu2GxkzQyNyAcPNSxwSj0FYvDP42mAxiBAm7pdN27J4krhC5Y7PMoqIE9Teaw0LuJXBqd/RL1KSwQmHdJymDBbAHtLxe1pphTlYYncrWpWAj0DREeKAcDQvKVNAsUv5wo4/hcujVPDDAz0e6di1gpZ/sVMJKQlAQV/Z0gJzyTAfm5p5kkfMc2l0j9Y3on7naXZlXeAe6yjBlVfVhlICbXsI/nZ/7N/XKqNAlBTXn626C5qcew7tITOhrvood/9ZCLn40q6al73S+FUFUuQwCbHUNAAco5LRyMUo0wmWrreW8fvHmb19rg5/5QybZghtlb0OYyhSJ3tA7/dPUp3pfeZ4nmK9q9VfS0ZiBAk5YIkb/H/QDpksQI8TIcQxau1/HlW7CBA9i1+1qj6qiLx8FTWJWSpGpPtTfwwk1JLdhYqELNtcB1jeLh5bn5H4X88WTxeRNlF4l0dbSTgEAAQA= runner@unknown
2026-10-07T20:17:08.1252904Z INFO         |   androidboot.qemu.avd_name=test
2026-10-07T20:17:08.1253340Z INFO         |   androidboot.qemu.camera_hq_edge_processing=0
2026-10-07T20:17:08.1253783Z INFO         |   androidboot.qemu.camera_protocol_ver=1
2026-10-07T20:17:08.1254394Z INFO         |   androidboot.qemu.cpuvulkan.version=4206592
2026-10-07T20:17:08.1254896Z INFO         |   androidboot.qemu.gltransport.drawFlushInterval=800
2026-10-07T20:17:08.1255371Z INFO         |   androidboot.qemu.gltransport.name=pipe
2026-10-07T20:17:08.1255780Z INFO         |   androidboot.qemu.hwcodec.avcdec=2
2026-10-07T20:17:08.1256176Z INFO         |   androidboot.qemu.hwcodec.hevcdec=2
2026-10-07T20:17:08.1256601Z INFO         |   androidboot.qemu.hwcodec.vpxdec=2
2026-10-07T20:17:08.1257104Z INFO         |   androidboot.qemu.settings.system.screen_off_timeout=2147483647
2026-10-07T20:17:08.1257593Z INFO         |   androidboot.qemu.skin=1080x2400
2026-10-07T20:17:08.1257963Z INFO         |   androidboot.qemu.virtiowifi=1
2026-10-07T20:17:08.1258319Z INFO         |   androidboot.qemu.vsync=60
2026-10-07T20:17:08.1258700Z INFO         |   androidboot.serialno=EMULATOR37X2X12X0
2026-10-07T20:17:08.1259549Z INFO         |   androidboot.vbmeta.digest=7466b5c28e6a3e1427b22ed2c317c6c7066294bde838d4d5243cce5d37992bd5
2026-10-07T20:17:08.1260179Z INFO         |   androidboot.vbmeta.hash_alg=sha256
2026-10-07T20:17:08.1260560Z INFO         |   androidboot.vbmeta.size=6848
2026-10-07T20:17:08.1260940Z INFO         |   androidboot.veritymode=enforcing
2026-10-07T20:17:08.1399285Z WARNING: cannnot unmap ptr 0x7f040a801000 as it is in the protected range from 0x7f036a800000 to 0x7f040aa00000
2026-10-07T20:17:08.1617360Z INFO         | Monitoring duration of emulator setup.
2026-10-07T20:17:09.1686688Z INFO         | Successfully initialized netsim WiFi
2026-10-07T20:17:09.1687569Z INFO         | Activated packet streamer for bluetooth emulation
2026-10-07T20:17:09.1688470Z INFO         | Activated packet streamer for uwb emulation
2026-10-07T20:17:09.1730128Z INFO         | Setting display: 0 configuration to: 1080x2400, dpi: 420x420 
2026-10-07T20:17:09.1731040Z INFO         | setDisplayActiveConfig: id:0, 1080x2400
2026-10-07T20:17:09.1732129Z INFO         | emulatorSetupEnvironment: Environment scene is not required
2026-10-07T20:17:09.1812074Z USER_INFO    | Emulator is performing a full startup. This may take upto two minutes, or more.
2026-10-07T20:17:09.1822629Z WARNING      | Failed to process .ini file /home/runner/.android/emu-update-last-check.ini for reading.
2026-10-07T20:17:09.3437079Z WARNING      | Failed to process .ini file /home/runner/.android/emu-update-last-check.ini for reading.
2026-10-07T20:17:17.8768555Z [command]/usr/local/lib/android/sdk/platform-tools/adb -s emulator-5554 shell getprop sys.boot_completed
2026-10-07T20:17:17.8805663Z * daemon not running; starting now at tcp:5037
2026-10-07T20:17:17.8830620Z * daemon started successfully
2026-10-07T20:17:17.8836241Z adb: device offline
2026-10-07T20:17:17.8845806Z The process '/usr/local/lib/android/sdk/platform-tools/adb' failed with exit code 1
2026-10-07T20:17:19.8895859Z [command]/usr/local/lib/android/sdk/platform-tools/adb -s emulator-5554 shell getprop sys.boot_completed
2026-10-07T20:17:19.8935528Z adb: device offline
2026-10-07T20:17:19.8943639Z The process '/usr/local/lib/android/sdk/platform-tools/adb' failed with exit code 1
2026-10-07T20:17:21.8995124Z [command]/usr/local/lib/android/sdk/platform-tools/adb -s emulator-5554 shell getprop sys.boot_completed
2026-10-07T20:17:21.9030008Z adb: device offline
2026-10-07T20:17:21.9037360Z The process '/usr/local/lib/android/sdk/platform-tools/adb' failed with exit code 1
2026-10-07T20:17:23.9080952Z [command]/usr/local/lib/android/sdk/platform-tools/adb -s emulator-5554 shell getprop sys.boot_completed
2026-10-07T20:17:23.9113877Z adb: device offline
2026-10-07T20:17:23.9119661Z The process '/usr/local/lib/android/sdk/platform-tools/adb' failed with exit code 1
2026-10-07T20:17:25.9158349Z [command]/usr/local/lib/android/sdk/platform-tools/adb -s emulator-5554 shell getprop sys.boot_completed
2026-10-07T20:17:25.9194473Z adb: device offline
2026-10-07T20:17:25.9200827Z The process '/usr/local/lib/android/sdk/platform-tools/adb' failed with exit code 1
2026-10-07T20:17:27.9266737Z [command]/usr/local/lib/android/sdk/platform-tools/adb -s emulator-5554 shell getprop sys.boot_completed
2026-10-07T20:17:27.9304028Z adb: device offline
2026-10-07T20:17:27.9307946Z The process '/usr/local/lib/android/sdk/platform-tools/adb' failed with exit code 1
2026-10-07T20:17:29.9351035Z [command]/usr/local/lib/android/sdk/platform-tools/adb -s emulator-5554 shell getprop sys.boot_completed
2026-10-07T20:17:29.9392953Z adb: device offline
2026-10-07T20:17:29.9398680Z The process '/usr/local/lib/android/sdk/platform-tools/adb' failed with exit code 1
2026-10-07T20:17:31.9425382Z [command]/usr/local/lib/android/sdk/platform-tools/adb -s emulator-5554 shell getprop sys.boot_completed
2026-10-07T20:17:31.9702144Z 
2026-10-07T20:17:33.9771014Z [command]/usr/local/lib/android/sdk/platform-tools/adb -s emulator-5554 shell getprop sys.boot_completed
2026-10-07T20:17:34.0271554Z 
2026-10-07T20:17:36.0342886Z [command]/usr/local/lib/android/sdk/platform-tools/adb -s emulator-5554 shell getprop sys.boot_completed
2026-10-07T20:17:36.0573824Z 
2026-10-07T20:17:38.0622736Z [command]/usr/local/lib/android/sdk/platform-tools/adb -s emulator-5554 shell getprop sys.boot_completed
2026-10-07T20:17:38.0770303Z 
2026-10-07T20:17:40.0812248Z [command]/usr/local/lib/android/sdk/platform-tools/adb -s emulator-5554 shell getprop sys.boot_completed
2026-10-07T20:17:40.0942366Z 
2026-10-07T20:17:42.0997045Z [command]/usr/local/lib/android/sdk/platform-tools/adb -s emulator-5554 shell getprop sys.boot_completed
2026-10-07T20:17:42.1199014Z 
2026-10-07T20:17:44.1241542Z [command]/usr/local/lib/android/sdk/platform-tools/adb -s emulator-5554 shell getprop sys.boot_completed
2026-10-07T20:17:44.1675194Z 
2026-10-07T20:17:46.1737166Z [command]/usr/local/lib/android/sdk/platform-tools/adb -s emulator-5554 shell getprop sys.boot_completed
2026-10-07T20:17:46.1912394Z 
2026-10-07T20:17:48.1966114Z [command]/usr/local/lib/android/sdk/platform-tools/adb -s emulator-5554 shell getprop sys.boot_completed
2026-10-07T20:17:48.2159744Z 
2026-10-07T20:17:50.2307659Z [command]/usr/local/lib/android/sdk/platform-tools/adb -s emulator-5554 shell getprop sys.boot_completed
2026-10-07T20:17:50.3298907Z 
2026-10-07T20:17:52.3404653Z [command]/usr/local/lib/android/sdk/platform-tools/adb -s emulator-5554 shell getprop sys.boot_completed
2026-10-07T20:17:52.4338603Z 
2026-10-07T20:17:54.4491103Z [command]/usr/local/lib/android/sdk/platform-tools/adb -s emulator-5554 shell getprop sys.boot_completed
2026-10-07T20:17:54.7410122Z 
2026-10-07T20:17:56.7436087Z [command]/usr/local/lib/android/sdk/platform-tools/adb -s emulator-5554 shell getprop sys.boot_completed
2026-10-07T20:17:56.7829790Z 1
2026-10-07T20:17:56.7853060Z Emulator booted.
2026-10-07T20:17:56.7901047Z [command]/usr/local/lib/android/sdk/platform-tools/adb -s emulator-5554 shell input keyevent 82
2026-10-07T20:17:57.0000307Z INFO         | Boot completed in 49092 ms
2026-10-07T20:17:57.0001749Z INFO         | Increasing screen off timeout, logcat buffer size to 2M.
2026-10-07T20:17:57.8680379Z Disabling animations.
2026-10-07T20:17:57.8740999Z [command]/usr/local/lib/android/sdk/platform-tools/adb -s emulator-5554 shell settings put global window_animation_scale 0.0
2026-10-07T20:17:58.0751154Z [command]/usr/local/lib/android/sdk/platform-tools/adb -s emulator-5554 shell settings put global transition_animation_scale 0.0
2026-10-07T20:17:58.1567584Z [command]/usr/local/lib/android/sdk/platform-tools/adb -s emulator-5554 shell settings put global animator_duration_scale 0.0
2026-10-07T20:17:58.2411244Z ##[endgroup]
2026-10-07T20:17:58.2473073Z [command]/usr/bin/sh -c if [ "" != "true" ]; then python3 scripts/android_beta_smoke.py --timeout-seconds 900 --apk build/emberfall-afk-qa.apk; fi
2026-10-07T20:19:27.8162583Z INFO         | Created VkInstance:0x5579ee752000 for application:'' engine:''.
2026-10-07T20:19:27.8591030Z INFO         | Destroyed VkInstance:0x5579ee752000 for application:'' engine:''.
2026-10-07T20:30:00.8851625Z ANDROID_RUNTIME_MARKER verified launch=1 elapsed_seconds=684.572 pids=[2934] marker=ANDROID_BETA_PASS exact AFK ledger
2026-10-07T20:30:15.3454947Z ANDROID_RUNTIME_MARKER verified launch=2 elapsed_seconds=13.341 pids=[6707] marker=ANDROID_BETA_PASS restart does not repeat
2026-10-07T20:30:16.2266428Z ANDROID BETA RUNTIME VERIFIED: cooperative AFK, exact rewards and cold restart without duplicate settlement
2026-10-07T20:30:16.2440911Z [command]/usr/bin/sh -c adb shell wm size 1080x2424
2026-10-07T20:30:16.4231499Z [command]/usr/bin/sh -c python3 scripts/android_beta_smoke.py --success-only --apk build/emberfall-success-qa.apk --output build/android-success-runtime
2026-10-07T20:31:30.4861899Z ANDROID_RUNTIME_MARKER verified launch=1 elapsed_seconds=67.884 pids=[6930] marker=ANDROID_SUCCESS_PASS first descent, class relic and combined oath UI
2026-10-07T20:31:44.4519009Z ANDROID_RUNTIME_MARKER verified launch=2 elapsed_seconds=12.776 pids=[7186] marker=ANDROID_SUCCESS_PASS restart preserves combined oaths
2026-10-07T20:31:44.4522383Z ANDROID SUCCESS LOOP VERIFIED: first fight, skill inspection and resume, one-time relic, gear protection, bag filters, combined oaths and cold restart
2026-10-07T20:31:44.4624088Z [command]/usr/bin/sh -c python3 scripts/android_beta_smoke.py --art-only --apk build/emberfall-art-qa.apk --output build/android-art-runtime
2026-10-07T20:39:06.5083737Z ANDROID_RUNTIME_MARKER verified launch=1 elapsed_seconds=437.152 pids=[7339] marker=ANDROID_ART_PASS all four regions rendered
2026-10-07T20:39:08.4610692Z ANDROID ART VERIFIED: four guardian scenes, native 65-bone 3D skins, bound artist clips, actual body/prop geometry, lit materials and moving screenshots
2026-10-07T20:39:08.4721200Z ##[group]Terminate Emulator
2026-10-07T20:39:08.4769048Z [command]/usr/local/lib/android/sdk/platform-tools/adb -s emulator-5554 emu kill
2026-10-07T20:39:08.4805281Z OK: killing emulator, bye bye
2026-10-07T20:39:08.4813766Z OK
2026-10-07T20:39:08.4816389Z ##[endgroup]
2026-10-07T20:39:08.4823104Z INFO         | Wait for emulator (pid 3685) 20 seconds to shutdown gracefully before kill;you can set environment variable ANDROID_EMULATOR_WAIT_TIME_BEFORE_KILL(in seconds) to change the default value (20 seconds)
2026-10-07T20:39:08.4824624Z 
2026-10-07T20:39:08.5425041Z USER_INFO    | Snapshots have been disabled by the user, save request is ignored.
2026-10-07T20:39:08.5427612Z INFO         | Saving snapshot 'default_boot' took 0 ms
2026-10-07T20:39:08.7793857Z ERROR        | stop: Not implemented
2026-10-07T20:39:08.7799612Z WARNING      | Emulator client has not yet been configured.. Call configure me first!
2026-10-07T20:39:08.8412127Z INFO         | removeAll
2026-10-07T20:39:09.7126406Z WARNING      | Netsim Wifi dns:///localhost:44535 is gone due to Stream removed (CANCELLED)
2026-10-07T20:39:09.7165091Z INFO         | ipv6:%5B::1%5D:44535: Got goaway [2] err=UNAVAILABLE:GOAWAY received; Error code: 2; Debug Text: Cancelling all calls {http2_error:2}
2026-10-07T20:39:10.6625515Z ##[group]Run actions/upload-artifact@v7
2026-10-07T20:39:10.6625838Z with:
2026-10-07T20:39:10.6626089Z   name: emberfall-android-beta-runtime-evidence
2026-10-07T20:39:10.6626704Z   path: build/android-qa-export.log
build/android-beta-runtime
build/android-art-runtime
build/android-success-runtime
2026-10-07T20:39:10.6627269Z   if-no-files-found: warn
2026-10-07T20:39:10.6627510Z   retention-days: 14
2026-10-07T20:39:10.6627740Z   compression-level: 6
2026-10-07T20:39:10.6627968Z   overwrite: false
2026-10-07T20:39:10.6628183Z   include-hidden-files: false
2026-10-07T20:39:10.6628429Z   archive: true
2026-10-07T20:39:10.6628620Z env:
2026-10-07T20:39:10.6628912Z   JAVA_HOME: /opt/hostedtoolcache/Java_Temurin-Hotspot_jdk/17.0.20-1/x64
2026-10-07T20:39:10.6629711Z   JAVA_HOME_17_X64: /opt/hostedtoolcache/Java_Temurin-Hotspot_jdk/17.0.20-1/x64
2026-10-07T20:39:10.6630119Z   MAVEN_ARGS: -ntp
2026-10-07T20:39:10.6630346Z   ANDROID_HOME: /usr/local/lib/android/sdk
2026-10-07T20:39:10.6630690Z   ANDROID_SDK_ROOT: /usr/local/lib/android/sdk
2026-10-07T20:39:10.6631001Z   ANDROID_AVD_HOME: /home/runner/.android/avd
2026-10-07T20:39:10.6631307Z ##[endgroup]
2026-10-07T20:39:10.8405338Z Multiple search paths detected. Calculating the least common ancestor of all paths
2026-10-07T20:39:10.8409971Z The least common ancestor is /home/runner/work/Emberfall-Ashen-Veil/Emberfall-Ashen-Veil/build. This will be the root directory of the artifact
2026-10-07T20:39:10.8411596Z With the provided path, there will be 49 files uploaded
2026-10-07T20:39:10.8414080Z Artifact name is valid!
2026-10-07T20:39:10.8414988Z Root directory input is valid!
2026-10-07T20:39:11.3523128Z Uploading artifact: emberfall-android-beta-runtime-evidence.zip
2026-10-07T20:39:11.3567135Z Beginning upload of artifact content to blob storage
2026-10-07T20:39:12.5968757Z Uploaded bytes 8388608
2026-10-07T20:39:12.6770749Z Uploaded bytes 16777216
2026-10-07T20:39:12.9249907Z Uploaded bytes 25165824
2026-10-07T20:39:13.1313949Z Uploaded bytes 33554432
2026-10-07T20:39:13.1780315Z Uploaded bytes 41943040
2026-10-07T20:39:13.2883239Z Uploaded bytes 50331648
2026-10-07T20:39:13.4704192Z Uploaded bytes 53633998
2026-10-07T20:39:13.5269814Z Finished uploading artifact content to blob storage!
2026-10-07T20:39:13.5277668Z SHA256 digest of uploaded artifact is eac0acad5903ce543c07f8266d8fef89172a42cb4b08d1e85ffe2a91fdc786a5
2026-10-07T20:39:13.5279928Z Finalizing artifact upload
2026-10-07T20:39:13.8937372Z Artifact emberfall-android-beta-runtime-evidence successfully finalized. Artifact ID 11509583307
2026-10-07T20:39:13.8938839Z Artifact emberfall-android-beta-runtime-evidence has been successfully uploaded! Final size is 53633998 bytes. Artifact ID is 11509583307
2026-10-07T20:39:13.8944838Z Artifact download URL: https://github.com/Philmenting/Emberfall-Ashen-Veil/actions/runs/37680231428/artifacts/11509583307
2026-10-07T20:39:13.9119658Z ##[group]Run actions/upload-artifact@v7
2026-10-07T20:39:13.9120205Z with:
2026-10-07T20:39:13.9120644Z   name: emberfall-isolated-android-qa-packages
2026-10-07T20:39:13.9121784Z   path: build/emberfall-afk-qa.apk
build/emberfall-art-qa.apk
build/emberfall-success-qa.apk
build/emberfall-pixel-probe.apk

2026-10-07T20:39:13.9122881Z   retention-days: 14
2026-10-07T20:39:13.9123282Z   if-no-files-found: warn
2026-10-07T20:39:13.9123705Z   compression-level: 6
2026-10-07T20:39:13.9124100Z   overwrite: false
2026-10-07T20:39:13.9124492Z   include-hidden-files: false
2026-10-07T20:39:13.9124912Z   archive: true
2026-10-07T20:39:13.9125250Z env:
2026-10-07T20:39:13.9125783Z   JAVA_HOME: /opt/hostedtoolcache/Java_Temurin-Hotspot_jdk/17.0.20-1/x64
2026-10-07T20:39:13.9126712Z   JAVA_HOME_17_X64: /opt/hostedtoolcache/Java_Temurin-Hotspot_jdk/17.0.20-1/x64
2026-10-07T20:39:13.9127428Z   MAVEN_ARGS: -ntp
2026-10-07T20:39:13.9127856Z   ANDROID_HOME: /usr/local/lib/android/sdk
2026-10-07T20:39:13.9128516Z   ANDROID_SDK_ROOT: /usr/local/lib/android/sdk
2026-10-07T20:39:13.9129088Z   ANDROID_AVD_HOME: /home/runner/.android/avd
2026-10-07T20:39:13.9129881Z ##[endgroup]
2026-10-07T20:39:14.0560402Z Multiple search paths detected. Calculating the least common ancestor of all paths
2026-10-07T20:39:14.0563826Z The least common ancestor is /home/runner/work/Emberfall-Ashen-Veil/Emberfall-Ashen-Veil/build. This will be the root directory of the artifact
2026-10-07T20:39:14.0565081Z With the provided path, there will be 4 files uploaded
2026-10-07T20:39:14.0569568Z Artifact name is valid!
2026-10-07T20:39:14.0570202Z Root directory input is valid!
2026-10-07T20:39:14.4305087Z Uploading artifact: emberfall-isolated-android-qa-packages.zip
2026-10-07T20:39:14.4350636Z Beginning upload of artifact content to blob storage
2026-10-07T20:39:15.4420349Z Uploaded bytes 8388608
2026-10-07T20:39:15.7578016Z Uploaded bytes 16777216
2026-10-07T20:39:15.7987136Z Uploaded bytes 25165824
2026-10-07T20:39:15.9388983Z Uploaded bytes 33554432
2026-10-07T20:39:16.0706262Z Uploaded bytes 41943040
2026-10-07T20:39:16.3195435Z Uploaded bytes 50331648
2026-10-07T20:39:16.6729246Z Uploaded bytes 58720256
2026-10-07T20:39:16.8906262Z Uploaded bytes 67108864
2026-10-07T20:39:17.2109965Z Uploaded bytes 75497472
2026-10-07T20:39:17.3955970Z Uploaded bytes 83886080
2026-10-07T20:39:17.6298569Z Uploaded bytes 92274688
2026-10-07T20:39:17.9521578Z Uploaded bytes 100663296
2026-10-07T20:39:18.2921537Z Uploaded bytes 109051904
2026-10-07T20:39:18.6977485Z Uploaded bytes 117440512
2026-10-07T20:39:18.7045355Z Uploaded bytes 125829120
2026-10-07T20:39:19.2381976Z Uploaded bytes 134217728
2026-10-07T20:39:19.4296205Z Uploaded bytes 142606336
2026-10-07T20:39:19.7124571Z Uploaded bytes 150994944
2026-10-07T20:39:19.9451442Z Uploaded bytes 159383552
2026-10-07T20:39:20.2953173Z Uploaded bytes 167772160
2026-10-07T20:39:20.5735601Z Uploaded bytes 176160768
2026-10-07T20:39:20.6600406Z Uploaded bytes 184549376
2026-10-07T20:39:21.1255287Z Uploaded bytes 192937984
2026-10-07T20:39:21.4446781Z Uploaded bytes 201326592
2026-10-07T20:39:21.6653803Z Uploaded bytes 209715200
2026-10-07T20:39:21.9009647Z Uploaded bytes 218103808
2026-10-07T20:39:22.0176157Z Uploaded bytes 226492416
2026-10-07T20:39:22.7897085Z Uploaded bytes 234881024
2026-10-07T20:39:23.1395152Z Uploaded bytes 243269632
2026-10-07T20:39:23.3107391Z Uploaded bytes 251658240
2026-10-07T20:39:23.3495588Z Uploaded bytes 260046848
2026-10-07T20:39:23.4087042Z Uploaded bytes 268435456
2026-10-07T20:39:24.0969202Z Uploaded bytes 276824064
2026-10-07T20:39:24.6735059Z Uploaded bytes 285212672
2026-10-07T20:39:24.6937273Z Uploaded bytes 293601280
2026-10-07T20:39:24.7600446Z Uploaded bytes 301989888
2026-10-07T20:39:25.0411736Z Uploaded bytes 310378496
2026-10-07T20:39:25.2393984Z Uploaded bytes 318767104
2026-10-07T20:39:25.2419539Z Uploaded bytes 327155712
2026-10-07T20:39:25.4930975Z Uploaded bytes 335544320
2026-10-07T20:39:25.7759783Z Uploaded bytes 343932928
2026-10-07T20:39:26.2531716Z Uploaded bytes 352321536
2026-10-07T20:39:26.3541128Z Uploaded bytes 360710144
2026-10-07T20:39:26.5086938Z Uploaded bytes 369098752
2026-10-07T20:39:26.7322867Z Uploaded bytes 377487360
2026-10-07T20:39:26.9731368Z Uploaded bytes 385875968
2026-10-07T20:39:27.2770619Z Uploaded bytes 394264576
2026-10-07T20:39:27.5109578Z Uploaded bytes 402653184
2026-10-07T20:39:27.8046631Z Uploaded bytes 411041792
2026-10-07T20:39:28.0375373Z Uploaded bytes 419430400
2026-10-07T20:39:28.3618655Z Uploaded bytes 427819008
2026-10-07T20:39:28.5821688Z Uploaded bytes 436207616
2026-10-07T20:39:28.8599996Z Uploaded bytes 444596224
2026-10-07T20:39:29.1155044Z Uploaded bytes 452984832
2026-10-07T20:39:29.3666294Z Uploaded bytes 461373440
2026-10-07T20:39:29.6475552Z Uploaded bytes 469762048
2026-10-07T20:39:29.7238517Z Uploaded bytes 470891458
2026-10-07T20:39:29.7819118Z Finished uploading artifact content to blob storage!
2026-10-07T20:39:29.7822925Z SHA256 digest of uploaded artifact is 0f559dea675ce6ed5d7df27ee883a8782381d4007c09418d97796a573205f85c
2026-10-07T20:39:29.7824867Z Finalizing artifact upload
2026-10-07T20:39:30.1276186Z Artifact emberfall-isolated-android-qa-packages successfully finalized. Artifact ID 11510117768
2026-10-07T20:39:30.1277842Z Artifact emberfall-isolated-android-qa-packages has been successfully uploaded! Final size is 470891458 bytes. Artifact ID is 11510117768
2026-10-07T20:39:30.1282721Z Artifact download URL: https://github.com/Philmenting/Emberfall-Ashen-Veil/actions/runs/37680231428/artifacts/11510117768
2026-10-07T20:39:30.1509216Z Post job cleanup.
2026-10-07T20:39:30.2471919Z Post job cleanup.
2026-10-07T20:39:30.3350271Z [command]/usr/bin/git version
2026-10-07T20:39:30.3410313Z git version 2.55.0
2026-10-07T20:39:30.3450282Z Temporarily overriding HOME='/home/runner/work/_temp/6b2bca2e-6be3-4432-8652-69f8ae8f682a' before making global git config changes
2026-10-07T20:39:30.3452235Z Adding repository directory to the temporary git global config as a safe directory
2026-10-07T20:39:30.3455248Z [command]/usr/bin/git config --global --add safe.directory /home/runner/work/Emberfall-Ashen-Veil/Emberfall-Ashen-Veil
2026-10-07T20:39:30.3501371Z Removing SSH command configuration
2026-10-07T20:39:30.3503715Z [command]/usr/bin/git config --local --name-only --get-regexp core\.sshCommand
2026-10-07T20:39:30.3548505Z [command]/usr/bin/git submodule foreach --recursive sh -c "git config --local --name-only --get-regexp 'core\.sshCommand' && git config --local --unset-all 'core.sshCommand' || :"
2026-10-07T20:39:30.3870822Z Removing HTTP extra header
2026-10-07T20:39:30.3877425Z [command]/usr/bin/git config --local --name-only --get-regexp http\.https\:\/\/github\.com\/\.extraheader
2026-10-07T20:39:30.3926370Z [command]/usr/bin/git submodule foreach --recursive sh -c "git config --local --name-only --get-regexp 'http\.https\:\/\/github\.com\/\.extraheader' && git config --local --unset-all 'http.https://github.com/.extraheader' || :"
2026-10-07T20:39:30.4177140Z Removing includeIf entries pointing to credentials config files
2026-10-07T20:39:30.4184585Z [command]/usr/bin/git config --local --name-only --get-regexp ^includeIf\.gitdir:
2026-10-07T20:39:30.4216210Z includeif.gitdir:/home/runner/work/Emberfall-Ashen-Veil/Emberfall-Ashen-Veil/.git.path
2026-10-07T20:39:30.4217911Z includeif.gitdir:/home/runner/work/Emberfall-Ashen-Veil/Emberfall-Ashen-Veil/.git/worktrees/*.path
2026-10-07T20:39:30.4219167Z includeif.gitdir:/github/workspace/.git.path
2026-10-07T20:39:30.4220732Z includeif.gitdir:/github/workspace/.git/worktrees/*.path
2026-10-07T20:39:30.4226256Z [command]/usr/bin/git config --local --get-all includeif.gitdir:/home/runner/work/Emberfall-Ashen-Veil/Emberfall-Ashen-Veil/.git.path
2026-10-07T20:39:30.4252684Z /home/runner/work/_temp/git-credentials-0ae6d5ca-6939-4766-abf0-6973b41d02cc.config
2026-10-07T20:39:30.4264833Z [command]/usr/bin/git config --local --unset includeif.gitdir:/home/runner/work/Emberfall-Ashen-Veil/Emberfall-Ashen-Veil/.git.path \/home\/runner\/work\/_temp\/git\-credentials\-0ae6d5ca\-6939\-4766\-abf0\-6973b41d02cc\.config
2026-10-07T20:39:30.4337949Z [command]/usr/bin/git config --local --get-all includeif.gitdir:/home/runner/work/Emberfall-Ashen-Veil/Emberfall-Ashen-Veil/.git/worktrees/*.path
2026-10-07T20:39:30.4378912Z /home/runner/work/_temp/git-credentials-0ae6d5ca-6939-4766-abf0-6973b41d02cc.config
2026-10-07T20:39:30.4392218Z [command]/usr/bin/git config --local --unset includeif.gitdir:/home/runner/work/Emberfall-Ashen-Veil/Emberfall-Ashen-Veil/.git/worktrees/*.path \/home\/runner\/work\/_temp\/git\-credentials\-0ae6d5ca\-6939\-4766\-abf0\-6973b41d02cc\.config
2026-10-07T20:39:30.4431068Z [command]/usr/bin/git config --local --get-all includeif.gitdir:/github/workspace/.git.path
2026-10-07T20:39:30.4457138Z /github/runner_temp/git-credentials-0ae6d5ca-6939-4766-abf0-6973b41d02cc.config
2026-10-07T20:39:30.4465358Z [command]/usr/bin/git config --local --unset includeif.gitdir:/github/workspace/.git.path \/github\/runner_temp\/git\-credentials\-0ae6d5ca\-6939\-4766\-abf0\-6973b41d02cc\.config
2026-10-07T20:39:30.4500463Z [command]/usr/bin/git config --local --get-all includeif.gitdir:/github/workspace/.git/worktrees/*.path
2026-10-07T20:39:30.4526079Z /github/runner_temp/git-credentials-0ae6d5ca-6939-4766-abf0-6973b41d02cc.config
2026-10-07T20:39:30.4534776Z [command]/usr/bin/git config --local --unset includeif.gitdir:/github/workspace/.git/worktrees/*.path \/github\/runner_temp\/git\-credentials\-0ae6d5ca\-6939\-4766\-abf0\-6973b41d02cc\.config
2026-10-07T20:39:30.4573102Z [command]/usr/bin/git submodule foreach --recursive git config --local --show-origin --name-only --get-regexp remote.origin.url
2026-10-07T20:39:30.4795764Z Removing credentials config '/home/runner/work/_temp/git-credentials-0ae6d5ca-6939-4766-abf0-6973b41d02cc.config'
2026-10-07T20:39:30.4949638Z Cleaning up orphan processes
2026-10-07T20:39:30.5475329Z Terminate orphan process: pid (3813) (adb)
