2026-10-07T20:12:22.9258547Z Current runner version: '2.337.0'
2026-10-07T20:12:22.9285951Z ##[group]Runner Image Provisioner
2026-10-07T20:12:22.9287166Z Hosted Compute Agent
2026-10-07T20:12:22.9287789Z Version: 20260901.588
2026-10-07T20:12:22.9288462Z Commit: f88ec8081b781fac6c440065ac7ff9e710ce3d0b
2026-10-07T20:12:22.9289211Z Build Date: 2026-09-01T19:56:44Z
2026-10-07T20:12:22.9289887Z Worker ID: {53d59a96-104a-48c6-aa57-38be8f57ddde}
2026-10-07T20:12:22.9290639Z Azure Region: westus3
2026-10-07T20:12:22.9291232Z ##[endgroup]
2026-10-07T20:12:22.9292688Z ##[group]Operating System
2026-10-07T20:12:22.9293421Z Ubuntu
2026-10-07T20:12:22.9293938Z 24.04.5
2026-10-07T20:12:22.9294528Z LTS
2026-10-07T20:12:22.9295069Z ##[endgroup]
2026-10-07T20:12:22.9295600Z ##[group]Runner Image
2026-10-07T20:12:22.9296499Z Image: ubuntu-24.04
2026-10-07T20:12:22.9297118Z Version: 20260927.320.1
2026-10-07T20:12:22.9298463Z Included Software: https://github.com/actions/runner-images/blob/ubuntu24/20260927.320/images/ubuntu/Ubuntu2404-Readme.md
2026-10-07T20:12:22.9300069Z Image Release: https://github.com/actions/runner-images/releases/tag/ubuntu24%2F20260927.320
2026-10-07T20:12:22.9301130Z ##[endgroup]
2026-10-07T20:12:22.9302295Z ##[group]GITHUB_TOKEN Permissions
2026-10-07T20:12:22.9304792Z Contents: read
2026-10-07T20:12:22.9305450Z Metadata: read
2026-10-07T20:12:22.9306116Z ##[endgroup]
2026-10-07T20:12:22.9309105Z Secret source: Actions
2026-10-07T20:12:22.9310225Z Cache mode: write
2026-10-07T20:12:22.9310979Z Prepare workflow directory
2026-10-07T20:12:22.9668879Z Prepare all required actions
2026-10-07T20:12:22.9717014Z Getting action download info
2026-10-07T20:12:23.3139983Z Download action repository 'actions/checkout@v7' (SHA:3d3c42e5aac5ba805825da76410c181273ba90b1)
2026-10-07T20:12:23.4139731Z Download action repository 'actions/upload-artifact@v7' (SHA:cf430e030ddbb5b0abf93d22962f4752f3646cd9)
2026-10-07T20:12:24.3498015Z Complete job name: regression
2026-10-07T20:12:24.4340988Z ##[group]Run actions/checkout@v7
2026-10-07T20:12:24.4341980Z with:
2026-10-07T20:12:24.4342522Z   repository: Philmenting/Emberfall-Ashen-Veil
2026-10-07T20:12:24.4346908Z   token: ***
2026-10-07T20:12:24.4347391Z   ssh-strict: true
2026-10-07T20:12:24.4347866Z   ssh-user: git
2026-10-07T20:12:24.4348351Z   persist-credentials: true
2026-10-07T20:12:24.4348878Z   clean: true
2026-10-07T20:12:24.4349358Z   sparse-checkout-cone-mode: true
2026-10-07T20:12:24.4349918Z   fetch-depth: 1
2026-10-07T20:12:24.4350383Z   fetch-tags: false
2026-10-07T20:12:24.4350864Z   show-progress: true
2026-10-07T20:12:24.4351339Z   lfs: false
2026-10-07T20:12:24.4351795Z   submodules: false
2026-10-07T20:12:24.4352296Z   set-safe-directory: true
2026-10-07T20:12:24.4352849Z   allow-unsafe-pr-checkout: false
2026-10-07T20:12:24.4353842Z ##[endgroup]
2026-10-07T20:12:24.5417693Z Syncing repository: Philmenting/Emberfall-Ashen-Veil
2026-10-07T20:12:24.5420837Z ##[group]Getting Git version info
2026-10-07T20:12:24.5422651Z Working directory is '/home/runner/work/Emberfall-Ashen-Veil/Emberfall-Ashen-Veil'
2026-10-07T20:12:24.5424865Z [command]/usr/bin/git version
2026-10-07T20:12:24.5526650Z git version 2.55.0
2026-10-07T20:12:24.5556457Z ##[endgroup]
2026-10-07T20:12:24.5568624Z Temporarily overriding HOME='/home/runner/work/_temp/6d2fa516-6862-4a05-8167-d54ec820d5b5' before making global git config changes
2026-10-07T20:12:24.5571506Z Adding repository directory to the temporary git global config as a safe directory
2026-10-07T20:12:24.5577880Z [command]/usr/bin/git config --global --add safe.directory /home/runner/work/Emberfall-Ashen-Veil/Emberfall-Ashen-Veil
2026-10-07T20:12:24.5643279Z Deleting the contents of '/home/runner/work/Emberfall-Ashen-Veil/Emberfall-Ashen-Veil'
2026-10-07T20:12:24.5647703Z ##[group]Determining repository object format
2026-10-07T20:12:24.5649586Z ##[endgroup]
2026-10-07T20:12:24.5650972Z ##[group]Initializing the repository
2026-10-07T20:12:24.5655525Z [command]/usr/bin/git init /home/runner/work/Emberfall-Ashen-Veil/Emberfall-Ashen-Veil
2026-10-07T20:12:24.5807865Z hint: Using 'master' as the name for the initial branch. This default branch name
2026-10-07T20:12:24.5810035Z hint: will change to "main" in Git 3.0. To configure the initial branch name
2026-10-07T20:12:24.5811595Z hint: to use in all of your new repositories, which will suppress this warning,
2026-10-07T20:12:24.5812541Z hint: call:
2026-10-07T20:12:24.5813098Z hint:
2026-10-07T20:12:24.5813811Z hint: 	git config --global init.defaultBranch <name>
2026-10-07T20:12:24.5814618Z hint:
2026-10-07T20:12:24.5815399Z hint: Names commonly chosen instead of 'master' are 'main', 'trunk' and
2026-10-07T20:12:24.5817750Z hint: 'development'. The just-created branch can be renamed via this command:
2026-10-07T20:12:24.5819252Z hint:
2026-10-07T20:12:24.5819859Z hint: 	git branch -m <name>
2026-10-07T20:12:24.5820509Z hint:
2026-10-07T20:12:24.5821368Z hint: Disable this message with "git config set advice.defaultBranchName false"
2026-10-07T20:12:24.5822800Z Initialized empty Git repository in /home/runner/work/Emberfall-Ashen-Veil/Emberfall-Ashen-Veil/.git/
2026-10-07T20:12:24.5825204Z [command]/usr/bin/git remote add origin https://github.com/Philmenting/Emberfall-Ashen-Veil
2026-10-07T20:12:24.5878600Z ##[endgroup]
2026-10-07T20:12:24.5879513Z ##[group]Disabling automatic garbage collection
2026-10-07T20:12:24.5882415Z [command]/usr/bin/git config --local gc.auto 0
2026-10-07T20:12:24.5930249Z ##[endgroup]
2026-10-07T20:12:24.5931464Z ##[group]Setting up auth
2026-10-07T20:12:24.5932137Z Removing SSH command configuration
2026-10-07T20:12:24.5934817Z [command]/usr/bin/git config --local --name-only --get-regexp core\.sshCommand
2026-10-07T20:12:24.5982684Z [command]/usr/bin/git submodule foreach --recursive sh -c "git config --local --name-only --get-regexp 'core\.sshCommand' && git config --local --unset-all 'core.sshCommand' || :"
2026-10-07T20:12:24.6356167Z Removing HTTP extra header
2026-10-07T20:12:24.6362943Z [command]/usr/bin/git config --local --name-only --get-regexp http\.https\:\/\/github\.com\/\.extraheader
2026-10-07T20:12:24.6402610Z [command]/usr/bin/git submodule foreach --recursive sh -c "git config --local --name-only --get-regexp 'http\.https\:\/\/github\.com\/\.extraheader' && git config --local --unset-all 'http.https://github.com/.extraheader' || :"
2026-10-07T20:12:24.6631167Z Removing includeIf entries pointing to credentials config files
2026-10-07T20:12:24.6637591Z [command]/usr/bin/git config --local --name-only --get-regexp ^includeIf\.gitdir:
2026-10-07T20:12:24.6682974Z [command]/usr/bin/git submodule foreach --recursive git config --local --show-origin --name-only --get-regexp remote.origin.url
2026-10-07T20:12:24.6919232Z [command]/usr/bin/git config --file /home/runner/work/_temp/git-credentials-60f39285-5c36-4c6f-9a5f-e06f5dae0188.config http.https://github.com/.extraheader AUTHORIZATION: basic ***
2026-10-07T20:12:24.6963866Z [command]/usr/bin/git config --local includeIf.gitdir:/home/runner/work/Emberfall-Ashen-Veil/Emberfall-Ashen-Veil/.git.path /home/runner/work/_temp/git-credentials-60f39285-5c36-4c6f-9a5f-e06f5dae0188.config
2026-10-07T20:12:24.7000863Z [command]/usr/bin/git config --local includeIf.gitdir:/home/runner/work/Emberfall-Ashen-Veil/Emberfall-Ashen-Veil/.git/worktrees/*.path /home/runner/work/_temp/git-credentials-60f39285-5c36-4c6f-9a5f-e06f5dae0188.config
2026-10-07T20:12:24.7041117Z [command]/usr/bin/git config --local includeIf.gitdir:/github/workspace/.git.path /github/runner_temp/git-credentials-60f39285-5c36-4c6f-9a5f-e06f5dae0188.config
2026-10-07T20:12:24.7078056Z [command]/usr/bin/git config --local includeIf.gitdir:/github/workspace/.git/worktrees/*.path /github/runner_temp/git-credentials-60f39285-5c36-4c6f-9a5f-e06f5dae0188.config
2026-10-07T20:12:24.7111819Z ##[endgroup]
2026-10-07T20:12:24.7112909Z ##[group]Fetching the repository
2026-10-07T20:12:24.7118500Z [command]/usr/bin/git -c protocol.version=2 fetch --no-tags --prune --no-recurse-submodules --depth=1 origin +44dd6648e0a6197df3ca29377796e8d2f424a570:refs/remotes/pull/5/merge
2026-10-07T20:13:53.7943995Z From https://github.com/Philmenting/Emberfall-Ashen-Veil
2026-10-07T20:13:53.7945826Z  * [new ref]         44dd6648e0a6197df3ca29377796e8d2f424a570 -> pull/5/merge
2026-10-07T20:13:53.7951645Z ##[endgroup]
2026-10-07T20:13:53.7952685Z ##[group]Determining the checkout info
2026-10-07T20:13:53.7954061Z ##[endgroup]
2026-10-07T20:13:53.7958825Z [command]/usr/bin/git sparse-checkout disable
2026-10-07T20:13:53.8017562Z [command]/usr/bin/git config --local --unset-all extensions.worktreeConfig
2026-10-07T20:13:53.8053425Z ##[group]Checking out the ref
2026-10-07T20:13:53.8057492Z [command]/usr/bin/git checkout --progress --force refs/remotes/pull/5/merge
2026-10-07T20:13:54.8877340Z Updating files:  60% (1196/1992)
2026-10-07T20:13:54.9201178Z Updating files:  61% (1216/1992)
2026-10-07T20:13:54.9558795Z Updating files:  62% (1236/1992)
2026-10-07T20:13:54.9797367Z Updating files:  63% (1255/1992)
2026-10-07T20:13:55.0075501Z Updating files:  64% (1275/1992)
2026-10-07T20:13:55.0466021Z Updating files:  65% (1295/1992)
2026-10-07T20:13:55.0958304Z Updating files:  66% (1315/1992)
2026-10-07T20:13:55.1295954Z Updating files:  67% (1335/1992)
2026-10-07T20:13:55.1525827Z Updating files:  68% (1355/1992)
2026-10-07T20:13:55.1819748Z Updating files:  69% (1375/1992)
2026-10-07T20:13:55.2032453Z Updating files:  70% (1395/1992)
2026-10-07T20:13:55.2235440Z Updating files:  71% (1415/1992)
2026-10-07T20:13:55.2450795Z Updating files:  72% (1435/1992)
2026-10-07T20:13:55.2792978Z Updating files:  73% (1455/1992)
2026-10-07T20:13:55.3102667Z Updating files:  74% (1475/1992)
2026-10-07T20:13:55.3426110Z Updating files:  75% (1494/1992)
2026-10-07T20:13:55.3838852Z Updating files:  76% (1514/1992)
2026-10-07T20:13:55.4099334Z Updating files:  77% (1534/1992)
2026-10-07T20:13:55.4117819Z Updating files:  78% (1554/1992)
2026-10-07T20:13:55.4130086Z Updating files:  79% (1574/1992)
2026-10-07T20:13:55.4152619Z Updating files:  80% (1594/1992)
2026-10-07T20:13:55.4168771Z Updating files:  81% (1614/1992)
2026-10-07T20:13:55.4180538Z Updating files:  82% (1634/1992)
2026-10-07T20:13:55.4191534Z Updating files:  83% (1654/1992)
2026-10-07T20:13:55.4206507Z Updating files:  84% (1674/1992)
2026-10-07T20:13:55.4214974Z Updating files:  85% (1694/1992)
2026-10-07T20:13:55.4222872Z Updating files:  86% (1714/1992)
2026-10-07T20:13:55.4234289Z Updating files:  87% (1734/1992)
2026-10-07T20:13:55.4244427Z Updating files:  88% (1753/1992)
2026-10-07T20:13:55.4256572Z Updating files:  89% (1773/1992)
2026-10-07T20:13:55.4266009Z Updating files:  90% (1793/1992)
2026-10-07T20:13:55.4293282Z Updating files:  91% (1813/1992)
2026-10-07T20:13:55.4304888Z Updating files:  92% (1833/1992)
2026-10-07T20:13:55.4317286Z Updating files:  93% (1853/1992)
2026-10-07T20:13:55.4328727Z Updating files:  94% (1873/1992)
2026-10-07T20:13:55.4341189Z Updating files:  95% (1893/1992)
2026-10-07T20:13:55.4352860Z Updating files:  96% (1913/1992)
2026-10-07T20:13:55.4364360Z Updating files:  97% (1933/1992)
2026-10-07T20:13:55.4379407Z Updating files:  98% (1953/1992)
2026-10-07T20:13:55.4396824Z Updating files:  99% (1973/1992)
2026-10-07T20:13:55.4397590Z Updating files: 100% (1992/1992)
2026-10-07T20:13:55.4398198Z Updating files: 100% (1992/1992), done.
2026-10-07T20:13:55.4423492Z Note: switching to 'refs/remotes/pull/5/merge'.
2026-10-07T20:13:55.4424023Z 
2026-10-07T20:13:55.4424438Z You are in 'detached HEAD' state. You can look around, make experimental
2026-10-07T20:13:55.4425581Z changes and commit them, and you can discard any commits you make in this
2026-10-07T20:13:55.4426915Z state without impacting any branches by switching back to a branch.
2026-10-07T20:13:55.4427520Z 
2026-10-07T20:13:55.4427813Z If you want to create a new branch to retain commits you create, you may
2026-10-07T20:13:55.4428528Z do so (now or later) by using -c with the switch command. Example:
2026-10-07T20:13:55.4428828Z 
2026-10-07T20:13:55.4429040Z   git switch -c <new-branch-name>
2026-10-07T20:13:55.4429303Z 
2026-10-07T20:13:55.4429551Z Or undo this operation with:
2026-10-07T20:13:55.4430007Z 
2026-10-07T20:13:55.4430156Z   git switch -
2026-10-07T20:13:55.4430347Z 
2026-10-07T20:13:55.4430625Z Turn off this advice by setting config variable advice.detachedHead to false
2026-10-07T20:13:55.4431048Z 
2026-10-07T20:13:55.4431506Z HEAD is now at 44dd664 Merge 02a3fc905e55a4e64cbece4eb6b07c65c1bf4afb into 610c343073e7186589cba92c3fefb55a4db68e12
2026-10-07T20:13:55.4581493Z ##[endgroup]
2026-10-07T20:13:55.4639676Z [command]/usr/bin/git log -1 --format=%H
2026-10-07T20:13:55.4674956Z 44dd6648e0a6197df3ca29377796e8d2f424a570
2026-10-07T20:13:55.4987798Z ##[group]Run mkdir -p "$RUNNER_TEMP/godot"
2026-10-07T20:13:55.4988253Z [36;1mmkdir -p "$RUNNER_TEMP/godot"[0m
2026-10-07T20:13:55.4988712Z [36;1mcurl --fail --location --retry 3 --output "$RUNNER_TEMP/godot/godot.zip" \[0m
2026-10-07T20:13:55.4989465Z [36;1m  https://github.com/godotengine/godot-builds/releases/download/4.7.2-stable/Godot_v4.7.2-stable_linux.x86_64.zip[0m
2026-10-07T20:13:55.4990135Z [36;1munzip -q "$RUNNER_TEMP/godot/godot.zip" -d "$RUNNER_TEMP/godot"[0m
2026-10-07T20:13:55.4990732Z [36;1msudo install -m 0755 "$RUNNER_TEMP/godot/Godot_v4.7.2-stable_linux.x86_64" /usr/local/bin/godot[0m
2026-10-07T20:13:55.5267736Z shell: /usr/bin/bash -e {0}
2026-10-07T20:13:55.5268069Z ##[endgroup]
2026-10-07T20:13:55.5461693Z   % Total    % Received % Xferd  Average Speed   Time    Time     Time  Current
2026-10-07T20:13:55.5462470Z                                  Dload  Upload   Total   Spent    Left  Speed
2026-10-07T20:13:55.5462884Z 
2026-10-07T20:13:55.7009281Z   0     0    0     0    0     0      0      0 --:--:-- --:--:-- --:--:--     0
2026-10-07T20:13:55.7010179Z   0     0    0     0    0     0      0      0 --:--:-- --:--:-- --:--:--     0
2026-10-07T20:13:56.0262633Z 
2026-10-07T20:13:56.0263392Z 100 74.2M  100 74.2M    0     0   154M      0 --:--:-- --:--:-- --:--:--  154M
2026-10-07T20:13:57.0763771Z ##[group]Run godot --headless --path . --editor --import --quit
2026-10-07T20:13:57.0764299Z [36;1mgodot --headless --path . --editor --import --quit[0m
2026-10-07T20:13:57.0826889Z shell: /usr/bin/bash -e {0}
2026-10-07T20:13:57.0827165Z ##[endgroup]
2026-10-07T20:13:57.1450417Z Godot Engine v4.7.2.stable.official.ed1daf0bf - https://godotengine.org
2026-10-07T20:13:57.1851842Z 
2026-10-07T20:14:00.1942416Z [   0% ] [90m[1mfirst_scan_filesystem[22m | Started Project initialization (5 steps)[39m[0m
2026-10-07T20:14:00.1943618Z [   0% ] [90m[1mfirst_scan_filesystem[22m | Scanning file structure...[39m[0m
2026-10-07T20:14:00.1983983Z [  16% ] [90m[1mfirst_scan_filesystem[22m | Loading global class names...[39m[0m
2026-10-07T20:14:00.2266702Z [  33% ] [90m[1mfirst_scan_filesystem[22m | Verifying GDExtensions...[39m[0m
2026-10-07T20:14:00.2267819Z [  50% ] [90m[1mfirst_scan_filesystem[22m | Creating autoload scripts...[39m[0m
2026-10-07T20:14:00.6825905Z [  66% ] [90m[1mfirst_scan_filesystem[22m | Initializing plugins...[39m[0m
2026-10-07T20:14:00.6827067Z [  83% ] [90m[1mfirst_scan_filesystem[22m | Starting file scan...[39m[0m
2026-10-07T20:14:00.6827770Z [92m[ DONE ][39m [1mfirst_scan_filesystem[22m
2026-10-07T20:14:00.6828378Z [0m
2026-10-07T20:14:01.1564872Z [   0% ] [90m[1mupdate_scripts_classes[22m | Started Registering global classes... (204 steps)[39m[0m
2026-10-07T20:14:01.1566091Z [   0% ] [90m[1mupdate_scripts_classes[22m | NakamaAPI[39m[0m
2026-10-07T20:14:01.1567169Z [   0% ] [90m[1mupdate_scripts_classes[22m | NakamaRTAPI[39m[0m
2026-10-07T20:14:01.1568083Z [   0% ] [90m[1mupdate_scripts_classes[22m | NakamaRTMessage[39m[0m
2026-10-07T20:14:01.1569009Z [   1% ] [90m[1mupdate_scripts_classes[22m | NakamaSession[39m[0m
2026-10-07T20:14:01.1587717Z [   1% ] [90m[1mupdate_scripts_classes[22m | NakamaStorageObjectId[39m[0m
2026-10-07T20:14:01.1588864Z [   2% ] [90m[1mupdate_scripts_classes[22m | NakamaWriteStorageObject[39m[0m
2026-10-07T20:14:01.1589860Z [   2% ] [90m[1mupdate_scripts_classes[22m | NakamaClient[39m[0m
2026-10-07T20:14:01.1591240Z [   3% ] [90m[1mupdate_scripts_classes[22m | NakamaHTTPAdapter[39m[0m
2026-10-07T20:14:01.1592097Z [   3% ] [90m[1mupdate_scripts_classes[22m | SatoriAsyncResult[39m[0m
2026-10-07T20:14:01.1592917Z [   4% ] [90m[1mupdate_scripts_classes[22m | SatoriException[39m[0m
2026-10-07T20:14:01.1593705Z [   4% ] [90m[1mupdate_scripts_classes[22m | SatoriLogger[39m[0m
2026-10-07T20:14:01.1594496Z [   5% ] [90m[1mupdate_scripts_classes[22m | SatoriSerializer[39m[0m
2026-10-07T20:14:01.1595247Z [   5% ] [90m[1mupdate_scripts_classes[22m | Event[39m[0m
2026-10-07T20:14:01.1595957Z [   6% ] [90m[1mupdate_scripts_classes[22m | SatoriAPI[39m[0m
2026-10-07T20:14:01.1596986Z [   6% ] [90m[1mupdate_scripts_classes[22m | SatoriClient[39m[0m
2026-10-07T20:14:01.1597878Z [   7% ] [90m[1mupdate_scripts_classes[22m | SatoriHTTPAdapter[39m[0m
2026-10-07T20:14:01.1598625Z [   7% ] [90m[1mupdate_scripts_classes[22m | SatoriSession[39m[0m
2026-10-07T20:14:01.1599111Z [   8% ] [90m[1mupdate_scripts_classes[22m | NakamaSocket[39m[0m
2026-10-07T20:14:01.1599620Z [   8% ] [90m[1mupdate_scripts_classes[22m | NakamaSocketAdapter[39m[0m
2026-10-07T20:14:01.1600142Z [   9% ] [90m[1mupdate_scripts_classes[22m | NakamaAsyncResult[39m[0m
2026-10-07T20:14:01.1600648Z [   9% ] [90m[1mupdate_scripts_classes[22m | NakamaException[39m[0m
2026-10-07T20:14:01.1601132Z [  10% ] [90m[1mupdate_scripts_classes[22m | NakamaLogger[39m[0m
2026-10-07T20:14:01.1601671Z [  10% ] [90m[1mupdate_scripts_classes[22m | NakamaMultiplayerBridge[39m[0m
2026-10-07T20:14:01.1602231Z [  11% ] [90m[1mupdate_scripts_classes[22m | NakamaMultiplayerPeer[39m[0m
2026-10-07T20:14:01.1602782Z [  11% ] [90m[1mupdate_scripts_classes[22m | NakamaSerializer[39m[0m
2026-10-07T20:14:01.1603244Z [  12% ] [90m[1mupdate_scripts_classes[22m | [39m[0m
2026-10-07T20:14:01.1603937Z [  12% ] [90m[1mupdate_scripts_classes[22m | [39m[0m
2026-10-07T20:14:01.1604358Z [  13% ] [90m[1mupdate_scripts_classes[22m | [39m[0m
2026-10-07T20:14:01.1604745Z [  13% ] [90m[1mupdate_scripts_classes[22m | [39m[0m
2026-10-07T20:14:01.1605131Z [  14% ] [90m[1mupdate_scripts_classes[22m | [39m[0m
2026-10-07T20:14:01.1605502Z [  14% ] [90m[1mupdate_scripts_classes[22m | [39m[0m
2026-10-07T20:14:01.1605874Z [  15% ] [90m[1mupdate_scripts_classes[22m | [39m[0m
2026-10-07T20:14:01.1606254Z [  15% ] [90m[1mupdate_scripts_classes[22m | [39m[0m
2026-10-07T20:14:01.1606970Z [  16% ] [90m[1mupdate_scripts_classes[22m | [39m[0m
2026-10-07T20:14:01.1607346Z [  16% ] [90m[1mupdate_scripts_classes[22m | [39m[0m
2026-10-07T20:14:01.1607707Z [  17% ] [90m[1mupdate_scripts_classes[22m | [39m[0m
2026-10-07T20:14:01.1608070Z [  17% ] [90m[1mupdate_scripts_classes[22m | [39m[0m
2026-10-07T20:14:01.1608435Z [  18% ] [90m[1mupdate_scripts_classes[22m | [39m[0m
2026-10-07T20:14:01.1608791Z [  18% ] [90m[1mupdate_scripts_classes[22m | [39m[0m
2026-10-07T20:14:01.1609148Z [  19% ] [90m[1mupdate_scripts_classes[22m | [39m[0m
2026-10-07T20:14:01.1609521Z [  19% ] [90m[1mupdate_scripts_classes[22m | [39m[0m
2026-10-07T20:14:01.1609875Z [  20% ] [90m[1mupdate_scripts_classes[22m | [39m[0m
2026-10-07T20:14:01.1610229Z [  20% ] [90m[1mupdate_scripts_classes[22m | [39m[0m
2026-10-07T20:14:01.1610582Z [  20% ] [90m[1mupdate_scripts_classes[22m | [39m[0m
2026-10-07T20:14:01.1610934Z [  21% ] [90m[1mupdate_scripts_classes[22m | [39m[0m
2026-10-07T20:14:01.1611286Z [  21% ] [90m[1mupdate_scripts_classes[22m | [39m[0m
2026-10-07T20:14:01.1611639Z [  22% ] [90m[1mupdate_scripts_classes[22m | [39m[0m
2026-10-07T20:14:01.1611992Z [  22% ] [90m[1mupdate_scripts_classes[22m | [39m[0m
2026-10-07T20:14:01.1612347Z [  23% ] [90m[1mupdate_scripts_classes[22m | [39m[0m
2026-10-07T20:14:01.1612714Z [  23% ] [90m[1mupdate_scripts_classes[22m | [39m[0m
2026-10-07T20:14:01.1613070Z [  24% ] [90m[1mupdate_scripts_classes[22m | [39m[0m
2026-10-07T20:14:01.1613610Z [  24% ] [90m[1mupdate_scripts_classes[22m | [39m[0m
2026-10-07T20:14:01.1613973Z [  25% ] [90m[1mupdate_scripts_classes[22m | [39m[0m
2026-10-07T20:14:01.1614334Z [  25% ] [90m[1mupdate_scripts_classes[22m | [39m[0m
2026-10-07T20:14:01.1614687Z [  26% ] [90m[1mupdate_scripts_classes[22m | [39m[0m
2026-10-07T20:14:01.1615044Z [  26% ] [90m[1mupdate_scripts_classes[22m | [39m[0m
2026-10-07T20:14:01.1615400Z [  27% ] [90m[1mupdate_scripts_classes[22m | [39m[0m
2026-10-07T20:14:01.1615754Z [  27% ] [90m[1mupdate_scripts_classes[22m | [39m[0m
2026-10-07T20:14:01.1616117Z [  28% ] [90m[1mupdate_scripts_classes[22m | [39m[0m
2026-10-07T20:14:01.1617084Z [  28% ] [90m[1mupdate_scripts_classes[22m | [39m[0m
2026-10-07T20:14:01.1618022Z [  29% ] [90m[1mupdate_scripts_classes[22m | [39m[0m
2026-10-07T20:14:01.1618676Z [  29% ] [90m[1mupdate_scripts_classes[22m | [39m[0m
2026-10-07T20:14:01.1619308Z [  30% ] [90m[1mupdate_scripts_classes[22m | [39m[0m
2026-10-07T20:14:01.1619946Z [  30% ] [90m[1mupdate_scripts_classes[22m | [39m[0m
2026-10-07T20:14:01.1620604Z [  31% ] [90m[1mupdate_scripts_classes[22m | [39m[0m
2026-10-07T20:14:01.1621316Z [  31% ] [90m[1mupdate_scripts_classes[22m | [39m[0m
2026-10-07T20:14:01.1621943Z [  32% ] [90m[1mupdate_scripts_classes[22m | [39m[0m
2026-10-07T20:14:01.1622571Z [  32% ] [90m[1mupdate_scripts_classes[22m | [39m[0m
2026-10-07T20:14:01.1623195Z [  33% ] [90m[1mupdate_scripts_classes[22m | [39m[0m
2026-10-07T20:14:01.1623827Z [  33% ] [90m[1mupdate_scripts_classes[22m | [39m[0m
2026-10-07T20:14:01.1624456Z [  34% ] [90m[1mupdate_scripts_classes[22m | [39m[0m
2026-10-07T20:14:01.1625087Z [  34% ] [90m[1mupdate_scripts_classes[22m | [39m[0m
2026-10-07T20:14:01.1625710Z [  35% ] [90m[1mupdate_scripts_classes[22m | [39m[0m
2026-10-07T20:14:01.1626845Z [  35% ] [90m[1mupdate_scripts_classes[22m | [39m[0m
2026-10-07T20:14:01.1627538Z [  36% ] [90m[1mupdate_scripts_classes[22m | [39m[0m
2026-10-07T20:14:01.1628181Z [  36% ] [90m[1mupdate_scripts_classes[22m | [39m[0m
2026-10-07T20:14:01.1628808Z [  37% ] [90m[1mupdate_scripts_classes[22m | [39m[0m
2026-10-07T20:14:01.1629433Z [  37% ] [90m[1mupdate_scripts_classes[22m | [39m[0m
2026-10-07T20:14:01.1630061Z [  38% ] [90m[1mupdate_scripts_classes[22m | [39m[0m
2026-10-07T20:14:01.1630774Z [  38% ] [90m[1mupdate_scripts_classes[22m | [39m[0m
2026-10-07T20:14:01.1631405Z [  39% ] [90m[1mupdate_scripts_classes[22m | [39m[0m
2026-10-07T20:14:01.1632028Z [  39% ] [90m[1mupdate_scripts_classes[22m | [39m[0m
2026-10-07T20:14:01.1632659Z [  40% ] [90m[1mupdate_scripts_classes[22m | [39m[0m
2026-10-07T20:14:01.1633286Z [  40% ] [90m[1mupdate_scripts_classes[22m | [39m[0m
2026-10-07T20:14:01.1633888Z [  40% ] [90m[1mupdate_scripts_classes[22m | [39m[0m
2026-10-07T20:14:01.1634251Z [  41% ] [90m[1mupdate_scripts_classes[22m | [39m[0m
2026-10-07T20:14:01.1634603Z [  41% ] [90m[1mupdate_scripts_classes[22m | [39m[0m
2026-10-07T20:14:01.1634958Z [  42% ] [90m[1mupdate_scripts_classes[22m | [39m[0m
2026-10-07T20:14:01.1635306Z [  42% ] [90m[1mupdate_scripts_classes[22m | [39m[0m
2026-10-07T20:14:01.1635655Z [  43% ] [90m[1mupdate_scripts_classes[22m | [39m[0m
2026-10-07T20:14:01.1636002Z [  43% ] [90m[1mupdate_scripts_classes[22m | [39m[0m
2026-10-07T20:14:01.1636664Z [  44% ] [90m[1mupdate_scripts_classes[22m | [39m[0m
2026-10-07T20:14:01.1637306Z [  44% ] [90m[1mupdate_scripts_classes[22m | [39m[0m
2026-10-07T20:14:01.1637934Z [  45% ] [90m[1mupdate_scripts_classes[22m | [39m[0m
2026-10-07T20:14:01.1638562Z [  45% ] [90m[1mupdate_scripts_classes[22m | [39m[0m
2026-10-07T20:14:01.1639187Z [  46% ] [90m[1mupdate_scripts_classes[22m | [39m[0m
2026-10-07T20:14:01.1639818Z [  46% ] [90m[1mupdate_scripts_classes[22m | [39m[0m
2026-10-07T20:14:01.1640446Z [  47% ] [90m[1mupdate_scripts_classes[22m | [39m[0m
2026-10-07T20:14:01.1641303Z [  47% ] [90m[1mupdate_scripts_classes[22m | [39m[0m
2026-10-07T20:14:01.1641937Z [  48% ] [90m[1mupdate_scripts_classes[22m | [39m[0m
2026-10-07T20:14:01.1642575Z [  48% ] [90m[1mupdate_scripts_classes[22m | [39m[0m
2026-10-07T20:14:01.1643201Z [  49% ] [90m[1mupdate_scripts_classes[22m | [39m[0m
2026-10-07T20:14:01.1643825Z [  49% ] [90m[1mupdate_scripts_classes[22m | [39m[0m
2026-10-07T20:14:01.1644453Z [  50% ] [90m[1mupdate_scripts_classes[22m | [39m[0m
2026-10-07T20:14:01.1645076Z [  50% ] [90m[1mupdate_scripts_classes[22m | [39m[0m
2026-10-07T20:14:01.1645700Z [  51% ] [90m[1mupdate_scripts_classes[22m | [39m[0m
2026-10-07T20:14:01.1646531Z [  51% ] [90m[1mupdate_scripts_classes[22m | [39m[0m
2026-10-07T20:14:01.1647186Z [  52% ] [90m[1mupdate_scripts_classes[22m | [39m[0m
2026-10-07T20:14:01.1647828Z [  52% ] [90m[1mupdate_scripts_classes[22m | [39m[0m
2026-10-07T20:14:01.1648463Z [  53% ] [90m[1mupdate_scripts_classes[22m | [39m[0m
2026-10-07T20:14:01.1649094Z [  53% ] [90m[1mupdate_scripts_classes[22m | [39m[0m
2026-10-07T20:14:01.1649714Z [  54% ] [90m[1mupdate_scripts_classes[22m | [39m[0m
2026-10-07T20:14:01.1650344Z [  54% ] [90m[1mupdate_scripts_classes[22m | [39m[0m
2026-10-07T20:14:01.1650969Z [  55% ] [90m[1mupdate_scripts_classes[22m | [39m[0m
2026-10-07T20:14:01.1651597Z [  55% ] [90m[1mupdate_scripts_classes[22m | [39m[0m
2026-10-07T20:14:01.1652223Z [  56% ] [90m[1mupdate_scripts_classes[22m | [39m[0m
2026-10-07T20:14:01.1652852Z [  56% ] [90m[1mupdate_scripts_classes[22m | [39m[0m
2026-10-07T20:14:01.1653484Z [  57% ] [90m[1mupdate_scripts_classes[22m | [39m[0m
2026-10-07T20:14:01.1654119Z [  57% ] [90m[1mupdate_scripts_classes[22m | [39m[0m
2026-10-07T20:14:01.1654746Z [  58% ] [90m[1mupdate_scripts_classes[22m | [39m[0m
2026-10-07T20:14:01.1655555Z [  58% ] [90m[1mupdate_scripts_classes[22m | [39m[0m
2026-10-07T20:14:01.1656201Z [  59% ] [90m[1mupdate_scripts_classes[22m | [39m[0m
2026-10-07T20:14:01.1657046Z [  59% ] [90m[1mupdate_scripts_classes[22m | [39m[0m
2026-10-07T20:14:01.1657680Z [  60% ] [90m[1mupdate_scripts_classes[22m | [39m[0m
2026-10-07T20:14:01.1658301Z [  60% ] [90m[1mupdate_scripts_classes[22m | [39m[0m
2026-10-07T20:14:01.1658935Z [  60% ] [90m[1mupdate_scripts_classes[22m | [39m[0m
2026-10-07T20:14:01.1659622Z [  61% ] [90m[1mupdate_scripts_classes[22m | [39m[0m
2026-10-07T20:14:01.1660254Z [  61% ] [90m[1mupdate_scripts_classes[22m | [39m[0m
2026-10-07T20:14:01.1660880Z [  62% ] [90m[1mupdate_scripts_classes[22m | [39m[0m
2026-10-07T20:14:01.1661505Z [  62% ] [90m[1mupdate_scripts_classes[22m | [39m[0m
2026-10-07T20:14:01.1662128Z [  63% ] [90m[1mupdate_scripts_classes[22m | [39m[0m
2026-10-07T20:14:01.1662763Z [  63% ] [90m[1mupdate_scripts_classes[22m | [39m[0m
2026-10-07T20:14:01.1663392Z [  64% ] [90m[1mupdate_scripts_classes[22m | [39m[0m
2026-10-07T20:14:01.1664036Z [  64% ] [90m[1mupdate_scripts_classes[22m | [39m[0m
2026-10-07T20:14:01.1664671Z [  65% ] [90m[1mupdate_scripts_classes[22m | [39m[0m
2026-10-07T20:14:01.1665299Z [  65% ] [90m[1mupdate_scripts_classes[22m | [39m[0m
2026-10-07T20:14:01.1665927Z [  66% ] [90m[1mupdate_scripts_classes[22m | [39m[0m
2026-10-07T20:14:01.1666738Z [  66% ] [90m[1mupdate_scripts_classes[22m | [39m[0m
2026-10-07T20:14:01.1667369Z [  67% ] [90m[1mupdate_scripts_classes[22m | [39m[0m
2026-10-07T20:14:01.1667996Z [  67% ] [90m[1mupdate_scripts_classes[22m | [39m[0m
2026-10-07T20:14:01.1668622Z [  68% ] [90m[1mupdate_scripts_classes[22m | [39m[0m
2026-10-07T20:14:01.1669273Z [  68% ] [90m[1mupdate_scripts_classes[22m | [39m[0m
2026-10-07T20:14:01.1669897Z [  69% ] [90m[1mupdate_scripts_classes[22m | [39m[0m
2026-10-07T20:14:01.1670528Z [  69% ] [90m[1mupdate_scripts_classes[22m | [39m[0m
2026-10-07T20:14:01.1671155Z [  70% ] [90m[1mupdate_scripts_classes[22m | [39m[0m
2026-10-07T20:14:01.1672019Z [  70% ] [90m[1mupdate_scripts_classes[22m | [39m[0m
2026-10-07T20:14:01.1672650Z [  71% ] [90m[1mupdate_scripts_classes[22m | [39m[0m
2026-10-07T20:14:01.1673280Z [  71% ] [90m[1mupdate_scripts_classes[22m | [39m[0m
2026-10-07T20:14:01.1673912Z [  72% ] [90m[1mupdate_scripts_classes[22m | [39m[0m
2026-10-07T20:14:01.1674542Z [  72% ] [90m[1mupdate_scripts_classes[22m | [39m[0m
2026-10-07T20:14:01.1675167Z [  73% ] [90m[1mupdate_scripts_classes[22m | [39m[0m
2026-10-07T20:14:01.1675789Z [  73% ] [90m[1mupdate_scripts_classes[22m | [39m[0m
2026-10-07T20:14:01.1676691Z [  74% ] [90m[1mupdate_scripts_classes[22m | [39m[0m
2026-10-07T20:14:01.1677342Z [  74% ] [90m[1mupdate_scripts_classes[22m | [39m[0m
2026-10-07T20:14:01.1677969Z [  75% ] [90m[1mupdate_scripts_classes[22m | [39m[0m
2026-10-07T20:14:01.1678607Z [  75% ] [90m[1mupdate_scripts_classes[22m | [39m[0m
2026-10-07T20:14:01.1679232Z [  76% ] [90m[1mupdate_scripts_classes[22m | [39m[0m
2026-10-07T20:14:01.1679872Z [  76% ] [90m[1mupdate_scripts_classes[22m | [39m[0m
2026-10-07T20:14:01.1680498Z [  77% ] [90m[1mupdate_scripts_classes[22m | [39m[0m
2026-10-07T20:14:01.1681122Z [  77% ] [90m[1mupdate_scripts_classes[22m | [39m[0m
2026-10-07T20:14:01.1681747Z [  78% ] [90m[1mupdate_scripts_classes[22m | [39m[0m
2026-10-07T20:14:01.1682375Z [  78% ] [90m[1mupdate_scripts_classes[22m | [39m[0m
2026-10-07T20:14:01.1683002Z [  79% ] [90m[1mupdate_scripts_classes[22m | [39m[0m
2026-10-07T20:14:01.1683629Z [  79% ] [90m[1mupdate_scripts_classes[22m | [39m[0m
2026-10-07T20:14:01.1684254Z [  80% ] [90m[1mupdate_scripts_classes[22m | [39m[0m
2026-10-07T20:14:01.1684879Z [  80% ] [90m[1mupdate_scripts_classes[22m | [39m[0m
2026-10-07T20:14:01.1685509Z [  80% ] [90m[1mupdate_scripts_classes[22m | [39m[0m
2026-10-07T20:14:01.1686489Z [  81% ] [90m[1mupdate_scripts_classes[22m | [39m[0m
2026-10-07T20:14:01.1687171Z [  81% ] [90m[1mupdate_scripts_classes[22m | [39m[0m
2026-10-07T20:14:01.1687818Z [  82% ] [90m[1mupdate_scripts_classes[22m | [39m[0m
2026-10-07T20:14:01.1688451Z [  82% ] [90m[1mupdate_scripts_classes[22m | [39m[0m
2026-10-07T20:14:01.1689081Z [  83% ] [90m[1mupdate_scripts_classes[22m | [39m[0m
2026-10-07T20:14:01.1689712Z [  83% ] [90m[1mupdate_scripts_classes[22m | [39m[0m
2026-10-07T20:14:01.1690335Z [  84% ] [90m[1mupdate_scripts_classes[22m | [39m[0m
2026-10-07T20:14:01.1690966Z [  84% ] [90m[1mupdate_scripts_classes[22m | [39m[0m
2026-10-07T20:14:01.1691599Z [  85% ] [90m[1mupdate_scripts_classes[22m | [39m[0m
2026-10-07T20:14:01.1692232Z [  85% ] [90m[1mupdate_scripts_classes[22m | [39m[0m
2026-10-07T20:14:01.1692864Z [  86% ] [90m[1mupdate_scripts_classes[22m | [39m[0m
2026-10-07T20:14:01.1693494Z [  86% ] [90m[1mupdate_scripts_classes[22m | [39m[0m
2026-10-07T20:14:01.1694126Z [  87% ] [90m[1mupdate_scripts_classes[22m | [39m[0m
2026-10-07T20:14:01.1694750Z [  87% ] [90m[1mupdate_scripts_classes[22m | [39m[0m
2026-10-07T20:14:01.1695384Z [  88% ] [90m[1mupdate_scripts_classes[22m | [39m[0m
2026-10-07T20:14:01.1696008Z [  88% ] [90m[1mupdate_scripts_classes[22m | [39m[0m
2026-10-07T20:14:01.1696826Z [  89% ] [90m[1mupdate_scripts_classes[22m | [39m[0m
2026-10-07T20:14:01.1697476Z [  89% ] [90m[1mupdate_scripts_classes[22m | [39m[0m
2026-10-07T20:14:01.1698105Z [  90% ] [90m[1mupdate_scripts_classes[22m | [39m[0m
2026-10-07T20:14:01.1698735Z [  90% ] [90m[1mupdate_scripts_classes[22m | [39m[0m
2026-10-07T20:14:01.1699363Z [  91% ] [90m[1mupdate_scripts_classes[22m | [39m[0m
2026-10-07T20:14:01.1699992Z [  91% ] [90m[1mupdate_scripts_classes[22m | [39m[0m
2026-10-07T20:14:01.1700624Z [  92% ] [90m[1mupdate_scripts_classes[22m | [39m[0m
2026-10-07T20:14:01.1701262Z [  92% ] [90m[1mupdate_scripts_classes[22m | [39m[0m
2026-10-07T20:14:01.1701893Z [  93% ] [90m[1mupdate_scripts_classes[22m | [39m[0m
2026-10-07T20:14:01.1702552Z [  93% ] [90m[1mupdate_scripts_classes[22m | [39m[0m
2026-10-07T20:14:01.1703370Z [  94% ] [90m[1mupdate_scripts_classes[22m | [39m[0m
2026-10-07T20:14:01.1704008Z [  94% ] [90m[1mupdate_scripts_classes[22m | [39m[0m
2026-10-07T20:14:01.1704644Z [  95% ] [90m[1mupdate_scripts_classes[22m | [39m[0m
2026-10-07T20:14:01.1705276Z [  95% ] [90m[1mupdate_scripts_classes[22m | [39m[0m
2026-10-07T20:14:01.1705948Z [  96% ] [90m[1mupdate_scripts_classes[22m | [39m[0m
2026-10-07T20:14:01.1706940Z [  96% ] [90m[1mupdate_scripts_classes[22m | [39m[0m
2026-10-07T20:14:01.1707578Z [  97% ] [90m[1mupdate_scripts_classes[22m | [39m[0m
2026-10-07T20:14:01.1708201Z [  97% ] [90m[1mupdate_scripts_classes[22m | [39m[0m
2026-10-07T20:14:01.1708829Z [  98% ] [90m[1mupdate_scripts_classes[22m | [39m[0m
2026-10-07T20:14:01.1709466Z [  98% ] [90m[1mupdate_scripts_classes[22m | [39m[0m
2026-10-07T20:14:01.1710092Z [  99% ] [90m[1mupdate_scripts_classes[22m | [39m[0m
2026-10-07T20:14:01.1710720Z [92m[ DONE ][39m [1mupdate_scripts_classes[22m
2026-10-07T20:14:01.1711222Z [0m
2026-10-07T20:14:01.1711896Z [   0% ] [90m[1m_update_scan_actions[22m | Started Scanning actions... (115 steps)[39m[0m
2026-10-07T20:14:01.1712828Z [   0% ] [90m[1m_update_scan_actions[22m | arcanist.png[39m[0m
2026-10-07T20:14:01.1713575Z [   0% ] [90m[1m_update_scan_actions[22m | bulwark.png[39m[0m
2026-10-07T20:14:01.1714304Z [   1% ] [90m[1m_update_scan_actions[22m | elite.png[39m[0m
2026-10-07T20:14:01.1715047Z [   2% ] [90m[1m_update_scan_actions[22m | guardian_0.png[39m[0m
2026-10-07T20:14:01.1715801Z [   3% ] [90m[1m_update_scan_actions[22m | guardian_1.png[39m[0m
2026-10-07T20:14:01.1716764Z [   4% ] [90m[1m_update_scan_actions[22m | guardian_2.png[39m[0m
2026-10-07T20:14:01.1717698Z [   5% ] [90m[1m_update_scan_actions[22m | guardian_3.png[39m[0m
2026-10-07T20:14:01.1718438Z [   6% ] [90m[1m_update_scan_actions[22m | hexer.png[39m[0m
2026-10-07T20:14:01.1719168Z [   6% ] [90m[1m_update_scan_actions[22m | raider.png[39m[0m
2026-10-07T20:14:01.1719880Z [   7% ] [90m[1m_update_scan_actions[22m | ranger.png[39m[0m
2026-10-07T20:14:01.1720609Z [   8% ] [90m[1m_update_scan_actions[22m | vowkeeper.png[39m[0m
2026-10-07T20:14:01.1721361Z [   9% ] [90m[1m_update_scan_actions[22m | arcanist.png[39m[0m
2026-10-07T20:14:01.1722106Z [  10% ] [90m[1m_update_scan_actions[22m | guardian_0.png[39m[0m
2026-10-07T20:14:01.1722856Z [  11% ] [90m[1m_update_scan_actions[22m | guardian_1.png[39m[0m
2026-10-07T20:14:01.1723600Z [  12% ] [90m[1m_update_scan_actions[22m | guardian_2.png[39m[0m
2026-10-07T20:14:01.1724355Z [  12% ] [90m[1m_update_scan_actions[22m | guardian_3.png[39m[0m
2026-10-07T20:14:01.1725100Z [  13% ] [90m[1m_update_scan_actions[22m | hostiles.png[39m[0m
2026-10-07T20:14:01.1725833Z [  14% ] [90m[1m_update_scan_actions[22m | ranger.png[39m[0m
2026-10-07T20:14:01.1726750Z [  15% ] [90m[1m_update_scan_actions[22m | vowkeeper.png[39m[0m
2026-10-07T20:14:01.1727492Z [  16% ] [90m[1m_update_scan_actions[22m | Cinzel.ttf[39m[0m
2026-10-07T20:14:01.1728200Z [  17% ] [90m[1m_update_scan_actions[22m | Lora.ttf[39m[0m
2026-10-07T20:14:01.1728962Z [  18% ] [90m[1m_update_scan_actions[22m | material-atlas.png[39m[0m
2026-10-07T20:14:01.1729861Z [  18% ] [90m[1m_update_scan_actions[22m | Bricks096_1K-PNG_Color.png[39m[0m
2026-10-07T20:14:01.1730790Z [  19% ] [90m[1m_update_scan_actions[22m | Bricks096_1K-PNG_NormalGL.png[39m[0m
2026-10-07T20:14:01.1731737Z [  20% ] [90m[1m_update_scan_actions[22m | Bricks096_1K-PNG_Roughness.png[39m[0m
2026-10-07T20:14:01.1732656Z [  21% ] [90m[1m_update_scan_actions[22m | Metal063_1K-JPG_Color.jpg[39m[0m
2026-10-07T20:14:01.1733563Z [  22% ] [90m[1m_update_scan_actions[22m | Metal063_1K-JPG_Roughness.jpg[39m[0m
2026-10-07T20:14:01.1734453Z [  23% ] [90m[1m_update_scan_actions[22m | nyra-face-albedo.png[39m[0m
2026-10-07T20:14:01.1735304Z [  24% ] [90m[1m_update_scan_actions[22m | ruin-floor-albedo.png[39m[0m
2026-10-07T20:14:01.1736578Z [  25% ] [90m[1m_update_scan_actions[22m | Rock030_1K-JPG_Color.jpg[39m[0m
2026-10-07T20:14:01.1737485Z [  25% ] [90m[1m_update_scan_actions[22m | Rock030_1K-JPG_NormalGL.jpg[39m[0m
2026-10-07T20:14:01.1738404Z [  26% ] [90m[1m_update_scan_actions[22m | Rock030_1K-JPG_Roughness.jpg[39m[0m
2026-10-07T20:14:01.1739273Z [  27% ] [90m[1m_update_scan_actions[22m | ranger-native65.glb[39m[0m
2026-10-07T20:14:01.1740068Z [  28% ] [90m[1m_update_scan_actions[22m | archive_bay.glb[39m[0m
2026-10-07T20:14:01.1740887Z [  29% ] [90m[1m_update_scan_actions[22m | archive_bay_broken.glb[39m[0m
2026-10-07T20:14:01.1741684Z [  30% ] [90m[1m_update_scan_actions[22m | archive_end.glb[39m[0m
2026-10-07T20:14:01.1742469Z [  31% ] [90m[1m_update_scan_actions[22m | archive_return.glb[39m[0m
2026-10-07T20:14:01.1743268Z [  31% ] [90m[1m_update_scan_actions[22m | archive_solid.glb[39m[0m
2026-10-07T20:14:01.1744045Z [  32% ] [90m[1m_update_scan_actions[22m | citadel_bay.glb[39m[0m
2026-10-07T20:14:01.1744857Z [  33% ] [90m[1m_update_scan_actions[22m | citadel_bay_broken.glb[39m[0m
2026-10-07T20:14:01.1745652Z [  34% ] [90m[1m_update_scan_actions[22m | citadel_end.glb[39m[0m
2026-10-07T20:14:01.1746602Z [  35% ] [90m[1m_update_scan_actions[22m | citadel_return.glb[39m[0m
2026-10-07T20:14:01.1747410Z [  36% ] [90m[1m_update_scan_actions[22m | citadel_solid.glb[39m[0m
2026-10-07T20:14:01.1748183Z [  37% ] [90m[1m_update_scan_actions[22m | ossuary_bay.glb[39m[0m
2026-10-07T20:14:01.1749165Z [  37% ] [90m[1m_update_scan_actions[22m | ossuary_bay_broken.glb[39m[0m
2026-10-07T20:14:01.1750702Z [  38% ] [90m[1m_update_scan_actions[22m | ossuary_end.glb[39m[0m
2026-10-07T20:14:01.1751691Z [  39% ] [90m[1m_update_scan_actions[22m | ossuary_return.glb[39m[0m
2026-10-07T20:14:01.1752504Z [  40% ] [90m[1m_update_scan_actions[22m | ossuary_solid.glb[39m[0m
2026-10-07T20:14:01.1753279Z [  41% ] [90m[1m_update_scan_actions[22m | spire_bay.glb[39m[0m
2026-10-07T20:14:01.1754076Z [  42% ] [90m[1m_update_scan_actions[22m | spire_bay_broken.glb[39m[0m
2026-10-07T20:14:01.1754857Z [  43% ] [90m[1m_update_scan_actions[22m | spire_end.glb[39m[0m
2026-10-07T20:14:01.1755621Z [  43% ] [90m[1m_update_scan_actions[22m | spire_return.glb[39m[0m
2026-10-07T20:14:01.1756549Z [  44% ] [90m[1m_update_scan_actions[22m | spire_solid.glb[39m[0m
2026-10-07T20:14:01.1757350Z [  45% ] [90m[1m_update_scan_actions[22m | bulwark-fitted.glb[39m[0m
2026-10-07T20:14:01.1758149Z [  46% ] [90m[1m_update_scan_actions[22m | elite-fitted.glb[39m[0m
2026-10-07T20:14:01.1758966Z [  47% ] [90m[1m_update_scan_actions[22m | guardian_0-fitted.glb[39m[0m
2026-10-07T20:14:01.1759810Z [  48% ] [90m[1m_update_scan_actions[22m | guardian_1-fitted.glb[39m[0m
2026-10-07T20:14:01.1760643Z [  49% ] [90m[1m_update_scan_actions[22m | guardian_2-fitted.glb[39m[0m
2026-10-07T20:14:01.1761481Z [  50% ] [90m[1m_update_scan_actions[22m | guardian_3-fitted.glb[39m[0m
2026-10-07T20:14:01.1762282Z [  50% ] [90m[1m_update_scan_actions[22m | hexer-fitted.glb[39m[0m
2026-10-07T20:14:01.1763135Z [  51% ] [90m[1m_update_scan_actions[22m | male-clothing-native65.glb[39m[0m
2026-10-07T20:14:01.1763962Z [  52% ] [90m[1m_update_scan_actions[22m | arcanist.glb[39m[0m
2026-10-07T20:14:01.1764730Z [  53% ] [90m[1m_update_scan_actions[22m | staff-grip053.glb[39m[0m
2026-10-07T20:14:01.1765530Z [  54% ] [90m[1m_update_scan_actions[22m | nyra-attire054.glb[39m[0m
2026-10-07T20:14:01.1766572Z [  55% ] [90m[1m_update_scan_actions[22m | archive_reliquary.glb[39m[0m
2026-10-07T20:14:01.1767430Z [  56% ] [90m[1m_update_scan_actions[22m | citadel_reliquary.glb[39m[0m
2026-10-07T20:14:01.1768269Z [  56% ] [90m[1m_update_scan_actions[22m | ossuary_reliquary.glb[39m[0m
2026-10-07T20:14:01.1769105Z [  57% ] [90m[1m_update_scan_actions[22m | spire_reliquary.glb[39m[0m
2026-10-07T20:14:01.1770093Z [  58% ] [90m[1m_update_scan_actions[22m | axe-fitted.glb[39m[0m
2026-10-07T20:14:01.1770863Z [  59% ] [90m[1m_update_scan_actions[22m | axe-original.glb[39m[0m
2026-10-07T20:14:01.1771663Z [  60% ] [90m[1m_update_scan_actions[22m | raider-native65.glb[39m[0m
2026-10-07T20:14:01.1772448Z [  61% ] [90m[1m_update_scan_actions[22m | arcanist.glb[39m[0m
2026-10-07T20:14:01.1773186Z [  62% ] [90m[1m_update_scan_actions[22m | bone_arch.glb[39m[0m
2026-10-07T20:14:01.1773949Z [  62% ] [90m[1m_update_scan_actions[22m | broken_pillar.glb[39m[0m
2026-10-07T20:14:01.1774704Z [  63% ] [90m[1m_update_scan_actions[22m | bulwark.glb[39m[0m
2026-10-07T20:14:01.1775449Z [  64% ] [90m[1m_update_scan_actions[22m | carved_tomb.glb[39m[0m
2026-10-07T20:14:01.1776528Z [  65% ] [90m[1m_update_scan_actions[22m | ceremonial_brazier.glb[39m[0m
2026-10-07T20:14:01.1777380Z [  66% ] [90m[1m_update_scan_actions[22m | drowned_library.glb[39m[0m
2026-10-07T20:14:01.1778154Z [  67% ] [90m[1m_update_scan_actions[22m | elite.glb[39m[0m
2026-10-07T20:14:01.1778928Z [  68% ] [90m[1m_update_scan_actions[22m | expedition_table.glb[39m[0m
2026-10-07T20:14:01.1779725Z [  68% ] [90m[1m_update_scan_actions[22m | field_forge.glb[39m[0m
2026-10-07T20:14:01.1780615Z [  69% ] [90m[1m_update_scan_actions[22m | furnace.glb[39m[0m
2026-10-07T20:14:01.1781394Z [  70% ] [90m[1m_update_scan_actions[22m | furnace_throne.glb[39m[0m
2026-10-07T20:14:01.1782174Z [  71% ] [90m[1m_update_scan_actions[22m | gothic_arch.glb[39m[0m
2026-10-07T20:14:01.1782926Z [  72% ] [90m[1m_update_scan_actions[22m | guardian_0.glb[39m[0m
2026-10-07T20:14:01.1783668Z [  73% ] [90m[1m_update_scan_actions[22m | guardian_1.glb[39m[0m
2026-10-07T20:14:01.1784596Z [  74% ] [90m[1m_update_scan_actions[22m | guardian_2.glb[39m[0m
2026-10-07T20:14:01.1785353Z [  75% ] [90m[1m_update_scan_actions[22m | guardian_3.glb[39m[0m
2026-10-07T20:14:01.1786114Z [  75% ] [90m[1m_update_scan_actions[22m | hanging_bell.glb[39m[0m
2026-10-07T20:14:01.1787053Z [  76% ] [90m[1m_update_scan_actions[22m | hexer.glb[39m[0m
2026-10-07T20:14:01.1787805Z [  77% ] [90m[1m_update_scan_actions[22m | leaded_lancet.glb[39m[0m
2026-10-07T20:14:01.1788588Z [  78% ] [90m[1m_update_scan_actions[22m | pilgrim_well.glb[39m[0m
2026-10-07T20:14:01.1789330Z [  79% ] [90m[1m_update_scan_actions[22m | pillar.glb[39m[0m
2026-10-07T20:14:01.1790041Z [  80% ] [90m[1m_update_scan_actions[22m | raider.glb[39m[0m
2026-10-07T20:14:01.1790745Z [  81% ] [90m[1m_update_scan_actions[22m | ranger.glb[39m[0m
2026-10-07T20:14:01.1791510Z [  81% ] [90m[1m_update_scan_actions[22m | reliquary_altar.glb[39m[0m
2026-10-07T20:14:01.1792319Z [  82% ] [90m[1m_update_scan_actions[22m | ruined_vault.glb[39m[0m
2026-10-07T20:14:01.1793166Z [  83% ] [90m[1m_update_scan_actions[22m | sanctuary_intarsia.glb[39m[0m
2026-10-07T20:14:01.1793973Z [  84% ] [90m[1m_update_scan_actions[22m | seal_shrine.glb[39m[0m
2026-10-07T20:14:01.1794740Z [  85% ] [90m[1m_update_scan_actions[22m | vowkeeper.glb[39m[0m
2026-10-07T20:14:01.1795475Z [  86% ] [90m[1m_update_scan_actions[22m | archive.png[39m[0m
2026-10-07T20:14:01.1796190Z [  87% ] [90m[1m_update_scan_actions[22m | camp.png[39m[0m
2026-10-07T20:14:01.1797092Z [  87% ] [90m[1m_update_scan_actions[22m | citadel.png[39m[0m
2026-10-07T20:14:01.1797825Z [  88% ] [90m[1m_update_scan_actions[22m | ossuary.png[39m[0m
2026-10-07T20:14:01.1798544Z [  89% ] [90m[1m_update_scan_actions[22m | spire.png[39m[0m
2026-10-07T20:14:01.1799647Z [  90% ] [90m[1m_update_scan_actions[22m | camp-matte.png[39m[0m
2026-10-07T20:14:01.1801229Z [  91% ] [90m[1m_update_scan_actions[22m | camp-stations.png[39m[0m
2026-10-07T20:14:01.1803475Z [  92% ] [90m[1m_update_scan_actions[22m | painted-stone.png[39m[0m
2026-10-07T20:14:01.1804816Z [  93% ] [90m[1m_update_scan_actions[22m | region-atlas.png[39m[0m
2026-10-07T20:14:01.1806889Z [  93% ] [90m[1m_update_scan_actions[22m | app_icon.png[39m[0m
2026-10-07T20:14:01.1808988Z [  94% ] [90m[1m_update_scan_actions[22m | app_icon.svg[39m[0m
2026-10-07T20:14:01.1810383Z [  95% ] [90m[1m_update_scan_actions[22m | cinder_knight.webp[39m[0m
2026-10-07T20:14:01.1812509Z [  96% ] [90m[1m_update_scan_actions[22m | hollow_spire_corridor.webp[39m[0m
2026-10-07T20:14:01.1814322Z [  97% ] [90m[1m_update_scan_actions[22m | nyra_portrait.webp[39m[0m
2026-10-07T20:14:01.1816240Z [  98% ] [90m[1m_update_scan_actions[22m | nyra_runner.webp[39m[0m
2026-10-07T20:14:01.1817161Z [92m[ DONE ][39m [1m_update_scan_actions[22m
2026-10-07T20:14:01.1817711Z [0m
2026-10-07T20:14:01.1818390Z [   0% ] [90m[1mreimport[22m | Started (Re)Importing Assets (115 steps)[39m[0m
2026-10-07T20:14:01.1818953Z [   0% ] [90m[1mreimport[22m | Preparing files to reimport...[39m[0m
2026-10-07T20:14:01.1820551Z [   0% ] [90m[1mreimport[22m | Preparing files to reimport...[39m[0m
2026-10-07T20:14:01.1822078Z [   1% ] [90m[1mreimport[22m | Preparing files to reimport...[39m[0m
2026-10-07T20:14:01.1823756Z [   2% ] [90m[1mreimport[22m | Preparing files to reimport...[39m[0m
2026-10-07T20:14:01.1825442Z [   3% ] [90m[1mreimport[22m | Preparing files to reimport...[39m[0m
2026-10-07T20:14:01.1827463Z [   4% ] [90m[1mreimport[22m | Preparing files to reimport...[39m[0m
2026-10-07T20:14:01.1829167Z [   5% ] [90m[1mreimport[22m | Preparing files to reimport...[39m[0m
2026-10-07T20:14:01.1830818Z [   6% ] [90m[1mreimport[22m | Preparing files to reimport...[39m[0m
2026-10-07T20:14:01.1832499Z [   6% ] [90m[1mreimport[22m | Preparing files to reimport...[39m[0m
2026-10-07T20:14:01.1834209Z [   7% ] [90m[1mreimport[22m | Preparing files to reimport...[39m[0m
2026-10-07T20:14:01.1836684Z [   8% ] [90m[1mreimport[22m | Preparing files to reimport...[39m[0m
2026-10-07T20:14:01.1838028Z [   9% ] [90m[1mreimport[22m | Preparing files to reimport...[39m[0m
2026-10-07T20:14:01.1839649Z [  10% ] [90m[1mreimport[22m | Preparing files to reimport...[39m[0m
2026-10-07T20:14:01.1841255Z [  11% ] [90m[1mreimport[22m | Preparing files to reimport...[39m[0m
2026-10-07T20:14:01.1842838Z [  12% ] [90m[1mreimport[22m | Preparing files to reimport...[39m[0m
2026-10-07T20:14:01.1844439Z [  12% ] [90m[1mreimport[22m | Preparing files to reimport...[39m[0m
2026-10-07T20:14:01.1846490Z [  13% ] [90m[1mreimport[22m | Preparing files to reimport...[39m[0m
2026-10-07T20:14:01.1848108Z [  14% ] [90m[1mreimport[22m | Preparing files to reimport...[39m[0m
2026-10-07T20:14:01.1849748Z [  15% ] [90m[1mreimport[22m | Preparing files to reimport...[39m[0m
2026-10-07T20:14:01.1851329Z [  16% ] [90m[1mreimport[22m | Preparing files to reimport...[39m[0m
2026-10-07T20:14:01.1852901Z [  17% ] [90m[1mreimport[22m | Preparing files to reimport...[39m[0m
2026-10-07T20:14:01.1854350Z [  18% ] [90m[1mreimport[22m | Preparing files to reimport...[39m[0m
2026-10-07T20:14:01.1856074Z [  18% ] [90m[1mreimport[22m | Preparing files to reimport...[39m[0m
2026-10-07T20:14:01.1858279Z [  19% ] [90m[1mreimport[22m | Preparing files to reimport...[39m[0m
2026-10-07T20:14:01.1860179Z [  20% ] [90m[1mreimport[22m | Preparing files to reimport...[39m[0m
2026-10-07T20:14:01.1862052Z [  21% ] [90m[1mreimport[22m | Preparing files to reimport...[39m[0m
2026-10-07T20:14:01.1863737Z [  22% ] [90m[1mreimport[22m | Preparing files to reimport...[39m[0m
2026-10-07T20:14:01.1865404Z [  23% ] [90m[1mreimport[22m | Preparing files to reimport...[39m[0m
2026-10-07T20:14:01.1867380Z [  24% ] [90m[1mreimport[22m | Preparing files to reimport...[39m[0m
2026-10-07T20:14:01.1869052Z [  25% ] [90m[1mreimport[22m | Preparing files to reimport...[39m[0m
2026-10-07T20:14:01.1870936Z [  25% ] [90m[1mreimport[22m | Preparing files to reimport...[39m[0m
2026-10-07T20:14:01.1872803Z [  26% ] [90m[1mreimport[22m | Preparing files to reimport...[39m[0m
2026-10-07T20:14:01.1874751Z [  27% ] [90m[1mreimport[22m | Preparing files to reimport...[39m[0m
2026-10-07T20:14:01.1876745Z [  28% ] [90m[1mreimport[22m | Preparing files to reimport...[39m[0m
2026-10-07T20:14:01.1878524Z [  29% ] [90m[1mreimport[22m | Preparing files to reimport...[39m[0m
2026-10-07T20:14:01.1880173Z [  30% ] [90m[1mreimport[22m | Preparing files to reimport...[39m[0m
2026-10-07T20:14:01.1881760Z [  31% ] [90m[1mreimport[22m | Preparing files to reimport...[39m[0m
2026-10-07T20:14:01.1883360Z [  31% ] [90m[1mreimport[22m | Preparing files to reimport...[39m[0m
2026-10-07T20:14:01.1884976Z [  32% ] [90m[1mreimport[22m | Preparing files to reimport...[39m[0m
2026-10-07T20:14:01.1886817Z [  33% ] [90m[1mreimport[22m | Preparing files to reimport...[39m[0m
2026-10-07T20:14:01.1888930Z [  34% ] [90m[1mreimport[22m | Preparing files to reimport...[39m[0m
2026-10-07T20:14:01.1890404Z [  35% ] [90m[1mreimport[22m | Preparing files to reimport...[39m[0m
2026-10-07T20:14:01.1892132Z [  36% ] [90m[1mreimport[22m | Preparing files to reimport...[39m[0m
2026-10-07T20:14:01.1893854Z [  37% ] [90m[1mreimport[22m | Preparing files to reimport...[39m[0m
2026-10-07T20:14:01.1895477Z [  37% ] [90m[1mreimport[22m | Preparing files to reimport...[39m[0m
2026-10-07T20:14:01.1897439Z [  38% ] [90m[1mreimport[22m | Preparing files to reimport...[39m[0m
2026-10-07T20:14:01.1899069Z [  39% ] [90m[1mreimport[22m | Preparing files to reimport...[39m[0m
2026-10-07T20:14:01.1900769Z [  40% ] [90m[1mreimport[22m | Preparing files to reimport...[39m[0m
2026-10-07T20:14:01.1902421Z [  41% ] [90m[1mreimport[22m | Preparing files to reimport...[39m[0m
2026-10-07T20:14:01.1904046Z [  42% ] [90m[1mreimport[22m | Preparing files to reimport...[39m[0m
2026-10-07T20:14:01.1906001Z [  43% ] [90m[1mreimport[22m | Preparing files to reimport...[39m[0m
2026-10-07T20:14:01.1907678Z [  43% ] [90m[1mreimport[22m | Preparing files to reimport...[39m[0m
2026-10-07T20:14:01.1909354Z [  44% ] [90m[1mreimport[22m | Preparing files to reimport...[39m[0m
2026-10-07T20:14:01.1910975Z [  45% ] [90m[1mreimport[22m | Preparing files to reimport...[39m[0m
2026-10-07T20:14:01.1912718Z [  46% ] [90m[1mreimport[22m | Preparing files to reimport...[39m[0m
2026-10-07T20:14:01.1914356Z [  47% ] [90m[1mreimport[22m | Preparing files to reimport...[39m[0m
2026-10-07T20:14:01.1916010Z [  48% ] [90m[1mreimport[22m | Preparing files to reimport...[39m[0m
2026-10-07T20:14:01.1917990Z [  49% ] [90m[1mreimport[22m | Preparing files to reimport...[39m[0m
2026-10-07T20:14:01.1919634Z [  50% ] [90m[1mreimport[22m | Preparing files to reimport...[39m[0m
2026-10-07T20:14:01.1921340Z [  50% ] [90m[1mreimport[22m | Preparing files to reimport...[39m[0m
2026-10-07T20:14:01.1923042Z [  51% ] [90m[1mreimport[22m | Preparing files to reimport...[39m[0m
2026-10-07T20:14:01.1924692Z [  52% ] [90m[1mreimport[22m | Preparing files to reimport...[39m[0m
2026-10-07T20:14:01.1926594Z [  53% ] [90m[1mreimport[22m | Preparing files to reimport...[39m[0m
2026-10-07T20:14:01.1928321Z [  54% ] [90m[1mreimport[22m | Preparing files to reimport...[39m[0m
2026-10-07T20:14:01.1929970Z [  55% ] [90m[1mreimport[22m | Preparing files to reimport...[39m[0m
2026-10-07T20:14:01.1931642Z [  56% ] [90m[1mreimport[22m | Preparing files to reimport...[39m[0m
2026-10-07T20:14:01.1933282Z [  56% ] [90m[1mreimport[22m | Preparing files to reimport...[39m[0m
2026-10-07T20:14:01.1934921Z [  57% ] [90m[1mreimport[22m | Preparing files to reimport...[39m[0m
2026-10-07T20:14:01.1936752Z [  58% ] [90m[1mreimport[22m | Preparing files to reimport...[39m[0m
2026-10-07T20:14:01.1938430Z [  59% ] [90m[1mreimport[22m | Preparing files to reimport...[39m[0m
2026-10-07T20:14:01.1940124Z [  60% ] [90m[1mreimport[22m | Preparing files to reimport...[39m[0m
2026-10-07T20:14:01.1941737Z [  61% ] [90m[1mreimport[22m | Preparing files to reimport...[39m[0m
2026-10-07T20:14:01.1943327Z [  62% ] [90m[1mreimport[22m | Preparing files to reimport...[39m[0m
2026-10-07T20:14:01.1944857Z [  62% ] [90m[1mreimport[22m | Preparing files to reimport...[39m[0m
2026-10-07T20:14:01.1946610Z [  63% ] [90m[1mreimport[22m | Preparing files to reimport...[39m[0m
2026-10-07T20:14:01.1948201Z [  64% ] [90m[1mreimport[22m | Preparing files to reimport...[39m[0m
2026-10-07T20:14:01.1949742Z [  65% ] [90m[1mreimport[22m | Preparing files to reimport...[39m[0m
2026-10-07T20:14:01.1951316Z [  66% ] [90m[1mreimport[22m | Preparing files to reimport...[39m[0m
2026-10-07T20:14:01.1952879Z [  67% ] [90m[1mreimport[22m | Preparing files to reimport...[39m[0m
2026-10-07T20:14:01.1954453Z [  68% ] [90m[1mreimport[22m | Preparing files to reimport...[39m[0m
2026-10-07T20:14:01.1956025Z [  68% ] [90m[1mreimport[22m | Preparing files to reimport...[39m[0m
2026-10-07T20:14:01.1957860Z [  69% ] [90m[1mreimport[22m | Preparing files to reimport...[39m[0m
2026-10-07T20:14:01.1959431Z [  70% ] [90m[1mreimport[22m | Preparing files to reimport...[39m[0m
2026-10-07T20:14:01.1960992Z [  71% ] [90m[1mreimport[22m | Preparing files to reimport...[39m[0m
2026-10-07T20:14:01.1962532Z [  72% ] [90m[1mreimport[22m | Preparing files to reimport...[39m[0m
2026-10-07T20:14:01.1964071Z [  73% ] [90m[1mreimport[22m | Preparing files to reimport...[39m[0m
2026-10-07T20:14:01.1965592Z [  74% ] [90m[1mreimport[22m | Preparing files to reimport...[39m[0m
2026-10-07T20:14:01.1967374Z [  75% ] [90m[1mreimport[22m | Preparing files to reimport...[39m[0m
2026-10-07T20:14:01.1968907Z [  75% ] [90m[1mreimport[22m | Preparing files to reimport...[39m[0m
2026-10-07T20:14:01.1970454Z [  76% ] [90m[1mreimport[22m | Preparing files to reimport...[39m[0m
2026-10-07T20:14:01.1972156Z [  77% ] [90m[1mreimport[22m | Preparing files to reimport...[39m[0m
2026-10-07T20:14:01.1973502Z [  78% ] [90m[1mreimport[22m | Preparing files to reimport...[39m[0m
2026-10-07T20:14:01.1975059Z [  79% ] [90m[1mreimport[22m | Preparing files to reimport...[39m[0m
2026-10-07T20:14:01.1976811Z [  80% ] [90m[1mreimport[22m | Preparing files to reimport...[39m[0m
2026-10-07T20:14:01.1978486Z [  81% ] [90m[1mreimport[22m | Preparing files to reimport...[39m[0m
2026-10-07T20:14:01.1980046Z [  81% ] [90m[1mreimport[22m | Preparing files to reimport...[39m[0m
2026-10-07T20:14:01.1981607Z [  82% ] [90m[1mreimport[22m | Preparing files to reimport...[39m[0m
2026-10-07T20:14:01.1983175Z [  83% ] [90m[1mreimport[22m | Preparing files to reimport...[39m[0m
2026-10-07T20:14:01.1984686Z [  84% ] [90m[1mreimport[22m | Preparing files to reimport...[39m[0m
2026-10-07T20:14:01.1986205Z [  85% ] [90m[1mreimport[22m | Preparing files to reimport...[39m[0m
2026-10-07T20:14:01.1988045Z [  86% ] [90m[1mreimport[22m | Preparing files to reimport...[39m[0m
2026-10-07T20:14:01.1989765Z [  87% ] [90m[1mreimport[22m | Preparing files to reimport...[39m[0m
2026-10-07T20:14:01.1991389Z [  87% ] [90m[1mreimport[22m | Preparing files to reimport...[39m[0m
2026-10-07T20:14:01.1993199Z [  88% ] [90m[1mreimport[22m | Preparing files to reimport...[39m[0m
2026-10-07T20:14:01.1994946Z [  89% ] [90m[1mreimport[22m | Preparing files to reimport...[39m[0m
2026-10-07T20:14:01.1996795Z [  90% ] [90m[1mreimport[22m | Preparing files to reimport...[39m[0m
2026-10-07T20:14:01.1998447Z [  91% ] [90m[1mreimport[22m | Preparing files to reimport...[39m[0m
2026-10-07T20:14:01.2000043Z [  92% ] [90m[1mreimport[22m | Preparing files to reimport...[39m[0m
2026-10-07T20:14:01.2001651Z [  93% ] [90m[1mreimport[22m | Preparing files to reimport...[39m[0m
2026-10-07T20:14:01.2003263Z [  93% ] [90m[1mreimport[22m | Preparing files to reimport...[39m[0m
2026-10-07T20:14:01.2004735Z [  94% ] [90m[1mreimport[22m | Preparing files to reimport...[39m[0m
2026-10-07T20:14:01.2006478Z [  95% ] [90m[1mreimport[22m | Preparing files to reimport...[39m[0m
2026-10-07T20:14:01.2008083Z [  96% ] [90m[1mreimport[22m | Preparing files to reimport...[39m[0m
2026-10-07T20:14:01.2009586Z [  97% ] [90m[1mreimport[22m | Preparing files to reimport...[39m[0m
2026-10-07T20:14:01.2011147Z [  98% ] [90m[1mreimport[22m | Preparing files to reimport...[39m[0m
2026-10-07T20:14:01.2012975Z [   0% ] [90m[1mreimport[22m | Executing pre-reimport operations...[39m[0m
2026-10-07T20:14:01.2025737Z [   0% ] [90m[1mpreload_reimporting_scene[22m | Started Preparing scenes for reload (1 steps)[39m[0m
2026-10-07T20:14:01.2027244Z [   0% ] [90m[1mpreload_reimporting_scene[22m | Analyzing scene [empty][39m[0m
2026-10-07T20:14:01.2028202Z [  50% ] [90m[1mpreload_reimporting_scene[22m | Preparation done.[39m[0m
2026-10-07T20:14:01.2028966Z [92m[ DONE ][39m [1mpreload_reimporting_scene[22m
2026-10-07T20:14:01.2029465Z [0m
2026-10-07T20:14:01.2029887Z [   0% ] [90m[1mreimport[22m | Lora.ttf[39m[0m
2026-10-07T20:14:01.2073438Z [   0% ] [90m[1mreimport[22m | Cinzel.ttf[39m[0m
2026-10-07T20:14:01.2093725Z [   1% ] [90m[1mreimport[22m | Lora.ttf[39m[0m
2026-10-07T20:14:01.3727759Z [   2% ] [90m[1mreimport[22m | Cinzel.ttf[39m[0m
2026-10-07T20:14:01.5197670Z [   3% ] [90m[1mreimport[22m | Metal063_1K-JPG_Color.jpg[39m[0m
2026-10-07T20:14:01.6354162Z [   4% ] [90m[1mreimport[22m | Metal063_1K-JPG_Roughness.jpg[39m[0m
2026-10-07T20:14:01.6481925Z [   5% ] [90m[1mreimport[22m | nyra-face-albedo.png[39m[0m
2026-10-07T20:14:01.7277850Z [   6% ] [90m[1mreimport[22m | ruin-floor-albedo.png[39m[0m
2026-10-07T20:14:01.7787762Z [   6% ] [90m[1mreimport[22m | Rock030_1K-JPG_Color.jpg[39m[0m
2026-10-07T20:14:01.9162590Z [   7% ] [90m[1mreimport[22m | Rock030_1K-JPG_NormalGL.jpg[39m[0m
2026-10-07T20:14:02.2858384Z [   8% ] [90m[1mreimport[22m | Rock030_1K-JPG_Roughness.jpg[39m[0m
2026-10-07T20:14:02.2977486Z [   9% ] [90m[1mreimport[22m | archive.png[39m[0m
2026-10-07T20:14:02.4397656Z [  10% ] [90m[1mreimport[22m | camp.png[39m[0m
2026-10-07T20:14:02.7787624Z [  11% ] [90m[1mreimport[22m | citadel.png[39m[0m
2026-10-07T20:14:02.8177578Z [  12% ] [90m[1mreimport[22m | ossuary.png[39m[0m
2026-10-07T20:14:03.0987527Z [  12% ] [90m[1mreimport[22m | spire.png[39m[0m
2026-10-07T20:14:03.2487467Z [  13% ] [90m[1mreimport[22m | camp-matte.png[39m[0m
2026-10-07T20:14:03.3317670Z [  14% ] [90m[1mreimport[22m | camp-stations.png[39m[0m
2026-10-07T20:14:03.4177540Z [  15% ] [90m[1mreimport[22m | painted-stone.png[39m[0m
2026-10-07T20:14:03.4837610Z [  16% ] [90m[1mreimport[22m | region-atlas.png[39m[0m
2026-10-07T20:14:03.6194326Z [  17% ] [90m[1mreimport[22m | app_icon.png[39m[0m
2026-10-07T20:14:03.7317442Z [  18% ] [90m[1mreimport[22m | app_icon.svg[39m[0m
2026-10-07T20:14:03.8257808Z [  18% ] [90m[1mreimport[22m | cinder_knight.webp[39m[0m
2026-10-07T20:14:03.8967870Z [  19% ] [90m[1mreimport[22m | hollow_spire_corridor.webp[39m[0m
2026-10-07T20:14:03.9327503Z [  20% ] [90m[1mreimport[22m | nyra_portrait.webp[39m[0m
2026-10-07T20:14:04.5387561Z [  21% ] [90m[1mreimport[22m | nyra_runner.webp[39m[0m
2026-10-07T20:14:04.5446799Z [  22% ] [90m[1mreimport[22m | arcanist.png[39m[0m
2026-10-07T20:14:04.6342627Z [  23% ] [90m[1mreimport[22m | bulwark.png[39m[0m
2026-10-07T20:14:05.3527754Z [  24% ] [90m[1mreimport[22m | elite.png[39m[0m
2026-10-07T20:14:05.4307793Z [  25% ] [90m[1mreimport[22m | guardian_0.png[39m[0m
2026-10-07T20:14:05.6201294Z [  25% ] [90m[1mreimport[22m | guardian_1.png[39m[0m
2026-10-07T20:14:06.1487932Z [  26% ] [90m[1mreimport[22m | guardian_2.png[39m[0m
2026-10-07T20:14:06.2837500Z [  27% ] [90m[1mreimport[22m | guardian_3.png[39m[0m
2026-10-07T20:14:06.3377842Z [  28% ] [90m[1mreimport[22m | hexer.png[39m[0m
2026-10-07T20:14:06.8483707Z [  29% ] [90m[1mreimport[22m | raider.png[39m[0m
2026-10-07T20:14:06.9507647Z [  30% ] [90m[1mreimport[22m | ranger.png[39m[0m
2026-10-07T20:14:07.0747771Z [  31% ] [90m[1mreimport[22m | vowkeeper.png[39m[0m
2026-10-07T20:14:07.9136426Z [  31% ] [90m[1mreimport[22m | arcanist.png[39m[0m
2026-10-07T20:14:08.0437719Z [  32% ] [90m[1mreimport[22m | guardian_0.png[39m[0m
2026-10-07T20:14:08.0546221Z [  33% ] [90m[1mreimport[22m | guardian_1.png[39m[0m
2026-10-07T20:14:08.2917827Z [  34% ] [90m[1mreimport[22m | guardian_2.png[39m[0m
2026-10-07T20:14:08.2937161Z [  35% ] [90m[1mreimport[22m | Bricks096_1K-PNG_Roughness.png[39m[0m
2026-10-07T20:14:08.4077990Z [  36% ] [90m[1mreimport[22m | Bricks096_1K-PNG_NormalGL.png[39m[0m
2026-10-07T20:14:09.0287247Z [  37% ] [90m[1mreimport[22m | Bricks096_1K-PNG_Color.png[39m[0m
2026-10-07T20:14:09.1047370Z [  37% ] [90m[1mreimport[22m | material-atlas.png[39m[0m
2026-10-07T20:14:09.4968377Z [  38% ] [90m[1mreimport[22m | vowkeeper.png[39m[0m
2026-10-07T20:14:09.9982978Z [  39% ] [90m[1mreimport[22m | ranger.png[39m[0m
2026-10-07T20:14:10.1394965Z [  40% ] [90m[1mreimport[22m | pilgrim_well.glb[39m[0m
2026-10-07T20:14:10.1398283Z [   0% ] [90m[1mimport[22m | Started Import Scene (104 steps)[39m[0m
2026-10-07T20:14:10.1399085Z [   0% ] [90m[1mimport[22m | Importing Scene...[39m[0m
2026-10-07T20:14:10.1525212Z [   1% ] [90m[1mimport[22m | Running Custom Script...[39m[0m
2026-10-07T20:14:10.1526135Z [  99% ] [90m[1mimport[22m | Saving...[39m[0m
2026-10-07T20:14:10.1557010Z [92m[ DONE ][39m [1mimport[22m
2026-10-07T20:14:10.1557783Z [0m
2026-10-07T20:14:10.1571003Z [  41% ] [90m[1mreimport[22m | leaded_lancet.glb[39m[0m
2026-10-07T20:14:10.1573829Z [   0% ] [90m[1mimport[22m | Started Import Scene (104 steps)[39m[0m
2026-10-07T20:14:10.1574840Z [   0% ] [90m[1mimport[22m | Importing Scene...[39m[0m
2026-10-07T20:14:10.1722662Z [   1% ] [90m[1mimport[22m | Running Custom Script...[39m[0m
2026-10-07T20:14:10.1723743Z [  99% ] [90m[1mimport[22m | Saving...[39m[0m
2026-10-07T20:14:10.1763263Z [92m[ DONE ][39m [1mimport[22m
2026-10-07T20:14:10.1764052Z [0m
2026-10-07T20:14:10.1790705Z [  42% ] [90m[1mreimport[22m | hexer.glb[39m[0m
2026-10-07T20:14:10.1793727Z [   0% ] [90m[1mimport[22m | Started Import Scene (104 steps)[39m[0m
2026-10-07T20:14:10.1794540Z [   0% ] [90m[1mimport[22m | Importing Scene...[39m[0m
2026-10-07T20:14:10.2603601Z [   1% ] [90m[1mimport[22m | Running Custom Script...[39m[0m
2026-10-07T20:14:10.2604619Z [  99% ] [90m[1mimport[22m | Saving...[39m[0m
2026-10-07T20:14:10.2764018Z [92m[ DONE ][39m [1mimport[22m
2026-10-07T20:14:10.2764894Z [0m
2026-10-07T20:14:10.2804631Z [  43% ] [90m[1mreimport[22m | hanging_bell.glb[39m[0m
2026-10-07T20:14:10.2807879Z [   0% ] [90m[1mimport[22m | Started Import Scene (104 steps)[39m[0m
2026-10-07T20:14:10.2808695Z [   0% ] [90m[1mimport[22m | Importing Scene...[39m[0m
2026-10-07T20:14:10.2934792Z [   1% ] [90m[1mimport[22m | Running Custom Script...[39m[0m
2026-10-07T20:14:10.2936010Z [  99% ] [90m[1mimport[22m | Saving...[39m[0m
2026-10-07T20:14:10.2969518Z [92m[ DONE ][39m [1mimport[22m
2026-10-07T20:14:10.2970268Z [0m
2026-10-07T20:14:10.2984862Z [  43% ] [90m[1mreimport[22m | guardian_3.glb[39m[0m
2026-10-07T20:14:10.2988028Z [   0% ] [90m[1mimport[22m | Started Import Scene (104 steps)[39m[0m
2026-10-07T20:14:10.2988841Z [   0% ] [90m[1mimport[22m | Importing Scene...[39m[0m
2026-10-07T20:14:10.3579145Z [   1% ] [90m[1mimport[22m | Running Custom Script...[39m[0m
2026-10-07T20:14:10.3580153Z [  99% ] [90m[1mimport[22m | Saving...[39m[0m
2026-10-07T20:14:10.3709253Z [92m[ DONE ][39m [1mimport[22m
2026-10-07T20:14:10.3709985Z [0m
2026-10-07T20:14:10.3742035Z [  44% ] [90m[1mreimport[22m | guardian_2.glb[39m[0m
2026-10-07T20:14:10.3744823Z [   0% ] [90m[1mimport[22m | Started Import Scene (104 steps)[39m[0m
2026-10-07T20:14:10.3745654Z [   0% ] [90m[1mimport[22m | Importing Scene...[39m[0m
2026-10-07T20:14:10.4601195Z [   1% ] [90m[1mimport[22m | Running Custom Script...[39m[0m
2026-10-07T20:14:10.4602433Z [  99% ] [90m[1mimport[22m | Saving...[39m[0m
2026-10-07T20:14:10.4758510Z [92m[ DONE ][39m [1mimport[22m
2026-10-07T20:14:10.4759103Z [0m
2026-10-07T20:14:10.4799228Z [  45% ] [90m[1mreimport[22m | guardian_1.glb[39m[0m
2026-10-07T20:14:10.4801361Z [   0% ] [90m[1mimport[22m | Started Import Scene (104 steps)[39m[0m
2026-10-07T20:14:10.4802223Z [   0% ] [90m[1mimport[22m | Importing Scene...[39m[0m
2026-10-07T20:14:10.5650551Z [   1% ] [90m[1mimport[22m | Running Custom Script...[39m[0m
2026-10-07T20:14:10.5651389Z [  99% ] [90m[1mimport[22m | Saving...[39m[0m
2026-10-07T20:14:10.5831101Z [92m[ DONE ][39m [1mimport[22m
2026-10-07T20:14:10.5831808Z [0m
2026-10-07T20:14:10.5872871Z [  46% ] [90m[1mreimport[22m | guardian_0.glb[39m[0m
2026-10-07T20:14:10.5874839Z [   0% ] [90m[1mimport[22m | Started Import Scene (104 steps)[39m[0m
2026-10-07T20:14:10.5875782Z [   0% ] [90m[1mimport[22m | Importing Scene...[39m[0m
2026-10-07T20:14:10.6595371Z [   1% ] [90m[1mimport[22m | Running Custom Script...[39m[0m
2026-10-07T20:14:10.6596060Z [  99% ] [90m[1mimport[22m | Saving...[39m[0m
2026-10-07T20:14:10.6745599Z [92m[ DONE ][39m [1mimport[22m
2026-10-07T20:14:10.6746680Z [0m
2026-10-07T20:14:10.6784508Z [  47% ] [90m[1mreimport[22m | gothic_arch.glb[39m[0m
2026-10-07T20:14:10.6786902Z [   0% ] [90m[1mimport[22m | Started Import Scene (104 steps)[39m[0m
2026-10-07T20:14:10.6787782Z [   0% ] [90m[1mimport[22m | Importing Scene...[39m[0m
2026-10-07T20:14:10.6964467Z [   1% ] [90m[1mimport[22m | Running Custom Script...[39m[0m
2026-10-07T20:14:10.6965389Z [  99% ] [90m[1mimport[22m | Saving...[39m[0m
2026-10-07T20:14:10.7003856Z [92m[ DONE ][39m [1mimport[22m
2026-10-07T20:14:10.7004338Z [0m
2026-10-07T20:14:10.7022872Z [  48% ] [90m[1mreimport[22m | furnace_throne.glb[39m[0m
2026-10-07T20:14:10.7024769Z [   0% ] [90m[1mimport[22m | Started Import Scene (104 steps)[39m[0m
2026-10-07T20:14:10.7025685Z [   0% ] [90m[1mimport[22m | Importing Scene...[39m[0m
2026-10-07T20:14:10.7106397Z [   1% ] [90m[1mimport[22m | Running Custom Script...[39m[0m
2026-10-07T20:14:10.7107287Z [  99% ] [90m[1mimport[22m | Saving...[39m[0m
2026-10-07T20:14:10.7134801Z [92m[ DONE ][39m [1mimport[22m
2026-10-07T20:14:10.7135385Z [0m
2026-10-07T20:14:10.7148731Z [  49% ] [90m[1mreimport[22m | furnace.glb[39m[0m
2026-10-07T20:14:10.7150836Z [   0% ] [90m[1mimport[22m | Started Import Scene (104 steps)[39m[0m
2026-10-07T20:14:10.7151690Z [   0% ] [90m[1mimport[22m | Importing Scene...[39m[0m
2026-10-07T20:14:10.7271910Z [   1% ] [90m[1mimport[22m | Running Custom Script...[39m[0m
2026-10-07T20:14:10.7272707Z [  99% ] [90m[1mimport[22m | Saving...[39m[0m
2026-10-07T20:14:10.7303952Z [92m[ DONE ][39m [1mimport[22m
2026-10-07T20:14:10.7304505Z [0m
2026-10-07T20:14:10.7318930Z [  50% ] [90m[1mreimport[22m | field_forge.glb[39m[0m
2026-10-07T20:14:10.7320994Z [   0% ] [90m[1mimport[22m | Started Import Scene (104 steps)[39m[0m
2026-10-07T20:14:10.7321838Z [   0% ] [90m[1mimport[22m | Importing Scene...[39m[0m
2026-10-07T20:14:10.7527078Z [   1% ] [90m[1mimport[22m | Running Custom Script...[39m[0m
2026-10-07T20:14:10.7527990Z [  99% ] [90m[1mimport[22m | Saving...[39m[0m
2026-10-07T20:14:10.7583990Z [92m[ DONE ][39m [1mimport[22m
2026-10-07T20:14:10.7584570Z [0m
2026-10-07T20:14:10.7604200Z [  50% ] [90m[1mreimport[22m | expedition_table.glb[39m[0m
2026-10-07T20:14:10.7617506Z [   0% ] [90m[1mimport[22m | Started Import Scene (104 steps)[39m[0m
2026-10-07T20:14:10.7618369Z [   0% ] [90m[1mimport[22m | Importing Scene...[39m[0m
2026-10-07T20:14:10.7750483Z [   1% ] [90m[1mimport[22m | Running Custom Script...[39m[0m
2026-10-07T20:14:10.7751366Z [  99% ] [90m[1mimport[22m | Saving...[39m[0m
2026-10-07T20:14:10.7796064Z [92m[ DONE ][39m [1mimport[22m
2026-10-07T20:14:10.7797143Z [0m
2026-10-07T20:14:10.7814175Z [  51% ] [90m[1mreimport[22m | elite.glb[39m[0m
2026-10-07T20:14:10.7816511Z [   0% ] [90m[1mimport[22m | Started Import Scene (104 steps)[39m[0m
2026-10-07T20:14:10.7817398Z [   0% ] [90m[1mimport[22m | Importing Scene...[39m[0m
2026-10-07T20:14:10.8351032Z [   1% ] [90m[1mimport[22m | Running Custom Script...[39m[0m
2026-10-07T20:14:10.8351885Z [  99% ] [90m[1mimport[22m | Saving...[39m[0m
2026-10-07T20:14:10.8467932Z [92m[ DONE ][39m [1mimport[22m
2026-10-07T20:14:10.8468508Z [0m
2026-10-07T20:14:10.8497542Z [  52% ] [90m[1mreimport[22m | drowned_library.glb[39m[0m
2026-10-07T20:14:10.8499625Z [   0% ] [90m[1mimport[22m | Started Import Scene (104 steps)[39m[0m
2026-10-07T20:14:10.8500474Z [   0% ] [90m[1mimport[22m | Importing Scene...[39m[0m
2026-10-07T20:14:10.9083784Z [   1% ] [90m[1mimport[22m | Running Custom Script...[39m[0m
2026-10-07T20:14:10.9084666Z [  99% ] [90m[1mimport[22m | Saving...[39m[0m
2026-10-07T20:14:10.9205992Z [92m[ DONE ][39m [1mimport[22m
2026-10-07T20:14:10.9208600Z [0m
2026-10-07T20:14:10.9254154Z [  53% ] [90m[1mreimport[22m | pillar.glb[39m[0m
2026-10-07T20:14:10.9257706Z [   0% ] [90m[1mimport[22m | Started Import Scene (104 steps)[39m[0m
2026-10-07T20:14:10.9258669Z [   0% ] [90m[1mimport[22m | Importing Scene...[39m[0m
2026-10-07T20:14:10.9335889Z [   1% ] [90m[1mimport[22m | Running Custom Script...[39m[0m
2026-10-07T20:14:10.9336884Z [  99% ] [90m[1mimport[22m | Saving...[39m[0m
2026-10-07T20:14:10.9357799Z [92m[ DONE ][39m [1mimport[22m
2026-10-07T20:14:10.9358261Z [0m
2026-10-07T20:14:10.9370391Z [  54% ] [90m[1mreimport[22m | raider.glb[39m[0m
2026-10-07T20:14:10.9373132Z [   0% ] [90m[1mimport[22m | Started Import Scene (104 steps)[39m[0m
2026-10-07T20:14:10.9374203Z [   0% ] [90m[1mimport[22m | Importing Scene...[39m[0m
2026-10-07T20:14:10.9835901Z [   1% ] [90m[1mimport[22m | Running Custom Script...[39m[0m
2026-10-07T20:14:10.9836875Z [  99% ] [90m[1mimport[22m | Saving...[39m[0m
2026-10-07T20:14:10.9923754Z [92m[ DONE ][39m [1mimport[22m
2026-10-07T20:14:10.9924235Z [0m
2026-10-07T20:14:10.9950767Z [  55% ] [90m[1mreimport[22m | ranger.glb[39m[0m
2026-10-07T20:14:10.9953669Z [   0% ] [90m[1mimport[22m | Started Import Scene (104 steps)[39m[0m
2026-10-07T20:14:10.9954469Z [   0% ] [90m[1mimport[22m | Importing Scene...[39m[0m
2026-10-07T20:14:11.0836959Z [   1% ] [90m[1mimport[22m | Running Custom Script...[39m[0m
2026-10-07T20:14:11.0837733Z [  99% ] [90m[1mimport[22m | Saving...[39m[0m
2026-10-07T20:14:11.1026169Z [92m[ DONE ][39m [1mimport[22m
2026-10-07T20:14:11.1027138Z [0m
2026-10-07T20:14:11.1069878Z [  56% ] [90m[1mreimport[22m | reliquary_altar.glb[39m[0m
2026-10-07T20:14:11.1072092Z [   0% ] [90m[1mimport[22m | Started Import Scene (104 steps)[39m[0m
2026-10-07T20:14:11.1072872Z [   0% ] [90m[1mimport[22m | Importing Scene...[39m[0m
2026-10-07T20:14:11.1242510Z [   1% ] [90m[1mimport[22m | Running Custom Script...[39m[0m
2026-10-07T20:14:11.1243240Z [  99% ] [90m[1mimport[22m | Saving...[39m[0m
2026-10-07T20:14:11.1290877Z [92m[ DONE ][39m [1mimport[22m
2026-10-07T20:14:11.1291354Z [0m
2026-10-07T20:14:11.1307275Z [  56% ] [90m[1mreimport[22m | ruined_vault.glb[39m[0m
2026-10-07T20:14:11.1309659Z [   0% ] [90m[1mimport[22m | Started Import Scene (104 steps)[39m[0m
2026-10-07T20:14:11.1310421Z [   0% ] [90m[1mimport[22m | Importing Scene...[39m[0m
2026-10-07T20:14:11.1418038Z [   1% ] [90m[1mimport[22m | Running Custom Script...[39m[0m
2026-10-07T20:14:11.1418736Z [  99% ] [90m[1mimport[22m | Saving...[39m[0m
2026-10-07T20:14:11.1447578Z [92m[ DONE ][39m [1mimport[22m
2026-10-07T20:14:11.1448092Z [0m
2026-10-07T20:14:11.1462519Z [  57% ] [90m[1mreimport[22m | sanctuary_intarsia.glb[39m[0m
2026-10-07T20:14:11.1464912Z [   0% ] [90m[1mimport[22m | Started Import Scene (104 steps)[39m[0m
2026-10-07T20:14:11.1465985Z [   0% ] [90m[1mimport[22m | Importing Scene...[39m[0m
2026-10-07T20:14:11.1629384Z [   1% ] [90m[1mimport[22m | Running Custom Script...[39m[0m
2026-10-07T20:14:11.1630103Z [  99% ] [90m[1mimport[22m | Saving...[39m[0m
2026-10-07T20:14:11.1668413Z [92m[ DONE ][39m [1mimport[22m
2026-10-07T20:14:11.1668943Z [0m
2026-10-07T20:14:11.1685295Z [  58% ] [90m[1mreimport[22m | seal_shrine.glb[39m[0m
2026-10-07T20:14:11.1687873Z [   0% ] [90m[1mimport[22m | Started Import Scene (104 steps)[39m[0m
2026-10-07T20:14:11.1688659Z [   0% ] [90m[1mimport[22m | Importing Scene...[39m[0m
2026-10-07T20:14:11.1757109Z [   1% ] [90m[1mimport[22m | Running Custom Script...[39m[0m
2026-10-07T20:14:11.1757808Z [  99% ] [90m[1mimport[22m | Saving...[39m[0m
2026-10-07T20:14:11.1783145Z [92m[ DONE ][39m [1mimport[22m
2026-10-07T20:14:11.1783700Z [0m
2026-10-07T20:14:11.1797323Z [  59% ] [90m[1mreimport[22m | vowkeeper.glb[39m[0m
2026-10-07T20:14:11.1799634Z [   0% ] [90m[1mimport[22m | Started Import Scene (104 steps)[39m[0m
2026-10-07T20:14:11.1800418Z [   0% ] [90m[1mimport[22m | Importing Scene...[39m[0m
2026-10-07T20:14:11.2639009Z [   1% ] [90m[1mimport[22m | Running Custom Script...[39m[0m
2026-10-07T20:14:11.2639765Z [  99% ] [90m[1mimport[22m | Saving...[39m[0m
2026-10-07T20:14:11.2829306Z [92m[ DONE ][39m [1mimport[22m
2026-10-07T20:14:11.2829819Z [0m
2026-10-07T20:14:11.2887781Z [  60% ] [90m[1mreimport[22m | citadel_bay.glb[39m[0m
2026-10-07T20:14:11.2890220Z [   0% ] [90m[1mimport[22m | Started Import Scene (104 steps)[39m[0m
2026-10-07T20:14:11.2890999Z [   0% ] [90m[1mimport[22m | Importing Scene...[39m[0m
2026-10-07T20:14:11.3033460Z [   1% ] [90m[1mimport[22m | Running Custom Script...[39m[0m
2026-10-07T20:14:11.3034227Z [  99% ] [90m[1mimport[22m | Saving...[39m[0m
2026-10-07T20:14:11.3086943Z [92m[ DONE ][39m [1mimport[22m
2026-10-07T20:14:11.3087589Z [0m
2026-10-07T20:14:11.3112746Z [  61% ] [90m[1mreimport[22m | archive_solid.glb[39m[0m
2026-10-07T20:14:11.3115059Z [   0% ] [90m[1mimport[22m | Started Import Scene (104 steps)[39m[0m
2026-10-07T20:14:11.3115846Z [   0% ] [90m[1mimport[22m | Importing Scene...[39m[0m
2026-10-07T20:14:11.3141267Z [   1% ] [90m[1mimport[22m | Running Custom Script...[39m[0m
2026-10-07T20:14:11.3141991Z [  99% ] [90m[1mimport[22m | Saving...[39m[0m
2026-10-07T20:14:11.3158575Z [92m[ DONE ][39m [1mimport[22m
2026-10-07T20:14:11.3159051Z [0m
2026-10-07T20:14:11.3170645Z [  62% ] [90m[1mreimport[22m | archive_return.glb[39m[0m
2026-10-07T20:14:11.3172850Z [   0% ] [90m[1mimport[22m | Started Import Scene (104 steps)[39m[0m
2026-10-07T20:14:11.3173619Z [   0% ] [90m[1mimport[22m | Importing Scene...[39m[0m
2026-10-07T20:14:11.3221295Z [   1% ] [90m[1mimport[22m | Running Custom Script...[39m[0m
2026-10-07T20:14:11.3222018Z [  99% ] [90m[1mimport[22m | Saving...[39m[0m
2026-10-07T20:14:11.3244875Z [92m[ DONE ][39m [1mimport[22m
2026-10-07T20:14:11.3245371Z [0m
2026-10-07T20:14:11.3259633Z [  62% ] [90m[1mreimport[22m | archive_end.glb[39m[0m
2026-10-07T20:14:11.3261781Z [   0% ] [90m[1mimport[22m | Started Import Scene (104 steps)[39m[0m
2026-10-07T20:14:11.3262636Z [   0% ] [90m[1mimport[22m | Importing Scene...[39m[0m
2026-10-07T20:14:11.3299075Z [   1% ] [90m[1mimport[22m | Running Custom Script...[39m[0m
2026-10-07T20:14:11.3299895Z [  99% ] [90m[1mimport[22m | Saving...[39m[0m
2026-10-07T20:14:11.3319209Z [92m[ DONE ][39m [1mimport[22m
2026-10-07T20:14:11.3319762Z [0m
2026-10-07T20:14:11.3332626Z [  63% ] [90m[1mreimport[22m | archive_bay_broken.glb[39m[0m
2026-10-07T20:14:11.3334766Z [   0% ] [90m[1mimport[22m | Started Import Scene (104 steps)[39m[0m
2026-10-07T20:14:11.3335631Z [   0% ] [90m[1mimport[22m | Importing Scene...[39m[0m
2026-10-07T20:14:11.3459729Z [   1% ] [90m[1mimport[22m | Running Custom Script...[39m[0m
2026-10-07T20:14:11.3460617Z [  99% ] [90m[1mimport[22m | Saving...[39m[0m
2026-10-07T20:14:11.3508098Z [92m[ DONE ][39m [1mimport[22m
2026-10-07T20:14:11.3508702Z [0m
2026-10-07T20:14:11.3533560Z [  64% ] [90m[1mreimport[22m | archive_bay.glb[39m[0m
2026-10-07T20:14:11.3535879Z [   0% ] [90m[1mimport[22m | Started Import Scene (104 steps)[39m[0m
2026-10-07T20:14:11.3536948Z [   0% ] [90m[1mimport[22m | Importing Scene...[39m[0m
2026-10-07T20:14:11.3662739Z [   1% ] [90m[1mimport[22m | Running Custom Script...[39m[0m
2026-10-07T20:14:11.3663601Z [  99% ] [90m[1mimport[22m | Saving...[39m[0m
2026-10-07T20:14:11.3710522Z [92m[ DONE ][39m [1mimport[22m
2026-10-07T20:14:11.3711012Z [0m
2026-10-07T20:14:11.3735486Z [  65% ] [90m[1mreimport[22m | ranger-native65.glb[39m[0m
2026-10-07T20:14:11.3738007Z [   0% ] [90m[1mimport[22m | Started Import Scene (104 steps)[39m[0m
2026-10-07T20:14:11.3738910Z [   0% ] [90m[1mimport[22m | Importing Scene...[39m[0m
2026-10-07T20:14:13.8150153Z [   1% ] [90m[1mimport[22m | Running Custom Script...[39m[0m
2026-10-07T20:14:13.8151112Z [  99% ] [90m[1mimport[22m | Saving...[39m[0m
2026-10-07T20:14:13.8359758Z [92m[ DONE ][39m [1mimport[22m
2026-10-07T20:14:13.8360418Z [0m
2026-10-07T20:14:13.8529201Z [  66% ] [90m[1mreimport[22m | guardian_2-fitted.glb[39m[0m
2026-10-07T20:14:13.8531346Z [   0% ] [90m[1mimport[22m | Started Import Scene (104 steps)[39m[0m
2026-10-07T20:14:13.8532134Z [   0% ] [90m[1mimport[22m | Importing Scene...[39m[0m
2026-10-07T20:14:13.8718391Z [   1% ] [90m[1mimport[22m | Running Custom Script...[39m[0m
2026-10-07T20:14:13.8719464Z [  99% ] [90m[1mimport[22m | Saving...[39m[0m
2026-10-07T20:14:13.8759882Z [92m[ DONE ][39m [1mimport[22m
2026-10-07T20:14:13.8760489Z [0m
2026-10-07T20:14:13.8777693Z [  67% ] [90m[1mreimport[22m | guardian_1-fitted.glb[39m[0m
2026-10-07T20:14:13.8780546Z [   0% ] [90m[1mimport[22m | Started Import Scene (104 steps)[39m[0m
2026-10-07T20:14:13.8781360Z [   0% ] [90m[1mimport[22m | Importing Scene...[39m[0m
2026-10-07T20:14:13.8969838Z [   1% ] [90m[1mimport[22m | Running Custom Script...[39m[0m
2026-10-07T20:14:13.8970751Z [  99% ] [90m[1mimport[22m | Saving...[39m[0m
2026-10-07T20:14:13.9011049Z [92m[ DONE ][39m [1mimport[22m
2026-10-07T20:14:13.9011663Z [0m
2026-10-07T20:14:13.9028873Z [  68% ] [90m[1mreimport[22m | guardian_0-fitted.glb[39m[0m
2026-10-07T20:14:13.9031220Z [   0% ] [90m[1mimport[22m | Started Import Scene (104 steps)[39m[0m
2026-10-07T20:14:13.9032001Z [   0% ] [90m[1mimport[22m | Importing Scene...[39m[0m
2026-10-07T20:14:13.9114753Z [   1% ] [90m[1mimport[22m | Running Custom Script...[39m[0m
2026-10-07T20:14:13.9115642Z [  99% ] [90m[1mimport[22m | Saving...[39m[0m
2026-10-07T20:14:13.9135714Z [92m[ DONE ][39m [1mimport[22m
2026-10-07T20:14:13.9136206Z [0m
2026-10-07T20:14:13.9149187Z [  68% ] [90m[1mreimport[22m | elite-fitted.glb[39m[0m
2026-10-07T20:14:13.9151511Z [   0% ] [90m[1mimport[22m | Started Import Scene (104 steps)[39m[0m
2026-10-07T20:14:13.9152321Z [   0% ] [90m[1mimport[22m | Importing Scene...[39m[0m
2026-10-07T20:14:13.9196306Z [   1% ] [90m[1mimport[22m | Running Custom Script...[39m[0m
2026-10-07T20:14:13.9197471Z [  99% ] [90m[1mimport[22m | Saving...[39m[0m
2026-10-07T20:14:13.9214585Z [92m[ DONE ][39m [1mimport[22m
2026-10-07T20:14:13.9215023Z [0m
2026-10-07T20:14:13.9225205Z [  69% ] [90m[1mreimport[22m | bulwark-fitted.glb[39m[0m
2026-10-07T20:14:13.9227640Z [   0% ] [90m[1mimport[22m | Started Import Scene (104 steps)[39m[0m
2026-10-07T20:14:13.9228403Z [   0% ] [90m[1mimport[22m | Importing Scene...[39m[0m
2026-10-07T20:14:13.9272268Z [   1% ] [90m[1mimport[22m | Running Custom Script...[39m[0m
2026-10-07T20:14:13.9272976Z [  99% ] [90m[1mimport[22m | Saving...[39m[0m
2026-10-07T20:14:13.9290950Z [92m[ DONE ][39m [1mimport[22m
2026-10-07T20:14:13.9291411Z [0m
2026-10-07T20:14:13.9303321Z [  70% ] [90m[1mreimport[22m | spire_solid.glb[39m[0m
2026-10-07T20:14:13.9305148Z [   0% ] [90m[1mimport[22m | Started Import Scene (104 steps)[39m[0m
2026-10-07T20:14:13.9317313Z [   0% ] [90m[1mimport[22m | Importing Scene...[39m[0m
2026-10-07T20:14:13.9343332Z [   1% ] [90m[1mimport[22m | Running Custom Script...[39m[0m
2026-10-07T20:14:13.9344050Z [  99% ] [90m[1mimport[22m | Saving...[39m[0m
2026-10-07T20:14:13.9344611Z [92m[ DONE ][39m [1mimport[22m
2026-10-07T20:14:13.9345047Z [0m
2026-10-07T20:14:13.9352112Z [  71% ] [90m[1mreimport[22m | spire_return.glb[39m[0m
2026-10-07T20:14:13.9354293Z [   0% ] [90m[1mimport[22m | Started Import Scene (104 steps)[39m[0m
2026-10-07T20:14:13.9355075Z [   0% ] [90m[1mimport[22m | Importing Scene...[39m[0m
2026-10-07T20:14:13.9391292Z [   1% ] [90m[1mimport[22m | Running Custom Script...[39m[0m
2026-10-07T20:14:13.9391992Z [  99% ] [90m[1mimport[22m | Saving...[39m[0m
2026-10-07T20:14:13.9412015Z [92m[ DONE ][39m [1mimport[22m
2026-10-07T20:14:13.9412470Z [0m
2026-10-07T20:14:13.9425275Z [  72% ] [90m[1mreimport[22m | spire_end.glb[39m[0m
2026-10-07T20:14:13.9427721Z [   0% ] [90m[1mimport[22m | Started Import Scene (104 steps)[39m[0m
2026-10-07T20:14:13.9428484Z [   0% ] [90m[1mimport[22m | Importing Scene...[39m[0m
2026-10-07T20:14:13.9459588Z [   1% ] [90m[1mimport[22m | Running Custom Script...[39m[0m
2026-10-07T20:14:13.9460434Z [  99% ] [90m[1mimport[22m | Saving...[39m[0m
2026-10-07T20:14:13.9476483Z [92m[ DONE ][39m [1mimport[22m
2026-10-07T20:14:13.9476924Z [0m
2026-10-07T20:14:13.9489353Z [  73% ] [90m[1mreimport[22m | spire_bay_broken.glb[39m[0m
2026-10-07T20:14:13.9491614Z [   0% ] [90m[1mimport[22m | Started Import Scene (104 steps)[39m[0m
2026-10-07T20:14:13.9492377Z [   0% ] [90m[1mimport[22m | Importing Scene...[39m[0m
2026-10-07T20:14:13.9604874Z [   1% ] [90m[1mimport[22m | Running Custom Script...[39m[0m
2026-10-07T20:14:13.9605767Z [  99% ] [90m[1mimport[22m | Saving...[39m[0m
2026-10-07T20:14:13.9648162Z [92m[ DONE ][39m [1mimport[22m
2026-10-07T20:14:13.9648727Z [0m
2026-10-07T20:14:13.9671947Z [  74% ] [90m[1mreimport[22m | spire_bay.glb[39m[0m
2026-10-07T20:14:13.9674524Z [   0% ] [90m[1mimport[22m | Started Import Scene (104 steps)[39m[0m
2026-10-07T20:14:13.9675454Z [   0% ] [90m[1mimport[22m | Importing Scene...[39m[0m
2026-10-07T20:14:13.9796564Z [   1% ] [90m[1mimport[22m | Running Custom Script...[39m[0m
2026-10-07T20:14:13.9797533Z [  99% ] [90m[1mimport[22m | Saving...[39m[0m
2026-10-07T20:14:13.9845119Z [92m[ DONE ][39m [1mimport[22m
2026-10-07T20:14:13.9845693Z [0m
2026-10-07T20:14:13.9869145Z [  75% ] [90m[1mreimport[22m | ossuary_solid.glb[39m[0m
2026-10-07T20:14:13.9871364Z [   0% ] [90m[1mimport[22m | Started Import Scene (104 steps)[39m[0m
2026-10-07T20:14:13.9872149Z [   0% ] [90m[1mimport[22m | Importing Scene...[39m[0m
2026-10-07T20:14:13.9893497Z [   1% ] [90m[1mimport[22m | Running Custom Script...[39m[0m
2026-10-07T20:14:13.9894212Z [  99% ] [90m[1mimport[22m | Saving...[39m[0m
2026-10-07T20:14:13.9908263Z [92m[ DONE ][39m [1mimport[22m
2026-10-07T20:14:13.9908754Z [0m
2026-10-07T20:14:13.9919648Z [  75% ] [90m[1mreimport[22m | ossuary_return.glb[39m[0m
2026-10-07T20:14:13.9922008Z [   0% ] [90m[1mimport[22m | Started Import Scene (104 steps)[39m[0m
2026-10-07T20:14:13.9922775Z [   0% ] [90m[1mimport[22m | Importing Scene...[39m[0m
2026-10-07T20:14:13.9961058Z [   1% ] [90m[1mimport[22m | Running Custom Script...[39m[0m
2026-10-07T20:14:13.9961927Z [  99% ] [90m[1mimport[22m | Saving...[39m[0m
2026-10-07T20:14:13.9980092Z [92m[ DONE ][39m [1mimport[22m
2026-10-07T20:14:13.9980567Z [0m
2026-10-07T20:14:13.9993892Z [  76% ] [90m[1mreimport[22m | ossuary_end.glb[39m[0m
2026-10-07T20:14:13.9996368Z [   0% ] [90m[1mimport[22m | Started Import Scene (104 steps)[39m[0m
2026-10-07T20:14:13.9997452Z [   0% ] [90m[1mimport[22m | Importing Scene...[39m[0m
2026-10-07T20:14:14.0031818Z [   1% ] [90m[1mimport[22m | Running Custom Script...[39m[0m
2026-10-07T20:14:14.0032669Z [  99% ] [90m[1mimport[22m | Saving...[39m[0m
2026-10-07T20:14:14.0050125Z [92m[ DONE ][39m [1mimport[22m
2026-10-07T20:14:14.0050584Z [0m
2026-10-07T20:14:14.0062931Z [  77% ] [90m[1mreimport[22m | ossuary_bay_broken.glb[39m[0m
2026-10-07T20:14:14.0065670Z [   0% ] [90m[1mimport[22m | Started Import Scene (104 steps)[39m[0m
2026-10-07T20:14:14.0066730Z [   0% ] [90m[1mimport[22m | Importing Scene...[39m[0m
2026-10-07T20:14:14.0216519Z [   1% ] [90m[1mimport[22m | Running Custom Script...[39m[0m
2026-10-07T20:14:14.0217287Z [  99% ] [90m[1mimport[22m | Saving...[39m[0m
2026-10-07T20:14:14.0270597Z [92m[ DONE ][39m [1mimport[22m
2026-10-07T20:14:14.0271136Z [0m
2026-10-07T20:14:14.0299587Z [  78% ] [90m[1mreimport[22m | ossuary_bay.glb[39m[0m
2026-10-07T20:14:14.0302205Z [   0% ] [90m[1mimport[22m | Started Import Scene (104 steps)[39m[0m
2026-10-07T20:14:14.0303015Z [   0% ] [90m[1mimport[22m | Importing Scene...[39m[0m
2026-10-07T20:14:14.0451333Z [   1% ] [90m[1mimport[22m | Running Custom Script...[39m[0m
2026-10-07T20:14:14.0452034Z [  99% ] [90m[1mimport[22m | Saving...[39m[0m
2026-10-07T20:14:14.0506169Z [92m[ DONE ][39m [1mimport[22m
2026-10-07T20:14:14.0506992Z [0m
2026-10-07T20:14:14.0534534Z [  79% ] [90m[1mreimport[22m | citadel_solid.glb[39m[0m
2026-10-07T20:14:14.0537755Z [   0% ] [90m[1mimport[22m | Started Import Scene (104 steps)[39m[0m
2026-10-07T20:14:14.0538689Z [   0% ] [90m[1mimport[22m | Importing Scene...[39m[0m
2026-10-07T20:14:14.0563108Z [   1% ] [90m[1mimport[22m | Running Custom Script...[39m[0m
2026-10-07T20:14:14.0563931Z [  99% ] [90m[1mimport[22m | Saving...[39m[0m
2026-10-07T20:14:14.0579653Z [92m[ DONE ][39m [1mimport[22m
2026-10-07T20:14:14.0580442Z [0m
2026-10-07T20:14:14.0591768Z [  80% ] [90m[1mreimport[22m | citadel_return.glb[39m[0m
2026-10-07T20:14:14.0594336Z [   0% ] [90m[1mimport[22m | Started Import Scene (104 steps)[39m[0m
2026-10-07T20:14:14.0595175Z [   0% ] [90m[1mimport[22m | Importing Scene...[39m[0m
2026-10-07T20:14:14.0645493Z [   1% ] [90m[1mimport[22m | Running Custom Script...[39m[0m
2026-10-07T20:14:14.0646691Z [  99% ] [90m[1mimport[22m | Saving...[39m[0m
2026-10-07T20:14:14.0671912Z [92m[ DONE ][39m [1mimport[22m
2026-10-07T20:14:14.0672387Z [0m
2026-10-07T20:14:14.0688490Z [  81% ] [90m[1mreimport[22m | citadel_end.glb[39m[0m
2026-10-07T20:14:14.0691248Z [   0% ] [90m[1mimport[22m | Started Import Scene (104 steps)[39m[0m
2026-10-07T20:14:14.0692092Z [   0% ] [90m[1mimport[22m | Importing Scene...[39m[0m
2026-10-07T20:14:14.0727825Z [   1% ] [90m[1mimport[22m | Running Custom Script...[39m[0m
2026-10-07T20:14:14.0728703Z [  99% ] [90m[1mimport[22m | Saving...[39m[0m
2026-10-07T20:14:14.0747727Z [92m[ DONE ][39m [1mimport[22m
2026-10-07T20:14:14.0748319Z [0m
2026-10-07T20:14:14.0760965Z [  81% ] [90m[1mreimport[22m | citadel_bay_broken.glb[39m[0m
2026-10-07T20:14:14.0763830Z [   0% ] [90m[1mimport[22m | Started Import Scene (104 steps)[39m[0m
2026-10-07T20:14:14.0764529Z [   0% ] [90m[1mimport[22m | Importing Scene...[39m[0m
2026-10-07T20:14:14.0899055Z [   1% ] [90m[1mimport[22m | Running Custom Script...[39m[0m
2026-10-07T20:14:14.0899768Z [  99% ] [90m[1mimport[22m | Saving...[39m[0m
2026-10-07T20:14:14.0945558Z [92m[ DONE ][39m [1mimport[22m
2026-10-07T20:14:14.0946125Z [0m
2026-10-07T20:14:14.0971694Z [  82% ] [90m[1mreimport[22m | ceremonial_brazier.glb[39m[0m
2026-10-07T20:14:14.0974620Z [   0% ] [90m[1mimport[22m | Started Import Scene (104 steps)[39m[0m
2026-10-07T20:14:14.0975312Z [   0% ] [90m[1mimport[22m | Importing Scene...[39m[0m
2026-10-07T20:14:14.1089132Z [   1% ] [90m[1mimport[22m | Running Custom Script...[39m[0m
2026-10-07T20:14:14.1089710Z [  99% ] [90m[1mimport[22m | Saving...[39m[0m
2026-10-07T20:14:14.1118915Z [92m[ DONE ][39m [1mimport[22m
2026-10-07T20:14:14.1119455Z [0m
2026-10-07T20:14:14.1133161Z [  83% ] [90m[1mreimport[22m | carved_tomb.glb[39m[0m
2026-10-07T20:14:14.1136019Z [   0% ] [90m[1mimport[22m | Started Import Scene (104 steps)[39m[0m
2026-10-07T20:14:14.1136983Z [   0% ] [90m[1mimport[22m | Importing Scene...[39m[0m
2026-10-07T20:14:14.1301227Z [   1% ] [90m[1mimport[22m | Running Custom Script...[39m[0m
2026-10-07T20:14:14.1301858Z [  99% ] [90m[1mimport[22m | Saving...[39m[0m
2026-10-07T20:14:14.1337489Z [92m[ DONE ][39m [1mimport[22m
2026-10-07T20:14:14.1337835Z [0m
2026-10-07T20:14:14.1352970Z [  84% ] [90m[1mreimport[22m | bulwark.glb[39m[0m
2026-10-07T20:14:14.1355782Z [   0% ] [90m[1mimport[22m | Started Import Scene (104 steps)[39m[0m
2026-10-07T20:14:14.1356617Z [   0% ] [90m[1mimport[22m | Importing Scene...[39m[0m
2026-10-07T20:14:14.1901165Z [   1% ] [90m[1mimport[22m | Running Custom Script...[39m[0m
2026-10-07T20:14:14.1901724Z [  99% ] [90m[1mimport[22m | Saving...[39m[0m
2026-10-07T20:14:14.2027955Z [92m[ DONE ][39m [1mimport[22m
2026-10-07T20:14:14.2028490Z [0m
2026-10-07T20:14:14.2060613Z [  85% ] [90m[1mreimport[22m | broken_pillar.glb[39m[0m
2026-10-07T20:14:14.2063116Z [   0% ] [90m[1mimport[22m | Started Import Scene (104 steps)[39m[0m
2026-10-07T20:14:14.2063917Z [   0% ] [90m[1mimport[22m | Importing Scene...[39m[0m
2026-10-07T20:14:14.2107390Z [   1% ] [90m[1mimport[22m | Running Custom Script...[39m[0m
2026-10-07T20:14:14.2108086Z [  99% ] [90m[1mimport[22m | Saving...[39m[0m
2026-10-07T20:14:14.2124546Z [92m[ DONE ][39m [1mimport[22m
2026-10-07T20:14:14.2125049Z [0m
2026-10-07T20:14:14.2136451Z [  86% ] [90m[1mreimport[22m | bone_arch.glb[39m[0m
2026-10-07T20:14:14.2139935Z [   0% ] [90m[1mimport[22m | Started Import Scene (104 steps)[39m[0m
2026-10-07T20:14:14.2140604Z [   0% ] [90m[1mimport[22m | Importing Scene...[39m[0m
2026-10-07T20:14:14.2252712Z [   1% ] [90m[1mimport[22m | Running Custom Script...[39m[0m
2026-10-07T20:14:14.2253463Z [  99% ] [90m[1mimport[22m | Saving...[39m[0m
2026-10-07T20:14:14.2282835Z [92m[ DONE ][39m [1mimport[22m
2026-10-07T20:14:14.2283382Z [0m
2026-10-07T20:14:14.2297195Z [  87% ] [90m[1mreimport[22m | arcanist.glb[39m[0m
2026-10-07T20:14:14.2300214Z [   0% ] [90m[1mimport[22m | Started Import Scene (104 steps)[39m[0m
2026-10-07T20:14:14.2300931Z [   0% ] [90m[1mimport[22m | Importing Scene...[39m[0m
2026-10-07T20:14:14.3161650Z [   1% ] [90m[1mimport[22m | Running Custom Script...[39m[0m
2026-10-07T20:14:14.3163031Z [  99% ] [90m[1mimport[22m | Saving...[39m[0m
2026-10-07T20:14:14.3338079Z [92m[ DONE ][39m [1mimport[22m
2026-10-07T20:14:14.3338696Z [0m
2026-10-07T20:14:14.3380317Z [  87% ] [90m[1mreimport[22m | raider-native65.glb[39m[0m
2026-10-07T20:14:14.3383306Z [   0% ] [90m[1mimport[22m | Started Import Scene (104 steps)[39m[0m
2026-10-07T20:14:14.3384183Z [   0% ] [90m[1mimport[22m | Importing Scene...[39m[0m
2026-10-07T20:14:18.5104038Z [   1% ] [90m[1mimport[22m | Running Custom Script...[39m[0m
2026-10-07T20:14:18.5104761Z [  99% ] [90m[1mimport[22m | Saving...[39m[0m
2026-10-07T20:14:18.5314564Z [92m[ DONE ][39m [1mimport[22m
2026-10-07T20:14:18.5315438Z [0m
2026-10-07T20:14:18.5536852Z [  88% ] [90m[1mreimport[22m | axe-original.glb[39m[0m
2026-10-07T20:14:18.5539421Z [   0% ] [90m[1mimport[22m | Started Import Scene (104 steps)[39m[0m
2026-10-07T20:14:18.5540357Z [   0% ] [90m[1mimport[22m | Importing Scene...[39m[0m
2026-10-07T20:14:18.5577287Z [   1% ] [90m[1mimport[22m | Running Custom Script...[39m[0m
2026-10-07T20:14:18.5577930Z [  99% ] [90m[1mimport[22m | Saving...[39m[0m
2026-10-07T20:14:18.5594943Z [92m[ DONE ][39m [1mimport[22m
2026-10-07T20:14:18.5595424Z [0m
2026-10-07T20:14:18.5606934Z [  89% ] [90m[1mreimport[22m | axe-fitted.glb[39m[0m
2026-10-07T20:14:18.5609699Z [   0% ] [90m[1mimport[22m | Started Import Scene (104 steps)[39m[0m
2026-10-07T20:14:18.5652496Z [   0% ] [90m[1mimport[22m | Importing Scene...[39m[0m
2026-10-07T20:14:18.5653232Z [   1% ] [90m[1mimport[22m | Running Custom Script...[39m[0m
2026-10-07T20:14:18.5653800Z [  99% ] [90m[1mimport[22m | Saving...[39m[0m
2026-10-07T20:14:18.5672836Z [92m[ DONE ][39m [1mimport[22m
2026-10-07T20:14:18.5673402Z [0m
2026-10-07T20:14:18.5685138Z [  90% ] [90m[1mreimport[22m | spire_reliquary.glb[39m[0m
2026-10-07T20:14:18.5687545Z [   0% ] [90m[1mimport[22m | Started Import Scene (104 steps)[39m[0m
2026-10-07T20:14:18.5688299Z [   0% ] [90m[1mimport[22m | Importing Scene...[39m[0m
2026-10-07T20:14:18.5781024Z [   1% ] [90m[1mimport[22m | Running Custom Script...[39m[0m
2026-10-07T20:14:18.5781891Z [  99% ] [90m[1mimport[22m | Saving...[39m[0m
2026-10-07T20:14:18.5814679Z [92m[ DONE ][39m [1mimport[22m
2026-10-07T20:14:18.5815228Z [0m
2026-10-07T20:14:18.5834719Z [  91% ] [90m[1mreimport[22m | ossuary_reliquary.glb[39m[0m
2026-10-07T20:14:18.5836844Z [   0% ] [90m[1mimport[22m | Started Import Scene (104 steps)[39m[0m
2026-10-07T20:14:18.5847309Z [   0% ] [90m[1mimport[22m | Importing Scene...[39m[0m
2026-10-07T20:14:18.5898804Z [   1% ] [90m[1mimport[22m | Running Custom Script...[39m[0m
2026-10-07T20:14:18.5899661Z [  99% ] [90m[1mimport[22m | Saving...[39m[0m
2026-10-07T20:14:18.5923311Z [92m[ DONE ][39m [1mimport[22m
2026-10-07T20:14:18.5923787Z [0m
2026-10-07T20:14:18.5939289Z [  92% ] [90m[1mreimport[22m | citadel_reliquary.glb[39m[0m
2026-10-07T20:14:18.5941770Z [   0% ] [90m[1mimport[22m | Started Import Scene (104 steps)[39m[0m
2026-10-07T20:14:18.5942713Z [   0% ] [90m[1mimport[22m | Importing Scene...[39m[0m
2026-10-07T20:14:18.6013655Z [   1% ] [90m[1mimport[22m | Running Custom Script...[39m[0m
2026-10-07T20:14:18.6014847Z [  99% ] [90m[1mimport[22m | Saving...[39m[0m
2026-10-07T20:14:18.6040724Z [92m[ DONE ][39m [1mimport[22m
2026-10-07T20:14:18.6041305Z [0m
2026-10-07T20:14:18.6058704Z [  93% ] [90m[1mreimport[22m | archive_reliquary.glb[39m[0m
2026-10-07T20:14:18.6060966Z [   0% ] [90m[1mimport[22m | Started Import Scene (104 steps)[39m[0m
2026-10-07T20:14:18.6061916Z [   0% ] [90m[1mimport[22m | Importing Scene...[39m[0m
2026-10-07T20:14:18.6159518Z [   1% ] [90m[1mimport[22m | Running Custom Script...[39m[0m
2026-10-07T20:14:18.6160339Z [  99% ] [90m[1mimport[22m | Saving...[39m[0m
2026-10-07T20:14:18.6194195Z [92m[ DONE ][39m [1mimport[22m
2026-10-07T20:14:18.6194751Z [0m
2026-10-07T20:14:18.6214568Z [  93% ] [90m[1mreimport[22m | nyra-attire054.glb[39m[0m
2026-10-07T20:14:18.6216912Z [   0% ] [90m[1mimport[22m | Started Import Scene (104 steps)[39m[0m
2026-10-07T20:14:18.6218031Z [   0% ] [90m[1mimport[22m | Importing Scene...[39m[0m
2026-10-07T20:14:18.6388993Z [   1% ] [90m[1mimport[22m | Running Custom Script...[39m[0m
2026-10-07T20:14:18.6389836Z [  99% ] [90m[1mimport[22m | Saving...[39m[0m
2026-10-07T20:14:18.6440252Z [92m[ DONE ][39m [1mimport[22m
2026-10-07T20:14:18.6440698Z [0m
2026-10-07T20:14:18.6458865Z [  94% ] [90m[1mreimport[22m | staff-grip053.glb[39m[0m
2026-10-07T20:14:18.6461166Z [   0% ] [90m[1mimport[22m | Started Import Scene (104 steps)[39m[0m
2026-10-07T20:14:18.6462013Z [   0% ] [90m[1mimport[22m | Importing Scene...[39m[0m
2026-10-07T20:14:18.6553064Z [   1% ] [90m[1mimport[22m | Running Custom Script...[39m[0m
2026-10-07T20:14:18.6553753Z [  99% ] [90m[1mimport[22m | Saving...[39m[0m
2026-10-07T20:14:18.6578467Z [92m[ DONE ][39m [1mimport[22m
2026-10-07T20:14:18.6578903Z [0m
2026-10-07T20:14:18.6602922Z [  95% ] [90m[1mreimport[22m | arcanist.glb[39m[0m
2026-10-07T20:14:18.6605330Z [   0% ] [90m[1mimport[22m | Started Import Scene (104 steps)[39m[0m
2026-10-07T20:14:18.6606575Z [   0% ] [90m[1mimport[22m | Importing Scene...[39m[0m
2026-10-07T20:14:33.6080860Z [   1% ] [90m[1mimport[22m | Running Custom Script...[39m[0m
2026-10-07T20:14:33.6082177Z [  99% ] [90m[1mimport[22m | Saving...[39m[0m
2026-10-07T20:14:33.6322814Z [92m[ DONE ][39m [1mimport[22m
2026-10-07T20:14:33.6323224Z [0m
2026-10-07T20:14:33.6821959Z [  96% ] [90m[1mreimport[22m | male-clothing-native65.glb[39m[0m
2026-10-07T20:14:33.6824237Z [   0% ] [90m[1mimport[22m | Started Import Scene (104 steps)[39m[0m
2026-10-07T20:14:33.6824846Z [   0% ] [90m[1mimport[22m | Importing Scene...[39m[0m
2026-10-07T20:14:34.1032366Z [   1% ] [90m[1mimport[22m | Running Custom Script...[39m[0m
2026-10-07T20:14:34.1032970Z [  99% ] [90m[1mimport[22m | Saving...[39m[0m
2026-10-07T20:14:34.1162146Z [92m[ DONE ][39m [1mimport[22m
2026-10-07T20:14:34.1162639Z [0m
2026-10-07T20:14:34.1227670Z [  97% ] [90m[1mreimport[22m | hexer-fitted.glb[39m[0m
2026-10-07T20:14:34.1231085Z [   0% ] [90m[1mimport[22m | Started Import Scene (104 steps)[39m[0m
2026-10-07T20:14:34.1231904Z [   0% ] [90m[1mimport[22m | Importing Scene...[39m[0m
2026-10-07T20:14:34.1412150Z [   1% ] [90m[1mimport[22m | Running Custom Script...[39m[0m
2026-10-07T20:14:34.1412881Z [  99% ] [90m[1mimport[22m | Saving...[39m[0m
2026-10-07T20:14:34.1455734Z [92m[ DONE ][39m [1mimport[22m
2026-10-07T20:14:34.1456688Z [0m
2026-10-07T20:14:34.1474183Z [  98% ] [90m[1mreimport[22m | guardian_3-fitted.glb[39m[0m
2026-10-07T20:14:34.1477222Z [   0% ] [90m[1mimport[22m | Started Import Scene (104 steps)[39m[0m
2026-10-07T20:14:34.1478064Z [   0% ] [90m[1mimport[22m | Importing Scene...[39m[0m
2026-10-07T20:14:34.1522511Z [   1% ] [90m[1mimport[22m | Running Custom Script...[39m[0m
2026-10-07T20:14:34.1523086Z [  99% ] [90m[1mimport[22m | Saving...[39m[0m
2026-10-07T20:14:34.1540356Z [92m[ DONE ][39m [1mimport[22m
2026-10-07T20:14:34.1540840Z [0m
2026-10-07T20:14:34.1551913Z [  99% ] [90m[1mreimport[22m | Finalizing Asset Import...[39m[0m
2026-10-07T20:14:34.1566592Z [92m[ DONE ][39m [1mreimport[22m
2026-10-07T20:14:34.1567134Z [0m
2026-10-07T20:14:34.1567915Z [   0% ] [90m[1mreimport[22m | Started (Re)Importing Assets (115 steps)[39m[0m
2026-10-07T20:14:34.1568596Z [   0% ] [90m[1mreimport[22m | Executing post-reimport operations...[39m[0m
2026-10-07T20:14:34.1569098Z [92m[ DONE ][39m [1mreimport[22m
2026-10-07T20:14:34.1569413Z [0m
2026-10-07T20:14:34.1665294Z [   0% ] [90m[1mloading_editor_layout[22m | Started Loading editor (5 steps)[39m[0m
2026-10-07T20:14:34.1666859Z [   0% ] [90m[1mloading_editor_layout[22m | Loading editor layout...[39m[0m
2026-10-07T20:14:34.1667558Z [  16% ] [90m[1mloading_editor_layout[22m | Loading docks...[39m[0m
2026-10-07T20:14:34.1668108Z [92m[ DONE ][39m [1mloading_editor_layout[22m
2026-10-07T20:14:34.1668481Z [0m
2026-10-07T20:14:37.7042312Z ##[group]Run mkdir -p build
2026-10-07T20:14:37.7042644Z [36;1mmkdir -p build[0m
2026-10-07T20:14:37.7043113Z [36;1mgodot --headless --path . --export-pack 'Android Closed Beta APK' build/native-avatar-smoke.pck[0m
2026-10-07T20:14:37.7043637Z [36;1mcd "$RUNNER_TEMP"[0m
2026-10-07T20:14:37.7044093Z [36;1mtimeout 60s godot --headless --main-pack "$GITHUB_WORKSPACE/build/native-avatar-smoke.pck" \[0m
2026-10-07T20:14:37.7044707Z [36;1m  --script "$GITHUB_WORKSPACE/tests/source_avatar_export_smoke.gd"[0m
2026-10-07T20:14:37.7111204Z shell: /usr/bin/bash --noprofile --norc -e -o pipefail {0}
2026-10-07T20:14:37.7111572Z ##[endgroup]
2026-10-07T20:14:37.7398204Z Godot Engine v4.7.2.stable.official.ed1daf0bf - https://godotengine.org
2026-10-07T20:14:37.7682233Z 
2026-10-07T20:14:39.6904558Z [   0% ] [90m[1mfirst_scan_filesystem[22m | Started Project initialization (5 steps)[39m[0m
2026-10-07T20:14:39.6905746Z [   0% ] [90m[1mfirst_scan_filesystem[22m | Scanning file structure...[39m[0m
2026-10-07T20:14:39.6949720Z [  16% ] [90m[1mfirst_scan_filesystem[22m | Loading global class names...[39m[0m
2026-10-07T20:14:39.7217703Z [  33% ] [90m[1mfirst_scan_filesystem[22m | Verifying GDExtensions...[39m[0m
2026-10-07T20:14:39.7219156Z [  50% ] [90m[1mfirst_scan_filesystem[22m | Creating autoload scripts...[39m[0m
2026-10-07T20:14:40.1430646Z [  66% ] [90m[1mfirst_scan_filesystem[22m | Initializing plugins...[39m[0m
2026-10-07T20:14:40.1431610Z [  83% ] [90m[1mfirst_scan_filesystem[22m | Starting file scan...[39m[0m
2026-10-07T20:14:40.1432430Z [92m[ DONE ][39m [1mfirst_scan_filesystem[22m
2026-10-07T20:14:40.1433070Z [0m
2026-10-07T20:14:40.2427384Z [   0% ] [90m[1msavepack[22m | Started Packing (102 steps)[39m[0m
2026-10-07T20:14:40.2913613Z [   1% ] [90m[1msavepack[22m | Storing File: res://addons/com.heroiclabs.nakama/api/NakamaAPI.gdc[39m[0m
2026-10-07T20:14:40.2941593Z [   1% ] [90m[1msavepack[22m | Storing File: res://addons/com.heroiclabs.nakama/api/NakamaRTAPI.gdc[39m[0m
2026-10-07T20:14:40.2959055Z [   1% ] [90m[1msavepack[22m | Storing File: res://addons/com.heroiclabs.nakama/api/NakamaRTMessage.gdc[39m[0m
2026-10-07T20:14:40.2965500Z [   2% ] [90m[1msavepack[22m | Storing File: res://addons/com.heroiclabs.nakama/api/NakamaSession.gdc[39m[0m
2026-10-07T20:14:40.2969230Z [   2% ] [90m[1msavepack[22m | Storing File: res://addons/com.heroiclabs.nakama/api/NakamaStorageObjectId.gdc[39m[0m
2026-10-07T20:14:40.2972666Z [   2% ] [90m[1msavepack[22m | Storing File: res://addons/com.heroiclabs.nakama/api/NakamaWriteStorageObject.gdc[39m[0m
2026-10-07T20:14:40.3003929Z [   3% ] [90m[1msavepack[22m | Storing File: res://addons/com.heroiclabs.nakama/client/NakamaClient.gdc[39m[0m
2026-10-07T20:14:40.3012489Z [   3% ] [90m[1msavepack[22m | Storing File: res://addons/com.heroiclabs.nakama/client/NakamaHTTPAdapter.gdc[39m[0m
2026-10-07T20:14:40.3016123Z [   3% ] [90m[1msavepack[22m | Storing File: res://addons/com.heroiclabs.nakama/Satori/utils/SatoriAsyncResult.gdc[39m[0m
2026-10-07T20:14:40.3019880Z [   4% ] [90m[1msavepack[22m | Storing File: res://addons/com.heroiclabs.nakama/Satori/utils/SatoriException.gdc[39m[0m
2026-10-07T20:14:40.3023493Z [   4% ] [90m[1msavepack[22m | Storing File: res://addons/com.heroiclabs.nakama/Satori/utils/SatoriLogger.gdc[39m[0m
2026-10-07T20:14:40.3031101Z [   5% ] [90m[1msavepack[22m | Storing File: res://addons/com.heroiclabs.nakama/Satori/utils/SatoriSerializer.gdc[39m[0m
2026-10-07T20:14:40.3035381Z [   5% ] [90m[1msavepack[22m | Storing File: res://addons/com.heroiclabs.nakama/Satori/Event.gdc[39m[0m
2026-10-07T20:14:40.3078804Z [   5% ] [90m[1msavepack[22m | Storing File: res://addons/com.heroiclabs.nakama/Satori/SatoriAPI.gdc[39m[0m
2026-10-07T20:14:40.3086181Z [   6% ] [90m[1msavepack[22m | Storing File: res://addons/com.heroiclabs.nakama/Satori/SatoriClient.gdc[39m[0m
2026-10-07T20:14:40.3095364Z [   6% ] [90m[1msavepack[22m | Storing File: res://addons/com.heroiclabs.nakama/Satori/SatoriHttpAdapter.gdc[39m[0m
2026-10-07T20:14:40.3100754Z [   6% ] [90m[1msavepack[22m | Storing File: res://addons/com.heroiclabs.nakama/Satori/SatoriSession.gdc[39m[0m
2026-10-07T20:14:40.3122671Z [   7% ] [90m[1msavepack[22m | Storing File: res://addons/com.heroiclabs.nakama/socket/NakamaSocket.gdc[39m[0m
2026-10-07T20:14:40.3127470Z [   7% ] [90m[1msavepack[22m | Storing File: res://addons/com.heroiclabs.nakama/socket/NakamaSocketAdapter.gdc[39m[0m
2026-10-07T20:14:40.3130754Z [   7% ] [90m[1msavepack[22m | Storing File: res://addons/com.heroiclabs.nakama/utils/NakamaAsyncResult.gdc[39m[0m
2026-10-07T20:14:40.3134094Z [   8% ] [90m[1msavepack[22m | Storing File: res://addons/com.heroiclabs.nakama/utils/NakamaException.gdc[39m[0m
2026-10-07T20:14:40.3137507Z [   8% ] [90m[1msavepack[22m | Storing File: res://addons/com.heroiclabs.nakama/utils/NakamaLogger.gdc[39m[0m
2026-10-07T20:14:40.3148954Z [   9% ] [90m[1msavepack[22m | Storing File: res://addons/com.heroiclabs.nakama/utils/NakamaMultiplayerBridge.gdc[39m[0m
2026-10-07T20:14:40.3154056Z [   9% ] [90m[1msavepack[22m | Storing File: res://addons/com.heroiclabs.nakama/utils/NakamaMultiplayerPeer.gdc[39m[0m
2026-10-07T20:14:40.3161487Z [   9% ] [90m[1msavepack[22m | Storing File: res://addons/com.heroiclabs.nakama/utils/NakamaSerializer.gdc[39m[0m
2026-10-07T20:14:40.3165649Z [  10% ] [90m[1msavepack[22m | Storing File: res://addons/com.heroiclabs.nakama/Nakama.gdc[39m[0m
2026-10-07T20:14:40.3169564Z [  10% ] [90m[1msavepack[22m | Storing File: res://addons/com.heroiclabs.nakama/Satori.gdc[39m[0m
2026-10-07T20:14:40.3171755Z [  10% ] [90m[1msavepack[22m | Storing File: res://assets/animations/bodyphrase-048/proof.json[39m[0m
2026-10-07T20:14:40.3175377Z [  11% ] [90m[1msavepack[22m | Storing File: res://assets/animations/bodyphrase-049/proof.json[39m[0m
2026-10-07T20:14:40.3201017Z [  11% ] [90m[1msavepack[22m | Storing File: res://assets/animations/vowkeeper_sword_foundation.gdc[39m[0m
2026-10-07T20:14:40.3205914Z [  11% ] [90m[1msavepack[22m | Storing File: res://scripts/dungeon_lighting.gdc[39m[0m
2026-10-07T20:14:40.3219950Z [  12% ] [90m[1msavepack[22m | Storing File: res://scripts/fellowship_service.gdc[39m[0m
2026-10-07T20:14:40.3223620Z [  12% ] [90m[1msavepack[22m | Storing File: res://scripts/game_preferences.gdc[39m[0m
2026-10-07T20:14:40.3235212Z [  13% ] [90m[1msavepack[22m | Storing File: res://scripts/save_store.gdc[39m[0m
2026-10-07T20:14:40.3240174Z [  13% ] [90m[1msavepack[22m | Storing File: res://scripts/regional_stage.gdc[39m[0m
2026-10-07T20:14:40.3268637Z [  13% ] [90m[1msavepack[22m | Storing File: res://scripts/dungeon_actor.gdc[39m[0m
2026-10-07T20:14:40.3286885Z [  14% ] [90m[1msavepack[22m | Storing File: res://scripts/dungeon_layout.gdc[39m[0m
2026-10-07T20:14:40.3290220Z [  14% ] [90m[1msavepack[22m | Storing File: res://scripts/release_info.gdc[39m[0m
2026-10-07T20:14:40.3294310Z [  14% ] [90m[1msavepack[22m | Storing File: res://scripts/oath_combat_rules.gdc[39m[0m
2026-10-07T20:14:40.3300449Z [  15% ] [90m[1msavepack[22m | Storing File: res://scripts/room_ground.gdc[39m[0m
2026-10-07T20:14:40.3327346Z [  15% ] [90m[1msavepack[22m | Storing File: res://scripts/source_avatar_rig.gdc[39m[0m
2026-10-07T20:14:40.3423994Z [  15% ] [90m[1msavepack[22m | Storing File: res://scripts/dungeon_world.gdc[39m[0m
2026-10-07T20:14:40.3615183Z [  16% ] [90m[1msavepack[22m | Storing File: res://scripts/main.gdc[39m[0m
2026-10-07T20:14:40.3692212Z [  16% ] [90m[1msavepack[22m | Storing File: res://scripts/expedition_simulation.gdc[39m[0m
2026-10-07T20:14:40.3694951Z [  17% ] [90m[1msavepack[22m | Storing File: res://scripts/mobile_safe_area.gdc[39m[0m
2026-10-07T20:14:40.3709037Z [  17% ] [90m[1msavepack[22m | Storing File: res://scripts/raider_avatar_rig.gdc[39m[0m
2026-10-07T20:14:40.3713584Z [  17% ] [90m[1msavepack[22m | Storing File: res://scripts/expedition_map.gdc[39m[0m
2026-10-07T20:14:40.3717159Z [  18% ] [90m[1msavepack[22m | Storing File: res://scripts/offline_farm.gdc[39m[0m
2026-10-07T20:14:40.3721146Z [  18% ] [90m[1msavepack[22m | Storing File: res://scripts/skill_glyph.gdc[39m[0m
2026-10-07T20:14:40.3728102Z [  18% ] [90m[1msavepack[22m | Storing File: res://scripts/hero_art.gdc[39m[0m
2026-10-07T20:14:40.3736293Z [  19% ] [90m[1msavepack[22m | Storing File: res://scripts/native_motion_transition.gdc[39m[0m
2026-10-07T20:14:40.3749405Z [  19% ] [90m[1msavepack[22m | Storing File: res://scripts/native_hostile_rig.gdc[39m[0m
2026-10-07T20:14:40.3755131Z [  19% ] [90m[1msavepack[22m | Storing File: res://scripts/progression_service.gdc[39m[0m
2026-10-07T20:14:40.3756932Z [  20% ] [90m[1msavepack[22m | Storing File: res://assets/models/hostiles057/OUTFIT-LICENSE.txt[39m[0m
2026-10-07T20:14:40.3758472Z [  20% ] [90m[1msavepack[22m | Storing File: res://assets/models/raider056/WEAPON-LICENSE.txt[39m[0m
2026-10-07T20:14:40.3760035Z [  21% ] [90m[1msavepack[22m | Storing File: res://assets/models/nyra052/OUTFIT-LICENSE.txt[39m[0m
2026-10-07T20:14:40.3761492Z [  21% ] [90m[1msavepack[22m | Storing File: res://assets/models/nyra052/ANIMATION-LICENSE.txt[39m[0m
2026-10-07T20:14:40.3771884Z [  21% ] [90m[1msavepack[22m | Storing File: res://scripts/source_avatar_style.gdc[39m[0m
2026-10-07T20:14:40.3773653Z [  22% ] [90m[1msavepack[22m | Storing File: res://assets/models/hostiles057/ANIMATION1-LICENSE.txt[39m[0m
2026-10-07T20:14:40.3775021Z [  22% ] [90m[1msavepack[22m | Storing File: res://assets/models/nyra052/BASE-LICENSE.txt[39m[0m
2026-10-07T20:14:40.3776659Z [  22% ] [90m[1msavepack[22m | Storing File: res://assets/models/hostiles057/ANIMATION2-LICENSE.txt[39m[0m
2026-10-07T20:14:40.3778373Z [  23% ] [90m[1msavepack[22m | Storing File: res://assets/models/nyra054/QUATERNIUS-CC0-LICENSE.txt[39m[0m
2026-10-07T20:14:40.3779794Z [  23% ] [90m[1msavepack[22m | Storing File: res://assets/models/classes055/ANIMATION2-LICENSE.txt[39m[0m
2026-10-07T20:14:40.3786662Z [  23% ] [90m[1msavepack[22m | Storing File: res://scripts/ui_glyph.gdc[39m[0m
2026-10-07T20:14:42.7449963Z [  24% ] [90m[1msavepack[22m | Storing File: res://.godot/exported/133200997/export-bcb0d2eb5949c52b6a65bfe9de3e985b-Main.scn[39m[0m
2026-10-07T20:14:42.7451642Z [  24% ] [90m[1msavepack[22m | Storing File: res://assets/models/classes055/OUTFIT-LICENSE.txt[39m[0m
2026-10-07T20:14:42.7452971Z [  25% ] [90m[1msavepack[22m | Storing File: res://assets/models/raider056/OUTFIT-LICENSE.txt[39m[0m
2026-10-07T20:14:42.7454297Z [  25% ] [90m[1msavepack[22m | Storing File: res://assets/models/hostiles057/BASE-LICENSE.txt[39m[0m
2026-10-07T20:14:42.7467176Z [  25% ] [90m[1msavepack[22m | Storing File: res://scripts/source_avatar_combat.gdc[39m[0m
2026-10-07T20:14:42.7469390Z [  26% ] [90m[1msavepack[22m | Storing File: res://assets/models/raider056/ANIMATION2-LICENSE.txt[39m[0m
2026-10-07T20:14:42.7470839Z [  26% ] [90m[1msavepack[22m | Storing File: res://assets/models/raider056/BASE-LICENSE.txt[39m[0m
2026-10-07T20:14:42.7475355Z [  26% ] [90m[1msavepack[22m | Storing File: res://.godot/imported/Cinzel.ttf-1e003c02bd9f5caf99829299b24c9916.fontdata[39m[0m
2026-10-07T20:14:42.7476686Z [  26% ] [90m[1msavepack[22m | Storing File: res://assets/fonts/Cinzel.ttf.import[39m[0m
2026-10-07T20:14:42.7482083Z [  27% ] [90m[1msavepack[22m | Storing File: res://.godot/imported/Lora.ttf-ab235624946333bac5af92b83fa760cd.fontdata[39m[0m
2026-10-07T20:14:42.7483471Z [  27% ] [90m[1msavepack[22m | Storing File: res://assets/fonts/Lora.ttf.import[39m[0m
2026-10-07T20:14:42.7486420Z [  27% ] [90m[1msavepack[22m | Storing File: res://scripts/regional_sets.gdc[39m[0m
2026-10-07T20:14:42.7492559Z [  27% ] [90m[1msavepack[22m | Storing File: res://scripts/frame_metrics.gdc[39m[0m
2026-10-07T20:14:42.7546664Z [  28% ] [90m[1msavepack[22m | Storing File: res://.godot/imported/material-atlas.png-d2ef03e38b931e86c4bd2e43848185b7.ctex[39m[0m
2026-10-07T20:14:42.7548391Z [  28% ] [90m[1msavepack[22m | Storing File: res://assets/materials/field-surfaces/material-atlas.png.import[39m[0m
2026-10-07T20:14:42.7549831Z [  28% ] [90m[1msavepack[22m | Storing File: res://assets/materials/masonry/Bricks096-api.json[39m[0m
2026-10-07T20:14:42.7560164Z [  29% ] [90m[1msavepack[22m | Storing File: res://.godot/imported/Bricks096_1K-PNG_Color.png-96514fad640d6d30da4657340ba505cc.etc2.ctex[39m[0m
2026-10-07T20:14:42.7561899Z [  29% ] [90m[1msavepack[22m | Storing File: res://assets/materials/masonry/Bricks096_1K-PNG_Color.png.import[39m[0m
2026-10-07T20:14:42.7579420Z [  29% ] [90m[1msavepack[22m | Storing File: res://.godot/imported/Bricks096_1K-PNG_NormalGL.png-dd3048f795a07f2c1034b273535930a3.etc2.ctex[39m[0m
2026-10-07T20:14:42.7581181Z [  29% ] [90m[1msavepack[22m | Storing File: res://assets/materials/masonry/Bricks096_1K-PNG_NormalGL.png.import[39m[0m
2026-10-07T20:14:42.7591091Z [  29% ] [90m[1msavepack[22m | Storing File: res://.godot/imported/Bricks096_1K-PNG_Roughness.png-bcd6d5af63c81d428be0f6d738159434.etc2.ctex[39m[0m
2026-10-07T20:14:42.7592921Z [  29% ] [90m[1msavepack[22m | Storing File: res://assets/materials/masonry/Bricks096_1K-PNG_Roughness.png.import[39m[0m
2026-10-07T20:14:42.7594630Z [  30% ] [90m[1msavepack[22m | Storing File: res://assets/materials/masonry/manifest.json[39m[0m
2026-10-07T20:14:42.7626697Z [  30% ] [90m[1msavepack[22m | Storing File: res://.godot/imported/Metal063_1K-JPG_Color.jpg-ec5410a5800e87b2625174344b313cbc.ctex[39m[0m
2026-10-07T20:14:42.7628367Z [  30% ] [90m[1msavepack[22m | Storing File: res://assets/materials/metal/Metal063_1K-JPG_Color.jpg.import[39m[0m
2026-10-07T20:14:42.7645517Z [  30% ] [90m[1msavepack[22m | Storing File: res://.godot/imported/Metal063_1K-JPG_Roughness.jpg-1e98403cced51621af4952b86e8a979f.ctex[39m[0m
2026-10-07T20:14:42.7647447Z [  30% ] [90m[1msavepack[22m | Storing File: res://assets/materials/metal/Metal063_1K-JPG_Roughness.jpg.import[39m[0m
2026-10-07T20:14:42.7652314Z [  31% ] [90m[1msavepack[22m | Storing File: res://scripts/sculpted_mesh.gdc[39m[0m
2026-10-07T20:14:42.7655841Z [  31% ] [90m[1msavepack[22m | Storing File: res://scripts/playtest_notes.gdc[39m[0m
2026-10-07T20:14:42.7693107Z [  31% ] [90m[1msavepack[22m | Storing File: res://.godot/imported/nyra-face-albedo.png-bb02a2970f37df74d6e3a1504768bb5b.ctex[39m[0m
2026-10-07T20:14:42.7694776Z [  31% ] [90m[1msavepack[22m | Storing File: res://assets/materials/nyra-face/nyra-face-albedo.png.import[39m[0m
2026-10-07T20:14:42.7749499Z [  32% ] [90m[1msavepack[22m | Storing File: res://.godot/imported/ruin-floor-albedo.png-3123e49e0c3c94746731caaf6dc19ffa.ctex[39m[0m
2026-10-07T20:14:42.7756124Z [  32% ] [90m[1msavepack[22m | Storing File: res://assets/materials/ruin-floor/ruin-floor-albedo.png.import[39m[0m
2026-10-07T20:14:42.7758003Z [  32% ] [90m[1msavepack[22m | Storing File: res://assets/materials/ruin-floor/ruin-floor-albedo.png.json[39m[0m
2026-10-07T20:14:42.7771747Z [  33% ] [90m[1msavepack[22m | Storing File: res://.godot/imported/Rock030_1K-JPG_Color.jpg-df41745e8b7471faa2015f4b47bedb90.etc2.ctex[39m[0m
2026-10-07T20:14:42.7773442Z [  33% ] [90m[1msavepack[22m | Storing File: res://assets/materials/stone/Rock030_1K-JPG_Color.jpg.import[39m[0m
2026-10-07T20:14:42.7804035Z [  33% ] [90m[1msavepack[22m | Storing File: res://.godot/imported/Rock030_1K-JPG_NormalGL.jpg-3d4806f1d670e87dd2f1c6f1e64ab6d9.etc2.ctex[39m[0m
2026-10-07T20:14:42.7805752Z [  33% ] [90m[1msavepack[22m | Storing File: res://assets/materials/stone/Rock030_1K-JPG_NormalGL.jpg.import[39m[0m
2026-10-07T20:14:42.7822593Z [  33% ] [90m[1msavepack[22m | Storing File: res://.godot/imported/Rock030_1K-JPG_Roughness.jpg-c19eadd4b7b214882683c5bb785ae1cf.etc2.ctex[39m[0m
2026-10-07T20:14:42.7824545Z [  33% ] [90m[1msavepack[22m | Storing File: res://assets/materials/stone/Rock030_1K-JPG_Roughness.jpg.import[39m[0m
2026-10-07T20:14:42.7845063Z [  33% ] [90m[1msavepack[22m | Storing File: res://.godot/imported/ranger-native65.glb-490a9a1d119fb29561568ed604ef6b9b.scn[39m[0m
2026-10-07T20:14:42.7846904Z [  33% ] [90m[1msavepack[22m | Storing File: res://assets/models/classes055/ranger-native65.glb.import[39m[0m
2026-10-07T20:14:42.7848304Z [  33% ] [90m[1msavepack[22m | Storing File: res://assets/models/classes055/ranger-native65.json[39m[0m
2026-10-07T20:14:42.7872471Z [  33% ] [90m[1msavepack[22m | Storing File: res://.godot/imported/ranger-native65_T_Ranger_BaseColor.png-ff67b1e975b2afb02237cd2a6bd56758.ctex[39m[0m
2026-10-07T20:14:42.7874328Z [  33% ] [90m[1msavepack[22m | Storing File: res://assets/models/classes055/ranger-native65_T_Ranger_BaseColor.png.import[39m[0m
2026-10-07T20:14:42.7902530Z [  34% ] [90m[1msavepack[22m | Storing File: res://.godot/imported/ranger-native65_T_Ranger_Normal.png-00c1fb347948f3be6090a6f6350dc28c.ctex[39m[0m
2026-10-07T20:14:42.7904350Z [  34% ] [90m[1msavepack[22m | Storing File: res://assets/models/classes055/ranger-native65_T_Ranger_Normal.png.import[39m[0m
2026-10-07T20:14:42.7926719Z [  34% ] [90m[1msavepack[22m | Storing File: res://.godot/imported/ranger-native65_T_Ranger_ORM.png-fcf5a8da72a6bc3ef0996a0e7d537cbb.ctex[39m[0m
2026-10-07T20:14:42.7928741Z [  34% ] [90m[1msavepack[22m | Storing File: res://assets/models/classes055/ranger-native65_T_Ranger_ORM.png.import[39m[0m
2026-10-07T20:14:42.7943648Z [  34% ] [90m[1msavepack[22m | Storing File: res://.godot/imported/ranger-native65_T_Regular_Female_Dark_BaseColor.png-00a086a6e3cfcee3029995975694db80.ctex[39m[0m
2026-10-07T20:14:42.7945632Z [  34% ] [90m[1msavepack[22m | Storing File: res://assets/models/classes055/ranger-native65_T_Regular_Female_Dark_BaseColor.png.import[39m[0m
2026-10-07T20:14:42.7967795Z [  35% ] [90m[1msavepack[22m | Storing File: res://.godot/imported/ranger-native65_T_Regular_Female_Normal.png-1997afbb1dae25209f91890382330d17.ctex[39m[0m
2026-10-07T20:14:42.7969693Z [  35% ] [90m[1msavepack[22m | Storing File: res://assets/models/classes055/ranger-native65_T_Regular_Female_Normal.png.import[39m[0m
2026-10-07T20:14:42.7987368Z [  35% ] [90m[1msavepack[22m | Storing File: res://.godot/imported/ranger-native65_T_Regular_Female_Roughness.png-d50a7ea1ea0dc2069bf0c9f7224f0008.ctex[39m[0m
2026-10-07T20:14:42.7989334Z [  35% ] [90m[1msavepack[22m | Storing File: res://assets/models/classes055/ranger-native65_T_Regular_Female_Roughness.png.import[39m[0m
2026-10-07T20:14:42.7995406Z [  36% ] [90m[1msavepack[22m | Storing File: res://.godot/imported/archive_bay.glb-ff07994c46c125554a2fd1460b02e814.scn[39m[0m
2026-10-07T20:14:42.7997166Z [  36% ] [90m[1msavepack[22m | Storing File: res://assets/models/environment/archive_bay.glb.import[39m[0m
2026-10-07T20:14:42.8003463Z [  36% ] [90m[1msavepack[22m | Storing File: res://.godot/imported/archive_bay_broken.glb-62c9b9c48b44c6975a0edb2ebe0012cd.scn[39m[0m
2026-10-07T20:14:42.8005067Z [  36% ] [90m[1msavepack[22m | Storing File: res://assets/models/environment/archive_bay_broken.glb.import[39m[0m
2026-10-07T20:14:42.8008481Z [  36% ] [90m[1msavepack[22m | Storing File: res://.godot/imported/archive_end.glb-86312c95d60b4dcb64579584d96f1fe1.scn[39m[0m
2026-10-07T20:14:42.8009995Z [  36% ] [90m[1msavepack[22m | Storing File: res://assets/models/environment/archive_end.glb.import[39m[0m
2026-10-07T20:14:42.8013686Z [  37% ] [90m[1msavepack[22m | Storing File: res://.godot/imported/archive_return.glb-479e0f40dcfc73b28888d160483f7bda.scn[39m[0m
2026-10-07T20:14:42.8015237Z [  37% ] [90m[1msavepack[22m | Storing File: res://assets/models/environment/archive_return.glb.import[39m[0m
2026-10-07T20:14:42.8017951Z [  37% ] [90m[1msavepack[22m | Storing File: res://.godot/imported/archive_solid.glb-729974781d738c97909a31e44a048c3e.scn[39m[0m
2026-10-07T20:14:42.8019732Z [  37% ] [90m[1msavepack[22m | Storing File: res://assets/models/environment/archive_solid.glb.import[39m[0m
2026-10-07T20:14:42.8027141Z [  37% ] [90m[1msavepack[22m | Storing File: res://.godot/imported/citadel_bay.glb-e9484dce93d5a626d83678cb4a25a8f7.scn[39m[0m
2026-10-07T20:14:42.8028668Z [  37% ] [90m[1msavepack[22m | Storing File: res://assets/models/environment/citadel_bay.glb.import[39m[0m
2026-10-07T20:14:42.8035081Z [  38% ] [90m[1msavepack[22m | Storing File: res://.godot/imported/citadel_bay_broken.glb-23fc37b64c57a3d4053a76507cd3eb36.scn[39m[0m
2026-10-07T20:14:42.8036919Z [  38% ] [90m[1msavepack[22m | Storing File: res://assets/models/environment/citadel_bay_broken.glb.import[39m[0m
2026-10-07T20:14:42.8040095Z [  38% ] [90m[1msavepack[22m | Storing File: res://.godot/imported/citadel_end.glb-14b82078a057700512a7996b64011fa2.scn[39m[0m
2026-10-07T20:14:42.8041590Z [  38% ] [90m[1msavepack[22m | Storing File: res://assets/models/environment/citadel_end.glb.import[39m[0m
2026-10-07T20:14:42.8045340Z [  38% ] [90m[1msavepack[22m | Storing File: res://.godot/imported/citadel_return.glb-8c7f348e4c3c24f47246fe2c54342807.scn[39m[0m
2026-10-07T20:14:42.8047178Z [  38% ] [90m[1msavepack[22m | Storing File: res://assets/models/environment/citadel_return.glb.import[39m[0m
2026-10-07T20:14:42.8049357Z [  39% ] [90m[1msavepack[22m | Storing File: res://.godot/imported/citadel_solid.glb-6fb17af5901e7287d9e68c1e6a2a5a41.scn[39m[0m
2026-10-07T20:14:42.8050906Z [  39% ] [90m[1msavepack[22m | Storing File: res://assets/models/environment/citadel_solid.glb.import[39m[0m
2026-10-07T20:14:42.8052238Z [  39% ] [90m[1msavepack[22m | Storing File: res://assets/models/environment/manifest.json[39m[0m
2026-10-07T20:14:42.8060872Z [  40% ] [90m[1msavepack[22m | Storing File: res://.godot/imported/ossuary_bay.glb-1904a44fd1c4436880a364abce08dce7.scn[39m[0m
2026-10-07T20:14:42.8062624Z [  40% ] [90m[1msavepack[22m | Storing File: res://assets/models/environment/ossuary_bay.glb.import[39m[0m
2026-10-07T20:14:42.8069931Z [  40% ] [90m[1msavepack[22m | Storing File: res://.godot/imported/ossuary_bay_broken.glb-1af785b3a5f82e3c839ba29f6bffd08b.scn[39m[0m
2026-10-07T20:14:42.8071710Z [  40% ] [90m[1msavepack[22m | Storing File: res://assets/models/environment/ossuary_bay_broken.glb.import[39m[0m
2026-10-07T20:14:42.8074279Z [  40% ] [90m[1msavepack[22m | Storing File: res://.godot/imported/ossuary_end.glb-495736fc180ea23df3f97f7f6471f8ce.scn[39m[0m
2026-10-07T20:14:42.8075993Z [  40% ] [90m[1msavepack[22m | Storing File: res://assets/models/environment/ossuary_end.glb.import[39m[0m
2026-10-07T20:14:42.8079643Z [  41% ] [90m[1msavepack[22m | Storing File: res://.godot/imported/ossuary_return.glb-22f4302f4e0dba664c934ae4dcea2588.scn[39m[0m
2026-10-07T20:14:42.8081501Z [  41% ] [90m[1msavepack[22m | Storing File: res://assets/models/environment/ossuary_return.glb.import[39m[0m
2026-10-07T20:14:42.8083647Z [  41% ] [90m[1msavepack[22m | Storing File: res://.godot/imported/ossuary_solid.glb-89a36bb4201dbb371c888a6a592c86f1.scn[39m[0m
2026-10-07T20:14:42.8085469Z [  41% ] [90m[1msavepack[22m | Storing File: res://assets/models/environment/ossuary_solid.glb.import[39m[0m
2026-10-07T20:14:42.8091915Z [  41% ] [90m[1msavepack[22m | Storing File: res://.godot/imported/spire_bay.glb-772c070b1ba390b36326c3e661c64708.scn[39m[0m
2026-10-07T20:14:42.8093722Z [  41% ] [90m[1msavepack[22m | Storing File: res://assets/models/environment/spire_bay.glb.import[39m[0m
2026-10-07T20:14:42.8100046Z [  42% ] [90m[1msavepack[22m | Storing File: res://.godot/imported/spire_bay_broken.glb-698754b96b38ed297f50eed7c5c83883.scn[39m[0m
2026-10-07T20:14:42.8101785Z [  42% ] [90m[1msavepack[22m | Storing File: res://assets/models/environment/spire_bay_broken.glb.import[39m[0m
2026-10-07T20:14:42.8104117Z [  42% ] [90m[1msavepack[22m | Storing File: res://.godot/imported/spire_end.glb-99d2c2b983dd6d0098f70ad6bd36780d.scn[39m[0m
2026-10-07T20:14:42.8106025Z [  42% ] [90m[1msavepack[22m | Storing File: res://assets/models/environment/spire_end.glb.import[39m[0m
2026-10-07T20:14:42.8109592Z [  42% ] [90m[1msavepack[22m | Storing File: res://.godot/imported/spire_return.glb-255514099209b783c710a62b5fe7a365.scn[39m[0m
2026-10-07T20:14:42.8111318Z [  42% ] [90m[1msavepack[22m | Storing File: res://assets/models/environment/spire_return.glb.import[39m[0m
2026-10-07T20:14:42.8113318Z [  43% ] [90m[1msavepack[22m | Storing File: res://.godot/imported/spire_solid.glb-fc0d3f080a5b7f138e06b737e11eb426.scn[39m[0m
2026-10-07T20:14:42.8115104Z [  43% ] [90m[1msavepack[22m | Storing File: res://assets/models/environment/spire_solid.glb.import[39m[0m
2026-10-07T20:14:42.8118920Z [  43% ] [90m[1msavepack[22m | Storing File: res://.godot/imported/bulwark-fitted.glb-bc4d07ef55262003b7c8f04bada870e4.scn[39m[0m
2026-10-07T20:14:42.8120767Z [  43% ] [90m[1msavepack[22m | Storing File: res://assets/models/hostiles057/bulwark-fitted.glb.import[39m[0m
2026-10-07T20:14:42.8122369Z [  44% ] [90m[1msavepack[22m | Storing File: res://assets/models/hostiles057/death-grounding.json[39m[0m
2026-10-07T20:14:42.8125566Z [  44% ] [90m[1msavepack[22m | Storing File: res://.godot/imported/elite-fitted.glb-264dc0eba991e3013159da63f4675e95.scn[39m[0m
2026-10-07T20:14:42.8127568Z [  44% ] [90m[1msavepack[22m | Storing File: res://assets/models/hostiles057/elite-fitted.glb.import[39m[0m
2026-10-07T20:14:42.8131956Z [  44% ] [90m[1msavepack[22m | Storing File: res://.godot/imported/guardian_0-fitted.glb-25426893a2255d04d253cc9bd82f2ae6.scn[39m[0m
2026-10-07T20:14:42.8133179Z [  44% ] [90m[1msavepack[22m | Storing File: res://assets/models/hostiles057/guardian_0-fitted.glb.import[39m[0m
2026-10-07T20:14:42.8138960Z [  45% ] [90m[1msavepack[22m | Storing File: res://.godot/imported/guardian_1-fitted.glb-1921d13939516ef686b15728004e543a.scn[39m[0m
2026-10-07T20:14:42.8140227Z [  45% ] [90m[1msavepack[22m | Storing File: res://assets/models/hostiles057/guardian_1-fitted.glb.import[39m[0m
2026-10-07T20:14:42.8145961Z [  45% ] [90m[1msavepack[22m | Storing File: res://.godot/imported/guardian_2-fitted.glb-721b4c835963c05984259aedcde364bf.scn[39m[0m
2026-10-07T20:14:42.8147450Z [  45% ] [90m[1msavepack[22m | Storing File: res://assets/models/hostiles057/guardian_2-fitted.glb.import[39m[0m
2026-10-07T20:14:42.8150370Z [  45% ] [90m[1msavepack[22m | Storing File: res://.godot/imported/guardian_3-fitted.glb-a2936dd7a8a74948466f851db1c74fe5.scn[39m[0m
2026-10-07T20:14:42.8151510Z [  45% ] [90m[1msavepack[22m | Storing File: res://assets/models/hostiles057/guardian_3-fitted.glb.import[39m[0m
2026-10-07T20:14:42.8158347Z [  46% ] [90m[1msavepack[22m | Storing File: res://.godot/imported/hexer-fitted.glb-0e873e2b1ab7b4bf11e403ca136acd44.scn[39m[0m
2026-10-07T20:14:42.8159513Z [  46% ] [90m[1msavepack[22m | Storing File: res://assets/models/hostiles057/hexer-fitted.glb.import[39m[0m
2026-10-07T20:14:42.8171699Z [  46% ] [90m[1msavepack[22m | Storing File: res://.godot/imported/male-clothing-native65.glb-4bc33eab05e40be4347fd3591044ec78.scn[39m[0m
2026-10-07T20:14:42.8172912Z [  46% ] [90m[1msavepack[22m | Storing File: res://assets/models/hostiles057/male-clothing-native65.glb.import[39m[0m
2026-10-07T20:14:42.8182315Z [  46% ] [90m[1msavepack[22m | Storing File: res://.godot/imported/male-clothing-native65_T_Ranger_BaseColor.png-12a0111b640b393580c0c74dd0541db9.ctex[39m[0m
2026-10-07T20:14:42.8183538Z [  46% ] [90m[1msavepack[22m | Storing File: res://assets/models/hostiles057/male-clothing-native65_T_Ranger_BaseColor.png.import[39m[0m
2026-10-07T20:14:42.8194521Z [  47% ] [90m[1msavepack[22m | Storing File: res://.godot/imported/male-clothing-native65_T_Ranger_Normal.png-103f88c7a73e2d8b4ea25a441278fb0c.ctex[39m[0m
2026-10-07T20:14:42.8195771Z [  47% ] [90m[1msavepack[22m | Storing File: res://assets/models/hostiles057/male-clothing-native65_T_Ranger_Normal.png.import[39m[0m
2026-10-07T20:14:42.8204639Z [  47% ] [90m[1msavepack[22m | Storing File: res://.godot/imported/male-clothing-native65_T_Ranger_ORM.png-3d18487aa536380997251158d5263026.ctex[39m[0m
2026-10-07T20:14:42.8206010Z [  47% ] [90m[1msavepack[22m | Storing File: res://assets/models/hostiles057/male-clothing-native65_T_Ranger_ORM.png.import[39m[0m
2026-10-07T20:14:42.8207450Z [  48% ] [90m[1msavepack[22m | Storing File: res://assets/models/hostiles057/manifest.json[39m[0m
2026-10-07T20:14:42.8226143Z [  48% ] [90m[1msavepack[22m | Storing File: res://.godot/imported/arcanist.glb-3c1ca8c50ced7b1bb080bf14de9adaed.scn[39m[0m
2026-10-07T20:14:42.8227270Z [  48% ] [90m[1msavepack[22m | Storing File: res://assets/models/nyra052/arcanist.glb.import[39m[0m
2026-10-07T20:14:42.8231524Z [  48% ] [90m[1msavepack[22m | Storing File: res://.godot/imported/arcanist_T_Eye_Brown.png-3a92388c855c4da3ed5ebb1b643499f8.ctex[39m[0m
2026-10-07T20:14:42.8233327Z [  48% ] [90m[1msavepack[22m | Storing File: res://assets/models/nyra052/arcanist_T_Eye_Brown.png.import[39m[0m
2026-10-07T20:14:42.8235429Z [  49% ] [90m[1msavepack[22m | Storing File: res://.godot/imported/arcanist_T_Eye_Normal.png-d0e0e49e164be7d7911a341e15c97457.ctex[39m[0m
2026-10-07T20:14:42.8237691Z [  49% ] [90m[1msavepack[22m | Storing File: res://assets/models/nyra052/arcanist_T_Eye_Normal.png.import[39m[0m
2026-10-07T20:14:42.8283014Z [  49% ] [90m[1msavepack[22m | Storing File: res://.godot/imported/arcanist_T_Hair_2_BaseColor.png-491283e19764193163ba098b4d521c9f.ctex[39m[0m
2026-10-07T20:14:42.8285038Z [  49% ] [90m[1msavepack[22m | Storing File: res://assets/models/nyra052/arcanist_T_Hair_2_BaseColor.png.import[39m[0m
2026-10-07T20:14:42.8330009Z [  49% ] [90m[1msavepack[22m | Storing File: res://.godot/imported/arcanist_T_Hair_2_BaseColor_11.png-526fe5432cb9f52b3893ed62755d71e0.ctex[39m[0m
2026-10-07T20:14:42.8331961Z [  49% ] [90m[1msavepack[22m | Storing File: res://assets/models/nyra052/arcanist_T_Hair_2_BaseColor_11.png.import[39m[0m
2026-10-07T20:14:42.8435590Z [  50% ] [90m[1msavepack[22m | Storing File: res://.godot/imported/arcanist_T_Hair_2_Normal.png-9ae3f019e71cf1589212a91a398a11ab.ctex[39m[0m
2026-10-07T20:14:42.8437698Z [  50% ] [90m[1msavepack[22m | Storing File: res://assets/models/nyra052/arcanist_T_Hair_2_Normal.png.import[39m[0m
2026-10-07T20:14:42.8542542Z [  50% ] [90m[1msavepack[22m | Storing File: res://.godot/imported/arcanist_T_Hair_2_Normal_10.png-1d503becafcd8baaa9d264bfdce54d26.ctex[39m[0m
2026-10-07T20:14:42.8544394Z [  50% ] [90m[1msavepack[22m | Storing File: res://assets/models/nyra052/arcanist_T_Hair_2_Normal_10.png.import[39m[0m
2026-10-07T20:14:42.8595758Z [  50% ] [90m[1msavepack[22m | Storing File: res://.godot/imported/arcanist_T_Peasant_BaseColor.png-6b09cfec62fbd623789b2cbd35745052.ctex[39m[0m
2026-10-07T20:14:42.8598039Z [  50% ] [90m[1msavepack[22m | Storing File: res://assets/models/nyra052/arcanist_T_Peasant_BaseColor.png.import[39m[0m
2026-10-07T20:14:42.8673521Z [  51% ] [90m[1msavepack[22m | Storing File: res://.godot/imported/arcanist_T_Peasant_Normal.png-61c608e65908e28cafb164dc6f8aec0f.ctex[39m[0m
2026-10-07T20:14:42.8675487Z [  51% ] [90m[1msavepack[22m | Storing File: res://assets/models/nyra052/arcanist_T_Peasant_Normal.png.import[39m[0m
2026-10-07T20:14:42.8730893Z [  51% ] [90m[1msavepack[22m | Storing File: res://.godot/imported/arcanist_T_Peasant_ORM.png-823dd445cb815571be80b548d7b1bbed.ctex[39m[0m
2026-10-07T20:14:42.8732820Z [  51% ] [90m[1msavepack[22m | Storing File: res://assets/models/nyra052/arcanist_T_Peasant_ORM.png.import[39m[0m
2026-10-07T20:14:42.8767958Z [  52% ] [90m[1msavepack[22m | Storing File: res://.godot/imported/arcanist_T_Superhero_Female_Dark_BaseColor.png-eba1e7513f09f85bed5afd85ad1e21bf.ctex[39m[0m
2026-10-07T20:14:42.8770081Z [  52% ] [90m[1msavepack[22m | Storing File: res://assets/models/nyra052/arcanist_T_Superhero_Female_Dark_BaseColor.png.import[39m[0m
2026-10-07T20:14:42.8845489Z [  52% ] [90m[1msavepack[22m | Storing File: res://.godot/imported/arcanist_T_Superhero_Female_Normal.png-f21166227b7849545871db8bf89ff960.ctex[39m[0m
2026-10-07T20:14:42.8847725Z [  52% ] [90m[1msavepack[22m | Storing File: res://assets/models/nyra052/arcanist_T_Superhero_Female_Normal.png.import[39m[0m
2026-10-07T20:14:42.8901168Z [  52% ] [90m[1msavepack[22m | Storing File: res://.godot/imported/arcanist_T_Superhero_Female_Roughness.png-ae8ddc75d3e365a9d4e9f502d16746dc.ctex[39m[0m
2026-10-07T20:14:42.8903245Z [  52% ] [90m[1msavepack[22m | Storing File: res://assets/models/nyra052/arcanist_T_Superhero_Female_Roughness.png.import[39m[0m
2026-10-07T20:14:42.8904994Z [  53% ] [90m[1msavepack[22m | Storing File: res://assets/models/nyra052/assembly-report.json[39m[0m
2026-10-07T20:14:42.8906712Z [  53% ] [90m[1msavepack[22m | Storing File: res://assets/models/nyra052/death-grounding.json[39m[0m
2026-10-07T20:14:42.8910629Z [  53% ] [90m[1msavepack[22m | Storing File: res://.godot/imported/staff-grip053.glb-538fafc9510c5e213bbca84ab940ad6c.scn[39m[0m
2026-10-07T20:14:42.8912527Z [  53% ] [90m[1msavepack[22m | Storing File: res://assets/models/nyra052/staff-grip053.glb.import[39m[0m
2026-10-07T20:14:42.8914029Z [  54% ] [90m[1msavepack[22m | Storing File: res://assets/models/nyra052/staff-grip053.json[39m[0m
2026-10-07T20:14:42.8920606Z [  54% ] [90m[1msavepack[22m | Storing File: res://.godot/imported/nyra-attire054.glb-759cfa99cd6f687501ba1ecfc94c2b72.scn[39m[0m
2026-10-07T20:14:42.8922419Z [  54% ] [90m[1msavepack[22m | Storing File: res://assets/models/nyra054/nyra-attire054.glb.import[39m[0m
2026-10-07T20:14:42.8923889Z [  54% ] [90m[1msavepack[22m | Storing File: res://assets/models/nyra054/nyra-attire054.json[39m[0m
2026-10-07T20:14:42.8929861Z [  55% ] [90m[1msavepack[22m | Storing File: res://.godot/imported/archive_reliquary.glb-db05fb09173078618ff81ab5542c8f0a.scn[39m[0m
2026-10-07T20:14:42.8931580Z [  55% ] [90m[1msavepack[22m | Storing File: res://assets/models/props049/archive_reliquary.glb.import[39m[0m
2026-10-07T20:14:42.8936080Z [  55% ] [90m[1msavepack[22m | Storing File: res://.godot/imported/citadel_reliquary.glb-e149ce130a2000779f0a5d36d6ec4ded.scn[39m[0m
2026-10-07T20:14:42.8938168Z [  55% ] [90m[1msavepack[22m | Storing File: res://assets/models/props049/citadel_reliquary.glb.import[39m[0m
2026-10-07T20:14:42.8939709Z [  56% ] [90m[1msavepack[22m | Storing File: res://assets/models/props049/manifest.json[39m[0m
2026-10-07T20:14:42.8944146Z [  56% ] [90m[1msavepack[22m | Storing File: res://.godot/imported/ossuary_reliquary.glb-692346c48540b0d34e8f113690076a52.scn[39m[0m
2026-10-07T20:14:42.8945876Z [  56% ] [90m[1msavepack[22m | Storing File: res://assets/models/props049/ossuary_reliquary.glb.import[39m[0m
2026-10-07T20:14:42.8950923Z [  56% ] [90m[1msavepack[22m | Storing File: res://.godot/imported/spire_reliquary.glb-763af3f107c1da50e00446a758b1db9a.scn[39m[0m
2026-10-07T20:14:42.8952680Z [  56% ] [90m[1msavepack[22m | Storing File: res://assets/models/props049/spire_reliquary.glb.import[39m[0m
2026-10-07T20:14:42.8954979Z [  57% ] [90m[1msavepack[22m | Storing File: res://.godot/imported/axe-fitted.glb-b932ec18b219b7de686af92b1de2b5f5.scn[39m[0m
2026-10-07T20:14:42.8957111Z [  57% ] [90m[1msavepack[22m | Storing File: res://assets/models/raider056/axe-fitted.glb.import[39m[0m
2026-10-07T20:14:42.8958620Z [  57% ] [90m[1msavepack[22m | Storing File: res://assets/models/raider056/axe-fitted.json[39m[0m
2026-10-07T20:14:42.8960118Z [  57% ] [90m[1msavepack[22m | Storing File: res://assets/models/raider056/axe-grip.json[39m[0m
2026-10-07T20:14:42.8963787Z [  58% ] [90m[1msavepack[22m | Storing File: res://.godot/imported/axe-original.glb-b7d77301667adfe60dc6f56768041e2f.scn[39m[0m
2026-10-07T20:14:42.8965619Z [  58% ] [90m[1msavepack[22m | Storing File: res://assets/models/raider056/axe-original.glb.import[39m[0m
2026-10-07T20:14:42.8967678Z [  58% ] [90m[1msavepack[22m | Storing File: res://assets/models/raider056/death-grounding.json[39m[0m
2026-10-07T20:14:42.8983088Z [  58% ] [90m[1msavepack[22m | Storing File: res://.godot/imported/raider-native65.glb-b0d2c1c799914186d1dedd5700f1982e.scn[39m[0m
2026-10-07T20:14:42.8984939Z [  58% ] [90m[1msavepack[22m | Storing File: res://assets/models/raider056/raider-native65.glb.import[39m[0m
2026-10-07T20:14:42.8986686Z [  59% ] [90m[1msavepack[22m | Storing File: res://assets/models/raider056/raider-native65.json[39m[0m
2026-10-07T20:14:42.8990345Z [  59% ] [90m[1msavepack[22m | Storing File: res://.godot/imported/raider-native65_T_Eye_Brown.png-f270c61d828fb9176817c62cf8e77885.ctex[39m[0m
2026-10-07T20:14:42.8992434Z [  59% ] [90m[1msavepack[22m | Storing File: res://assets/models/raider056/raider-native65_T_Eye_Brown.png.import[39m[0m
2026-10-07T20:14:42.8994645Z [  60% ] [90m[1msavepack[22m | Storing File: res://.godot/imported/raider-native65_T_Eye_Normal.png-3d7f2319b50202c5a478669916324a52.ctex[39m[0m
2026-10-07T20:14:42.8996882Z [  60% ] [90m[1msavepack[22m | Storing File: res://assets/models/raider056/raider-native65_T_Eye_Normal.png.import[39m[0m
2026-10-07T20:14:42.9015237Z [  60% ] [90m[1msavepack[22m | Storing File: res://.godot/imported/raider-native65_T_Hair_1_BaseColor.png-078b95edb09a0872decbdf5cd83615f8.ctex[39m[0m
2026-10-07T20:14:42.9018116Z [  60% ] [90m[1msavepack[22m | Storing File: res://assets/models/raider056/raider-native65_T_Hair_1_BaseColor.png.import[39m[0m
2026-10-07T20:14:42.9047924Z [  60% ] [90m[1msavepack[22m | Storing File: res://.godot/imported/raider-native65_T_Hair_1_Normal.png-852bc6c2932ca3d001ef283dedeac73f.ctex[39m[0m
2026-10-07T20:14:42.9049914Z [  60% ] [90m[1msavepack[22m | Storing File: res://assets/models/raider056/raider-native65_T_Hair_1_Normal.png.import[39m[0m
2026-10-07T20:14:42.9069258Z [  61% ] [90m[1msavepack[22m | Storing File: res://.godot/imported/raider-native65_T_Peasant_BaseColor.png-531aedec174b8ff864334b6f0a805196.ctex[39m[0m
2026-10-07T20:14:42.9071375Z [  61% ] [90m[1msavepack[22m | Storing File: res://assets/models/raider056/raider-native65_T_Peasant_BaseColor.png.import[39m[0m
2026-10-07T20:14:42.9097900Z [  61% ] [90m[1msavepack[22m | Storing File: res://.godot/imported/raider-native65_T_Peasant_Normal.png-8df19bc83e27462b2bdb2122fceb5be4.ctex[39m[0m
2026-10-07T20:14:42.9099934Z [  61% ] [90m[1msavepack[22m | Storing File: res://assets/models/raider056/raider-native65_T_Peasant_Normal.png.import[39m[0m
2026-10-07T20:14:42.9116782Z [  61% ] [90m[1msavepack[22m | Storing File: res://.godot/imported/raider-native65_T_Peasant_ORM.png-35a6390bfea006daf25fb4cd3251d5f5.ctex[39m[0m
2026-10-07T20:14:42.9118851Z [  61% ] [90m[1msavepack[22m | Storing File: res://assets/models/raider056/raider-native65_T_Peasant_ORM.png.import[39m[0m
2026-10-07T20:14:42.9133223Z [  62% ] [90m[1msavepack[22m | Storing File: res://.godot/imported/raider-native65_T_Regular_Male_Dark_BaseColor.png-446fd27a479a3f1ce18f3821a044e29e.ctex[39m[0m
2026-10-07T20:14:42.9135605Z [  62% ] [90m[1msavepack[22m | Storing File: res://assets/models/raider056/raider-native65_T_Regular_Male_Dark_BaseColor.png.import[39m[0m
2026-10-07T20:14:42.9158802Z [  62% ] [90m[1msavepack[22m | Storing File: res://.godot/imported/raider-native65_T_Regular_Male_Normal.png-af7cc78725a32ee872f66afa48b57e71.ctex[39m[0m
2026-10-07T20:14:42.9160824Z [  62% ] [90m[1msavepack[22m | Storing File: res://assets/models/raider056/raider-native65_T_Regular_Male_Normal.png.import[39m[0m
2026-10-07T20:14:42.9177289Z [  62% ] [90m[1msavepack[22m | Storing File: res://.godot/imported/raider-native65_T_Regular_Male_Roughness.png-13a6897309ac1868fd653a67856e79c1.ctex[39m[0m
2026-10-07T20:14:42.9179601Z [  62% ] [90m[1msavepack[22m | Storing File: res://assets/models/raider056/raider-native65_T_Regular_Male_Roughness.png.import[39m[0m
2026-10-07T20:14:42.9194440Z [  63% ] [90m[1msavepack[22m | Storing File: res://.godot/imported/raider-native65_T_Superhero_Male_Dark.png-f3f0b4188e0227bbd5bf29dc0dd7d052.ctex[39m[0m
2026-10-07T20:14:42.9196896Z [  63% ] [90m[1msavepack[22m | Storing File: res://assets/models/raider056/raider-native65_T_Superhero_Male_Dark.png.import[39m[0m
2026-10-07T20:14:42.9221552Z [  63% ] [90m[1msavepack[22m | Storing File: res://.godot/imported/raider-native65_T_Superhero_Male_Normal.png-485e2c88b22b35138334ed8732147e4a.ctex[39m[0m
2026-10-07T20:14:42.9223886Z [  63% ] [90m[1msavepack[22m | Storing File: res://assets/models/raider056/raider-native65_T_Superhero_Male_Normal.png.import[39m[0m
2026-10-07T20:14:42.9240271Z [  64% ] [90m[1msavepack[22m | Storing File: res://.godot/imported/raider-native65_T_Superhero_Male_Roughness.png-972e754c15bd3cf6dbb037e30cd4daef.ctex[39m[0m
2026-10-07T20:14:42.9242607Z [  64% ] [90m[1msavepack[22m | Storing File: res://assets/models/raider056/raider-native65_T_Superhero_Male_Roughness.png.import[39m[0m
2026-10-07T20:14:42.9263245Z [  64% ] [90m[1msavepack[22m | Storing File: res://.godot/imported/arcanist.glb-5004bdb3c2653fcf413604205fcf0367.scn[39m[0m
2026-10-07T20:14:42.9264898Z [  64% ] [90m[1msavepack[22m | Storing File: res://assets/models/arcanist.glb.import[39m[0m
2026-10-07T20:14:42.9269784Z [  64% ] [90m[1msavepack[22m | Storing File: res://.godot/imported/bone_arch.glb-6f3011358c8e0905418e94b9a13a30c6.scn[39m[0m
2026-10-07T20:14:42.9271634Z [  64% ] [90m[1msavepack[22m | Storing File: res://assets/models/bone_arch.glb.import[39m[0m
2026-10-07T20:14:42.9274235Z [  65% ] [90m[1msavepack[22m | Storing File: res://.godot/imported/broken_pillar.glb-516c6c58bc674ca85d971a4912f65352.scn[39m[0m
2026-10-07T20:14:42.9275851Z [  65% ] [90m[1msavepack[22m | Storing File: res://assets/models/broken_pillar.glb.import[39m[0m
2026-10-07T20:14:42.9291711Z [  65% ] [90m[1msavepack[22m | Storing File: res://.godot/imported/bulwark.glb-9daf7d8282e45d3e1755ac7e3cc072e0.scn[39m[0m
2026-10-07T20:14:42.9293331Z [  65% ] [90m[1msavepack[22m | Storing File: res://assets/models/bulwark.glb.import[39m[0m
2026-10-07T20:14:42.9299357Z [  65% ] [90m[1msavepack[22m | Storing File: res://.godot/imported/carved_tomb.glb-1342e4177e3bf34445a3f0625bfcaadb.scn[39m[0m
2026-10-07T20:14:42.9301106Z [  65% ] [90m[1msavepack[22m | Storing File: res://assets/models/carved_tomb.glb.import[39m[0m
2026-10-07T20:14:42.9305958Z [  66% ] [90m[1msavepack[22m | Storing File: res://.godot/imported/ceremonial_brazier.glb-424edd82adb6f8d60d4f27e953676a75.scn[39m[0m
2026-10-07T20:14:42.9308069Z [  66% ] [90m[1msavepack[22m | Storing File: res://assets/models/ceremonial_brazier.glb.import[39m[0m
2026-10-07T20:14:42.9323080Z [  66% ] [90m[1msavepack[22m | Storing File: res://.godot/imported/drowned_library.glb-158fcdb2e20b53a6fa6e5459b54bb694.scn[39m[0m
2026-10-07T20:14:42.9324710Z [  66% ] [90m[1msavepack[22m | Storing File: res://assets/models/drowned_library.glb.import[39m[0m
2026-10-07T20:14:42.9339078Z [  66% ] [90m[1msavepack[22m | Storing File: res://.godot/imported/elite.glb-8cb06f9536a564d85872e4f2ace2fbf5.scn[39m[0m
2026-10-07T20:14:42.9340588Z [  66% ] [90m[1msavepack[22m | Storing File: res://assets/models/elite.glb.import[39m[0m
2026-10-07T20:14:42.9345875Z [  66% ] [90m[1msavepack[22m | Storing File: res://.godot/imported/expedition_table.glb-e7ad277c014b7d43674970541d41273f.scn[39m[0m
2026-10-07T20:14:42.9347632Z [  66% ] [90m[1msavepack[22m | Storing File: res://assets/models/expedition_table.glb.import[39m[0m
2026-10-07T20:14:42.9354073Z [  66% ] [90m[1msavepack[22m | Storing File: res://.godot/imported/field_forge.glb-6c3f0b0867b0fd3d23ce6c1ced123e35.scn[39m[0m
2026-10-07T20:14:42.9355493Z [  66% ] [90m[1msavepack[22m | Storing File: res://assets/models/field_forge.glb.import[39m[0m
2026-10-07T20:14:42.9360406Z [  67% ] [90m[1msavepack[22m | Storing File: res://.godot/imported/furnace.glb-a3f2271114d78038efb7789efcc2084f.scn[39m[0m
2026-10-07T20:14:42.9361794Z [  67% ] [90m[1msavepack[22m | Storing File: res://assets/models/furnace.glb.import[39m[0m
2026-10-07T20:14:42.9365880Z [  67% ] [90m[1msavepack[22m | Storing File: res://.godot/imported/furnace_throne.glb-23bd2b9a69f9ef9523f28ea87cad0282.scn[39m[0m
2026-10-07T20:14:42.9367634Z [  67% ] [90m[1msavepack[22m | Storing File: res://assets/models/furnace_throne.glb.import[39m[0m
2026-10-07T20:14:42.9373732Z [  67% ] [90m[1msavepack[22m | Storing File: res://.godot/imported/gothic_arch.glb-b1ced3826c210ff06a1b7ec0bb595469.scn[39m[0m
2026-10-07T20:14:42.9375194Z [  67% ] [90m[1msavepack[22m | Storing File: res://assets/models/gothic_arch.glb.import[39m[0m
2026-10-07T20:14:42.9394959Z [  68% ] [90m[1msavepack[22m | Storing File: res://.godot/imported/guardian_0.glb-e505398dad9424304a21a1940946aaee.scn[39m[0m
2026-10-07T20:14:42.9396613Z [  68% ] [90m[1msavepack[22m | Storing File: res://assets/models/guardian_0.glb.import[39m[0m
2026-10-07T20:14:42.9417613Z [  68% ] [90m[1msavepack[22m | Storing File: res://.godot/imported/guardian_1.glb-01b49232e4d939d2ee88563cf2cd0202.scn[39m[0m
2026-10-07T20:14:42.9419060Z [  68% ] [90m[1msavepack[22m | Storing File: res://assets/models/guardian_1.glb.import[39m[0m
2026-10-07T20:14:42.9440421Z [  68% ] [90m[1msavepack[22m | Storing File: res://.godot/imported/guardian_2.glb-863b7105932d4a5346a6fb87d9d8f70d.scn[39m[0m
2026-10-07T20:14:42.9442107Z [  68% ] [90m[1msavepack[22m | Storing File: res://assets/models/guardian_2.glb.import[39m[0m
2026-10-07T20:14:42.9457562Z [  69% ] [90m[1msavepack[22m | Storing File: res://.godot/imported/guardian_3.glb-8ef6846d9374c20d4f8c6addc3e4d2f9.scn[39m[0m
2026-10-07T20:14:42.9458978Z [  69% ] [90m[1msavepack[22m | Storing File: res://assets/models/guardian_3.glb.import[39m[0m
2026-10-07T20:14:42.9464197Z [  69% ] [90m[1msavepack[22m | Storing File: res://.godot/imported/hanging_bell.glb-6bb48c68b30f052700ce7074e2058738.scn[39m[0m
2026-10-07T20:14:42.9465650Z [  69% ] [90m[1msavepack[22m | Storing File: res://assets/models/hanging_bell.glb.import[39m[0m
2026-10-07T20:14:42.9486013Z [  69% ] [90m[1msavepack[22m | Storing File: res://.godot/imported/hexer.glb-9d251cb82a4d4bdc8400c1d95e364c8b.scn[39m[0m
2026-10-07T20:14:42.9487642Z [  69% ] [90m[1msavepack[22m | Storing File: res://assets/models/hexer.glb.import[39m[0m
2026-10-07T20:14:42.9492889Z [  70% ] [90m[1msavepack[22m | Storing File: res://.godot/imported/leaded_lancet.glb-337432674d0bacdafd8971e3859142aa.scn[39m[0m
2026-10-07T20:14:42.9494339Z [  70% ] [90m[1msavepack[22m | Storing File: res://assets/models/leaded_lancet.glb.import[39m[0m
2026-10-07T20:14:42.9499264Z [  70% ] [90m[1msavepack[22m | Storing File: res://.godot/imported/pilgrim_well.glb-c252c7e4d80ce50d549babfb023c60bb.scn[39m[0m
2026-10-07T20:14:42.9500732Z [  70% ] [90m[1msavepack[22m | Storing File: res://assets/models/pilgrim_well.glb.import[39m[0m
2026-10-07T20:14:42.9504745Z [  71% ] [90m[1msavepack[22m | Storing File: res://.godot/imported/pillar.glb-8fe894eddbe22220964a70cbd50ae07b.scn[39m[0m
2026-10-07T20:14:42.9506124Z [  71% ] [90m[1msavepack[22m | Storing File: res://assets/models/pillar.glb.import[39m[0m
2026-10-07T20:14:42.9519287Z [  71% ] [90m[1msavepack[22m | Storing File: res://.godot/imported/raider.glb-1f99c273da4e962a7987c83e798c6687.scn[39m[0m
2026-10-07T20:14:42.9520765Z [  71% ] [90m[1msavepack[22m | Storing File: res://assets/models/raider.glb.import[39m[0m
2026-10-07T20:14:42.9541640Z [  71% ] [90m[1msavepack[22m | Storing File: res://.godot/imported/ranger.glb-2cd432b83dd188329004b7e562197ce7.scn[39m[0m
2026-10-07T20:14:42.9543006Z [  71% ] [90m[1msavepack[22m | Storing File: res://assets/models/ranger.glb.import[39m[0m
2026-10-07T20:14:42.9549163Z [  72% ] [90m[1msavepack[22m | Storing File: res://.godot/imported/reliquary_altar.glb-acf9ad4ddc101c137057d5db75f2d126.scn[39m[0m
2026-10-07T20:14:42.9550666Z [  72% ] [90m[1msavepack[22m | Storing File: res://assets/models/reliquary_altar.glb.import[39m[0m
2026-10-07T20:14:42.9555354Z [  72% ] [90m[1msavepack[22m | Storing File: res://.godot/imported/ruined_vault.glb-2940559253e8ee532f2cb898abb920e0.scn[39m[0m
2026-10-07T20:14:42.9557076Z [  72% ] [90m[1msavepack[22m | Storing File: res://assets/models/ruined_vault.glb.import[39m[0m
2026-10-07T20:14:42.9563374Z [  72% ] [90m[1msavepack[22m | Storing File: res://.godot/imported/sanctuary_intarsia.glb-fc78226f71a4031be2450a3b74a18609.scn[39m[0m
2026-10-07T20:14:42.9564913Z [  72% ] [90m[1msavepack[22m | Storing File: res://assets/models/sanctuary_intarsia.glb.import[39m[0m
2026-10-07T20:14:42.9568700Z [  73% ] [90m[1msavepack[22m | Storing File: res://.godot/imported/seal_shrine.glb-8ac19114c88a8c00e25731c4f30ac788.scn[39m[0m
2026-10-07T20:14:42.9570112Z [  73% ] [90m[1msavepack[22m | Storing File: res://assets/models/seal_shrine.glb.import[39m[0m
2026-10-07T20:14:42.9590994Z [  73% ] [90m[1msavepack[22m | Storing File: res://.godot/imported/vowkeeper.glb-3d6ebad1e9dfb61f4bd9576d3bff2025.scn[39m[0m
2026-10-07T20:14:42.9592454Z [  73% ] [90m[1msavepack[22m | Storing File: res://assets/models/vowkeeper.glb.import[39m[0m
2026-10-07T20:14:42.9593669Z [  73% ] [90m[1msavepack[22m | Storing File: res://assets/shaders/aged_stone.gdshader[39m[0m
2026-10-07T20:14:42.9594865Z [  74% ] [90m[1msavepack[22m | Storing File: res://assets/shaders/camp_matte.gdshader[39m[0m
2026-10-07T20:14:42.9596577Z [  74% ] [90m[1msavepack[22m | Storing File: res://assets/shaders/camp_paving.gdshader[39m[0m
2026-10-07T20:14:42.9597858Z [  75% ] [90m[1msavepack[22m | Storing File: res://assets/shaders/character_surface.gdshader[39m[0m
2026-10-07T20:14:42.9599131Z [  75% ] [90m[1msavepack[22m | Storing File: res://assets/shaders/combat_telegraph.gdshader[39m[0m
2026-10-07T20:14:42.9600394Z [  75% ] [90m[1msavepack[22m | Storing File: res://assets/shaders/crafted_surface.gdshader[39m[0m
2026-10-07T20:14:42.9601614Z [  76% ] [90m[1msavepack[22m | Storing File: res://assets/shaders/crypt_mist.gdshader[39m[0m
2026-10-07T20:14:42.9602864Z [  76% ] [90m[1msavepack[22m | Storing File: res://assets/shaders/dungeon_atmosphere.gdshader[39m[0m
2026-10-07T20:14:42.9604127Z [  76% ] [90m[1msavepack[22m | Storing File: res://assets/shaders/dungeon_court.gdshader[39m[0m
2026-10-07T20:14:42.9605334Z [  77% ] [90m[1msavepack[22m | Storing File: res://assets/shaders/dungeon_water.gdshader[39m[0m
2026-10-07T20:14:42.9606806Z [  77% ] [90m[1msavepack[22m | Storing File: res://assets/shaders/ember_flame.gdshader[39m[0m
2026-10-07T20:14:42.9608081Z [  77% ] [90m[1msavepack[22m | Storing File: res://assets/shaders/environment_basin.gdshader[39m[0m
2026-10-07T20:14:42.9609227Z [  78% ] [90m[1msavepack[22m | Storing File: res://assets/shaders/forged_surface.gdshader[39m[0m
2026-10-07T20:14:42.9610309Z [  78% ] [90m[1msavepack[22m | Storing File: res://assets/shaders/ground_grime.gdshader[39m[0m
2026-10-07T20:14:42.9611403Z [  79% ] [90m[1msavepack[22m | Storing File: res://assets/shaders/hero_occlusion.gdshader[39m[0m
2026-10-07T20:14:42.9612481Z [  79% ] [90m[1msavepack[22m | Storing File: res://assets/shaders/magic_volume.gdshader[39m[0m
2026-10-07T20:14:42.9613599Z [  79% ] [90m[1msavepack[22m | Storing File: res://assets/shaders/masonry_surface.gdshader[39m[0m
2026-10-07T20:14:42.9636678Z [  80% ] [90m[1msavepack[22m | Storing File: res://scripts/ruin_architecture.gdc[39m[0m
2026-10-07T20:14:42.9637954Z [  80% ] [90m[1msavepack[22m | Storing File: res://assets/shaders/painted_stone.gdshader[39m[0m
2026-10-07T20:14:42.9639352Z [  80% ] [90m[1msavepack[22m | Storing File: res://assets/shaders/region_matte.gdshader[39m[0m
2026-10-07T20:14:42.9640585Z [  81% ] [90m[1msavepack[22m | Storing File: res://assets/shaders/ruin_deposit.gdshader[39m[0m
2026-10-07T20:14:42.9641785Z [  81% ] [90m[1msavepack[22m | Storing File: res://assets/shaders/ruin_floor.gdshader[39m[0m
2026-10-07T20:14:42.9643015Z [  81% ] [90m[1msavepack[22m | Storing File: res://assets/shaders/sanctuary_beam.gdshader[39m[0m
2026-10-07T20:14:42.9644563Z [  82% ] [90m[1msavepack[22m | Storing File: res://assets/shaders/sanctuary_glass.gdshader[39m[0m
2026-10-07T20:14:42.9645831Z [  82% ] [90m[1msavepack[22m | Storing File: res://assets/shaders/veil_gate.gdshader[39m[0m
2026-10-07T20:14:42.9647276Z [  83% ] [90m[1msavepack[22m | Storing File: res://assets/shaders/ward_surface.gdshader[39m[0m
2026-10-07T20:14:42.9648461Z [  83% ] [90m[1msavepack[22m | Storing File: res://assets/shaders/weathered_stone.gdshader[39m[0m
2026-10-07T20:14:42.9651760Z [  83% ] [90m[1msavepack[22m | Storing File: res://scripts/dungeon_theme.gdc[39m[0m
2026-10-07T20:14:42.9689643Z [  84% ] [90m[1msavepack[22m | Storing File: res://.godot/imported/archive.png-0c275731e847baf349ba6c4a8d26a9c8.ctex[39m[0m
2026-10-07T20:14:42.9691140Z [  84% ] [90m[1msavepack[22m | Storing File: res://assets/world/ashen-realms/archive.png.import[39m[0m
2026-10-07T20:14:42.9701109Z [  84% ] [90m[1msavepack[22m | Storing File: res://scripts/hostile_style.gdc[39m[0m
2026-10-07T20:14:42.9740241Z [  84% ] [90m[1msavepack[22m | Storing File: res://.godot/imported/camp.png-cd4448e832b49b45d15605665d6806b7.ctex[39m[0m
2026-10-07T20:14:42.9741675Z [  84% ] [90m[1msavepack[22m | Storing File: res://assets/world/ashen-realms/camp.png.import[39m[0m
2026-10-07T20:14:42.9744040Z [  85% ] [90m[1msavepack[22m | Storing File: res://scripts/render_budget.gdc[39m[0m
2026-10-07T20:14:42.9781995Z [  85% ] [90m[1msavepack[22m | Storing File: res://.godot/imported/citadel.png-809923b9d1a4d74a401967c2c8707e8e.ctex[39m[0m
2026-10-07T20:14:42.9783445Z [  85% ] [90m[1msavepack[22m | Storing File: res://assets/world/ashen-realms/citadel.png.import[39m[0m
2026-10-07T20:14:42.9788849Z [  85% ] [90m[1msavepack[22m | Storing File: res://scripts/native_mesh_lods.gdc[39m[0m
2026-10-07T20:14:42.9803000Z [  86% ] [90m[1msavepack[22m | Storing File: res://scripts/native_hostile_style.gdc[39m[0m
2026-10-07T20:14:42.9840487Z [  86% ] [90m[1msavepack[22m | Storing File: res://.godot/imported/ossuary.png-5c7897dc7f87654da5101b72d17d6b4f.ctex[39m[0m
2026-10-07T20:14:42.9841981Z [  86% ] [90m[1msavepack[22m | Storing File: res://assets/world/ashen-realms/ossuary.png.import[39m[0m
2026-10-07T20:14:42.9846256Z [  87% ] [90m[1msavepack[22m | Storing File: res://scripts/farm_forecast.gdc[39m[0m
2026-10-07T20:14:42.9883233Z [  87% ] [90m[1msavepack[22m | Storing File: res://.godot/imported/spire.png-8d81d9bb7e5fb7027f24a58564697528.ctex[39m[0m
2026-10-07T20:14:42.9884691Z [  87% ] [90m[1msavepack[22m | Storing File: res://assets/world/ashen-realms/spire.png.import[39m[0m
2026-10-07T20:14:42.9888128Z [  87% ] [90m[1msavepack[22m | Storing File: res://scripts/gear_advisor.gdc[39m[0m
2026-10-07T20:14:42.9894616Z [  88% ] [90m[1msavepack[22m | Storing File: res://scripts/native_equipment_finish.gdc[39m[0m
2026-10-07T20:14:42.9902815Z [  88% ] [90m[1msavepack[22m | Storing File: res://scripts/source_avatar_evade.gdc[39m[0m
2026-10-07T20:14:42.9911779Z [  88% ] [90m[1msavepack[22m | Storing File: res://scripts/expedition_contract.gdc[39m[0m
2026-10-07T20:14:42.9948687Z [  89% ] [90m[1msavepack[22m | Storing File: res://scripts/settings_panel.gdc[39m[0m
2026-10-07T20:14:42.9953132Z [  89% ] [90m[1msavepack[22m | Storing File: res://.godot/imported/app_icon.png-5d640de2395e757a338ed9ab80ddb512.ctex[39m[0m
2026-10-07T20:14:42.9954507Z [  89% ] [90m[1msavepack[22m | Storing File: res://assets/app_icon.png.import[39m[0m
2026-10-07T20:14:42.9957697Z [  89% ] [90m[1msavepack[22m | Storing File: res://.godot/imported/app_icon.svg-178bb982ce83b4c21063f1a6b4ae8feb.ctex[39m[0m
2026-10-07T20:14:42.9959107Z [  89% ] [90m[1msavepack[22m | Storing File: res://assets/app_icon.svg.import[39m[0m
2026-10-07T20:14:42.9960214Z [  90% ] [90m[1msavepack[22m | Storing File: res://assets/fonts/Cinzel-OFL.txt[39m[0m
2026-10-07T20:14:42.9961723Z [  90% ] [90m[1msavepack[22m | Storing File: res://assets/models/raider056/ANIMATION1-LICENSE.txt[39m[0m
2026-10-07T20:14:42.9963060Z [  91% ] [90m[1msavepack[22m | Storing File: res://assets/animations/LICENSE-Quaternius.txt[39m[0m
2026-10-07T20:14:42.9964567Z [  91% ] [90m[1msavepack[22m | Storing File: res://assets/fonts/Lora-OFL.txt[39m[0m
2026-10-07T20:14:42.9977878Z [  91% ] [90m[1msavepack[22m | Storing File: res://scripts/audio_director.gdc[39m[0m
2026-10-07T20:14:42.9982628Z [  92% ] [90m[1msavepack[22m | Storing File: res://scripts/authored_architecture.gdc[39m[0m
2026-10-07T20:14:42.9986794Z [  92% ] [90m[1msavepack[22m | Storing File: res://scripts/authored_characters.gdc[39m[0m
2026-10-07T20:14:42.9998417Z [  92% ] [90m[1msavepack[22m | Storing File: res://scripts/avatar_attire_motion.gdc[39m[0m
2026-10-07T20:14:43.0004439Z [  93% ] [90m[1msavepack[22m | Storing File: res://scripts/battle_art.gdc[39m[0m
2026-10-07T20:14:43.0016989Z [  93% ] [90m[1msavepack[22m | Storing File: res://scripts/boss_patterns.gdc[39m[0m
2026-10-07T20:14:43.0034607Z [  93% ] [90m[1msavepack[22m | Storing File: res://scripts/camp_scene.gdc[39m[0m
2026-10-07T20:14:43.0087521Z [  94% ] [90m[1msavepack[22m | Storing File: res://scripts/character_animation.gdc[39m[0m
2026-10-07T20:14:43.0110225Z [  94% ] [90m[1msavepack[22m | Storing File: res://scripts/character_rig.gdc[39m[0m
2026-10-07T20:14:43.0123217Z [  95% ] [90m[1msavepack[22m | Storing File: res://scripts/class_avatar_pose.gdc[39m[0m
2026-10-07T20:14:43.0141085Z [  95% ] [90m[1msavepack[22m | Storing File: res://scripts/class_avatar_rig.gdc[39m[0m
2026-10-07T20:14:43.0153985Z [  95% ] [90m[1msavepack[22m | Storing File: res://scripts/class_avatar_style.gdc[39m[0m
2026-10-07T20:14:43.0160387Z [  96% ] [90m[1msavepack[22m | Storing File: res://scripts/class_loot.gdc[39m[0m
2026-10-07T20:14:43.0164303Z [  96% ] [90m[1msavepack[22m | Storing File: res://scripts/class_relics.gdc[39m[0m
2026-10-07T20:14:43.0170375Z [  96% ] [90m[1msavepack[22m | Storing File: res://scripts/class_skills.gdc[39m[0m
2026-10-07T20:14:43.0185927Z [  97% ] [90m[1msavepack[22m | Storing File: res://scripts/cloud_save.gdc[39m[0m
2026-10-07T20:14:43.0190442Z [  97% ] [90m[1msavepack[22m | Storing File: res://scripts/combat_health_bar.gdc[39m[0m
2026-10-07T20:14:43.0201891Z [  97% ] [90m[1msavepack[22m | Storing File: res://scripts/combat_readability.gdc[39m[0m
2026-10-07T20:14:43.0208148Z [  98% ] [90m[1msavepack[22m | Storing File: res://scripts/combat_readout.gdc[39m[0m
2026-10-07T20:14:43.0211658Z [  98% ] [90m[1msavepack[22m | Storing File: res://scripts/combat_stances.gdc[39m[0m
2026-10-07T20:14:43.0213488Z [  98% ] [90m[1msavepack[22m | Storing File: res://addons/com.heroiclabs.nakama/api/NakamaAPI.gd.remap[39m[0m
2026-10-07T20:14:43.0214975Z [  98% ] [90m[1msavepack[22m | Storing File: res://addons/com.heroiclabs.nakama/api/NakamaRTAPI.gd.remap[39m[0m
2026-10-07T20:14:43.0216720Z [  98% ] [90m[1msavepack[22m | Storing File: res://addons/com.heroiclabs.nakama/api/NakamaRTMessage.gd.remap[39m[0m
2026-10-07T20:14:43.0218273Z [  98% ] [90m[1msavepack[22m | Storing File: res://addons/com.heroiclabs.nakama/api/NakamaSession.gd.remap[39m[0m
2026-10-07T20:14:43.0219812Z [  98% ] [90m[1msavepack[22m | Storing File: res://addons/com.heroiclabs.nakama/api/NakamaStorageObjectId.gd.remap[39m[0m
2026-10-07T20:14:43.0221447Z [  98% ] [90m[1msavepack[22m | Storing File: res://addons/com.heroiclabs.nakama/api/NakamaWriteStorageObject.gd.remap[39m[0m
2026-10-07T20:14:43.0223016Z [  98% ] [90m[1msavepack[22m | Storing File: res://addons/com.heroiclabs.nakama/client/NakamaClient.gd.remap[39m[0m
2026-10-07T20:14:43.0224558Z [  98% ] [90m[1msavepack[22m | Storing File: res://addons/com.heroiclabs.nakama/client/NakamaHTTPAdapter.gd.remap[39m[0m
2026-10-07T20:14:43.0226205Z [  98% ] [90m[1msavepack[22m | Storing File: res://addons/com.heroiclabs.nakama/Satori/utils/SatoriAsyncResult.gd.remap[39m[0m
2026-10-07T20:14:43.0228385Z [  98% ] [90m[1msavepack[22m | Storing File: res://addons/com.heroiclabs.nakama/Satori/utils/SatoriException.gd.remap[39m[0m
2026-10-07T20:14:43.0230092Z [  98% ] [90m[1msavepack[22m | Storing File: res://addons/com.heroiclabs.nakama/Satori/utils/SatoriLogger.gd.remap[39m[0m
2026-10-07T20:14:43.0231758Z [  98% ] [90m[1msavepack[22m | Storing File: res://addons/com.heroiclabs.nakama/Satori/utils/SatoriSerializer.gd.remap[39m[0m
2026-10-07T20:14:43.0233329Z [  98% ] [90m[1msavepack[22m | Storing File: res://addons/com.heroiclabs.nakama/Satori/Event.gd.remap[39m[0m
2026-10-07T20:14:43.0234783Z [  98% ] [90m[1msavepack[22m | Storing File: res://addons/com.heroiclabs.nakama/Satori/SatoriAPI.gd.remap[39m[0m
2026-10-07T20:14:43.0238339Z [  98% ] [90m[1msavepack[22m | Storing File: res://addons/com.heroiclabs.nakama/Satori/SatoriClient.gd.remap[39m[0m
2026-10-07T20:14:43.0240155Z [  98% ] [90m[1msavepack[22m | Storing File: res://addons/com.heroiclabs.nakama/Satori/SatoriHttpAdapter.gd.remap[39m[0m
2026-10-07T20:14:43.0241763Z [  98% ] [90m[1msavepack[22m | Storing File: res://addons/com.heroiclabs.nakama/Satori/SatoriSession.gd.remap[39m[0m
2026-10-07T20:14:43.0243337Z [  98% ] [90m[1msavepack[22m | Storing File: res://addons/com.heroiclabs.nakama/socket/NakamaSocket.gd.remap[39m[0m
2026-10-07T20:14:43.0245148Z [  98% ] [90m[1msavepack[22m | Storing File: res://addons/com.heroiclabs.nakama/socket/NakamaSocketAdapter.gd.remap[39m[0m
2026-10-07T20:14:43.0246958Z [  98% ] [90m[1msavepack[22m | Storing File: res://addons/com.heroiclabs.nakama/utils/NakamaAsyncResult.gd.remap[39m[0m
2026-10-07T20:14:43.0248490Z [  98% ] [90m[1msavepack[22m | Storing File: res://addons/com.heroiclabs.nakama/utils/NakamaException.gd.remap[39m[0m
2026-10-07T20:14:43.0249948Z [  98% ] [90m[1msavepack[22m | Storing File: res://addons/com.heroiclabs.nakama/utils/NakamaLogger.gd.remap[39m[0m
2026-10-07T20:14:43.0251492Z [  98% ] [90m[1msavepack[22m | Storing File: res://addons/com.heroiclabs.nakama/utils/NakamaMultiplayerBridge.gd.remap[39m[0m
2026-10-07T20:14:43.0253083Z [  98% ] [90m[1msavepack[22m | Storing File: res://addons/com.heroiclabs.nakama/utils/NakamaMultiplayerPeer.gd.remap[39m[0m
2026-10-07T20:14:43.0254627Z [  98% ] [90m[1msavepack[22m | Storing File: res://addons/com.heroiclabs.nakama/utils/NakamaSerializer.gd.remap[39m[0m
2026-10-07T20:14:43.0256014Z [  98% ] [90m[1msavepack[22m | Storing File: res://addons/com.heroiclabs.nakama/Nakama.gd.remap[39m[0m
2026-10-07T20:14:43.0257528Z [  98% ] [90m[1msavepack[22m | Storing File: res://addons/com.heroiclabs.nakama/Satori.gd.remap[39m[0m
2026-10-07T20:14:43.0258882Z [  98% ] [90m[1msavepack[22m | Storing File: res://assets/animations/vowkeeper_sword_foundation.gd.remap[39m[0m
2026-10-07T20:14:43.0260151Z [  98% ] [90m[1msavepack[22m | Storing File: res://scripts/dungeon_lighting.gd.remap[39m[0m
2026-10-07T20:14:43.0261305Z [  98% ] [90m[1msavepack[22m | Storing File: res://scripts/fellowship_service.gd.remap[39m[0m
2026-10-07T20:14:43.0262454Z [  98% ] [90m[1msavepack[22m | Storing File: res://scripts/game_preferences.gd.remap[39m[0m
2026-10-07T20:14:43.0263549Z [  98% ] [90m[1msavepack[22m | Storing File: res://scripts/save_store.gd.remap[39m[0m
2026-10-07T20:14:43.0264632Z [  98% ] [90m[1msavepack[22m | Storing File: res://scripts/regional_stage.gd.remap[39m[0m
2026-10-07T20:14:43.0265734Z [  98% ] [90m[1msavepack[22m | Storing File: res://scripts/dungeon_actor.gd.remap[39m[0m
2026-10-07T20:14:43.0267019Z [  98% ] [90m[1msavepack[22m | Storing File: res://scripts/dungeon_layout.gd.remap[39m[0m
2026-10-07T20:14:43.0268109Z [  98% ] [90m[1msavepack[22m | Storing File: res://scripts/release_info.gd.remap[39m[0m
2026-10-07T20:14:43.0269215Z [  98% ] [90m[1msavepack[22m | Storing File: res://scripts/oath_combat_rules.gd.remap[39m[0m
2026-10-07T20:14:43.0270309Z [  98% ] [90m[1msavepack[22m | Storing File: res://scripts/room_ground.gd.remap[39m[0m
2026-10-07T20:14:43.0271704Z [  98% ] [90m[1msavepack[22m | Storing File: res://scripts/source_avatar_rig.gd.remap[39m[0m
2026-10-07T20:14:43.0272870Z [  98% ] [90m[1msavepack[22m | Storing File: res://scripts/dungeon_world.gd.remap[39m[0m
2026-10-07T20:14:43.0273932Z [  98% ] [90m[1msavepack[22m | Storing File: res://scripts/main.gd.remap[39m[0m
2026-10-07T20:14:43.0275055Z [  98% ] [90m[1msavepack[22m | Storing File: res://scripts/expedition_simulation.gd.remap[39m[0m
2026-10-07T20:14:43.0276216Z [  98% ] [90m[1msavepack[22m | Storing File: res://scripts/mobile_safe_area.gd.remap[39m[0m
2026-10-07T20:14:43.0277601Z [  98% ] [90m[1msavepack[22m | Storing File: res://scripts/raider_avatar_rig.gd.remap[39m[0m
2026-10-07T20:14:43.0278743Z [  98% ] [90m[1msavepack[22m | Storing File: res://scripts/expedition_map.gd.remap[39m[0m
2026-10-07T20:14:43.0279836Z [  98% ] [90m[1msavepack[22m | Storing File: res://scripts/offline_farm.gd.remap[39m[0m
2026-10-07T20:14:43.0280908Z [  98% ] [90m[1msavepack[22m | Storing File: res://scripts/skill_glyph.gd.remap[39m[0m
2026-10-07T20:14:43.0281956Z [  98% ] [90m[1msavepack[22m | Storing File: res://scripts/hero_art.gd.remap[39m[0m
2026-10-07T20:14:43.0283100Z [  98% ] [90m[1msavepack[22m | Storing File: res://scripts/native_motion_transition.gd.remap[39m[0m
2026-10-07T20:14:43.0284493Z [  98% ] [90m[1msavepack[22m | Storing File: res://scripts/native_hostile_rig.gd.remap[39m[0m
2026-10-07T20:14:43.0285656Z [  98% ] [90m[1msavepack[22m | Storing File: res://scripts/progression_service.gd.remap[39m[0m
2026-10-07T20:14:43.0287026Z [  98% ] [90m[1msavepack[22m | Storing File: res://scripts/source_avatar_style.gd.remap[39m[0m
2026-10-07T20:14:43.0288116Z [  98% ] [90m[1msavepack[22m | Storing File: res://scripts/ui_glyph.gd.remap[39m[0m
2026-10-07T20:14:43.0289112Z [  98% ] [90m[1msavepack[22m | Storing File: res://Main.tscn.remap[39m[0m
2026-10-07T20:14:43.0290189Z [  98% ] [90m[1msavepack[22m | Storing File: res://scripts/source_avatar_combat.gd.remap[39m[0m
2026-10-07T20:14:43.0291327Z [  98% ] [90m[1msavepack[22m | Storing File: res://scripts/regional_sets.gd.remap[39m[0m
2026-10-07T20:14:43.0292522Z [  98% ] [90m[1msavepack[22m | Storing File: res://scripts/frame_metrics.gd.remap[39m[0m
2026-10-07T20:14:43.0293632Z [  98% ] [90m[1msavepack[22m | Storing File: res://scripts/sculpted_mesh.gd.remap[39m[0m
2026-10-07T20:14:43.0294684Z [  98% ] [90m[1msavepack[22m | Storing File: res://scripts/playtest_notes.gd.remap[39m[0m
2026-10-07T20:14:43.0295846Z [  98% ] [90m[1msavepack[22m | Storing File: res://scripts/ruin_architecture.gd.remap[39m[0m
2026-10-07T20:14:43.0297187Z [  98% ] [90m[1msavepack[22m | Storing File: res://scripts/dungeon_theme.gd.remap[39m[0m
2026-10-07T20:14:43.0298095Z [  98% ] [90m[1msavepack[22m | Storing File: res://scripts/hostile_style.gd.remap[39m[0m
2026-10-07T20:14:43.0299028Z [  98% ] [90m[1msavepack[22m | Storing File: res://scripts/render_budget.gd.remap[39m[0m
2026-10-07T20:14:43.0300174Z [  98% ] [90m[1msavepack[22m | Storing File: res://scripts/native_mesh_lods.gd.remap[39m[0m
2026-10-07T20:14:43.0301367Z [  98% ] [90m[1msavepack[22m | Storing File: res://scripts/native_hostile_style.gd.remap[39m[0m
2026-10-07T20:14:43.0302447Z [  98% ] [90m[1msavepack[22m | Storing File: res://scripts/farm_forecast.gd.remap[39m[0m
2026-10-07T20:14:43.0303481Z [  98% ] [90m[1msavepack[22m | Storing File: res://scripts/gear_advisor.gd.remap[39m[0m
2026-10-07T20:14:43.0304509Z [  98% ] [90m[1msavepack[22m | Storing File: res://scripts/native_equipment_finish.gd.remap[39m[0m
2026-10-07T20:14:43.0305675Z [  98% ] [90m[1msavepack[22m | Storing File: res://scripts/source_avatar_evade.gd.remap[39m[0m
2026-10-07T20:14:43.0307143Z [  98% ] [90m[1msavepack[22m | Storing File: res://scripts/expedition_contract.gd.remap[39m[0m
2026-10-07T20:14:43.0308199Z [  98% ] [90m[1msavepack[22m | Storing File: res://scripts/settings_panel.gd.remap[39m[0m
2026-10-07T20:14:43.0309445Z [  98% ] [90m[1msavepack[22m | Storing File: res://scripts/audio_director.gd.remap[39m[0m
2026-10-07T20:14:43.0310616Z [  98% ] [90m[1msavepack[22m | Storing File: res://scripts/authored_architecture.gd.remap[39m[0m
2026-10-07T20:14:43.0311803Z [  98% ] [90m[1msavepack[22m | Storing File: res://scripts/authored_characters.gd.remap[39m[0m
2026-10-07T20:14:43.0312999Z [  98% ] [90m[1msavepack[22m | Storing File: res://scripts/avatar_attire_motion.gd.remap[39m[0m
2026-10-07T20:14:43.0314111Z [  98% ] [90m[1msavepack[22m | Storing File: res://scripts/battle_art.gd.remap[39m[0m
2026-10-07T20:14:43.0315192Z [  98% ] [90m[1msavepack[22m | Storing File: res://scripts/boss_patterns.gd.remap[39m[0m
2026-10-07T20:14:43.0316511Z [  98% ] [90m[1msavepack[22m | Storing File: res://scripts/camp_scene.gd.remap[39m[0m
2026-10-07T20:14:43.0317673Z [  98% ] [90m[1msavepack[22m | Storing File: res://scripts/character_animation.gd.remap[39m[0m
2026-10-07T20:14:43.0318802Z [  98% ] [90m[1msavepack[22m | Storing File: res://scripts/character_rig.gd.remap[39m[0m
2026-10-07T20:14:43.0319897Z [  98% ] [90m[1msavepack[22m | Storing File: res://scripts/class_avatar_pose.gd.remap[39m[0m
2026-10-07T20:14:43.0321252Z [  98% ] [90m[1msavepack[22m | Storing File: res://scripts/class_avatar_rig.gd.remap[39m[0m
2026-10-07T20:14:43.0322367Z [  98% ] [90m[1msavepack[22m | Storing File: res://scripts/class_avatar_style.gd.remap[39m[0m
2026-10-07T20:14:43.0323441Z [  98% ] [90m[1msavepack[22m | Storing File: res://scripts/class_loot.gd.remap[39m[0m
2026-10-07T20:14:43.0324507Z [  98% ] [90m[1msavepack[22m | Storing File: res://scripts/class_relics.gd.remap[39m[0m
2026-10-07T20:14:43.0325583Z [  98% ] [90m[1msavepack[22m | Storing File: res://scripts/class_skills.gd.remap[39m[0m
2026-10-07T20:14:43.0326853Z [  98% ] [90m[1msavepack[22m | Storing File: res://scripts/cloud_save.gd.remap[39m[0m
2026-10-07T20:14:43.0327978Z [  98% ] [90m[1msavepack[22m | Storing File: res://scripts/combat_health_bar.gd.remap[39m[0m
2026-10-07T20:14:43.0329128Z [  98% ] [90m[1msavepack[22m | Storing File: res://scripts/combat_readability.gd.remap[39m[0m
2026-10-07T20:14:43.0330259Z [  98% ] [90m[1msavepack[22m | Storing File: res://scripts/combat_readout.gd.remap[39m[0m
2026-10-07T20:14:43.0331372Z [  98% ] [90m[1msavepack[22m | Storing File: res://scripts/combat_stances.gd.remap[39m[0m
2026-10-07T20:14:43.0332508Z [  98% ] [90m[1msavepack[22m | Storing File: res://.godot/global_script_class_cache.cfg[39m[0m
2026-10-07T20:14:43.0333568Z [  98% ] [90m[1msavepack[22m | Storing File: res://assets/app_icon.png[39m[0m
2026-10-07T20:14:43.0334529Z [  98% ] [90m[1msavepack[22m | Storing File: res://.godot/uid_cache.bin[39m[0m
2026-10-07T20:14:43.0335475Z [  98% ] [90m[1msavepack[22m | Storing File: res://project.binary[39m[0m
2026-10-07T20:14:43.0336188Z [92m[ DONE ][39m [1msavepack[22m
2026-10-07T20:14:43.0336877Z [0m
2026-10-07T20:14:43.6996725Z cannot connect to daemon at tcp:5037: Connection refused
2026-10-07T20:14:44.0006478Z Godot Engine v4.7.2.stable.official.ed1daf0bf - https://godotengine.org
2026-10-07T20:14:44.0279725Z 
2026-10-07T20:14:48.3112358Z EXPORTED AVATAR SMOKE: 60 checks, 0 failures
2026-10-07T20:14:48.4331577Z ##[group]Run mkdir -p build/reports
2026-10-07T20:14:48.4331936Z [36;1mmkdir -p build/reports[0m
2026-10-07T20:14:48.4332424Z [36;1mpython3 -m unittest discover -s tests -p 'test_*.py' -v 2>&1 | tee build/reports/python-contracts.log[0m
2026-10-07T20:14:48.4333081Z [36;1mpython3 scripts/run_beta_checks.py 2>&1 | tee build/reports/gameplay-quality.log[0m
2026-10-07T20:14:48.4395060Z shell: /usr/bin/bash --noprofile --norc -e -o pipefail {0}
2026-10-07T20:14:48.4395410Z ##[endgroup]
2026-10-07T20:14:48.5796926Z test_complete_profile_is_measurement_with_touch_pending_and_no_release_pass (test_android_device_probe.ObserverLifecycle.test_complete_profile_is_measurement_with_touch_pending_and_no_release_pass) ... ok
2026-10-07T20:14:48.6185640Z test_live_failure_never_becomes_a_profile_pass (test_android_device_probe.ObserverLifecycle.test_live_failure_never_becomes_a_profile_pass) ... ok
2026-10-07T20:14:48.6187961Z test_all_known_emulator_signals_are_refused (test_android_device_probe.ProbeContracts.test_all_known_emulator_signals_are_refused) ... ok
2026-10-07T20:14:48.6191807Z test_android_service_parsers_preserve_units_and_missing_data (test_android_device_probe.ProbeContracts.test_android_service_parsers_preserve_units_and_missing_data) ... ok
2026-10-07T20:14:48.6201892Z test_fixture_requires_all_distinct_cases_matching_apk_and_real_time (test_android_device_probe.ProbeContracts.test_fixture_requires_all_distinct_cases_matching_apk_and_real_time) ... ok
2026-10-07T20:14:48.6203325Z test_identity_is_bounded_and_does_not_store_raw_serial (test_android_device_probe.ProbeContracts.test_identity_is_bounded_and_does_not_store_raw_serial) ... ok
2026-10-07T20:14:48.6227128Z test_manifest_gate_refuses_shipping_or_online_or_nondebuggable_apks (test_android_device_probe.ProbeContracts.test_manifest_gate_refuses_shipping_or_online_or_nondebuggable_apks) ... ok
2026-10-07T20:14:48.6238083Z test_missing_adb_is_explicit_unavailable_not_a_measurement (test_android_device_probe.ProbeContracts.test_missing_adb_is_explicit_unavailable_not_a_measurement) ... ok
2026-10-07T20:14:48.6240599Z test_process_cpu_stat_accepts_names_with_spaces_and_parentheses (test_android_device_probe.ProbeContracts.test_process_cpu_stat_accepts_names_with_spaces_and_parentheses) ... ok
2026-10-07T20:14:48.6259134Z test_subprocess_target_is_selected_without_a_host_shell (test_android_device_probe.ProbeContracts.test_subprocess_target_is_selected_without_a_host_shell) ... ok
2026-10-07T20:14:48.6262041Z test_target_selection_never_implicitly_chooses_among_multiple_devices (test_android_device_probe.ProbeContracts.test_target_selection_never_implicitly_chooses_among_multiple_devices) ... ok
2026-10-07T20:14:48.6264416Z test_unavailable_optional_services_do_not_hide_other_samples (test_android_device_probe.ProbeContracts.test_unavailable_optional_services_do_not_hide_other_samples) ... ok
2026-10-07T20:14:48.6266928Z test_usb_charging_or_missing_power_state_never_claims_battery_drain (test_android_device_probe.ProbeContracts.test_usb_charging_or_missing_power_state_never_claims_battery_drain) ... ok
2026-10-07T20:14:48.6269095Z test_complete_bound_native_scene_receipt_passes (test_android_release.AndroidNativeArtReportChecks.test_complete_bound_native_scene_receipt_passes) ... ok
2026-10-07T20:14:48.6271097Z test_duplicate_or_missing_scenarios_are_rejected (test_android_release.AndroidNativeArtReportChecks.test_duplicate_or_missing_scenarios_are_rejected) ... ok
2026-10-07T20:14:48.6273359Z test_missing_native_clip_binding_anatomy_or_visible_geometry_fails (test_android_release.AndroidNativeArtReportChecks.test_missing_native_clip_binding_anatomy_or_visible_geometry_fails) ... ok
2026-10-07T20:14:48.6275528Z test_old_hidden_proxy_receipt_cannot_pass (test_android_release.AndroidNativeArtReportChecks.test_old_hidden_proxy_receipt_cannot_pass) ... ok
2026-10-07T20:14:48.6278244Z test_original_motion_sampling_and_progress_thresholds_are_required (test_android_release.AndroidNativeArtReportChecks.test_original_motion_sampling_and_progress_thresholds_are_required) ... ok
2026-10-07T20:14:48.6314192Z test_activity_error_with_zero_adb_exit_fails_before_waiting (test_android_release.AndroidRuntimeChecks.test_activity_error_with_zero_adb_exit_fails_before_waiting) ... ok
2026-10-07T20:14:48.6358096Z test_evidence_write_errors_do_not_replace_original_process_failure (test_android_release.AndroidRuntimeChecks.test_evidence_write_errors_do_not_replace_original_process_failure) ... ok
2026-10-07T20:14:48.6417293Z test_live_process_start_grace_and_both_markers_pass (test_android_release.AndroidRuntimeChecks.test_live_process_start_grace_and_both_markers_pass) ... ok
2026-10-07T20:14:48.6467909Z test_live_process_without_marker_still_times_out_at_original_deadline (test_android_release.AndroidRuntimeChecks.test_live_process_without_marker_still_times_out_at_original_deadline) ... ok
2026-10-07T20:14:48.6500470Z test_missing_device_preserves_original_failure_and_other_diagnostics (test_android_release.AndroidRuntimeChecks.test_missing_device_preserves_original_failure_and_other_diagnostics) ... ok
2026-10-07T20:14:48.6549398Z test_observed_process_loss_fails_even_if_a_marker_was_buffered (test_android_release.AndroidRuntimeChecks.test_observed_process_loss_fails_even_if_a_marker_was_buffered) ... ok
2026-10-07T20:14:48.6651501Z test_pidof_absence_during_grace_is_not_a_transport_error (test_android_release.AndroidRuntimeChecks.test_pidof_absence_during_grace_is_not_a_transport_error) ... ok
2026-10-07T20:14:48.6692887Z test_runtime_error_precedes_marker_success (test_android_release.AndroidRuntimeChecks.test_runtime_error_precedes_marker_success) ... ok
2026-10-07T20:14:48.6763534Z test_unrequested_process_restart_does_not_pass_from_old_marker (test_android_release.AndroidRuntimeChecks.test_unrequested_process_restart_does_not_pass_from_old_marker) ... ok
2026-10-07T20:14:48.6879158Z test_all_four_packages_share_one_import_and_use_their_actual_scene_architecture (test_android_release.QaExportChecks.test_all_four_packages_share_one_import_and_use_their_actual_scene_architecture) ... ok
2026-10-07T20:14:48.7084997Z test_crash_and_zero_exit_import_errors_stop_before_export_without_retry (test_android_release.QaExportChecks.test_crash_and_zero_exit_import_errors_stop_before_export_without_retry) ... ok
2026-10-07T20:14:48.7146507Z test_existing_editor_section_keeps_other_settings (test_android_release.QaExportChecks.test_existing_editor_section_keeps_other_settings) ... ok
2026-10-07T20:14:48.7219020Z test_export_error_stops_remaining_packages (test_android_release.QaExportChecks.test_export_error_stops_remaining_packages) ... ok
2026-10-07T20:14:48.7294092Z test_export_success_without_artifact_fails (test_android_release.QaExportChecks.test_export_success_without_artifact_fails) ... ok
2026-10-07T20:14:48.7360793Z test_qa_preserves_runtime_json_licences_and_offline_filter (test_android_release.QaExportChecks.test_qa_preserves_runtime_json_licences_and_offline_filter) ... ok
2026-10-07T20:14:48.7452277Z test_serial_import_isolated_from_shipping_settings_and_assets (test_android_release.QaExportChecks.test_serial_import_isolated_from_shipping_settings_and_assets) ... ok
2026-10-07T20:14:48.7453865Z test_16kb_segment_passes (test_android_release.ReleaseChecks.test_16kb_segment_passes) ... ok
2026-10-07T20:14:48.7454765Z test_4kb_and_misaligned_segments_fail (test_android_release.ReleaseChecks.test_4kb_and_misaligned_segments_fail) ... ok
2026-10-07T20:14:48.7463617Z test_current_release_identity_and_store_limits (test_android_release.ReleaseChecks.test_current_release_identity_and_store_limits) ... ok
2026-10-07T20:14:48.7471395Z test_missing_arm64_library_fails (test_android_release.ReleaseChecks.test_missing_arm64_library_fails) ... ok
2026-10-07T20:14:48.7510010Z test_missing_publication_details_never_report_ready (test_android_release.ReleaseChecks.test_missing_publication_details_never_report_ready) ... ok
2026-10-07T20:14:48.7513177Z test_actual_simulation_and_continuous_video_clock_are_both_checked (test_gameplay_capture.AudioChronologyContracts.test_actual_simulation_and_continuous_video_clock_are_both_checked) ... ok
2026-10-07T20:14:48.7515160Z test_cue_cannot_be_shifted_to_an_unrecorded_audio_boundary (test_gameplay_capture.AudioChronologyContracts.test_cue_cannot_be_shifted_to_an_unrecorded_audio_boundary) ... ok
2026-10-07T20:14:48.7517033Z test_dropped_or_overlapping_native_samples_are_rejected (test_gameplay_capture.AudioChronologyContracts.test_dropped_or_overlapping_native_samples_are_rejected) ... ok
2026-10-07T20:14:48.7610254Z test_normal_and_fractional_rates_have_no_accumulated_drift (test_gameplay_capture.AudioChronologyContracts.test_normal_and_fractional_rates_have_no_accumulated_drift) ... ok
2026-10-07T20:14:48.7612274Z test_rate_and_channel_changes_are_rejected (test_gameplay_capture.AudioChronologyContracts.test_rate_and_channel_changes_are_rejected) ... ok
2026-10-07T20:14:48.7614447Z test_explicit_full_recording_keeps_the_wrapper_from_inserting_a_prefix (test_gameplay_capture.FullExpeditionContracts.test_explicit_full_recording_keeps_the_wrapper_from_inserting_a_prefix) ... ok
2026-10-07T20:14:48.7617256Z test_full_simulation_positions_and_mana_cannot_hide_behind_presentation_poses (test_gameplay_capture.FullExpeditionContracts.test_full_simulation_positions_and_mana_cannot_hide_behind_presentation_poses) ... ok
2026-10-07T20:14:48.7630170Z test_lossless_pcm_archive_round_trip_is_checked_before_original_removal (test_gameplay_capture.FullExpeditionContracts.test_lossless_pcm_archive_round_trip_is_checked_before_original_removal) ... ok
2026-10-07T20:14:48.7632761Z test_nonfinite_native_transform_or_secondary_motion_state_is_rejected (test_gameplay_capture.FullExpeditionContracts.test_nonfinite_native_transform_or_secondary_motion_state_is_rejected) ... ok
2026-10-07T20:14:48.7635417Z test_only_independent_wall_time_can_be_excluded_from_actual_audio_comparison (test_gameplay_capture.FullExpeditionContracts.test_only_independent_wall_time_can_be_excluded_from_actual_audio_comparison) ... ok
2026-10-07T20:14:48.7638307Z test_real_guardian_victory_and_original_loot_outcome_are_all_required (test_gameplay_capture.FullExpeditionContracts.test_real_guardian_victory_and_original_loot_outcome_are_all_required) ... ok
2026-10-07T20:14:48.7641163Z test_camera_changes_and_missing_baseline_are_reported_independently (test_gameplay_capture.OrdinaryComparisonContracts.test_camera_changes_and_missing_baseline_are_reported_independently) ... ok
2026-10-07T20:14:48.7644106Z test_native_nan_and_short_sample_sources_cannot_pass_as_clean_audio (test_gameplay_capture.OrdinaryComparisonContracts.test_native_nan_and_short_sample_sources_cannot_pass_as_clean_audio) ... ok
2026-10-07T20:14:48.7646927Z test_pose_and_presentation_release_do_not_hide_gameplay_differences (test_gameplay_capture.OrdinaryComparisonContracts.test_pose_and_presentation_release_do_not_hide_gameplay_differences) ... ok
2026-10-07T20:14:48.7654863Z test_raw_and_compressed_native_prefix_samples_are_scanned_independently (test_gameplay_capture.OrdinaryComparisonContracts.test_raw_and_compressed_native_prefix_samples_are_scanned_independently) ... ok
2026-10-07T20:14:48.7657566Z test_a_prefix_cannot_claim_dungeon_completion_or_victory (test_gameplay_capture.OrdinaryPrefixContracts.test_a_prefix_cannot_claim_dungeon_completion_or_victory) ... ok
2026-10-07T20:14:48.7659622Z test_exact_ordinary_prefix_is_accepted_without_victory (test_gameplay_capture.OrdinaryPrefixContracts.test_exact_ordinary_prefix_is_accepted_without_victory) ... ok
2026-10-07T20:14:48.7661537Z test_missing_or_extra_prefix_frames_are_rejected (test_gameplay_capture.OrdinaryPrefixContracts.test_missing_or_extra_prefix_frames_are_rejected) ... ok
2026-10-07T20:14:48.7663331Z test_motion_evidence_is_selected_only_for_explicit_prefix (test_gameplay_capture.OrdinaryPrefixContracts.test_motion_evidence_is_selected_only_for_explicit_prefix) ... ok
2026-10-07T20:14:48.7665609Z test_wrapper_defaults_to_thirty_seconds_and_keeps_explicit_duration (test_gameplay_capture.OrdinaryPrefixContracts.test_wrapper_defaults_to_thirty_seconds_and_keeps_explicit_duration) ... ok
2026-10-07T20:14:48.7667027Z 
2026-10-07T20:14:48.7667259Z ----------------------------------------------------------------------
2026-10-07T20:14:48.7667767Z Ran 59 tests in 0.192s
2026-10-07T20:14:48.7667970Z 
2026-10-07T20:14:48.7668082Z OK
2026-10-07T20:14:48.7668887Z {"status": "measured_touch_pending", "report": "/tmp/tmpe913e0ee/output/device-profile.json", "reason": null, "physical_device_measured": true}
2026-10-07T20:14:48.7670648Z {"status": "failed", "report": "/tmp/tmp5xuknlq4/output/device-profile.json", "reason": "Activity start reported an error: Error type 3\nError: Activity does not exist", "physical_device_measured": false}
2026-10-07T20:14:48.7672488Z {"status": "failed", "report": "/tmp/tmpmbitlv6r/output/device-profile.json", "reason": "The QA process disappeared or failed to start", "physical_device_measured": false}
2026-10-07T20:14:48.7674228Z {"status": "failed", "report": "/tmp/tmphks0d99v/output/device-profile.json", "reason": "The QA process restarted before finishing the profile", "physical_device_measured": false}
2026-10-07T20:14:48.7675887Z {"status": "failed", "report": "/tmp/tmptrzfz6kh/output/device-profile.json", "reason": "The fixture failed: missing combat", "physical_device_measured": false}
2026-10-07T20:14:48.7677813Z {"status": "failed", "report": "/tmp/tmpipiu_vcg/output/device-profile.json", "reason": "The QA process reported a script/runtime/shader error; see qa-logcat.txt", "physical_device_measured": false}
2026-10-07T20:14:48.7679703Z {"status": "failed", "report": "/tmp/tmpcl88alty/output/device-profile.json", "reason": "Timed out without all six real-time class/quality measurements", "physical_device_measured": false}
2026-10-07T20:14:48.7681555Z {"status": "unavailable", "report": "/tmp/tmpweqypuqt/device-profile.json", "reason": "adb is unavailable; no physical Android device could be inspected", "physical_device_measured": false}
2026-10-07T20:14:48.8326930Z RUN beta_flow_smoke.gd
2026-10-07T20:15:28.8930242Z PASS BETA FLOW SMOKE: 46 checks
2026-10-07T20:15:28.8931176Z RUN combat_stances_smoke.gd
2026-10-07T20:15:34.0884577Z PASS COMBAT STANCES SMOKE: 140 checks
2026-10-07T20:15:34.0885323Z RUN combat_movement_smoke.gd
2026-10-07T20:15:37.2375058Z PASS COMBAT MOVEMENT SMOKE: 8 checks
2026-10-07T20:15:37.2375545Z RUN journey_smoke.gd
2026-10-07T20:16:44.4494587Z PASS JOURNEY SMOKE: 413 checks
2026-10-07T20:16:44.4494913Z RUN dungeon_smoke.gd
2026-10-07T20:20:11.5193689Z PASS DUNGEON SMOKE: 55 checks
2026-10-07T20:20:11.5194063Z RUN persistence_smoke.gd
2026-10-07T20:20:27.3191026Z PASS PERSISTENCE SMOKE: 89 checks
2026-10-07T20:20:27.3191554Z RUN arcane_tactics_smoke.gd
2026-10-07T20:20:48.5049427Z PASS ARCANE TACTICS SMOKE: 29 checks
2026-10-07T20:20:48.5049891Z RUN boss_patterns_smoke.gd
2026-10-07T20:21:26.7140156Z PASS BOSS PATTERNS SMOKE: 122 checks
2026-10-07T20:21:26.7141786Z RUN class_loot_smoke.gd
2026-10-07T20:21:31.1674258Z PASS CLASS LOOT SMOKE: 29 checks
2026-10-07T20:21:31.1674986Z RUN contracts_smoke.gd
2026-10-07T20:22:06.6059541Z PASS CONTRACTS SMOKE: 68 checks
2026-10-07T20:22:06.6060274Z RUN combined_oaths_phases_smoke.gd
2026-10-07T20:22:26.2957765Z PASS COMBINED OATHS / PHASES SMOKE: 338 checks
2026-10-07T20:22:26.2958144Z RUN main_combined_rules_smoke.gd
2026-10-07T20:22:39.4794150Z PASS MAIN COMBINED RULES SMOKE: 156 checks
2026-10-07T20:22:39.4794539Z RUN gear_forecast_smoke.gd
2026-10-07T20:23:32.6517759Z PASS GEAR / FORECAST SMOKE: 38 checks
2026-10-07T20:23:32.6518186Z RUN gear_goals_smoke.gd
2026-10-07T20:23:39.6161255Z PASS GEAR GOALS SMOKE: 114 checks
2026-10-07T20:23:39.6161788Z RUN regions_smoke.gd
2026-10-07T20:23:50.5054394Z ##[error]The operation was canceled.
2026-10-07T20:23:50.5129097Z ##[group]Run actions/upload-artifact@v7
2026-10-07T20:23:50.5129424Z with:
2026-10-07T20:23:50.5129643Z   name: emberfall-gameplay-quality
2026-10-07T20:23:50.5129914Z   path: build/reports/*.log
2026-10-07T20:23:50.5130157Z   if-no-files-found: ignore
2026-10-07T20:23:50.5130386Z   retention-days: 14
2026-10-07T20:23:50.5130617Z   compression-level: 6
2026-10-07T20:23:50.5130839Z   overwrite: false
2026-10-07T20:23:50.5131055Z   include-hidden-files: false
2026-10-07T20:23:50.5131296Z   archive: true
2026-10-07T20:23:50.5131502Z ##[endgroup]
2026-10-07T20:23:50.6674296Z With the provided path, there will be 2 files uploaded
2026-10-07T20:23:50.6676528Z Artifact name is valid!
2026-10-07T20:23:50.6680511Z Root directory input is valid!
2026-10-07T20:23:51.0059672Z Uploading artifact: emberfall-gameplay-quality.zip
2026-10-07T20:23:51.0137693Z Beginning upload of artifact content to blob storage
2026-10-07T20:23:51.2789034Z Uploaded bytes 3067
2026-10-07T20:23:51.3427164Z Finished uploading artifact content to blob storage!
2026-10-07T20:23:51.3428592Z SHA256 digest of uploaded artifact is 24ba8325b779b8e85e67c584ad9d7fbe6cf473054aeba3bb868e5d3886674af2
2026-10-07T20:23:51.3429872Z Finalizing artifact upload
2026-10-07T20:23:51.7410602Z Artifact emberfall-gameplay-quality successfully finalized. Artifact ID 11509560635
2026-10-07T20:23:51.7412044Z Artifact emberfall-gameplay-quality has been successfully uploaded! Final size is 3067 bytes. Artifact ID is 11509560635
2026-10-07T20:23:51.7415556Z Artifact download URL: https://github.com/Philmenting/Emberfall-Ashen-Veil/actions/runs/37680231176/artifacts/11509560635
2026-10-07T20:23:51.7657930Z Post job cleanup.
2026-10-07T20:23:51.8564188Z [command]/usr/bin/git version
2026-10-07T20:23:51.8640236Z git version 2.55.0
2026-10-07T20:23:51.8685600Z Temporarily overriding HOME='/home/runner/work/_temp/440beb33-3772-4b21-b789-ae7801aba2b0' before making global git config changes
2026-10-07T20:23:51.8697818Z Adding repository directory to the temporary git global config as a safe directory
2026-10-07T20:23:51.8699288Z [command]/usr/bin/git config --global --add safe.directory /home/runner/work/Emberfall-Ashen-Veil/Emberfall-Ashen-Veil
2026-10-07T20:23:51.8738203Z Removing SSH command configuration
2026-10-07T20:23:51.8744885Z [command]/usr/bin/git config --local --name-only --get-regexp core\.sshCommand
2026-10-07T20:23:51.8791012Z [command]/usr/bin/git submodule foreach --recursive sh -c "git config --local --name-only --get-regexp 'core\.sshCommand' && git config --local --unset-all 'core.sshCommand' || :"
2026-10-07T20:23:51.9113177Z Removing HTTP extra header
2026-10-07T20:23:51.9119229Z [command]/usr/bin/git config --local --name-only --get-regexp http\.https\:\/\/github\.com\/\.extraheader
2026-10-07T20:23:51.9165980Z [command]/usr/bin/git submodule foreach --recursive sh -c "git config --local --name-only --get-regexp 'http\.https\:\/\/github\.com\/\.extraheader' && git config --local --unset-all 'http.https://github.com/.extraheader' || :"
2026-10-07T20:23:51.9537579Z Removing includeIf entries pointing to credentials config files
2026-10-07T20:23:51.9538817Z [command]/usr/bin/git config --local --name-only --get-regexp ^includeIf\.gitdir:
2026-10-07T20:23:51.9587577Z includeif.gitdir:/home/runner/work/Emberfall-Ashen-Veil/Emberfall-Ashen-Veil/.git.path
2026-10-07T20:23:51.9593032Z includeif.gitdir:/home/runner/work/Emberfall-Ashen-Veil/Emberfall-Ashen-Veil/.git/worktrees/*.path
2026-10-07T20:23:51.9594242Z includeif.gitdir:/github/workspace/.git.path
2026-10-07T20:23:51.9595108Z includeif.gitdir:/github/workspace/.git/worktrees/*.path
2026-10-07T20:23:51.9597773Z [command]/usr/bin/git config --local --get-all includeif.gitdir:/home/runner/work/Emberfall-Ashen-Veil/Emberfall-Ashen-Veil/.git.path
2026-10-07T20:23:51.9626775Z /home/runner/work/_temp/git-credentials-60f39285-5c36-4c6f-9a5f-e06f5dae0188.config
2026-10-07T20:23:51.9676579Z [command]/usr/bin/git config --local --unset includeif.gitdir:/home/runner/work/Emberfall-Ashen-Veil/Emberfall-Ashen-Veil/.git.path \/home\/runner\/work\/_temp\/git\-credentials\-60f39285\-5c36\-4c6f\-9a5f\-e06f5dae0188\.config
2026-10-07T20:23:51.9708309Z [command]/usr/bin/git config --local --get-all includeif.gitdir:/home/runner/work/Emberfall-Ashen-Veil/Emberfall-Ashen-Veil/.git/worktrees/*.path
2026-10-07T20:23:51.9762159Z /home/runner/work/_temp/git-credentials-60f39285-5c36-4c6f-9a5f-e06f5dae0188.config
2026-10-07T20:23:51.9808350Z [command]/usr/bin/git config --local --unset includeif.gitdir:/home/runner/work/Emberfall-Ashen-Veil/Emberfall-Ashen-Veil/.git/worktrees/*.path \/home\/runner\/work\/_temp\/git\-credentials\-60f39285\-5c36\-4c6f\-9a5f\-e06f5dae0188\.config
2026-10-07T20:23:51.9997562Z [command]/usr/bin/git config --local --get-all includeif.gitdir:/github/workspace/.git.path
2026-10-07T20:23:51.9998853Z /github/runner_temp/git-credentials-60f39285-5c36-4c6f-9a5f-e06f5dae0188.config
2026-10-07T20:23:52.0001963Z [command]/usr/bin/git config --local --unset includeif.gitdir:/github/workspace/.git.path \/github\/runner_temp\/git\-credentials\-60f39285\-5c36\-4c6f\-9a5f\-e06f5dae0188\.config
2026-10-07T20:23:52.0005112Z [command]/usr/bin/git config --local --get-all includeif.gitdir:/github/workspace/.git/worktrees/*.path
2026-10-07T20:23:52.0006519Z /github/runner_temp/git-credentials-60f39285-5c36-4c6f-9a5f-e06f5dae0188.config
2026-10-07T20:23:52.0020131Z [command]/usr/bin/git config --local --unset includeif.gitdir:/github/workspace/.git/worktrees/*.path \/github\/runner_temp\/git\-credentials\-60f39285\-5c36\-4c6f\-9a5f\-e06f5dae0188\.config
2026-10-07T20:23:52.0031742Z [command]/usr/bin/git submodule foreach --recursive git config --local --show-origin --name-only --get-regexp remote.origin.url
2026-10-07T20:23:52.0282653Z Removing credentials config '/home/runner/work/_temp/git-credentials-60f39285-5c36-4c6f-9a5f-e06f5dae0188.config'
2026-10-07T20:23:52.0485864Z Cleaning up orphan processes
2026-10-07T20:23:52.0802662Z Terminate orphan process: pid (2435) (python3)
2026-10-07T20:23:52.0824328Z Terminate orphan process: pid (2436) (tee)
2026-10-07T20:23:52.0851460Z Terminate orphan process: pid (2706) (godot)
