Godot Engine v4.7.2.stable.official.ed1daf0bf - https://godotengine.org

ERROR: Arcanist: actual support ankle holds its world anchor during the real low-step stance; drift=0.23292987048626
   at: push_error (core/variant/variant_utility.cpp:1023)
   GDScript backtrace (most recent call first):
       [0] check (res://tests/source_avatar_grip_smoke.gd:22)
       [1] audit_class (/workspace/scratch/emberfall-quality-057/evade-step-final-01/regression-original-evade.gd:230)
       [2] run (/workspace/scratch/emberfall-quality-057/evade-step-final-01/regression-original-evade.gd:398)
ERROR: Arcanist: actual support ankle holds its world anchor during the real low-step stance; drift=0.23293025791645
   at: push_error (core/variant/variant_utility.cpp:1023)
   GDScript backtrace (most recent call first):
       [0] check (res://tests/source_avatar_grip_smoke.gd:22)
       [1] audit_class (/workspace/scratch/emberfall-quality-057/evade-step-final-01/regression-original-evade.gd:230)
       [2] run (/workspace/scratch/emberfall-quality-057/evade-step-final-01/regression-original-evade.gd:398)
ERROR: Arcanist: actual support ankle holds its world anchor during the real low-step stance; drift=0.23292981088161
   at: push_error (core/variant/variant_utility.cpp:1023)
   GDScript backtrace (most recent call first):
       [0] check (res://tests/source_avatar_grip_smoke.gd:22)
       [1] audit_class (/workspace/scratch/emberfall-quality-057/evade-step-final-01/regression-original-evade.gd:230)
       [2] run (/workspace/scratch/emberfall-quality-057/evade-step-final-01/regression-original-evade.gd:398)
ERROR: Arcanist: actual support ankle holds its world anchor during the real low-step stance; drift=0.23292976617813
   at: push_error (core/variant/variant_utility.cpp:1023)
   GDScript backtrace (most recent call first):
       [0] check (res://tests/source_avatar_grip_smoke.gd:22)
       [1] audit_class (/workspace/scratch/emberfall-quality-057/evade-step-final-01/regression-original-evade.gd:230)
       [2] run (/workspace/scratch/emberfall-quality-057/evade-step-final-01/regression-original-evade.gd:398)
ERROR: Arcanist: actual support ankle holds its world anchor during the real low-step stance; drift=0.2329293936491
   at: push_error (core/variant/variant_utility.cpp:1023)
   GDScript backtrace (most recent call first):
       [0] check (res://tests/source_avatar_grip_smoke.gd:22)
       [1] audit_class (/workspace/scratch/emberfall-quality-057/evade-step-final-01/regression-original-evade.gd:230)
       [2] run (/workspace/scratch/emberfall-quality-057/evade-step-final-01/regression-original-evade.gd:398)
ERROR: Arcanist: actual support ankle holds its world anchor during the real low-step stance; drift=0.23292954266071
   at: push_error (core/variant/variant_utility.cpp:1023)
   GDScript backtrace (most recent call first):
       [0] check (res://tests/source_avatar_grip_smoke.gd:22)
       [1] audit_class (/workspace/scratch/emberfall-quality-057/evade-step-final-01/regression-original-evade.gd:230)
       [2] run (/workspace/scratch/emberfall-quality-057/evade-step-final-01/regression-original-evade.gd:398)
ERROR: Arcanist: actual support ankle holds its world anchor during the real low-step stance; drift=0.23292987048626
   at: push_error (core/variant/variant_utility.cpp:1023)
   GDScript backtrace (most recent call first):
       [0] check (res://tests/source_avatar_grip_smoke.gd:22)
       [1] audit_class (/workspace/scratch/emberfall-quality-057/evade-step-final-01/regression-original-evade.gd:230)
       [2] run (/workspace/scratch/emberfall-quality-057/evade-step-final-01/regression-original-evade.gd:398)
ERROR: Arcanist: actual support ankle holds its world anchor during the real low-step stance; drift=0.23292997479439
   at: push_error (core/variant/variant_utility.cpp:1023)
   GDScript backtrace (most recent call first):
       [0] check (res://tests/source_avatar_grip_smoke.gd:22)
       [1] audit_class (/workspace/scratch/emberfall-quality-057/evade-step-final-01/regression-original-evade.gd:230)
       [2] run (/workspace/scratch/emberfall-quality-057/evade-step-final-01/regression-original-evade.gd:398)
ERROR: Arcanist source-direction 0 normal2.4m path: native ankles retain signed lateral order and at least80% of their original guarded separation throughout all121 phases; minimum=-0.49649903178215
   at: push_error (core/variant/variant_utility.cpp:1023)
   GDScript backtrace (most recent call first):
       [0] check (res://tests/source_avatar_grip_smoke.gd:22)
       [1] audit_step_choreography (/workspace/scratch/emberfall-quality-057/evade-step-final-01/regression-original-evade.gd:144)
       [2] audit_class (/workspace/scratch/emberfall-quality-057/evade-step-final-01/regression-original-evade.gd:245)
       [3] run (/workspace/scratch/emberfall-quality-057/evade-step-final-01/regression-original-evade.gd:398)
ERROR: Arcanist source-direction 0 normal2.4m path: actual weighted boot centres keep their source side and their projected sole edges never overlap; centre=-0.41340794590082 gap=-0.62184858322144
   at: push_error (core/variant/variant_utility.cpp:1023)
   GDScript backtrace (most recent call first):
       [0] check (res://tests/source_avatar_grip_smoke.gd:22)
       [1] audit_step_choreography (/workspace/scratch/emberfall-quality-057/evade-step-final-01/regression-original-evade.gd:145)
       [2] audit_class (/workspace/scratch/emberfall-quality-057/evade-step-final-01/regression-original-evade.gd:245)
       [3] run (/workspace/scratch/emberfall-quality-057/evade-step-final-01/regression-original-evade.gd:398)
ERROR: Arcanist source-direction 0 normal2.4m path: the outside foot opens the escape before the trailing foot follows
   at: push_error (core/variant/variant_utility.cpp:1023)
   GDScript backtrace (most recent call first):
       [0] check (res://tests/source_avatar_grip_smoke.gd:22)
       [1] audit_step_choreography (/workspace/scratch/emberfall-quality-057/evade-step-final-01/regression-original-evade.gd:149)
       [2] audit_class (/workspace/scratch/emberfall-quality-057/evade-step-final-01/regression-original-evade.gd:245)
       [3] run (/workspace/scratch/emberfall-quality-057/evade-step-final-01/regression-original-evade.gd:398)
ERROR: Arcanist source-direction 0 three complete cycles: native ankles retain signed lateral order and at least80% of their original guarded separation throughout all121 phases; minimum=-0.49540576338768
   at: push_error (core/variant/variant_utility.cpp:1023)
   GDScript backtrace (most recent call first):
       [0] check (res://tests/source_avatar_grip_smoke.gd:22)
       [1] audit_step_choreography (/workspace/scratch/emberfall-quality-057/evade-step-final-01/regression-original-evade.gd:144)
       [2] audit_class (/workspace/scratch/emberfall-quality-057/evade-step-final-01/regression-original-evade.gd:245)
       [3] run (/workspace/scratch/emberfall-quality-057/evade-step-final-01/regression-original-evade.gd:398)
ERROR: Arcanist source-direction 0 three complete cycles: actual weighted boot centres keep their source side and their projected sole edges never overlap; centre=-0.41232835760947 gap=-0.62084326148033
   at: push_error (core/variant/variant_utility.cpp:1023)
   GDScript backtrace (most recent call first):
       [0] check (res://tests/source_avatar_grip_smoke.gd:22)
       [1] audit_step_choreography (/workspace/scratch/emberfall-quality-057/evade-step-final-01/regression-original-evade.gd:145)
       [2] audit_class (/workspace/scratch/emberfall-quality-057/evade-step-final-01/regression-original-evade.gd:245)
       [3] run (/workspace/scratch/emberfall-quality-057/evade-step-final-01/regression-original-evade.gd:398)
ERROR: Arcanist source-direction 0 three complete cycles: the outside foot opens the escape before the trailing foot follows
   at: push_error (core/variant/variant_utility.cpp:1023)
   GDScript backtrace (most recent call first):
       [0] check (res://tests/source_avatar_grip_smoke.gd:22)
       [1] audit_step_choreography (/workspace/scratch/emberfall-quality-057/evade-step-final-01/regression-original-evade.gd:149)
       [2] audit_class (/workspace/scratch/emberfall-quality-057/evade-step-final-01/regression-original-evade.gd:245)
       [3] run (/workspace/scratch/emberfall-quality-057/evade-step-final-01/regression-original-evade.gd:398)
ERROR: Arcanist source-direction 1 normal2.4m path: native ankles retain signed lateral order and at least80% of their original guarded separation throughout all121 phases; minimum=-0.21340169012547
   at: push_error (core/variant/variant_utility.cpp:1023)
   GDScript backtrace (most recent call first):
       [0] check (res://tests/source_avatar_grip_smoke.gd:22)
       [1] audit_step_choreography (/workspace/scratch/emberfall-quality-057/evade-step-final-01/regression-original-evade.gd:144)
       [2] audit_class (/workspace/scratch/emberfall-quality-057/evade-step-final-01/regression-original-evade.gd:245)
       [3] run (/workspace/scratch/emberfall-quality-057/evade-step-final-01/regression-original-evade.gd:398)
ERROR: Arcanist source-direction 1 normal2.4m path: actual weighted boot centres keep their source side and their projected sole edges never overlap; centre=-0.13136730837018 gap=-0.3470458984375
   at: push_error (core/variant/variant_utility.cpp:1023)
   GDScript backtrace (most recent call first):
       [0] check (res://tests/source_avatar_grip_smoke.gd:22)
       [1] audit_step_choreography (/workspace/scratch/emberfall-quality-057/evade-step-final-01/regression-original-evade.gd:145)
       [2] audit_class (/workspace/scratch/emberfall-quality-057/evade-step-final-01/regression-original-evade.gd:245)
       [3] run (/workspace/scratch/emberfall-quality-057/evade-step-final-01/regression-original-evade.gd:398)
ERROR: Arcanist source-direction 1 normal2.4m path: the outside foot opens the escape before the trailing foot follows
   at: push_error (core/variant/variant_utility.cpp:1023)
   GDScript backtrace (most recent call first):
       [0] check (res://tests/source_avatar_grip_smoke.gd:22)
       [1] audit_step_choreography (/workspace/scratch/emberfall-quality-057/evade-step-final-01/regression-original-evade.gd:149)
       [2] audit_class (/workspace/scratch/emberfall-quality-057/evade-step-final-01/regression-original-evade.gd:245)
       [3] run (/workspace/scratch/emberfall-quality-057/evade-step-final-01/regression-original-evade.gd:398)
ERROR: Arcanist source-direction 1 three complete cycles: native ankles retain signed lateral order and at least80% of their original guarded separation throughout all121 phases; minimum=-0.21262872219086
   at: push_error (core/variant/variant_utility.cpp:1023)
   GDScript backtrace (most recent call first):
       [0] check (res://tests/source_avatar_grip_smoke.gd:22)
       [1] audit_step_choreography (/workspace/scratch/emberfall-quality-057/evade-step-final-01/regression-original-evade.gd:144)
       [2] audit_class (/workspace/scratch/emberfall-quality-057/evade-step-final-01/regression-original-evade.gd:245)
       [3] run (/workspace/scratch/emberfall-quality-057/evade-step-final-01/regression-original-evade.gd:398)
ERROR: Arcanist source-direction 1 three complete cycles: actual weighted boot centres keep their source side and their projected sole edges never overlap; centre=-0.13063726666268 gap=-0.34628188610077
   at: push_error (core/variant/variant_utility.cpp:1023)
   GDScript backtrace (most recent call first):
       [0] check (res://tests/source_avatar_grip_smoke.gd:22)
       [1] audit_step_choreography (/workspace/scratch/emberfall-quality-057/evade-step-final-01/regression-original-evade.gd:145)
       [2] audit_class (/workspace/scratch/emberfall-quality-057/evade-step-final-01/regression-original-evade.gd:245)
       [3] run (/workspace/scratch/emberfall-quality-057/evade-step-final-01/regression-original-evade.gd:398)
ERROR: Arcanist source-direction 1 three complete cycles: the outside foot opens the escape before the trailing foot follows
   at: push_error (core/variant/variant_utility.cpp:1023)
   GDScript backtrace (most recent call first):
       [0] check (res://tests/source_avatar_grip_smoke.gd:22)
       [1] audit_step_choreography (/workspace/scratch/emberfall-quality-057/evade-step-final-01/regression-original-evade.gd:149)
       [2] audit_class (/workspace/scratch/emberfall-quality-057/evade-step-final-01/regression-original-evade.gd:245)
       [3] run (/workspace/scratch/emberfall-quality-057/evade-step-final-01/regression-original-evade.gd:398)
ERROR: Arcanist source-direction 3 normal2.4m path: native ankles retain signed lateral order and at least80% of their original guarded separation throughout all121 phases; minimum=-0.21340170502663
   at: push_error (core/variant/variant_utility.cpp:1023)
   GDScript backtrace (most recent call first):
       [0] check (res://tests/source_avatar_grip_smoke.gd:22)
       [1] audit_step_choreography (/workspace/scratch/emberfall-quality-057/evade-step-final-01/regression-original-evade.gd:144)
       [2] audit_class (/workspace/scratch/emberfall-quality-057/evade-step-final-01/regression-original-evade.gd:245)
       [3] run (/workspace/scratch/emberfall-quality-057/evade-step-final-01/regression-original-evade.gd:398)
ERROR: Arcanist source-direction 3 normal2.4m path: actual weighted boot centres keep their source side and their projected sole edges never overlap; centre=-0.13081630963958 gap=-0.33621072769165
   at: push_error (core/variant/variant_utility.cpp:1023)
   GDScript backtrace (most recent call first):
       [0] check (res://tests/source_avatar_grip_smoke.gd:22)
       [1] audit_step_choreography (/workspace/scratch/emberfall-quality-057/evade-step-final-01/regression-original-evade.gd:145)
       [2] audit_class (/workspace/scratch/emberfall-quality-057/evade-step-final-01/regression-original-evade.gd:245)
       [3] run (/workspace/scratch/emberfall-quality-057/evade-step-final-01/regression-original-evade.gd:398)
ERROR: Arcanist source-direction 3 normal2.4m path: the outside foot opens the escape before the trailing foot follows
   at: push_error (core/variant/variant_utility.cpp:1023)
   GDScript backtrace (most recent call first):
       [0] check (res://tests/source_avatar_grip_smoke.gd:22)
       [1] audit_step_choreography (/workspace/scratch/emberfall-quality-057/evade-step-final-01/regression-original-evade.gd:149)
       [2] audit_class (/workspace/scratch/emberfall-quality-057/evade-step-final-01/regression-original-evade.gd:245)
       [3] run (/workspace/scratch/emberfall-quality-057/evade-step-final-01/regression-original-evade.gd:398)
ERROR: Arcanist source-direction 3 three complete cycles: native ankles retain signed lateral order and at least80% of their original guarded separation throughout all121 phases; minimum=-0.21262863278389
   at: push_error (core/variant/variant_utility.cpp:1023)
   GDScript backtrace (most recent call first):
       [0] check (res://tests/source_avatar_grip_smoke.gd:22)
       [1] audit_step_choreography (/workspace/scratch/emberfall-quality-057/evade-step-final-01/regression-original-evade.gd:144)
       [2] audit_class (/workspace/scratch/emberfall-quality-057/evade-step-final-01/regression-original-evade.gd:245)
       [3] run (/workspace/scratch/emberfall-quality-057/evade-step-final-01/regression-original-evade.gd:398)
ERROR: Arcanist source-direction 3 three complete cycles: actual weighted boot centres keep their source side and their projected sole edges never overlap; centre=-0.1301038077708 gap=-0.33557653427124
   at: push_error (core/variant/variant_utility.cpp:1023)
   GDScript backtrace (most recent call first):
       [0] check (res://tests/source_avatar_grip_smoke.gd:22)
       [1] audit_step_choreography (/workspace/scratch/emberfall-quality-057/evade-step-final-01/regression-original-evade.gd:145)
       [2] audit_class (/workspace/scratch/emberfall-quality-057/evade-step-final-01/regression-original-evade.gd:245)
       [3] run (/workspace/scratch/emberfall-quality-057/evade-step-final-01/regression-original-evade.gd:398)
ERROR: Arcanist source-direction 3 three complete cycles: the outside foot opens the escape before the trailing foot follows
   at: push_error (core/variant/variant_utility.cpp:1023)
   GDScript backtrace (most recent call first):
       [0] check (res://tests/source_avatar_grip_smoke.gd:22)
       [1] audit_step_choreography (/workspace/scratch/emberfall-quality-057/evade-step-final-01/regression-original-evade.gd:149)
       [2] audit_class (/workspace/scratch/emberfall-quality-057/evade-step-final-01/regression-original-evade.gd:245)
       [3] run (/workspace/scratch/emberfall-quality-057/evade-step-final-01/regression-original-evade.gd:398)
ERROR: Arcanist source-direction 4 normal2.4m path: native ankles retain signed lateral order and at least80% of their original guarded separation throughout all121 phases; minimum=-0.49649900197983
   at: push_error (core/variant/variant_utility.cpp:1023)
   GDScript backtrace (most recent call first):
       [0] check (res://tests/source_avatar_grip_smoke.gd:22)
       [1] audit_step_choreography (/workspace/scratch/emberfall-quality-057/evade-step-final-01/regression-original-evade.gd:144)
       [2] audit_class (/workspace/scratch/emberfall-quality-057/evade-step-final-01/regression-original-evade.gd:245)
       [3] run (/workspace/scratch/emberfall-quality-057/evade-step-final-01/regression-original-evade.gd:398)
ERROR: Arcanist source-direction 4 normal2.4m path: actual weighted boot centres keep their source side and their projected sole edges never overlap; centre=-0.4135796528184 gap=-0.62582778930664
   at: push_error (core/variant/variant_utility.cpp:1023)
   GDScript backtrace (most recent call first):
       [0] check (res://tests/source_avatar_grip_smoke.gd:22)
       [1] audit_step_choreography (/workspace/scratch/emberfall-quality-057/evade-step-final-01/regression-original-evade.gd:145)
       [2] audit_class (/workspace/scratch/emberfall-quality-057/evade-step-final-01/regression-original-evade.gd:245)
       [3] run (/workspace/scratch/emberfall-quality-057/evade-step-final-01/regression-original-evade.gd:398)
ERROR: Arcanist source-direction 4 normal2.4m path: the outside foot opens the escape before the trailing foot follows
   at: push_error (core/variant/variant_utility.cpp:1023)
   GDScript backtrace (most recent call first):
       [0] check (res://tests/source_avatar_grip_smoke.gd:22)
       [1] audit_step_choreography (/workspace/scratch/emberfall-quality-057/evade-step-final-01/regression-original-evade.gd:149)
       [2] audit_class (/workspace/scratch/emberfall-quality-057/evade-step-final-01/regression-original-evade.gd:245)
       [3] run (/workspace/scratch/emberfall-quality-057/evade-step-final-01/regression-original-evade.gd:398)
ERROR: Arcanist source-direction 4 three complete cycles: native ankles retain signed lateral order and at least80% of their original guarded separation throughout all121 phases; minimum=-0.49540585279465
   at: push_error (core/variant/variant_utility.cpp:1023)
   GDScript backtrace (most recent call first):
       [0] check (res://tests/source_avatar_grip_smoke.gd:22)
       [1] audit_step_choreography (/workspace/scratch/emberfall-quality-057/evade-step-final-01/regression-original-evade.gd:144)
       [2] audit_class (/workspace/scratch/emberfall-quality-057/evade-step-final-01/regression-original-evade.gd:245)
       [3] run (/workspace/scratch/emberfall-quality-057/evade-step-final-01/regression-original-evade.gd:398)
ERROR: Arcanist source-direction 4 three complete cycles: actual weighted boot centres keep their source side and their projected sole edges never overlap; centre=-0.41253688362207 gap=-0.624840259552
   at: push_error (core/variant/variant_utility.cpp:1023)
   GDScript backtrace (most recent call first):
       [0] check (res://tests/source_avatar_grip_smoke.gd:22)
       [1] audit_step_choreography (/workspace/scratch/emberfall-quality-057/evade-step-final-01/regression-original-evade.gd:145)
       [2] audit_class (/workspace/scratch/emberfall-quality-057/evade-step-final-01/regression-original-evade.gd:245)
       [3] run (/workspace/scratch/emberfall-quality-057/evade-step-final-01/regression-original-evade.gd:398)
ERROR: Arcanist source-direction 4 three complete cycles: the outside foot opens the escape before the trailing foot follows
   at: push_error (core/variant/variant_utility.cpp:1023)
   GDScript backtrace (most recent call first):
       [0] check (res://tests/source_avatar_grip_smoke.gd:22)
       [1] audit_step_choreography (/workspace/scratch/emberfall-quality-057/evade-step-final-01/regression-original-evade.gd:149)
       [2] audit_class (/workspace/scratch/emberfall-quality-057/evade-step-final-01/regression-original-evade.gd:245)
       [3] run (/workspace/scratch/emberfall-quality-057/evade-step-final-01/regression-original-evade.gd:398)
ERROR: Arcanist source-direction 5 normal2.4m path: native ankles retain signed lateral order and at least80% of their original guarded separation throughout all121 phases; minimum=-0.21340179443359
   at: push_error (core/variant/variant_utility.cpp:1023)
   GDScript backtrace (most recent call first):
       [0] check (res://tests/source_avatar_grip_smoke.gd:22)
       [1] audit_step_choreography (/workspace/scratch/emberfall-quality-057/evade-step-final-01/regression-original-evade.gd:144)
       [2] audit_class (/workspace/scratch/emberfall-quality-057/evade-step-final-01/regression-original-evade.gd:245)
       [3] run (/workspace/scratch/emberfall-quality-057/evade-step-final-01/regression-original-evade.gd:398)
ERROR: Arcanist source-direction 5 normal2.4m path: actual weighted boot centres keep their source side and their projected sole edges never overlap; centre=-0.13156290134687 gap=-0.35223174095154
   at: push_error (core/variant/variant_utility.cpp:1023)
   GDScript backtrace (most recent call first):
       [0] check (res://tests/source_avatar_grip_smoke.gd:22)
       [1] audit_step_choreography (/workspace/scratch/emberfall-quality-057/evade-step-final-01/regression-original-evade.gd:145)
       [2] audit_class (/workspace/scratch/emberfall-quality-057/evade-step-final-01/regression-original-evade.gd:245)
       [3] run (/workspace/scratch/emberfall-quality-057/evade-step-final-01/regression-original-evade.gd:398)
ERROR: Arcanist source-direction 5 normal2.4m path: the outside foot opens the escape before the trailing foot follows
   at: push_error (core/variant/variant_utility.cpp:1023)
   GDScript backtrace (most recent call first):
       [0] check (res://tests/source_avatar_grip_smoke.gd:22)
       [1] audit_step_choreography (/workspace/scratch/emberfall-quality-057/evade-step-final-01/regression-original-evade.gd:149)
       [2] audit_class (/workspace/scratch/emberfall-quality-057/evade-step-final-01/regression-original-evade.gd:245)
       [3] run (/workspace/scratch/emberfall-quality-057/evade-step-final-01/regression-original-evade.gd:398)
ERROR: Arcanist source-direction 5 three complete cycles: native ankles retain signed lateral order and at least80% of their original guarded separation throughout all121 phases; minimum=-0.2126287072897
   at: push_error (core/variant/variant_utility.cpp:1023)
   GDScript backtrace (most recent call first):
       [0] check (res://tests/source_avatar_grip_smoke.gd:22)
       [1] audit_step_choreography (/workspace/scratch/emberfall-quality-057/evade-step-final-01/regression-original-evade.gd:144)
       [2] audit_class (/workspace/scratch/emberfall-quality-057/evade-step-final-01/regression-original-evade.gd:245)
       [3] run (/workspace/scratch/emberfall-quality-057/evade-step-final-01/regression-original-evade.gd:398)
ERROR: Arcanist source-direction 5 three complete cycles: actual weighted boot centres keep their source side and their projected sole edges never overlap; centre=-0.13079408581337 gap=-0.35151863098145
   at: push_error (core/variant/variant_utility.cpp:1023)
   GDScript backtrace (most recent call first):
       [0] check (res://tests/source_avatar_grip_smoke.gd:22)
       [1] audit_step_choreography (/workspace/scratch/emberfall-quality-057/evade-step-final-01/regression-original-evade.gd:145)
       [2] audit_class (/workspace/scratch/emberfall-quality-057/evade-step-final-01/regression-original-evade.gd:245)
       [3] run (/workspace/scratch/emberfall-quality-057/evade-step-final-01/regression-original-evade.gd:398)
ERROR: Arcanist source-direction 5 three complete cycles: the outside foot opens the escape before the trailing foot follows
   at: push_error (core/variant/variant_utility.cpp:1023)
   GDScript backtrace (most recent call first):
       [0] check (res://tests/source_avatar_grip_smoke.gd:22)
       [1] audit_step_choreography (/workspace/scratch/emberfall-quality-057/evade-step-final-01/regression-original-evade.gd:149)
       [2] audit_class (/workspace/scratch/emberfall-quality-057/evade-step-final-01/regression-original-evade.gd:245)
       [3] run (/workspace/scratch/emberfall-quality-057/evade-step-final-01/regression-original-evade.gd:398)
ERROR: Arcanist source-direction 7 normal2.4m path: native ankles retain signed lateral order and at least80% of their original guarded separation throughout all121 phases; minimum=-0.21340149641037
   at: push_error (core/variant/variant_utility.cpp:1023)
   GDScript backtrace (most recent call first):
       [0] check (res://tests/source_avatar_grip_smoke.gd:22)
       [1] audit_step_choreography (/workspace/scratch/emberfall-quality-057/evade-step-final-01/regression-original-evade.gd:144)
       [2] audit_class (/workspace/scratch/emberfall-quality-057/evade-step-final-01/regression-original-evade.gd:245)
       [3] run (/workspace/scratch/emberfall-quality-057/evade-step-final-01/regression-original-evade.gd:398)
ERROR: Arcanist source-direction 7 normal2.4m path: actual weighted boot centres keep their source side and their projected sole edges never overlap; centre=-0.12982752082053 gap=-0.33188796043396
   at: push_error (core/variant/variant_utility.cpp:1023)
   GDScript backtrace (most recent call first):
       [0] check (res://tests/source_avatar_grip_smoke.gd:22)
       [1] audit_step_choreography (/workspace/scratch/emberfall-quality-057/evade-step-final-01/regression-original-evade.gd:145)
       [2] audit_class (/workspace/scratch/emberfall-quality-057/evade-step-final-01/regression-original-evade.gd:245)
       [3] run (/workspace/scratch/emberfall-quality-057/evade-step-final-01/regression-original-evade.gd:398)
ERROR: Arcanist source-direction 7 normal2.4m path: the outside foot opens the escape before the trailing foot follows
   at: push_error (core/variant/variant_utility.cpp:1023)
   GDScript backtrace (most recent call first):
       [0] check (res://tests/source_avatar_grip_smoke.gd:22)
       [1] audit_step_choreography (/workspace/scratch/emberfall-quality-057/evade-step-final-01/regression-original-evade.gd:149)
       [2] audit_class (/workspace/scratch/emberfall-quality-057/evade-step-final-01/regression-original-evade.gd:245)
       [3] run (/workspace/scratch/emberfall-quality-057/evade-step-final-01/regression-original-evade.gd:398)
ERROR: Arcanist source-direction 7 three complete cycles: native ankles retain signed lateral order and at least80% of their original guarded separation throughout all121 phases; minimum=-0.21262800693512
   at: push_error (core/variant/variant_utility.cpp:1023)
   GDScript backtrace (most recent call first):
       [0] check (res://tests/source_avatar_grip_smoke.gd:22)
       [1] audit_step_choreography (/workspace/scratch/emberfall-quality-057/evade-step-final-01/regression-original-evade.gd:144)
       [2] audit_class (/workspace/scratch/emberfall-quality-057/evade-step-final-01/regression-original-evade.gd:245)
       [3] run (/workspace/scratch/emberfall-quality-057/evade-step-final-01/regression-original-evade.gd:398)
ERROR: Arcanist source-direction 7 three complete cycles: actual weighted boot centres keep their source side and their projected sole edges never overlap; centre=-0.12905994693885 gap=-0.33105838298798
   at: push_error (core/variant/variant_utility.cpp:1023)
   GDScript backtrace (most recent call first):
       [0] check (res://tests/source_avatar_grip_smoke.gd:22)
       [1] audit_step_choreography (/workspace/scratch/emberfall-quality-057/evade-step-final-01/regression-original-evade.gd:145)
       [2] audit_class (/workspace/scratch/emberfall-quality-057/evade-step-final-01/regression-original-evade.gd:245)
       [3] run (/workspace/scratch/emberfall-quality-057/evade-step-final-01/regression-original-evade.gd:398)
ERROR: Arcanist source-direction 7 three complete cycles: the outside foot opens the escape before the trailing foot follows
   at: push_error (core/variant/variant_utility.cpp:1023)
   GDScript backtrace (most recent call first):
       [0] check (res://tests/source_avatar_grip_smoke.gd:22)
       [1] audit_step_choreography (/workspace/scratch/emberfall-quality-057/evade-step-final-01/regression-original-evade.gd:149)
       [2] audit_class (/workspace/scratch/emberfall-quality-057/evade-step-final-01/regression-original-evade.gd:245)
       [3] run (/workspace/scratch/emberfall-quality-057/evade-step-final-01/regression-original-evade.gd:398)
ERROR: Ranger: actual support ankle holds its world anchor during the real low-step stance; drift=0.23292960226536
   at: push_error (core/variant/variant_utility.cpp:1023)
   GDScript backtrace (most recent call first):
       [0] check (res://tests/source_avatar_grip_smoke.gd:22)
       [1] audit_class (/workspace/scratch/emberfall-quality-057/evade-step-final-01/regression-original-evade.gd:230)
       [2] run (/workspace/scratch/emberfall-quality-057/evade-step-final-01/regression-original-evade.gd:398)
ERROR: Ranger: actual support ankle holds its world anchor during the real low-step stance; drift=0.23292911052704
   at: push_error (core/variant/variant_utility.cpp:1023)
   GDScript backtrace (most recent call first):
       [0] check (res://tests/source_avatar_grip_smoke.gd:22)
       [1] audit_class (/workspace/scratch/emberfall-quality-057/evade-step-final-01/regression-original-evade.gd:230)
       [2] run (/workspace/scratch/emberfall-quality-057/evade-step-final-01/regression-original-evade.gd:398)
ERROR: Ranger: actual support ankle holds its world anchor during the real low-step stance; drift=0.2329299300909
   at: push_error (core/variant/variant_utility.cpp:1023)
   GDScript backtrace (most recent call first):
       [0] check (res://tests/source_avatar_grip_smoke.gd:22)
       [1] audit_class (/workspace/scratch/emberfall-quality-057/evade-step-final-01/regression-original-evade.gd:230)
       [2] run (/workspace/scratch/emberfall-quality-057/evade-step-final-01/regression-original-evade.gd:398)
ERROR: Ranger: actual support ankle holds its world anchor during the real low-step stance; drift=0.23292981088161
   at: push_error (core/variant/variant_utility.cpp:1023)
   GDScript backtrace (most recent call first):
       [0] check (res://tests/source_avatar_grip_smoke.gd:22)
       [1] audit_class (/workspace/scratch/emberfall-quality-057/evade-step-final-01/regression-original-evade.gd:230)
       [2] run (/workspace/scratch/emberfall-quality-057/evade-step-final-01/regression-original-evade.gd:398)
ERROR: Ranger: actual support ankle holds its world anchor during the real low-step stance; drift=0.23292963206768
   at: push_error (core/variant/variant_utility.cpp:1023)
   GDScript backtrace (most recent call first):
       [0] check (res://tests/source_avatar_grip_smoke.gd:22)
       [1] audit_class (/workspace/scratch/emberfall-quality-057/evade-step-final-01/regression-original-evade.gd:230)
       [2] run (/workspace/scratch/emberfall-quality-057/evade-step-final-01/regression-original-evade.gd:398)
ERROR: Ranger: actual support ankle holds its world anchor during the real low-step stance; drift=0.23292981088161
   at: push_error (core/variant/variant_utility.cpp:1023)
   GDScript backtrace (most recent call first):
       [0] check (res://tests/source_avatar_grip_smoke.gd:22)
       [1] audit_class (/workspace/scratch/emberfall-quality-057/evade-step-final-01/regression-original-evade.gd:230)
       [2] run (/workspace/scratch/emberfall-quality-057/evade-step-final-01/regression-original-evade.gd:398)
ERROR: Ranger: actual support ankle holds its world anchor during the real low-step stance; drift=0.232930123806
   at: push_error (core/variant/variant_utility.cpp:1023)
   GDScript backtrace (most recent call first):
       [0] check (res://tests/source_avatar_grip_smoke.gd:22)
       [1] audit_class (/workspace/scratch/emberfall-quality-057/evade-step-final-01/regression-original-evade.gd:230)
       [2] run (/workspace/scratch/emberfall-quality-057/evade-step-final-01/regression-original-evade.gd:398)
ERROR: Ranger: actual support ankle holds its world anchor during the real low-step stance; drift=0.23293006420135
   at: push_error (core/variant/variant_utility.cpp:1023)
   GDScript backtrace (most recent call first):
       [0] check (res://tests/source_avatar_grip_smoke.gd:22)
       [1] audit_class (/workspace/scratch/emberfall-quality-057/evade-step-final-01/regression-original-evade.gd:230)
       [2] run (/workspace/scratch/emberfall-quality-057/evade-step-final-01/regression-original-evade.gd:398)
ERROR: Ranger source-direction 0 normal2.4m path: native ankles retain signed lateral order and at least80% of their original guarded separation throughout all121 phases; minimum=-0.49649897217751
   at: push_error (core/variant/variant_utility.cpp:1023)
   GDScript backtrace (most recent call first):
       [0] check (res://tests/source_avatar_grip_smoke.gd:22)
       [1] audit_step_choreography (/workspace/scratch/emberfall-quality-057/evade-step-final-01/regression-original-evade.gd:144)
       [2] audit_class (/workspace/scratch/emberfall-quality-057/evade-step-final-01/regression-original-evade.gd:245)
       [3] run (/workspace/scratch/emberfall-quality-057/evade-step-final-01/regression-original-evade.gd:398)
ERROR: Ranger source-direction 0 normal2.4m path: actual weighted boot centres keep their source side and their projected sole edges never overlap; centre=-0.37205124101719 gap=-0.61718392372131
   at: push_error (core/variant/variant_utility.cpp:1023)
   GDScript backtrace (most recent call first):
       [0] check (res://tests/source_avatar_grip_smoke.gd:22)
       [1] audit_step_choreography (/workspace/scratch/emberfall-quality-057/evade-step-final-01/regression-original-evade.gd:145)
       [2] audit_class (/workspace/scratch/emberfall-quality-057/evade-step-final-01/regression-original-evade.gd:245)
       [3] run (/workspace/scratch/emberfall-quality-057/evade-step-final-01/regression-original-evade.gd:398)
ERROR: Ranger source-direction 0 normal2.4m path: the outside foot opens the escape before the trailing foot follows
   at: push_error (core/variant/variant_utility.cpp:1023)
   GDScript backtrace (most recent call first):
       [0] check (res://tests/source_avatar_grip_smoke.gd:22)
       [1] audit_step_choreography (/workspace/scratch/emberfall-quality-057/evade-step-final-01/regression-original-evade.gd:149)
       [2] audit_class (/workspace/scratch/emberfall-quality-057/evade-step-final-01/regression-original-evade.gd:245)
       [3] run (/workspace/scratch/emberfall-quality-057/evade-step-final-01/regression-original-evade.gd:398)
ERROR: Ranger source-direction 0 three complete cycles: native ankles retain signed lateral order and at least80% of their original guarded separation throughout all121 phases; minimum=-0.49540555477142
   at: push_error (core/variant/variant_utility.cpp:1023)
   GDScript backtrace (most recent call first):
       [0] check (res://tests/source_avatar_grip_smoke.gd:22)
       [1] audit_step_choreography (/workspace/scratch/emberfall-quality-057/evade-step-final-01/regression-original-evade.gd:144)
       [2] audit_class (/workspace/scratch/emberfall-quality-057/evade-step-final-01/regression-original-evade.gd:245)
       [3] run (/workspace/scratch/emberfall-quality-057/evade-step-final-01/regression-original-evade.gd:398)
ERROR: Ranger source-direction 0 three complete cycles: actual weighted boot centres keep their source side and their projected sole edges never overlap; centre=-0.37094562561238 gap=-0.6161701977253
   at: push_error (core/variant/variant_utility.cpp:1023)
   GDScript backtrace (most recent call first):
       [0] check (res://tests/source_avatar_grip_smoke.gd:22)
       [1] audit_step_choreography (/workspace/scratch/emberfall-quality-057/evade-step-final-01/regression-original-evade.gd:145)
       [2] audit_class (/workspace/scratch/emberfall-quality-057/evade-step-final-01/regression-original-evade.gd:245)
       [3] run (/workspace/scratch/emberfall-quality-057/evade-step-final-01/regression-original-evade.gd:398)
ERROR: Ranger source-direction 0 three complete cycles: the outside foot opens the escape before the trailing foot follows
   at: push_error (core/variant/variant_utility.cpp:1023)
   GDScript backtrace (most recent call first):
       [0] check (res://tests/source_avatar_grip_smoke.gd:22)
       [1] audit_step_choreography (/workspace/scratch/emberfall-quality-057/evade-step-final-01/regression-original-evade.gd:149)
       [2] audit_class (/workspace/scratch/emberfall-quality-057/evade-step-final-01/regression-original-evade.gd:245)
       [3] run (/workspace/scratch/emberfall-quality-057/evade-step-final-01/regression-original-evade.gd:398)
ERROR: Ranger source-direction 1 normal2.4m path: native ankles retain signed lateral order and at least80% of their original guarded separation throughout all121 phases; minimum=-0.2134016007185
   at: push_error (core/variant/variant_utility.cpp:1023)
   GDScript backtrace (most recent call first):
       [0] check (res://tests/source_avatar_grip_smoke.gd:22)
       [1] audit_step_choreography (/workspace/scratch/emberfall-quality-057/evade-step-final-01/regression-original-evade.gd:144)
       [2] audit_class (/workspace/scratch/emberfall-quality-057/evade-step-final-01/regression-original-evade.gd:245)
       [3] run (/workspace/scratch/emberfall-quality-057/evade-step-final-01/regression-original-evade.gd:398)
ERROR: Ranger source-direction 1 normal2.4m path: actual weighted boot centres keep their source side and their projected sole edges never overlap; centre=-0.09027208066454 gap=-0.34277749061584
   at: push_error (core/variant/variant_utility.cpp:1023)
   GDScript backtrace (most recent call first):
       [0] check (res://tests/source_avatar_grip_smoke.gd:22)
       [1] audit_step_choreography (/workspace/scratch/emberfall-quality-057/evade-step-final-01/regression-original-evade.gd:145)
       [2] audit_class (/workspace/scratch/emberfall-quality-057/evade-step-final-01/regression-original-evade.gd:245)
       [3] run (/workspace/scratch/emberfall-quality-057/evade-step-final-01/regression-original-evade.gd:398)
ERROR: Ranger source-direction 1 normal2.4m path: the outside foot opens the escape before the trailing foot follows
   at: push_error (core/variant/variant_utility.cpp:1023)
   GDScript backtrace (most recent call first):
       [0] check (res://tests/source_avatar_grip_smoke.gd:22)
       [1] audit_step_choreography (/workspace/scratch/emberfall-quality-057/evade-step-final-01/regression-original-evade.gd:149)
       [2] audit_class (/workspace/scratch/emberfall-quality-057/evade-step-final-01/regression-original-evade.gd:245)
       [3] run (/workspace/scratch/emberfall-quality-057/evade-step-final-01/regression-original-evade.gd:398)
ERROR: Ranger source-direction 1 three complete cycles: native ankles retain signed lateral order and at least80% of their original guarded separation throughout all121 phases; minimum=-0.21262867748737
   at: push_error (core/variant/variant_utility.cpp:1023)
   GDScript backtrace (most recent call first):
       [0] check (res://tests/source_avatar_grip_smoke.gd:22)
       [1] audit_step_choreography (/workspace/scratch/emberfall-quality-057/evade-step-final-01/regression-original-evade.gd:144)
       [2] audit_class (/workspace/scratch/emberfall-quality-057/evade-step-final-01/regression-original-evade.gd:245)
       [3] run (/workspace/scratch/emberfall-quality-057/evade-step-final-01/regression-original-evade.gd:398)
ERROR: Ranger source-direction 1 three complete cycles: actual weighted boot centres keep their source side and their projected sole edges never overlap; centre=-0.08954595334056 gap=-0.34208595752716
   at: push_error (core/variant/variant_utility.cpp:1023)
   GDScript backtrace (most recent call first):
       [0] check (res://tests/source_avatar_grip_smoke.gd:22)
       [1] audit_step_choreography (/workspace/scratch/emberfall-quality-057/evade-step-final-01/regression-original-evade.gd:145)
       [2] audit_class (/workspace/scratch/emberfall-quality-057/evade-step-final-01/regression-original-evade.gd:245)
       [3] run (/workspace/scratch/emberfall-quality-057/evade-step-final-01/regression-original-evade.gd:398)
ERROR: Ranger source-direction 1 three complete cycles: the outside foot opens the escape before the trailing foot follows
   at: push_error (core/variant/variant_utility.cpp:1023)
   GDScript backtrace (most recent call first):
       [0] check (res://tests/source_avatar_grip_smoke.gd:22)
       [1] audit_step_choreography (/workspace/scratch/emberfall-quality-057/evade-step-final-01/regression-original-evade.gd:149)
       [2] audit_class (/workspace/scratch/emberfall-quality-057/evade-step-final-01/regression-original-evade.gd:245)
       [3] run (/workspace/scratch/emberfall-quality-057/evade-step-final-01/regression-original-evade.gd:398)
ERROR: Ranger source-direction 3 normal2.4m path: native ankles retain signed lateral order and at least80% of their original guarded separation throughout all121 phases; minimum=-0.21340143680573
   at: push_error (core/variant/variant_utility.cpp:1023)
   GDScript backtrace (most recent call first):
       [0] check (res://tests/source_avatar_grip_smoke.gd:22)
       [1] audit_step_choreography (/workspace/scratch/emberfall-quality-057/evade-step-final-01/regression-original-evade.gd:144)
       [2] audit_class (/workspace/scratch/emberfall-quality-057/evade-step-final-01/regression-original-evade.gd:245)
       [3] run (/workspace/scratch/emberfall-quality-057/evade-step-final-01/regression-original-evade.gd:398)
ERROR: Ranger source-direction 3 normal2.4m path: actual weighted boot centres keep their source side and their projected sole edges never overlap; centre=-0.08996462220905 gap=-0.33205938339233
   at: push_error (core/variant/variant_utility.cpp:1023)
   GDScript backtrace (most recent call first):
       [0] check (res://tests/source_avatar_grip_smoke.gd:22)
       [1] audit_step_choreography (/workspace/scratch/emberfall-quality-057/evade-step-final-01/regression-original-evade.gd:145)
       [2] audit_class (/workspace/scratch/emberfall-quality-057/evade-step-final-01/regression-original-evade.gd:245)
       [3] run (/workspace/scratch/emberfall-quality-057/evade-step-final-01/regression-original-evade.gd:398)
ERROR: Ranger source-direction 3 normal2.4m path: the outside foot opens the escape before the trailing foot follows
   at: push_error (core/variant/variant_utility.cpp:1023)
   GDScript backtrace (most recent call first):
       [0] check (res://tests/source_avatar_grip_smoke.gd:22)
       [1] audit_step_choreography (/workspace/scratch/emberfall-quality-057/evade-step-final-01/regression-original-evade.gd:149)
       [2] audit_class (/workspace/scratch/emberfall-quality-057/evade-step-final-01/regression-original-evade.gd:245)
       [3] run (/workspace/scratch/emberfall-quality-057/evade-step-final-01/regression-original-evade.gd:398)
ERROR: Ranger source-direction 3 three complete cycles: native ankles retain signed lateral order and at least80% of their original guarded separation throughout all121 phases; minimum=-0.21262845396996
   at: push_error (core/variant/variant_utility.cpp:1023)
   GDScript backtrace (most recent call first):
       [0] check (res://tests/source_avatar_grip_smoke.gd:22)
       [1] audit_step_choreography (/workspace/scratch/emberfall-quality-057/evade-step-final-01/regression-original-evade.gd:144)
       [2] audit_class (/workspace/scratch/emberfall-quality-057/evade-step-final-01/regression-original-evade.gd:245)
       [3] run (/workspace/scratch/emberfall-quality-057/evade-step-final-01/regression-original-evade.gd:398)
ERROR: Ranger source-direction 3 three complete cycles: actual weighted boot centres keep their source side and their projected sole edges never overlap; centre=-0.08927542021295 gap=-0.33133125305176
   at: push_error (core/variant/variant_utility.cpp:1023)
   GDScript backtrace (most recent call first):
       [0] check (res://tests/source_avatar_grip_smoke.gd:22)
       [1] audit_step_choreography (/workspace/scratch/emberfall-quality-057/evade-step-final-01/regression-original-evade.gd:145)
       [2] audit_class (/workspace/scratch/emberfall-quality-057/evade-step-final-01/regression-original-evade.gd:245)
       [3] run (/workspace/scratch/emberfall-quality-057/evade-step-final-01/regression-original-evade.gd:398)
ERROR: Ranger source-direction 3 three complete cycles: the outside foot opens the escape before the trailing foot follows
   at: push_error (core/variant/variant_utility.cpp:1023)
   GDScript backtrace (most recent call first):
       [0] check (res://tests/source_avatar_grip_smoke.gd:22)
       [1] audit_step_choreography (/workspace/scratch/emberfall-quality-057/evade-step-final-01/regression-original-evade.gd:149)
       [2] audit_class (/workspace/scratch/emberfall-quality-057/evade-step-final-01/regression-original-evade.gd:245)
       [3] run (/workspace/scratch/emberfall-quality-057/evade-step-final-01/regression-original-evade.gd:398)
ERROR: Ranger source-direction 4 normal2.4m path: native ankles retain signed lateral order and at least80% of their original guarded separation throughout all121 phases; minimum=-0.49649906158447
   at: push_error (core/variant/variant_utility.cpp:1023)
   GDScript backtrace (most recent call first):
       [0] check (res://tests/source_avatar_grip_smoke.gd:22)
       [1] audit_step_choreography (/workspace/scratch/emberfall-quality-057/evade-step-final-01/regression-original-evade.gd:144)
       [2] audit_class (/workspace/scratch/emberfall-quality-057/evade-step-final-01/regression-original-evade.gd:245)
       [3] run (/workspace/scratch/emberfall-quality-057/evade-step-final-01/regression-original-evade.gd:398)
ERROR: Ranger source-direction 4 normal2.4m path: actual weighted boot centres keep their source side and their projected sole edges never overlap; centre=-0.37211417751152 gap=-0.62249040603638
   at: push_error (core/variant/variant_utility.cpp:1023)
   GDScript backtrace (most recent call first):
       [0] check (res://tests/source_avatar_grip_smoke.gd:22)
       [1] audit_step_choreography (/workspace/scratch/emberfall-quality-057/evade-step-final-01/regression-original-evade.gd:145)
       [2] audit_class (/workspace/scratch/emberfall-quality-057/evade-step-final-01/regression-original-evade.gd:245)
       [3] run (/workspace/scratch/emberfall-quality-057/evade-step-final-01/regression-original-evade.gd:398)
ERROR: Ranger source-direction 4 normal2.4m path: the outside foot opens the escape before the trailing foot follows
   at: push_error (core/variant/variant_utility.cpp:1023)
   GDScript backtrace (most recent call first):
       [0] check (res://tests/source_avatar_grip_smoke.gd:22)
       [1] audit_step_choreography (/workspace/scratch/emberfall-quality-057/evade-step-final-01/regression-original-evade.gd:149)
       [2] audit_class (/workspace/scratch/emberfall-quality-057/evade-step-final-01/regression-original-evade.gd:245)
       [3] run (/workspace/scratch/emberfall-quality-057/evade-step-final-01/regression-original-evade.gd:398)
ERROR: Ranger source-direction 4 three complete cycles: native ankles retain signed lateral order and at least80% of their original guarded separation throughout all121 phases; minimum=-0.49540585279465
   at: push_error (core/variant/variant_utility.cpp:1023)
   GDScript backtrace (most recent call first):
       [0] check (res://tests/source_avatar_grip_smoke.gd:22)
       [1] audit_step_choreography (/workspace/scratch/emberfall-quality-057/evade-step-final-01/regression-original-evade.gd:144)
       [2] audit_class (/workspace/scratch/emberfall-quality-057/evade-step-final-01/regression-original-evade.gd:245)
       [3] run (/workspace/scratch/emberfall-quality-057/evade-step-final-01/regression-original-evade.gd:398)
ERROR: Ranger source-direction 4 three complete cycles: actual weighted boot centres keep their source side and their projected sole edges never overlap; centre=-0.37108319146293 gap=-0.62137269973755
   at: push_error (core/variant/variant_utility.cpp:1023)
   GDScript backtrace (most recent call first):
       [0] check (res://tests/source_avatar_grip_smoke.gd:22)
       [1] audit_step_choreography (/workspace/scratch/emberfall-quality-057/evade-step-final-01/regression-original-evade.gd:145)
       [2] audit_class (/workspace/scratch/emberfall-quality-057/evade-step-final-01/regression-original-evade.gd:245)
       [3] run (/workspace/scratch/emberfall-quality-057/evade-step-final-01/regression-original-evade.gd:398)
ERROR: Ranger source-direction 4 three complete cycles: the outside foot opens the escape before the trailing foot follows
   at: push_error (core/variant/variant_utility.cpp:1023)
   GDScript backtrace (most recent call first):
       [0] check (res://tests/source_avatar_grip_smoke.gd:22)
       [1] audit_step_choreography (/workspace/scratch/emberfall-quality-057/evade-step-final-01/regression-original-evade.gd:149)
       [2] audit_class (/workspace/scratch/emberfall-quality-057/evade-step-final-01/regression-original-evade.gd:245)
       [3] run (/workspace/scratch/emberfall-quality-057/evade-step-final-01/regression-original-evade.gd:398)
ERROR: Ranger source-direction 5 normal2.4m path: native ankles retain signed lateral order and at least80% of their original guarded separation throughout all121 phases; minimum=-0.21340171992779
   at: push_error (core/variant/variant_utility.cpp:1023)
   GDScript backtrace (most recent call first):
       [0] check (res://tests/source_avatar_grip_smoke.gd:22)
       [1] audit_step_choreography (/workspace/scratch/emberfall-quality-057/evade-step-final-01/regression-original-evade.gd:144)
       [2] audit_class (/workspace/scratch/emberfall-quality-057/evade-step-final-01/regression-original-evade.gd:245)
       [3] run (/workspace/scratch/emberfall-quality-057/evade-step-final-01/regression-original-evade.gd:398)
ERROR: Ranger source-direction 5 normal2.4m path: actual weighted boot centres keep their source side and their projected sole edges never overlap; centre=-0.09037468279777 gap=-0.3478422164917
   at: push_error (core/variant/variant_utility.cpp:1023)
   GDScript backtrace (most recent call first):
       [0] check (res://tests/source_avatar_grip_smoke.gd:22)
       [1] audit_step_choreography (/workspace/scratch/emberfall-quality-057/evade-step-final-01/regression-original-evade.gd:145)
       [2] audit_class (/workspace/scratch/emberfall-quality-057/evade-step-final-01/regression-original-evade.gd:245)
       [3] run (/workspace/scratch/emberfall-quality-057/evade-step-final-01/regression-original-evade.gd:398)
ERROR: Ranger source-direction 5 normal2.4m path: the outside foot opens the escape before the trailing foot follows
   at: push_error (core/variant/variant_utility.cpp:1023)
   GDScript backtrace (most recent call first):
       [0] check (res://tests/source_avatar_grip_smoke.gd:22)
       [1] audit_step_choreography (/workspace/scratch/emberfall-quality-057/evade-step-final-01/regression-original-evade.gd:149)
       [2] audit_class (/workspace/scratch/emberfall-quality-057/evade-step-final-01/regression-original-evade.gd:245)
       [3] run (/workspace/scratch/emberfall-quality-057/evade-step-final-01/regression-original-evade.gd:398)
ERROR: Ranger source-direction 5 three complete cycles: native ankles retain signed lateral order and at least80% of their original guarded separation throughout all121 phases; minimum=-0.21262875199318
   at: push_error (core/variant/variant_utility.cpp:1023)
   GDScript backtrace (most recent call first):
       [0] check (res://tests/source_avatar_grip_smoke.gd:22)
       [1] audit_step_choreography (/workspace/scratch/emberfall-quality-057/evade-step-final-01/regression-original-evade.gd:144)
       [2] audit_class (/workspace/scratch/emberfall-quality-057/evade-step-final-01/regression-original-evade.gd:245)
       [3] run (/workspace/scratch/emberfall-quality-057/evade-step-final-01/regression-original-evade.gd:398)
ERROR: Ranger source-direction 5 three complete cycles: actual weighted boot centres keep their source side and their projected sole edges never overlap; centre=-0.08959116788805 gap=-0.34703540802002
   at: push_error (core/variant/variant_utility.cpp:1023)
   GDScript backtrace (most recent call first):
       [0] check (res://tests/source_avatar_grip_smoke.gd:22)
       [1] audit_step_choreography (/workspace/scratch/emberfall-quality-057/evade-step-final-01/regression-original-evade.gd:145)
       [2] audit_class (/workspace/scratch/emberfall-quality-057/evade-step-final-01/regression-original-evade.gd:245)
       [3] run (/workspace/scratch/emberfall-quality-057/evade-step-final-01/regression-original-evade.gd:398)
ERROR: Ranger source-direction 5 three complete cycles: the outside foot opens the escape before the trailing foot follows
   at: push_error (core/variant/variant_utility.cpp:1023)
   GDScript backtrace (most recent call first):
       [0] check (res://tests/source_avatar_grip_smoke.gd:22)
       [1] audit_step_choreography (/workspace/scratch/emberfall-quality-057/evade-step-final-01/regression-original-evade.gd:149)
       [2] audit_class (/workspace/scratch/emberfall-quality-057/evade-step-final-01/regression-original-evade.gd:245)
       [3] run (/workspace/scratch/emberfall-quality-057/evade-step-final-01/regression-original-evade.gd:398)
ERROR: Ranger source-direction 7 normal2.4m path: native ankles retain signed lateral order and at least80% of their original guarded separation throughout all121 phases; minimum=-0.21340155601501
   at: push_error (core/variant/variant_utility.cpp:1023)
   GDScript backtrace (most recent call first):
       [0] check (res://tests/source_avatar_grip_smoke.gd:22)
       [1] audit_step_choreography (/workspace/scratch/emberfall-quality-057/evade-step-final-01/regression-original-evade.gd:144)
       [2] audit_class (/workspace/scratch/emberfall-quality-057/evade-step-final-01/regression-original-evade.gd:245)
       [3] run (/workspace/scratch/emberfall-quality-057/evade-step-final-01/regression-original-evade.gd:398)
ERROR: Ranger source-direction 7 normal2.4m path: actual weighted boot centres keep their source side and their projected sole edges never overlap; centre=-0.08943900674665 gap=-0.32796621322632
   at: push_error (core/variant/variant_utility.cpp:1023)
   GDScript backtrace (most recent call first):
       [0] check (res://tests/source_avatar_grip_smoke.gd:22)
       [1] audit_step_choreography (/workspace/scratch/emberfall-quality-057/evade-step-final-01/regression-original-evade.gd:145)
       [2] audit_class (/workspace/scratch/emberfall-quality-057/evade-step-final-01/regression-original-evade.gd:245)
       [3] run (/workspace/scratch/emberfall-quality-057/evade-step-final-01/regression-original-evade.gd:398)
ERROR: Ranger source-direction 7 normal2.4m path: the outside foot opens the escape before the trailing foot follows
   at: push_error (core/variant/variant_utility.cpp:1023)
   GDScript backtrace (most recent call first):
       [0] check (res://tests/source_avatar_grip_smoke.gd:22)
       [1] audit_step_choreography (/workspace/scratch/emberfall-quality-057/evade-step-final-01/regression-original-evade.gd:149)
       [2] audit_class (/workspace/scratch/emberfall-quality-057/evade-step-final-01/regression-original-evade.gd:245)
       [3] run (/workspace/scratch/emberfall-quality-057/evade-step-final-01/regression-original-evade.gd:398)
ERROR: Ranger source-direction 7 three complete cycles: native ankles retain signed lateral order and at least80% of their original guarded separation throughout all121 phases; minimum=-0.21262794733047
   at: push_error (core/variant/variant_utility.cpp:1023)
   GDScript backtrace (most recent call first):
       [0] check (res://tests/source_avatar_grip_smoke.gd:22)
       [1] audit_step_choreography (/workspace/scratch/emberfall-quality-057/evade-step-final-01/regression-original-evade.gd:144)
       [2] audit_class (/workspace/scratch/emberfall-quality-057/evade-step-final-01/regression-original-evade.gd:245)
       [3] run (/workspace/scratch/emberfall-quality-057/evade-step-final-01/regression-original-evade.gd:398)
ERROR: Ranger source-direction 7 three complete cycles: actual weighted boot centres keep their source side and their projected sole edges never overlap; centre=-0.08862982343893 gap=-0.32721221446991
   at: push_error (core/variant/variant_utility.cpp:1023)
   GDScript backtrace (most recent call first):
       [0] check (res://tests/source_avatar_grip_smoke.gd:22)
       [1] audit_step_choreography (/workspace/scratch/emberfall-quality-057/evade-step-final-01/regression-original-evade.gd:145)
       [2] audit_class (/workspace/scratch/emberfall-quality-057/evade-step-final-01/regression-original-evade.gd:245)
       [3] run (/workspace/scratch/emberfall-quality-057/evade-step-final-01/regression-original-evade.gd:398)
ERROR: Ranger source-direction 7 three complete cycles: the outside foot opens the escape before the trailing foot follows
   at: push_error (core/variant/variant_utility.cpp:1023)
   GDScript backtrace (most recent call first):
       [0] check (res://tests/source_avatar_grip_smoke.gd:22)
       [1] audit_step_choreography (/workspace/scratch/emberfall-quality-057/evade-step-final-01/regression-original-evade.gd:149)
       [2] audit_class (/workspace/scratch/emberfall-quality-057/evade-step-final-01/regression-original-evade.gd:245)
       [3] run (/workspace/scratch/emberfall-quality-057/evade-step-final-01/regression-original-evade.gd:398)
ERROR: Vowkeeper: actual support ankle holds its world anchor during the real low-step stance; drift=0.23292987048626
   at: push_error (core/variant/variant_utility.cpp:1023)
   GDScript backtrace (most recent call first):
       [0] check (res://tests/source_avatar_grip_smoke.gd:22)
       [1] audit_class (/workspace/scratch/emberfall-quality-057/evade-step-final-01/regression-original-evade.gd:230)
       [2] run (/workspace/scratch/emberfall-quality-057/evade-step-final-01/regression-original-evade.gd:398)
ERROR: Vowkeeper: actual support ankle holds its world anchor during the real low-step stance; drift=0.23292997479439
   at: push_error (core/variant/variant_utility.cpp:1023)
   GDScript backtrace (most recent call first):
       [0] check (res://tests/source_avatar_grip_smoke.gd:22)
       [1] audit_class (/workspace/scratch/emberfall-quality-057/evade-step-final-01/regression-original-evade.gd:230)
       [2] run (/workspace/scratch/emberfall-quality-057/evade-step-final-01/regression-original-evade.gd:398)
ERROR: Vowkeeper: actual support ankle holds its world anchor during the real low-step stance; drift=0.23292998969555
   at: push_error (core/variant/variant_utility.cpp:1023)
   GDScript backtrace (most recent call first):
       [0] check (res://tests/source_avatar_grip_smoke.gd:22)
       [1] audit_class (/workspace/scratch/emberfall-quality-057/evade-step-final-01/regression-original-evade.gd:230)
       [2] run (/workspace/scratch/emberfall-quality-057/evade-step-final-01/regression-original-evade.gd:398)
ERROR: Vowkeeper: actual support ankle holds its world anchor during the real low-step stance; drift=0.23292984068394
   at: push_error (core/variant/variant_utility.cpp:1023)
   GDScript backtrace (most recent call first):
       [0] check (res://tests/source_avatar_grip_smoke.gd:22)
       [1] audit_class (/workspace/scratch/emberfall-quality-057/evade-step-final-01/regression-original-evade.gd:230)
       [2] run (/workspace/scratch/emberfall-quality-057/evade-step-final-01/regression-original-evade.gd:398)
ERROR: Vowkeeper: actual support ankle holds its world anchor during the real low-step stance; drift=0.23292963206768
   at: push_error (core/variant/variant_utility.cpp:1023)
   GDScript backtrace (most recent call first):
       [0] check (res://tests/source_avatar_grip_smoke.gd:22)
       [1] audit_class (/workspace/scratch/emberfall-quality-057/evade-step-final-01/regression-original-evade.gd:230)
       [2] run (/workspace/scratch/emberfall-quality-057/evade-step-final-01/regression-original-evade.gd:398)
ERROR: Vowkeeper: actual support ankle holds its world anchor during the real low-step stance; drift=0.23292981088161
   at: push_error (core/variant/variant_utility.cpp:1023)
   GDScript backtrace (most recent call first):
       [0] check (res://tests/source_avatar_grip_smoke.gd:22)
       [1] audit_class (/workspace/scratch/emberfall-quality-057/evade-step-final-01/regression-original-evade.gd:230)
       [2] run (/workspace/scratch/emberfall-quality-057/evade-step-final-01/regression-original-evade.gd:398)
ERROR: Vowkeeper: actual support ankle holds its world anchor during the real low-step stance; drift=0.23293022811413
   at: push_error (core/variant/variant_utility.cpp:1023)
   GDScript backtrace (most recent call first):
       [0] check (res://tests/source_avatar_grip_smoke.gd:22)
       [1] audit_class (/workspace/scratch/emberfall-quality-057/evade-step-final-01/regression-original-evade.gd:230)
       [2] run (/workspace/scratch/emberfall-quality-057/evade-step-final-01/regression-original-evade.gd:398)
ERROR: Vowkeeper: actual support ankle holds its world anchor during the real low-step stance; drift=0.23292997479439
   at: push_error (core/variant/variant_utility.cpp:1023)
   GDScript backtrace (most recent call first):
       [0] check (res://tests/source_avatar_grip_smoke.gd:22)
       [1] audit_class (/workspace/scratch/emberfall-quality-057/evade-step-final-01/regression-original-evade.gd:230)
       [2] run (/workspace/scratch/emberfall-quality-057/evade-step-final-01/regression-original-evade.gd:398)
ERROR: Vowkeeper source-direction 0 normal2.4m path: native ankles retain signed lateral order and at least80% of their original guarded separation throughout all121 phases; minimum=-0.5247768163681
   at: push_error (core/variant/variant_utility.cpp:1023)
   GDScript backtrace (most recent call first):
       [0] check (res://tests/source_avatar_grip_smoke.gd:22)
       [1] audit_step_choreography (/workspace/scratch/emberfall-quality-057/evade-step-final-01/regression-original-evade.gd:144)
       [2] audit_class (/workspace/scratch/emberfall-quality-057/evade-step-final-01/regression-original-evade.gd:245)
       [3] run (/workspace/scratch/emberfall-quality-057/evade-step-final-01/regression-original-evade.gd:398)
ERROR: Vowkeeper source-direction 0 normal2.4m path: actual weighted boot centres keep their source side and their projected sole edges never overlap; centre=-0.39949596829775 gap=-0.6524875164032
   at: push_error (core/variant/variant_utility.cpp:1023)
   GDScript backtrace (most recent call first):
       [0] check (res://tests/source_avatar_grip_smoke.gd:22)
       [1] audit_step_choreography (/workspace/scratch/emberfall-quality-057/evade-step-final-01/regression-original-evade.gd:145)
       [2] audit_class (/workspace/scratch/emberfall-quality-057/evade-step-final-01/regression-original-evade.gd:245)
       [3] run (/workspace/scratch/emberfall-quality-057/evade-step-final-01/regression-original-evade.gd:398)
ERROR: Vowkeeper source-direction 0 normal2.4m path: the outside foot opens the escape before the trailing foot follows
   at: push_error (core/variant/variant_utility.cpp:1023)
   GDScript backtrace (most recent call first):
       [0] check (res://tests/source_avatar_grip_smoke.gd:22)
       [1] audit_step_choreography (/workspace/scratch/emberfall-quality-057/evade-step-final-01/regression-original-evade.gd:149)
       [2] audit_class (/workspace/scratch/emberfall-quality-057/evade-step-final-01/regression-original-evade.gd:245)
       [3] run (/workspace/scratch/emberfall-quality-057/evade-step-final-01/regression-original-evade.gd:398)
ERROR: Vowkeeper source-direction 0 three complete cycles: native ankles retain signed lateral order and at least80% of their original guarded separation throughout all121 phases; minimum=-0.5236833691597
   at: push_error (core/variant/variant_utility.cpp:1023)
   GDScript backtrace (most recent call first):
       [0] check (res://tests/source_avatar_grip_smoke.gd:22)
       [1] audit_step_choreography (/workspace/scratch/emberfall-quality-057/evade-step-final-01/regression-original-evade.gd:144)
       [2] audit_class (/workspace/scratch/emberfall-quality-057/evade-step-final-01/regression-original-evade.gd:245)
       [3] run (/workspace/scratch/emberfall-quality-057/evade-step-final-01/regression-original-evade.gd:398)
ERROR: Vowkeeper source-direction 0 three complete cycles: actual weighted boot centres keep their source side and their projected sole edges never overlap; centre=-0.39838816137875 gap=-0.6514750123024
   at: push_error (core/variant/variant_utility.cpp:1023)
   GDScript backtrace (most recent call first):
       [0] check (res://tests/source_avatar_grip_smoke.gd:22)
       [1] audit_step_choreography (/workspace/scratch/emberfall-quality-057/evade-step-final-01/regression-original-evade.gd:145)
       [2] audit_class (/workspace/scratch/emberfall-quality-057/evade-step-final-01/regression-original-evade.gd:245)
       [3] run (/workspace/scratch/emberfall-quality-057/evade-step-final-01/regression-original-evade.gd:398)
ERROR: Vowkeeper source-direction 0 three complete cycles: the outside foot opens the escape before the trailing foot follows
   at: push_error (core/variant/variant_utility.cpp:1023)
   GDScript backtrace (most recent call first):
       [0] check (res://tests/source_avatar_grip_smoke.gd:22)
       [1] audit_step_choreography (/workspace/scratch/emberfall-quality-057/evade-step-final-01/regression-original-evade.gd:149)
       [2] audit_class (/workspace/scratch/emberfall-quality-057/evade-step-final-01/regression-original-evade.gd:245)
       [3] run (/workspace/scratch/emberfall-quality-057/evade-step-final-01/regression-original-evade.gd:398)
ERROR: Vowkeeper source-direction 1 normal2.4m path: native ankles retain signed lateral order and at least80% of their original guarded separation throughout all121 phases; minimum=-0.24167904257774
   at: push_error (core/variant/variant_utility.cpp:1023)
   GDScript backtrace (most recent call first):
       [0] check (res://tests/source_avatar_grip_smoke.gd:22)
       [1] audit_step_choreography (/workspace/scratch/emberfall-quality-057/evade-step-final-01/regression-original-evade.gd:144)
       [2] audit_class (/workspace/scratch/emberfall-quality-057/evade-step-final-01/regression-original-evade.gd:245)
       [3] run (/workspace/scratch/emberfall-quality-057/evade-step-final-01/regression-original-evade.gd:398)
ERROR: Vowkeeper source-direction 1 normal2.4m path: actual weighted boot centres keep their source side and their projected sole edges never overlap; centre=-0.11753809017961 gap=-0.37785959243774
   at: push_error (core/variant/variant_utility.cpp:1023)
   GDScript backtrace (most recent call first):
       [0] check (res://tests/source_avatar_grip_smoke.gd:22)
       [1] audit_step_choreography (/workspace/scratch/emberfall-quality-057/evade-step-final-01/regression-original-evade.gd:145)
       [2] audit_class (/workspace/scratch/emberfall-quality-057/evade-step-final-01/regression-original-evade.gd:245)
       [3] run (/workspace/scratch/emberfall-quality-057/evade-step-final-01/regression-original-evade.gd:398)
ERROR: Vowkeeper source-direction 1 normal2.4m path: the outside foot opens the escape before the trailing foot follows
   at: push_error (core/variant/variant_utility.cpp:1023)
   GDScript backtrace (most recent call first):
       [0] check (res://tests/source_avatar_grip_smoke.gd:22)
       [1] audit_step_choreography (/workspace/scratch/emberfall-quality-057/evade-step-final-01/regression-original-evade.gd:149)
       [2] audit_class (/workspace/scratch/emberfall-quality-057/evade-step-final-01/regression-original-evade.gd:245)
       [3] run (/workspace/scratch/emberfall-quality-057/evade-step-final-01/regression-original-evade.gd:398)
ERROR: Vowkeeper source-direction 1 three complete cycles: native ankles retain signed lateral order and at least80% of their original guarded separation throughout all121 phases; minimum=-0.24090595543385
   at: push_error (core/variant/variant_utility.cpp:1023)
   GDScript backtrace (most recent call first):
       [0] check (res://tests/source_avatar_grip_smoke.gd:22)
       [1] audit_step_choreography (/workspace/scratch/emberfall-quality-057/evade-step-final-01/regression-original-evade.gd:144)
       [2] audit_class (/workspace/scratch/emberfall-quality-057/evade-step-final-01/regression-original-evade.gd:245)
       [3] run (/workspace/scratch/emberfall-quality-057/evade-step-final-01/regression-original-evade.gd:398)
ERROR: Vowkeeper source-direction 1 three complete cycles: actual weighted boot centres keep their source side and their projected sole edges never overlap; centre=-0.11680961907411 gap=-0.37715983390808
   at: push_error (core/variant/variant_utility.cpp:1023)
   GDScript backtrace (most recent call first):
       [0] check (res://tests/source_avatar_grip_smoke.gd:22)
       [1] audit_step_choreography (/workspace/scratch/emberfall-quality-057/evade-step-final-01/regression-original-evade.gd:145)
       [2] audit_class (/workspace/scratch/emberfall-quality-057/evade-step-final-01/regression-original-evade.gd:245)
       [3] run (/workspace/scratch/emberfall-quality-057/evade-step-final-01/regression-original-evade.gd:398)
ERROR: Vowkeeper source-direction 1 three complete cycles: the outside foot opens the escape before the trailing foot follows
   at: push_error (core/variant/variant_utility.cpp:1023)
   GDScript backtrace (most recent call first):
       [0] check (res://tests/source_avatar_grip_smoke.gd:22)
       [1] audit_step_choreography (/workspace/scratch/emberfall-quality-057/evade-step-final-01/regression-original-evade.gd:149)
       [2] audit_class (/workspace/scratch/emberfall-quality-057/evade-step-final-01/regression-original-evade.gd:245)
       [3] run (/workspace/scratch/emberfall-quality-057/evade-step-final-01/regression-original-evade.gd:398)
ERROR: Vowkeeper source-direction 3 normal2.4m path: native ankles retain signed lateral order and at least80% of their original guarded separation throughout all121 phases; minimum=-0.24167969822884
   at: push_error (core/variant/variant_utility.cpp:1023)
   GDScript backtrace (most recent call first):
       [0] check (res://tests/source_avatar_grip_smoke.gd:22)
       [1] audit_step_choreography (/workspace/scratch/emberfall-quality-057/evade-step-final-01/regression-original-evade.gd:144)
       [2] audit_class (/workspace/scratch/emberfall-quality-057/evade-step-final-01/regression-original-evade.gd:245)
       [3] run (/workspace/scratch/emberfall-quality-057/evade-step-final-01/regression-original-evade.gd:398)
ERROR: Vowkeeper source-direction 3 normal2.4m path: actual weighted boot centres keep their source side and their projected sole edges never overlap; centre=-0.11758997994645 gap=-0.37090086936951
   at: push_error (core/variant/variant_utility.cpp:1023)
   GDScript backtrace (most recent call first):
       [0] check (res://tests/source_avatar_grip_smoke.gd:22)
       [1] audit_step_choreography (/workspace/scratch/emberfall-quality-057/evade-step-final-01/regression-original-evade.gd:145)
       [2] audit_class (/workspace/scratch/emberfall-quality-057/evade-step-final-01/regression-original-evade.gd:245)
       [3] run (/workspace/scratch/emberfall-quality-057/evade-step-final-01/regression-original-evade.gd:398)
ERROR: Vowkeeper source-direction 3 normal2.4m path: the outside foot opens the escape before the trailing foot follows
   at: push_error (core/variant/variant_utility.cpp:1023)
   GDScript backtrace (most recent call first):
       [0] check (res://tests/source_avatar_grip_smoke.gd:22)
       [1] audit_step_choreography (/workspace/scratch/emberfall-quality-057/evade-step-final-01/regression-original-evade.gd:149)
       [2] audit_class (/workspace/scratch/emberfall-quality-057/evade-step-final-01/regression-original-evade.gd:245)
       [3] run (/workspace/scratch/emberfall-quality-057/evade-step-final-01/regression-original-evade.gd:398)
ERROR: Vowkeeper source-direction 3 three complete cycles: native ankles retain signed lateral order and at least80% of their original guarded separation throughout all121 phases; minimum=-0.24090626835823
   at: push_error (core/variant/variant_utility.cpp:1023)
   GDScript backtrace (most recent call first):
       [0] check (res://tests/source_avatar_grip_smoke.gd:22)
       [1] audit_step_choreography (/workspace/scratch/emberfall-quality-057/evade-step-final-01/regression-original-evade.gd:144)
       [2] audit_class (/workspace/scratch/emberfall-quality-057/evade-step-final-01/regression-original-evade.gd:245)
       [3] run (/workspace/scratch/emberfall-quality-057/evade-step-final-01/regression-original-evade.gd:398)
ERROR: Vowkeeper source-direction 3 three complete cycles: actual weighted boot centres keep their source side and their projected sole edges never overlap; centre=-0.11689877309719 gap=-0.37017250061035
   at: push_error (core/variant/variant_utility.cpp:1023)
   GDScript backtrace (most recent call first):
       [0] check (res://tests/source_avatar_grip_smoke.gd:22)
       [1] audit_step_choreography (/workspace/scratch/emberfall-quality-057/evade-step-final-01/regression-original-evade.gd:145)
       [2] audit_class (/workspace/scratch/emberfall-quality-057/evade-step-final-01/regression-original-evade.gd:245)
       [3] run (/workspace/scratch/emberfall-quality-057/evade-step-final-01/regression-original-evade.gd:398)
ERROR: Vowkeeper source-direction 3 three complete cycles: the outside foot opens the escape before the trailing foot follows
   at: push_error (core/variant/variant_utility.cpp:1023)
   GDScript backtrace (most recent call first):
       [0] check (res://tests/source_avatar_grip_smoke.gd:22)
       [1] audit_step_choreography (/workspace/scratch/emberfall-quality-057/evade-step-final-01/regression-original-evade.gd:149)
       [2] audit_class (/workspace/scratch/emberfall-quality-057/evade-step-final-01/regression-original-evade.gd:245)
       [3] run (/workspace/scratch/emberfall-quality-057/evade-step-final-01/regression-original-evade.gd:398)
ERROR: Vowkeeper source-direction 4 normal2.4m path: native ankles retain signed lateral order and at least80% of their original guarded separation throughout all121 phases; minimum=-0.52477663755417
   at: push_error (core/variant/variant_utility.cpp:1023)
   GDScript backtrace (most recent call first):
       [0] check (res://tests/source_avatar_grip_smoke.gd:22)
       [1] audit_step_choreography (/workspace/scratch/emberfall-quality-057/evade-step-final-01/regression-original-evade.gd:144)
       [2] audit_class (/workspace/scratch/emberfall-quality-057/evade-step-final-01/regression-original-evade.gd:245)
       [3] run (/workspace/scratch/emberfall-quality-057/evade-step-final-01/regression-original-evade.gd:398)
ERROR: Vowkeeper source-direction 4 normal2.4m path: actual weighted boot centres keep their source side and their projected sole edges never overlap; centre=-0.39897491885167 gap=-0.65309715270996
   at: push_error (core/variant/variant_utility.cpp:1023)
   GDScript backtrace (most recent call first):
       [0] check (res://tests/source_avatar_grip_smoke.gd:22)
       [1] audit_step_choreography (/workspace/scratch/emberfall-quality-057/evade-step-final-01/regression-original-evade.gd:145)
       [2] audit_class (/workspace/scratch/emberfall-quality-057/evade-step-final-01/regression-original-evade.gd:245)
       [3] run (/workspace/scratch/emberfall-quality-057/evade-step-final-01/regression-original-evade.gd:398)
ERROR: Vowkeeper source-direction 4 normal2.4m path: the outside foot opens the escape before the trailing foot follows
   at: push_error (core/variant/variant_utility.cpp:1023)
   GDScript backtrace (most recent call first):
       [0] check (res://tests/source_avatar_grip_smoke.gd:22)
       [1] audit_step_choreography (/workspace/scratch/emberfall-quality-057/evade-step-final-01/regression-original-evade.gd:149)
       [2] audit_class (/workspace/scratch/emberfall-quality-057/evade-step-final-01/regression-original-evade.gd:245)
       [3] run (/workspace/scratch/emberfall-quality-057/evade-step-final-01/regression-original-evade.gd:398)
ERROR: Vowkeeper source-direction 4 three complete cycles: native ankles retain signed lateral order and at least80% of their original guarded separation throughout all121 phases; minimum=-0.52368330955505
   at: push_error (core/variant/variant_utility.cpp:1023)
   GDScript backtrace (most recent call first):
       [0] check (res://tests/source_avatar_grip_smoke.gd:22)
       [1] audit_step_choreography (/workspace/scratch/emberfall-quality-057/evade-step-final-01/regression-original-evade.gd:144)
       [2] audit_class (/workspace/scratch/emberfall-quality-057/evade-step-final-01/regression-original-evade.gd:245)
       [3] run (/workspace/scratch/emberfall-quality-057/evade-step-final-01/regression-original-evade.gd:398)
ERROR: Vowkeeper source-direction 4 three complete cycles: actual weighted boot centres keep their source side and their projected sole edges never overlap; centre=-0.39794451048394 gap=-0.6519775390625
   at: push_error (core/variant/variant_utility.cpp:1023)
   GDScript backtrace (most recent call first):
       [0] check (res://tests/source_avatar_grip_smoke.gd:22)
       [1] audit_step_choreography (/workspace/scratch/emberfall-quality-057/evade-step-final-01/regression-original-evade.gd:145)
       [2] audit_class (/workspace/scratch/emberfall-quality-057/evade-step-final-01/regression-original-evade.gd:245)
       [3] run (/workspace/scratch/emberfall-quality-057/evade-step-final-01/regression-original-evade.gd:398)
ERROR: Vowkeeper source-direction 4 three complete cycles: the outside foot opens the escape before the trailing foot follows
   at: push_error (core/variant/variant_utility.cpp:1023)
   GDScript backtrace (most recent call first):
       [0] check (res://tests/source_avatar_grip_smoke.gd:22)
       [1] audit_step_choreography (/workspace/scratch/emberfall-quality-057/evade-step-final-01/regression-original-evade.gd:149)
       [2] audit_class (/workspace/scratch/emberfall-quality-057/evade-step-final-01/regression-original-evade.gd:245)
       [3] run (/workspace/scratch/emberfall-quality-057/evade-step-final-01/regression-original-evade.gd:398)
ERROR: Vowkeeper source-direction 5 normal2.4m path: native ankles retain signed lateral order and at least80% of their original guarded separation throughout all121 phases; minimum=-0.24167911708355
   at: push_error (core/variant/variant_utility.cpp:1023)
   GDScript backtrace (most recent call first):
       [0] check (res://tests/source_avatar_grip_smoke.gd:22)
       [1] audit_step_choreography (/workspace/scratch/emberfall-quality-057/evade-step-final-01/regression-original-evade.gd:144)
       [2] audit_class (/workspace/scratch/emberfall-quality-057/evade-step-final-01/regression-original-evade.gd:245)
       [3] run (/workspace/scratch/emberfall-quality-057/evade-step-final-01/regression-original-evade.gd:398)
ERROR: Vowkeeper source-direction 5 normal2.4m path: actual weighted boot centres keep their source side and their projected sole edges never overlap; centre=-0.117235988462 gap=-0.37775993347168
   at: push_error (core/variant/variant_utility.cpp:1023)
   GDScript backtrace (most recent call first):
       [0] check (res://tests/source_avatar_grip_smoke.gd:22)
       [1] audit_step_choreography (/workspace/scratch/emberfall-quality-057/evade-step-final-01/regression-original-evade.gd:145)
       [2] audit_class (/workspace/scratch/emberfall-quality-057/evade-step-final-01/regression-original-evade.gd:245)
       [3] run (/workspace/scratch/emberfall-quality-057/evade-step-final-01/regression-original-evade.gd:398)
ERROR: Vowkeeper source-direction 5 normal2.4m path: the outside foot opens the escape before the trailing foot follows
   at: push_error (core/variant/variant_utility.cpp:1023)
   GDScript backtrace (most recent call first):
       [0] check (res://tests/source_avatar_grip_smoke.gd:22)
       [1] audit_step_choreography (/workspace/scratch/emberfall-quality-057/evade-step-final-01/regression-original-evade.gd:149)
       [2] audit_class (/workspace/scratch/emberfall-quality-057/evade-step-final-01/regression-original-evade.gd:245)
       [3] run (/workspace/scratch/emberfall-quality-057/evade-step-final-01/regression-original-evade.gd:398)
ERROR: Vowkeeper source-direction 5 three complete cycles: native ankles retain signed lateral order and at least80% of their original guarded separation throughout all121 phases; minimum=-0.24090613424778
   at: push_error (core/variant/variant_utility.cpp:1023)
   GDScript backtrace (most recent call first):
       [0] check (res://tests/source_avatar_grip_smoke.gd:22)
       [1] audit_step_choreography (/workspace/scratch/emberfall-quality-057/evade-step-final-01/regression-original-evade.gd:144)
       [2] audit_class (/workspace/scratch/emberfall-quality-057/evade-step-final-01/regression-original-evade.gd:245)
       [3] run (/workspace/scratch/emberfall-quality-057/evade-step-final-01/regression-original-evade.gd:398)
ERROR: Vowkeeper source-direction 5 three complete cycles: actual weighted boot centres keep their source side and their projected sole edges never overlap; centre=-0.1164533163653 gap=-0.37695026397705
   at: push_error (core/variant/variant_utility.cpp:1023)
   GDScript backtrace (most recent call first):
       [0] check (res://tests/source_avatar_grip_smoke.gd:22)
       [1] audit_step_choreography (/workspace/scratch/emberfall-quality-057/evade-step-final-01/regression-original-evade.gd:145)
       [2] audit_class (/workspace/scratch/emberfall-quality-057/evade-step-final-01/regression-original-evade.gd:245)
       [3] run (/workspace/scratch/emberfall-quality-057/evade-step-final-01/regression-original-evade.gd:398)
ERROR: Vowkeeper source-direction 5 three complete cycles: the outside foot opens the escape before the trailing foot follows
   at: push_error (core/variant/variant_utility.cpp:1023)
   GDScript backtrace (most recent call first):
       [0] check (res://tests/source_avatar_grip_smoke.gd:22)
       [1] audit_step_choreography (/workspace/scratch/emberfall-quality-057/evade-step-final-01/regression-original-evade.gd:149)
       [2] audit_class (/workspace/scratch/emberfall-quality-057/evade-step-final-01/regression-original-evade.gd:245)
       [3] run (/workspace/scratch/emberfall-quality-057/evade-step-final-01/regression-original-evade.gd:398)
ERROR: Vowkeeper source-direction 7 normal2.4m path: native ankles retain signed lateral order and at least80% of their original guarded separation throughout all121 phases; minimum=-0.241679251194
   at: push_error (core/variant/variant_utility.cpp:1023)
   GDScript backtrace (most recent call first):
       [0] check (res://tests/source_avatar_grip_smoke.gd:22)
       [1] audit_step_choreography (/workspace/scratch/emberfall-quality-057/evade-step-final-01/regression-original-evade.gd:144)
       [2] audit_class (/workspace/scratch/emberfall-quality-057/evade-step-final-01/regression-original-evade.gd:245)
       [3] run (/workspace/scratch/emberfall-quality-057/evade-step-final-01/regression-original-evade.gd:398)
ERROR: Vowkeeper source-direction 7 normal2.4m path: actual weighted boot centres keep their source side and their projected sole edges never overlap; centre=-0.11802410344784 gap=-0.36891961097717
   at: push_error (core/variant/variant_utility.cpp:1023)
   GDScript backtrace (most recent call first):
       [0] check (res://tests/source_avatar_grip_smoke.gd:22)
       [1] audit_step_choreography (/workspace/scratch/emberfall-quality-057/evade-step-final-01/regression-original-evade.gd:145)
       [2] audit_class (/workspace/scratch/emberfall-quality-057/evade-step-final-01/regression-original-evade.gd:245)
       [3] run (/workspace/scratch/emberfall-quality-057/evade-step-final-01/regression-original-evade.gd:398)
ERROR: Vowkeeper source-direction 7 normal2.4m path: the outside foot opens the escape before the trailing foot follows
   at: push_error (core/variant/variant_utility.cpp:1023)
   GDScript backtrace (most recent call first):
       [0] check (res://tests/source_avatar_grip_smoke.gd:22)
       [1] audit_step_choreography (/workspace/scratch/emberfall-quality-057/evade-step-final-01/regression-original-evade.gd:149)
       [2] audit_class (/workspace/scratch/emberfall-quality-057/evade-step-final-01/regression-original-evade.gd:245)
       [3] run (/workspace/scratch/emberfall-quality-057/evade-step-final-01/regression-original-evade.gd:398)
ERROR: Vowkeeper source-direction 7 three complete cycles: native ankles retain signed lateral order and at least80% of their original guarded separation throughout all121 phases; minimum=-0.24090611934662
   at: push_error (core/variant/variant_utility.cpp:1023)
   GDScript backtrace (most recent call first):
       [0] check (res://tests/source_avatar_grip_smoke.gd:22)
       [1] audit_step_choreography (/workspace/scratch/emberfall-quality-057/evade-step-final-01/regression-original-evade.gd:144)
       [2] audit_class (/workspace/scratch/emberfall-quality-057/evade-step-final-01/regression-original-evade.gd:245)
       [3] run (/workspace/scratch/emberfall-quality-057/evade-step-final-01/regression-original-evade.gd:398)
ERROR: Vowkeeper source-direction 7 three complete cycles: actual weighted boot centres keep their source side and their projected sole edges never overlap; centre=-0.11720862742566 gap=-0.36815357208252
   at: push_error (core/variant/variant_utility.cpp:1023)
   GDScript backtrace (most recent call first):
       [0] check (res://tests/source_avatar_grip_smoke.gd:22)
       [1] audit_step_choreography (/workspace/scratch/emberfall-quality-057/evade-step-final-01/regression-original-evade.gd:145)
       [2] audit_class (/workspace/scratch/emberfall-quality-057/evade-step-final-01/regression-original-evade.gd:245)
       [3] run (/workspace/scratch/emberfall-quality-057/evade-step-final-01/regression-original-evade.gd:398)
ERROR: Vowkeeper source-direction 7 three complete cycles: the outside foot opens the escape before the trailing foot follows
   at: push_error (core/variant/variant_utility.cpp:1023)
   GDScript backtrace (most recent call first):
       [0] check (res://tests/source_avatar_grip_smoke.gd:22)
       [1] audit_step_choreography (/workspace/scratch/emberfall-quality-057/evade-step-final-01/regression-original-evade.gd:149)
       [2] audit_class (/workspace/scratch/emberfall-quality-057/evade-step-final-01/regression-original-evade.gd:245)
       [3] run (/workspace/scratch/emberfall-quality-057/evade-step-final-01/regression-original-evade.gd:398)
{"checks":2005,"choreography_metrics":{"Arcanist":[{"actual_progress_samples":121,"complete_stride_cycles":1.37674415932919,"distance_world_m":2.4,"initial_signed_native_ankle_separation_m":0.470056921243668,"minimum_actual_weighted_sole_source_y_m":0.00299999956041574,"minimum_signed_native_ankle_separation_m":-0.49649903178215,"minimum_signed_weighted_sole_center_separation_m":-0.413407945900821,"minimum_signed_weighted_sole_projection_gap_m":-0.621848583221436,"opening_signed_ankle_separation_m":0.0596630424261093,"source_direction_index":0},{"actual_progress_samples":121,"complete_stride_cycles":3,"distance_world_m":5.22972983121872,"initial_signed_native_ankle_separation_m":0.470056921243668,"minimum_actual_weighted_sole_source_y_m":0.00299999956041574,"minimum_signed_native_ankle_separation_m":-0.49540576338768,"minimum_signed_weighted_sole_center_separation_m":-0.41232835760947,"minimum_signed_weighted_sole_projection_gap_m":-0.620843261480331,"opening_signed_ankle_separation_m":-0.223386377096176,"source_direction_index":0},{"actual_progress_samples":121,"complete_stride_cycles":1.37674415932919,"distance_world_m":2.4,"initial_signed_native_ankle_separation_m":0.470056921243668,"minimum_actual_weighted_sole_source_y_m":0.00299999956041574,"minimum_signed_native_ankle_separation_m":-0.213401690125465,"minimum_signed_weighted_sole_center_separation_m":-0.131367308370183,"minimum_signed_weighted_sole_projection_gap_m":-0.3470458984375,"opening_signed_ankle_separation_m":0.179864495992661,"source_direction_index":1},{"actual_progress_samples":121,"complete_stride_cycles":3,"distance_world_m":5.22972983121872,"initial_signed_native_ankle_separation_m":0.470056921243668,"minimum_actual_weighted_sole_source_y_m":0.00299999956041574,"minimum_signed_native_ankle_separation_m":-0.212628722190857,"minimum_signed_weighted_sole_center_separation_m":-0.130637266662683,"minimum_signed_weighted_sole_projection_gap_m":-0.346281886100769,"opening_signed_ankle_separation_m":-0.0202816277742386,"source_direction_index":1},{"actual_progress_samples":121,"complete_stride_cycles":1.37674415932919,"distance_world_m":2.4,"initial_signed_native_ankle_separation_m":0.470056921243668,"minimum_actual_weighted_sole_source_y_m":0.00299999956041574,"minimum_signed_native_ankle_separation_m":0.47005632519722,"minimum_signed_weighted_sole_center_separation_m":0.553535239080365,"minimum_signed_weighted_sole_projection_gap_m":0.341542959213257,"opening_signed_ankle_separation_m":0.47005695104599,"source_direction_index":2},{"actual_progress_samples":121,"complete_stride_cycles":3,"distance_world_m":5.22972983121872,"initial_signed_native_ankle_separation_m":0.470056921243668,"minimum_actual_weighted_sole_source_y_m":0.00299999956041574,"minimum_signed_native_ankle_separation_m":0.470056444406509,"minimum_signed_weighted_sole_center_separation_m":0.553535239080365,"minimum_signed_weighted_sole_projection_gap_m":0.341542959213257,"opening_signed_ankle_separation_m":0.4700568318367,"source_direction_index":2},{"actual_progress_samples":121,"complete_stride_cycles":1.37674415932919,"distance_world_m":2.4,"initial_signed_native_ankle_separation_m":0.470056921243668,"minimum_actual_weighted_sole_source_y_m":0.00299999956041574,"minimum_signed_native_ankle_separation_m":-0.213401705026627,"minimum_signed_weighted_sole_center_separation_m":-0.130816309639577,"minimum_signed_weighted_sole_projection_gap_m":-0.33621072769165,"opening_signed_ankle_separation_m":0.179865032434464,"source_direction_index":3},{"actual_progress_samples":121,"complete_stride_cycles":3,"distance_world_m":5.22972983121872,"initial_signed_native_ankle_separation_m":0.470056921243668,"minimum_actual_weighted_sole_source_y_m":0.00299999956041574,"minimum_signed_native_ankle_separation_m":-0.21262863278389,"minimum_signed_weighted_sole_center_separation_m":-0.130103807770804,"minimum_signed_weighted_sole_projection_gap_m":-0.33557653427124,"opening_signed_ankle_separation_m":-0.0202812254428864,"source_direction_index":3},{"actual_progress_samples":121,"complete_stride_cycles":1.37674415932919,"distance_world_m":2.4,"initial_signed_native_ankle_separation_m":0.470056921243668,"minimum_actual_weighted_sole_source_y_m":0.00299999956041574,"minimum_signed_native_ankle_separation_m":-0.496499001979828,"minimum_signed_weighted_sole_center_separation_m":-0.413579652818401,"minimum_signed_weighted_sole_projection_gap_m":-0.625827789306641,"opening_signed_ankle_separation_m":0.0596635043621063,"source_direction_index":4},{"actual_progress_samples":121,"complete_stride_cycles":3,"distance_world_m":5.22972983121872,"initial_signed_native_ankle_separation_m":0.470056921243668,"minimum_actual_weighted_sole_source_y_m":0.00299999956041574,"minimum_signed_native_ankle_separation_m":-0.495405852794647,"minimum_signed_weighted_sole_center_separation_m":-0.412536883622073,"minimum_signed_weighted_sole_projection_gap_m":-0.624840259552002,"opening_signed_ankle_separation_m":-0.223386645317078,"source_direction_index":4},{"actual_progress_samples":121,"complete_stride_cycles":1.37674415932919,"distance_world_m":2.4,"initial_signed_native_ankle_separation_m":0.470056921243668,"minimum_actual_weighted_sole_source_y_m":0.00299999956041574,"minimum_signed_native_ankle_separation_m":-0.213401794433594,"minimum_signed_weighted_sole_center_separation_m":-0.131562901346871,"minimum_signed_weighted_sole_projection_gap_m":-0.352231740951538,"opening_signed_ankle_separation_m":0.179864719510078,"source_direction_index":5},{"actual_progress_samples":121,"complete_stride_cycles":3,"distance_world_m":5.22972983121872,"initial_signed_native_ankle_separation_m":0.470056921243668,"minimum_actual_weighted_sole_source_y_m":0.00299999956041574,"minimum_signed_native_ankle_separation_m":-0.212628707289696,"minimum_signed_weighted_sole_center_separation_m":-0.130794085813372,"minimum_signed_weighted_sole_projection_gap_m":-0.351518630981445,"opening_signed_ankle_separation_m":-0.0202818214893341,"source_direction_index":5},{"actual_progress_samples":121,"complete_stride_cycles":1.37674415932919,"distance_world_m":2.4,"initial_signed_native_ankle_separation_m":0.470056921243668,"minimum_actual_weighted_sole_source_y_m":0.00299999956041574,"minimum_signed_native_ankle_separation_m":0.470056116580963,"minimum_signed_weighted_sole_center_separation_m":0.553535239080365,"minimum_signed_weighted_sole_projection_gap_m":0.341542959213257,"opening_signed_ankle_separation_m":0.470057010650635,"source_direction_index":6},{"actual_progress_samples":121,"complete_stride_cycles":3,"distance_world_m":5.22972983121872,"initial_signed_native_ankle_separation_m":0.470056921243668,"minimum_actual_weighted_sole_source_y_m":0.00299999956041574,"minimum_signed_native_ankle_separation_m":0.47005620598793,"minimum_signed_weighted_sole_center_separation_m":0.552788205361098,"minimum_signed_weighted_sole_projection_gap_m":0.340592861175537,"opening_signed_ankle_separation_m":0.470056891441345,"source_direction_index":6},{"actual_progress_samples":121,"complete_stride_cycles":1.37674415932919,"distance_world_m":2.4,"initial_signed_native_ankle_separation_m":0.470056921243668,"minimum_actual_weighted_sole_source_y_m":0.00299999956041574,"minimum_signed_native_ankle_separation_m":-0.21340149641037,"minimum_signed_weighted_sole_center_separation_m":-0.129827520820532,"minimum_signed_weighted_sole_projection_gap_m":-0.33188796043396,"opening_signed_ankle_separation_m":0.179864287376404,"source_direction_index":7},{"actual_progress_samples":121,"complete_stride_cycles":3,"distance_world_m":5.22972983121872,"initial_signed_native_ankle_separation_m":0.470056921243668,"minimum_actual_weighted_sole_source_y_m":0.00299999956041574,"minimum_signed_native_ankle_separation_m":-0.21262800693512,"minimum_signed_weighted_sole_center_separation_m":-0.129059946938847,"minimum_signed_weighted_sole_projection_gap_m":-0.331058382987976,"opening_signed_ankle_separation_m":-0.020281583070755,"source_direction_index":7}],"Ranger":[{"actual_progress_samples":121,"complete_stride_cycles":1.37674415932919,"distance_world_m":2.4,"initial_signed_native_ankle_separation_m":0.470056921243668,"minimum_actual_weighted_sole_source_y_m":0.00299999956041574,"minimum_signed_native_ankle_separation_m":-0.496498972177505,"minimum_signed_weighted_sole_center_separation_m":-0.372051241017189,"minimum_signed_weighted_sole_projection_gap_m":-0.617183923721313,"opening_signed_ankle_separation_m":0.0596631169319153,"source_direction_index":0},{"actual_progress_samples":121,"complete_stride_cycles":3,"distance_world_m":5.22972983121872,"initial_signed_native_ankle_separation_m":0.470056921243668,"minimum_actual_weighted_sole_source_y_m":0.00299999956041574,"minimum_signed_native_ankle_separation_m":-0.495405554771423,"minimum_signed_weighted_sole_center_separation_m":-0.370945625612382,"minimum_signed_weighted_sole_projection_gap_m":-0.616170197725296,"opening_signed_ankle_separation_m":-0.22338655591011,"source_direction_index":0},{"actual_progress_samples":121,"complete_stride_cycles":1.37674415932919,"distance_world_m":2.4,"initial_signed_native_ankle_separation_m":0.470056921243668,"minimum_actual_weighted_sole_source_y_m":0.00299999956041574,"minimum_signed_native_ankle_separation_m":-0.213401600718498,"minimum_signed_weighted_sole_center_separation_m":-0.0902720806645414,"minimum_signed_weighted_sole_projection_gap_m":-0.342777490615845,"opening_signed_ankle_separation_m":0.179864436388016,"source_direction_index":1},{"actual_progress_samples":121,"complete_stride_cycles":3,"distance_world_m":5.22972983121872,"initial_signed_native_ankle_separation_m":0.470056921243668,"minimum_actual_weighted_sole_source_y_m":0.00299999956041574,"minimum_signed_native_ankle_separation_m":-0.212628677487373,"minimum_signed_weighted_sole_center_separation_m":-0.0895459533405571,"minimum_signed_weighted_sole_projection_gap_m":-0.342085957527161,"opening_signed_ankle_separation_m":-0.0202817507088184,"source_direction_index":1},{"actual_progress_samples":121,"complete_stride_cycles":1.37674415932919,"distance_world_m":2.4,"initial_signed_native_ankle_separation_m":0.470056921243668,"minimum_actual_weighted_sole_source_y_m":0.00299999956041574,"minimum_signed_native_ankle_separation_m":0.470056265592575,"minimum_signed_weighted_sole_center_separation_m":0.592078763897679,"minimum_signed_weighted_sole_projection_gap_m":0.349652528762817,"opening_signed_ankle_separation_m":0.470057040452957,"source_direction_index":2},{"actual_progress_samples":121,"complete_stride_cycles":3,"distance_world_m":5.22972983121872,"initial_signed_native_ankle_separation_m":0.470056921243668,"minimum_actual_weighted_sole_source_y_m":0.00299999956041574,"minimum_signed_native_ankle_separation_m":0.470056265592575,"minimum_signed_weighted_sole_center_separation_m":0.592078763897679,"minimum_signed_weighted_sole_projection_gap_m":0.349652528762817,"opening_signed_ankle_separation_m":0.470056653022766,"source_direction_index":2},{"actual_progress_samples":121,"complete_stride_cycles":1.37674415932919,"distance_world_m":2.4,"initial_signed_native_ankle_separation_m":0.470056921243668,"minimum_actual_weighted_sole_source_y_m":0.00299999956041574,"minimum_signed_native_ankle_separation_m":-0.213401436805725,"minimum_signed_weighted_sole_center_separation_m":-0.0899646222090524,"minimum_signed_weighted_sole_projection_gap_m":-0.332059383392334,"opening_signed_ankle_separation_m":0.179864823818207,"source_direction_index":3},{"actual_progress_samples":121,"complete_stride_cycles":3,"distance_world_m":5.22972983121872,"initial_signed_native_ankle_separation_m":0.470056921243668,"minimum_actual_weighted_sole_source_y_m":0.00299999956041574,"minimum_signed_native_ankle_separation_m":-0.212628453969955,"minimum_signed_weighted_sole_center_separation_m":-0.089275420212946,"minimum_signed_weighted_sole_projection_gap_m":-0.331331253051758,"opening_signed_ankle_separation_m":-0.0202812850475311,"source_direction_index":3},{"actual_progress_samples":121,"complete_stride_cycles":1.37674415932919,"distance_world_m":2.4,"initial_signed_native_ankle_separation_m":0.470056921243668,"minimum_actual_weighted_sole_source_y_m":0.00299999956041574,"minimum_signed_native_ankle_separation_m":-0.496499061584473,"minimum_signed_weighted_sole_center_separation_m":-0.37211417751152,"minimum_signed_weighted_sole_projection_gap_m":-0.622490406036377,"opening_signed_ankle_separation_m":0.0596635788679123,"source_direction_index":4},{"actual_progress_samples":121,"complete_stride_cycles":3,"distance_world_m":5.22972983121872,"initial_signed_native_ankle_separation_m":0.470056921243668,"minimum_actual_weighted_sole_source_y_m":0.00299999956041574,"minimum_signed_native_ankle_separation_m":-0.495405852794647,"minimum_signed_weighted_sole_center_separation_m":-0.371083191462926,"minimum_signed_weighted_sole_projection_gap_m":-0.621372699737549,"opening_signed_ankle_separation_m":-0.223386496305466,"source_direction_index":4},{"actual_progress_samples":121,"complete_stride_cycles":1.37674415932919,"distance_world_m":2.4,"initial_signed_native_ankle_separation_m":0.470056921243668,"minimum_actual_weighted_sole_source_y_m":0.00299999956041574,"minimum_signed_native_ankle_separation_m":-0.213401719927788,"minimum_signed_weighted_sole_center_separation_m":-0.0903746827977709,"minimum_signed_weighted_sole_projection_gap_m":-0.347842216491699,"opening_signed_ankle_separation_m":0.179864719510078,"source_direction_index":5},{"actual_progress_samples":121,"complete_stride_cycles":3,"distance_world_m":5.22972983121872,"initial_signed_native_ankle_separation_m":0.470056921243668,"minimum_actual_weighted_sole_source_y_m":0.00299999956041574,"minimum_signed_native_ankle_separation_m":-0.212628751993179,"minimum_signed_weighted_sole_center_separation_m":-0.0895911678880541,"minimum_signed_weighted_sole_projection_gap_m":-0.34703540802002,"opening_signed_ankle_separation_m":-0.0202818922698498,"source_direction_index":5},{"actual_progress_samples":121,"complete_stride_cycles":1.37674415932919,"distance_world_m":2.4,"initial_signed_native_ankle_separation_m":0.470056921243668,"minimum_actual_weighted_sole_source_y_m":0.00299999956041574,"minimum_signed_native_ankle_separation_m":0.470056414604187,"minimum_signed_weighted_sole_center_separation_m":0.592078763897679,"minimum_signed_weighted_sole_projection_gap_m":0.349652528762817,"opening_signed_ankle_separation_m":0.470056802034378,"source_direction_index":6},{"actual_progress_samples":121,"complete_stride_cycles":3,"distance_world_m":5.22972983121872,"initial_signed_native_ankle_separation_m":0.470056921243668,"minimum_actual_weighted_sole_source_y_m":0.00299999956041574,"minimum_signed_native_ankle_separation_m":0.470055997371674,"minimum_signed_weighted_sole_center_separation_m":0.591541445889727,"minimum_signed_weighted_sole_projection_gap_m":0.345829725265503,"opening_signed_ankle_separation_m":0.47005695104599,"source_direction_index":6},{"actual_progress_samples":121,"complete_stride_cycles":1.37674415932919,"distance_world_m":2.4,"initial_signed_native_ankle_separation_m":0.470056921243668,"minimum_actual_weighted_sole_source_y_m":0.00299999956041574,"minimum_signed_native_ankle_separation_m":-0.213401556015015,"minimum_signed_weighted_sole_center_separation_m":-0.08943900674665,"minimum_signed_weighted_sole_projection_gap_m":-0.327966213226318,"opening_signed_ankle_separation_m":0.179864495992661,"source_direction_index":7},{"actual_progress_samples":121,"complete_stride_cycles":3,"distance_world_m":5.22972983121872,"initial_signed_native_ankle_separation_m":0.470056921243668,"minimum_actual_weighted_sole_source_y_m":0.00299999956041574,"minimum_signed_native_ankle_separation_m":-0.212627947330475,"minimum_signed_weighted_sole_center_separation_m":-0.0886298234389276,"minimum_signed_weighted_sole_projection_gap_m":-0.32721221446991,"opening_signed_ankle_separation_m":-0.0202814340591431,"source_direction_index":7}],"Vowkeeper":[{"actual_progress_samples":121,"complete_stride_cycles":1.37674415932919,"distance_world_m":2.4,"initial_signed_native_ankle_separation_m":0.441779494285583,"minimum_actual_weighted_sole_source_y_m":0.00299999956041574,"minimum_signed_native_ankle_separation_m":-0.524776816368103,"minimum_signed_weighted_sole_center_separation_m":-0.39949596829775,"minimum_signed_weighted_sole_projection_gap_m":-0.652487516403198,"opening_signed_ankle_separation_m":0.0313853770494461,"source_direction_index":0},{"actual_progress_samples":121,"complete_stride_cycles":3,"distance_world_m":5.22972983121872,"initial_signed_native_ankle_separation_m":0.441779494285583,"minimum_actual_weighted_sole_source_y_m":0.00299999956041574,"minimum_signed_native_ankle_separation_m":-0.523683369159698,"minimum_signed_weighted_sole_center_separation_m":-0.398388161378748,"minimum_signed_weighted_sole_projection_gap_m":-0.651475012302399,"opening_signed_ankle_separation_m":-0.251664221286774,"source_direction_index":0},{"actual_progress_samples":121,"complete_stride_cycles":1.37674415932919,"distance_world_m":2.4,"initial_signed_native_ankle_separation_m":0.441779494285583,"minimum_actual_weighted_sole_source_y_m":0.00299999956041574,"minimum_signed_native_ankle_separation_m":-0.241679042577744,"minimum_signed_weighted_sole_center_separation_m":-0.117538090179614,"minimum_signed_weighted_sole_projection_gap_m":-0.377859592437744,"opening_signed_ankle_separation_m":0.151586979627609,"source_direction_index":1},{"actual_progress_samples":121,"complete_stride_cycles":3,"distance_world_m":5.22972983121872,"initial_signed_native_ankle_separation_m":0.441779494285583,"minimum_actual_weighted_sole_source_y_m":0.00299999956041574,"minimum_signed_native_ankle_separation_m":-0.240905955433846,"minimum_signed_weighted_sole_center_separation_m":-0.116809619074108,"minimum_signed_weighted_sole_projection_gap_m":-0.377159833908081,"opening_signed_ankle_separation_m":-0.0485592968761921,"source_direction_index":1},{"actual_progress_samples":121,"complete_stride_cycles":1.37674415932919,"distance_world_m":2.4,"initial_signed_native_ankle_separation_m":0.441779494285583,"minimum_actual_weighted_sole_source_y_m":0.00299999956041574,"minimum_signed_native_ankle_separation_m":0.441778957843781,"minimum_signed_weighted_sole_center_separation_m":0.562866647704309,"minimum_signed_weighted_sole_projection_gap_m":0.303307294845581,"opening_signed_ankle_separation_m":0.441779494285583,"source_direction_index":2},{"actual_progress_samples":121,"complete_stride_cycles":3,"distance_world_m":5.22972983121872,"initial_signed_native_ankle_separation_m":0.441779494285583,"minimum_actual_weighted_sole_source_y_m":0.00299999956041574,"minimum_signed_native_ankle_separation_m":0.441778779029846,"minimum_signed_weighted_sole_center_separation_m":0.56286815167809,"minimum_signed_weighted_sole_projection_gap_m":0.303313732147217,"opening_signed_ankle_separation_m":0.441779255867004,"source_direction_index":2},{"actual_progress_samples":121,"complete_stride_cycles":1.37674415932919,"distance_world_m":2.4,"initial_signed_native_ankle_separation_m":0.441779494285583,"minimum_actual_weighted_sole_source_y_m":0.00299999956041574,"minimum_signed_native_ankle_separation_m":-0.241679698228836,"minimum_signed_weighted_sole_center_separation_m":-0.117589979946446,"minimum_signed_weighted_sole_projection_gap_m":-0.370900869369507,"opening_signed_ankle_separation_m":0.151587218046188,"source_direction_index":3},{"actual_progress_samples":121,"complete_stride_cycles":3,"distance_world_m":5.22972983121872,"initial_signed_native_ankle_separation_m":0.441779494285583,"minimum_actual_weighted_sole_source_y_m":0.00299999956041574,"minimum_signed_native_ankle_separation_m":-0.240906268358231,"minimum_signed_weighted_sole_center_separation_m":-0.116898773097191,"minimum_signed_weighted_sole_projection_gap_m":-0.370172500610352,"opening_signed_ankle_separation_m":-0.0485589504241943,"source_direction_index":3},{"actual_progress_samples":121,"complete_stride_cycles":1.37674415932919,"distance_world_m":2.4,"initial_signed_native_ankle_separation_m":0.441779494285583,"minimum_actual_weighted_sole_source_y_m":0.00299999956041574,"minimum_signed_native_ankle_separation_m":-0.524776637554169,"minimum_signed_weighted_sole_center_separation_m":-0.398974918851665,"minimum_signed_weighted_sole_projection_gap_m":-0.653097152709961,"opening_signed_ankle_separation_m":0.0313855111598969,"source_direction_index":4},{"actual_progress_samples":121,"complete_stride_cycles":3,"distance_world_m":5.22972983121872,"initial_signed_native_ankle_separation_m":0.441779494285583,"minimum_actual_weighted_sole_source_y_m":0.00299999956041574,"minimum_signed_native_ankle_separation_m":-0.523683309555054,"minimum_signed_weighted_sole_center_separation_m":-0.397944510483942,"minimum_signed_weighted_sole_projection_gap_m":-0.6519775390625,"opening_signed_ankle_separation_m":-0.251664012670517,"source_direction_index":4},{"actual_progress_samples":121,"complete_stride_cycles":1.37674415932919,"distance_world_m":2.4,"initial_signed_native_ankle_separation_m":0.441779494285583,"minimum_actual_weighted_sole_source_y_m":0.00299999956041574,"minimum_signed_native_ankle_separation_m":-0.241679117083549,"minimum_signed_weighted_sole_center_separation_m":-0.117235988462005,"minimum_signed_weighted_sole_projection_gap_m":-0.37775993347168,"opening_signed_ankle_separation_m":0.15158711373806,"source_direction_index":5},{"actual_progress_samples":121,"complete_stride_cycles":3,"distance_world_m":5.22972983121872,"initial_signed_native_ankle_separation_m":0.441779494285583,"minimum_actual_weighted_sole_source_y_m":0.00299999956041574,"minimum_signed_native_ankle_separation_m":-0.24090613424778,"minimum_signed_weighted_sole_center_separation_m":-0.116453316365304,"minimum_signed_weighted_sole_projection_gap_m":-0.376950263977051,"opening_signed_ankle_separation_m":-0.0485591553151608,"source_direction_index":5},{"actual_progress_samples":121,"complete_stride_cycles":1.37674415932919,"distance_world_m":2.4,"initial_signed_native_ankle_separation_m":0.441779494285583,"minimum_actual_weighted_sole_source_y_m":0.00299999956041574,"minimum_signed_native_ankle_separation_m":0.441778719425201,"minimum_signed_weighted_sole_center_separation_m":0.563690815987039,"minimum_signed_weighted_sole_projection_gap_m":0.307967185974121,"opening_signed_ankle_separation_m":0.441779732704163,"source_direction_index":6},{"actual_progress_samples":121,"complete_stride_cycles":3,"distance_world_m":5.22972983121872,"initial_signed_native_ankle_separation_m":0.441779494285583,"minimum_actual_weighted_sole_source_y_m":0.00299999956041574,"minimum_signed_native_ankle_separation_m":0.441778421401978,"minimum_signed_weighted_sole_center_separation_m":0.562725738317025,"minimum_signed_weighted_sole_projection_gap_m":0.302769899368286,"opening_signed_ankle_separation_m":0.441779136657715,"source_direction_index":6},{"actual_progress_samples":121,"complete_stride_cycles":1.37674415932919,"distance_world_m":2.4,"initial_signed_native_ankle_separation_m":0.441779494285583,"minimum_actual_weighted_sole_source_y_m":0.00299999956041574,"minimum_signed_native_ankle_separation_m":-0.241679251194,"minimum_signed_weighted_sole_center_separation_m":-0.118024103447837,"minimum_signed_weighted_sole_projection_gap_m":-0.368919610977173,"opening_signed_ankle_separation_m":0.151586979627609,"source_direction_index":7},{"actual_progress_samples":121,"complete_stride_cycles":3,"distance_world_m":5.22972983121872,"initial_signed_native_ankle_separation_m":0.441779494285583,"minimum_actual_weighted_sole_source_y_m":0.00299999956041574,"minimum_signed_native_ankle_separation_m":-0.240906119346619,"minimum_signed_weighted_sole_center_separation_m":-0.117208627425656,"minimum_signed_weighted_sole_projection_gap_m":-0.36815357208252,"opening_signed_ankle_separation_m":-0.0485595166683197,"source_direction_index":7}]},"failures":132,"maximum_class_grip_gap_m":0.0026337206363678,"maximum_class_grip_penetration_m":0.000824691727757454,"maximum_staff_grip_gap_m":0.00246496607363224,"maximum_staff_grip_penetration_m":0.000473405078053473,"metrics":{"Arcanist":{"directions":8,"maximum_crouch_world_m":0.230243921279907,"maximum_world_support_drift_m":0.232930257916451,"minimum_actual_indexed_weapon_source_y_m":0.69126832485199,"minimum_all_weighted_source_and_accessory_y_m":0.00299999956041574,"minimum_crouch_world_m":0.230243921279907,"minimum_directional_chest_lean_world_m":0.0552351288497448,"minimum_weighted_boot_source_y_m":0.00299999956041574,"native_bones":65},"Ranger":{"directions":8,"maximum_crouch_world_m":0.226518869400024,"maximum_world_support_drift_m":0.232930123806,"minimum_actual_indexed_weapon_source_y_m":0.403479337692261,"minimum_all_weighted_source_and_accessory_y_m":0.00299999956041574,"minimum_crouch_world_m":0.226310729980469,"minimum_directional_chest_lean_world_m":0.0551361702382565,"minimum_weighted_boot_source_y_m":0.00299999956041574,"native_bones":65},"Vowkeeper":{"directions":8,"maximum_crouch_world_m":0.225237369537354,"maximum_world_support_drift_m":0.232930228114128,"minimum_actual_indexed_weapon_source_y_m":0.471648812294006,"minimum_all_weighted_source_and_accessory_y_m":0.00299999956041574,"minimum_crouch_world_m":0.225237011909485,"minimum_directional_chest_lean_world_m":0.0514158681035042,"minimum_weighted_boot_source_y_m":0.00299999956041574,"native_bones":65}},"poses":24,"production_metrics":{"Arcanist":{"death_priority":true,"new_cast_keeps_original_timing":true,"real_actor_begin_sync_settle":true},"Ranger":{"death_priority":true,"new_cast_keeps_original_timing":true,"real_actor_begin_sync_settle":true},"Vowkeeper":{"death_priority":true,"new_cast_keeps_original_timing":true,"real_actor_begin_sync_settle":true},"world":{"actor_evade_from_event":true,"actual_inflight_restore":true,"actual_simulation_event":true,"authoritative_snapshot_identical":true,"maximum_real_world_support_drift_m":0.00000106689083168021,"real_world_support_samples":3,"settled_camera_unchanged":true,"translated_rotated_world_goal_correct":true,"warning_duration_s":1.11768162250519,"warning_fixture":"original generated Hexer warning; normal production HP/damage/gear","warning_radius_m":1.0282826423645}},"source":"procedural native65 low step on actual simulation displacement; no authored dodge clip","suite":"source_avatar_evade_smoke"}
SOURCE AVATAR EVADE SMOKE: 2005 checks, 132 failures
